trsx_id,amount,price,products_price,cart_id,product_id
TRX000001,10,336.37,3363.7,CRT00519,PRD0152
TRX000002,5,164.79,823.9499999999999,CRT00992,PRD0050
TRX000003,8,288.19,2305.52,CRT00421,PRD0176
TRX000004,2,252.15,504.3,CRT01364,PRD0059
TRX000005,6,164.79,988.74,CRT02032,PRD0050
TRX000006,6,85.85,515.0999999999999,CRT00120,PRD0184
TRX000007,4,332.64,1330.56,CRT02277,PRD0119
TRX000008,5,209.57,1047.85,CRT02301,PRD0027
TRX000009,8,278.04,2224.32,CRT01556,PRD0163
TRX000010,5,207.27,1036.35,CRT03179,PRD0006
TRX000011,6,310.43,1862.58,CRT01242,PRD0113
TRX000012,1,344.39,344.39,CRT00488,PRD0149
TRX000013,3,144.4,433.2000000000001,CRT03089,PRD0200
TRX000014,5,327.59,1637.9499999999998,CRT01605,PRD0047
TRX000015,1,238.97,238.97,CRT00032,PRD0026
TRX000016,6,311.57,1869.42,CRT00555,PRD0194
TRX000017,4,301.82,1207.28,CRT01753,PRD0054
TRX000018,8,349.75,2798.0,CRT03014,PRD0055
TRX000019,8,267.47,2139.76,CRT00738,PRD0033
TRX000020,3,281.93,845.79,CRT03159,PRD0116
TRX000021,10,57.82,578.2,CRT01838,PRD0089
TRX000022,1,327.31,327.31,CRT01796,PRD0067
TRX000023,9,291.12,2620.08,CRT00611,PRD0120
TRX000024,5,30.34,151.7,CRT00530,PRD0063
TRX000025,9,120.9,1088.1,CRT02296,PRD0175
TRX000026,10,301.87,3018.7,CRT01972,PRD0121
TRX000027,7,209.57,1466.99,CRT01609,PRD0027
TRX000028,6,69.32,415.92,CRT03006,PRD0012
TRX000029,4,95.22,380.88,CRT00491,PRD0029
TRX000030,10,311.57,3115.7,CRT02748,PRD0194
TRX000031,5,151.12,755.6,CRT02305,PRD0081
TRX000032,6,223.15,1338.9,CRT03233,PRD0016
TRX000033,1,10.72,10.72,CRT00239,PRD0092
TRX000034,4,163.96,655.84,CRT02938,PRD0118
TRX000035,8,143.73,1149.84,CRT01694,PRD0056
TRX000036,6,99.1,594.5999999999999,CRT03369,PRD0014
TRX000037,5,149.12,745.6,CRT02121,PRD0003
TRX000038,9,171.38,1542.42,CRT00632,PRD0037
TRX000039,1,289.44,289.44,CRT02480,PRD0155
TRX000040,8,301.82,2414.56,CRT01775,PRD0054
TRX000041,9,13.65,122.85,CRT02307,PRD0019
TRX000042,1,228.33,228.33,CRT00908,PRD0041
TRX000043,6,15.96,95.76,CRT02443,PRD0090
TRX000044,4,54.91,219.64,CRT02061,PRD0125
TRX000045,9,246.16,2215.44,CRT02033,PRD0160
TRX000046,4,163.96,655.84,CRT02046,PRD0118
TRX000047,4,171.38,685.52,CRT02905,PRD0037
TRX000048,9,15.96,143.64,CRT00237,PRD0090
TRX000049,6,13.28,79.67999999999999,CRT00104,PRD0141
TRX000050,7,75.82,530.74,CRT02566,PRD0020
TRX000051,10,38.5,385.0,CRT00811,PRD0075
TRX000052,4,40.06,160.24,CRT02329,PRD0145
TRX000053,3,238.97,716.91,CRT01749,PRD0026
TRX000054,10,239.52,2395.2000000000003,CRT02378,PRD0085
TRX000055,2,288.92,577.84,CRT01133,PRD0191
TRX000056,4,42.58,170.32,CRT00811,PRD0095
TRX000057,7,267.28,1870.96,CRT02702,PRD0031
TRX000058,10,127.91,1279.1,CRT03211,PRD0171
TRX000059,7,146.67,1026.6899999999998,CRT02785,PRD0126
TRX000060,5,342.98,1714.9,CRT00370,PRD0080
TRX000061,9,75.69,681.21,CRT03083,PRD0077
TRX000062,1,217.4,217.4,CRT02549,PRD0180
TRX000063,5,95.22,476.1,CRT01345,PRD0029
TRX000064,1,207.27,207.27,CRT03407,PRD0006
TRX000065,8,54.91,439.28,CRT03229,PRD0125
TRX000066,4,265.13,1060.52,CRT00217,PRD0025
TRX000067,8,195.42,1563.36,CRT00877,PRD0162
TRX000068,4,234.97,939.88,CRT00131,PRD0046
TRX000069,1,260.19,260.19,CRT02625,PRD0001
TRX000070,5,332.64,1663.1999999999998,CRT01546,PRD0119
TRX000071,2,153.95,307.9,CRT01311,PRD0132
TRX000072,6,288.19,1729.14,CRT02210,PRD0176
TRX000073,1,318.21,318.21,CRT00104,PRD0181
TRX000074,7,237.14,1659.98,CRT00610,PRD0064
TRX000075,4,301.62,1206.48,CRT00377,PRD0028
TRX000076,3,103.06,309.18,CRT01574,PRD0013
TRX000077,5,115.14,575.7,CRT00467,PRD0034
TRX000078,1,51.02,51.02,CRT02231,PRD0022
TRX000079,6,76.57,459.42,CRT01948,PRD0071
TRX000080,2,327.59,655.18,CRT00686,PRD0047
TRX000081,1,327.31,327.31,CRT01719,PRD0067
TRX000082,3,38.12,114.36,CRT02376,PRD0002
TRX000083,7,13.65,95.55,CRT00790,PRD0019
TRX000084,6,88.65,531.9000000000001,CRT02598,PRD0042
TRX000085,9,289.44,2604.96,CRT01520,PRD0155
TRX000086,4,175.98,703.92,CRT01850,PRD0021
TRX000087,9,9.29,83.60999999999999,CRT02766,PRD0128
TRX000088,8,339.13,2713.04,CRT00302,PRD0060
TRX000089,10,343.3,3433.0,CRT00085,PRD0134
TRX000090,7,162.15,1135.05,CRT03360,PRD0010
TRX000091,4,127.91,511.64,CRT00337,PRD0171
TRX000092,4,136.36,545.44,CRT00117,PRD0098
TRX000093,5,332.64,1663.1999999999998,CRT00492,PRD0119
TRX000094,7,9.29,65.03,CRT00019,PRD0128
TRX000095,8,99.29,794.32,CRT02711,PRD0053
TRX000096,5,224.09,1120.45,CRT01990,PRD0122
TRX000097,7,238.97,1672.79,CRT03026,PRD0026
TRX000098,5,30.96,154.8,CRT01193,PRD0139
TRX000099,7,142.41,996.87,CRT02389,PRD0051
TRX000100,7,209.57,1466.99,CRT03353,PRD0027
TRX000101,1,11.49,11.49,CRT02549,PRD0195
TRX000102,4,26.82,107.28,CRT01849,PRD0101
TRX000103,4,275.16,1100.64,CRT00666,PRD0048
TRX000104,3,242.9,728.7,CRT00727,PRD0164
TRX000105,8,146.67,1173.36,CRT02897,PRD0126
TRX000106,4,303.73,1214.92,CRT01753,PRD0136
TRX000107,10,13.28,132.79999999999998,CRT01248,PRD0141
TRX000108,10,166.93,1669.3000000000002,CRT03150,PRD0108
TRX000109,8,51.02,408.16,CRT02987,PRD0022
TRX000110,5,171.38,856.9,CRT02806,PRD0037
TRX000111,2,13.84,27.68,CRT01537,PRD0186
TRX000112,6,38.12,228.72,CRT02190,PRD0002
TRX000113,10,289.44,2894.4,CRT03059,PRD0155
TRX000114,3,275.78,827.3399999999999,CRT01993,PRD0097
TRX000115,1,297.0,297.0,CRT00446,PRD0009
TRX000116,10,248.8,2488.0,CRT01811,PRD0099
TRX000117,5,75.69,378.45,CRT00354,PRD0077
TRX000118,2,301.5,603.0,CRT01746,PRD0115
TRX000119,1,190.14,190.14,CRT00181,PRD0193
TRX000120,2,221.23,442.46,CRT01892,PRD0177
TRX000121,1,336.37,336.37,CRT00079,PRD0152
TRX000122,3,163.96,491.88,CRT02875,PRD0118
TRX000123,8,156.17,1249.36,CRT01015,PRD0198
TRX000124,7,197.06,1379.42,CRT02899,PRD0086
TRX000125,1,75.82,75.82,CRT01367,PRD0020
TRX000126,8,120.9,967.2,CRT01253,PRD0175
TRX000127,9,80.62,725.58,CRT03054,PRD0189
TRX000128,2,115.14,230.28,CRT00553,PRD0034
TRX000129,10,179.52,1795.2,CRT01009,PRD0094
TRX000130,6,181.62,1089.72,CRT01871,PRD0109
TRX000131,2,275.33,550.66,CRT00845,PRD0058
TRX000132,7,302.95,2120.65,CRT01813,PRD0087
TRX000133,5,69.32,346.6,CRT02140,PRD0012
TRX000134,9,46.73,420.57,CRT01093,PRD0104
TRX000135,5,9.29,46.45,CRT02166,PRD0128
TRX000136,10,12.47,124.7,CRT01911,PRD0158
TRX000137,8,308.05,2464.4,CRT03122,PRD0072
TRX000138,8,102.2,817.6,CRT02040,PRD0106
TRX000139,10,305.67,3056.7000000000003,CRT03280,PRD0039
TRX000140,8,270.94,2167.52,CRT03448,PRD0148
TRX000141,4,344.9,1379.6,CRT02287,PRD0035
TRX000142,9,289.44,2604.96,CRT00113,PRD0155
TRX000143,4,80.42,321.68,CRT01475,PRD0140
TRX000144,4,331.85,1327.4,CRT00702,PRD0143
TRX000145,1,15.79,15.79,CRT03109,PRD0096
TRX000146,7,151.12,1057.84,CRT00208,PRD0081
TRX000147,2,344.9,689.8,CRT00715,PRD0035
TRX000148,5,270.94,1354.7,CRT02859,PRD0148
TRX000149,5,301.82,1509.1,CRT01154,PRD0054
TRX000150,4,275.78,1103.12,CRT02651,PRD0097
TRX000151,6,153.95,923.7,CRT03194,PRD0132
TRX000152,8,87.81,702.48,CRT00219,PRD0156
TRX000153,6,292.23,1753.38,CRT01728,PRD0073
TRX000154,5,144.46,722.3000000000001,CRT02820,PRD0185
TRX000155,8,330.57,2644.56,CRT01974,PRD0173
TRX000156,9,9.29,83.60999999999999,CRT02136,PRD0128
TRX000157,10,237.14,2371.4,CRT02923,PRD0064
TRX000158,4,38.5,154.0,CRT02827,PRD0075
TRX000159,6,12.47,74.82000000000001,CRT01211,PRD0158
TRX000160,1,98.65,98.65,CRT00248,PRD0079
TRX000161,6,344.42,2066.52,CRT01457,PRD0112
TRX000162,3,344.9,1034.6999999999998,CRT02588,PRD0035
TRX000163,7,6.76,47.32,CRT03253,PRD0174
TRX000164,1,38.12,38.12,CRT03107,PRD0002
TRX000165,3,51.02,153.06,CRT01676,PRD0022
TRX000166,8,171.38,1371.04,CRT00454,PRD0037
TRX000167,1,318.04,318.04,CRT02532,PRD0146
TRX000168,7,238.5,1669.5,CRT00365,PRD0133
TRX000169,9,9.29,83.60999999999999,CRT01739,PRD0128
TRX000170,8,115.14,921.12,CRT00789,PRD0034
TRX000171,6,221.23,1327.38,CRT01226,PRD0177
TRX000172,7,339.13,2373.91,CRT01672,PRD0060
TRX000173,8,344.9,2759.2,CRT02736,PRD0035
TRX000174,1,194.5,194.5,CRT03068,PRD0083
TRX000175,8,163.96,1311.68,CRT00798,PRD0118
TRX000176,2,142.41,284.82,CRT03260,PRD0051
TRX000177,9,171.38,1542.42,CRT00093,PRD0037
TRX000178,2,149.12,298.24,CRT02737,PRD0003
TRX000179,3,127.91,383.73,CRT00687,PRD0171
TRX000180,10,115.14,1151.4,CRT02129,PRD0034
TRX000181,3,267.47,802.4100000000001,CRT01328,PRD0033
TRX000182,4,144.46,577.84,CRT02393,PRD0185
TRX000183,7,115.19,806.3299999999999,CRT00064,PRD0018
TRX000184,2,141.38,282.76,CRT01688,PRD0114
TRX000185,4,86.2,344.8,CRT01355,PRD0036
TRX000186,10,149.12,1491.2,CRT01321,PRD0003
TRX000187,2,149.12,298.24,CRT00439,PRD0003
TRX000188,3,13.28,39.84,CRT02455,PRD0141
TRX000189,4,129.22,516.88,CRT01924,PRD0084
TRX000190,8,344.9,2759.2,CRT00405,PRD0035
TRX000191,8,30.96,247.68,CRT00413,PRD0139
TRX000192,5,119.47,597.35,CRT02155,PRD0008
TRX000193,6,316.62,1899.72,CRT03163,PRD0082
TRX000194,10,260.19,2601.9,CRT01232,PRD0001
TRX000195,10,85.85,858.5,CRT01201,PRD0184
TRX000196,9,196.43,1767.87,CRT03214,PRD0179
TRX000197,5,124.75,623.75,CRT00834,PRD0166
TRX000198,2,104.38,208.76,CRT00322,PRD0011
TRX000199,4,196.2,784.8,CRT00036,PRD0117
TRX000200,4,302.95,1211.8,CRT01446,PRD0087
TRX000201,8,231.76,1854.08,CRT02634,PRD0038
TRX000202,7,15.79,110.53,CRT02828,PRD0096
TRX000203,9,275.33,2477.97,CRT01877,PRD0058
TRX000204,8,119.47,955.76,CRT00161,PRD0008
TRX000205,1,213.05,213.05,CRT02807,PRD0144
TRX000206,6,85.64,513.84,CRT03057,PRD0123
TRX000207,9,162.15,1459.35,CRT00875,PRD0010
TRX000208,1,63.71,63.71,CRT00200,PRD0153
TRX000209,8,301.5,2412.0,CRT00199,PRD0115
TRX000210,10,164.79,1647.9,CRT01535,PRD0050
TRX000211,2,63.71,127.42,CRT00990,PRD0153
TRX000212,1,166.93,166.93,CRT01100,PRD0108
TRX000213,7,86.2,603.4,CRT02109,PRD0036
TRX000214,6,267.47,1604.8200000000002,CRT03117,PRD0033
TRX000215,2,260.65,521.3,CRT03494,PRD0168
TRX000216,1,13.65,13.65,CRT00455,PRD0019
TRX000217,7,23.22,162.54,CRT01393,PRD0190
TRX000218,5,301.22,1506.1,CRT02302,PRD0045
TRX000219,1,127.91,127.91,CRT02299,PRD0171
TRX000220,8,30.96,247.68,CRT00268,PRD0139
TRX000221,1,129.22,129.22,CRT03285,PRD0084
TRX000222,8,228.33,1826.64,CRT00721,PRD0005
TRX000223,9,102.2,919.8,CRT02469,PRD0106
TRX000224,4,302.86,1211.44,CRT02847,PRD0093
TRX000225,9,153.95,1385.55,CRT03142,PRD0132
TRX000226,5,88.06,440.3,CRT03006,PRD0065
TRX000227,8,59.71,477.68,CRT01553,PRD0057
TRX000228,9,262.09,2358.81,CRT01060,PRD0023
TRX000229,5,308.17,1540.85,CRT01285,PRD0138
TRX000230,9,129.22,1162.98,CRT01930,PRD0084
TRX000231,4,259.17,1036.68,CRT03042,PRD0169
TRX000232,1,42.58,42.58,CRT00855,PRD0095
TRX000233,4,64.83,259.32,CRT03126,PRD0088
TRX000234,5,238.97,1194.85,CRT01117,PRD0026
TRX000235,9,59.71,537.39,CRT01895,PRD0057
TRX000236,6,55.45,332.70000000000005,CRT00366,PRD0142
TRX000237,8,331.85,2654.8,CRT01214,PRD0143
TRX000238,4,76.57,306.28,CRT01438,PRD0071
TRX000239,7,149.12,1043.84,CRT03327,PRD0003
TRX000240,6,148.18,889.08,CRT01702,PRD0066
TRX000241,5,302.86,1514.3000000000002,CRT00275,PRD0093
TRX000242,1,256.15,256.15,CRT03193,PRD0040
TRX000243,5,239.52,1197.6,CRT02945,PRD0085
TRX000244,5,57.82,289.1,CRT01824,PRD0089
TRX000245,10,197.06,1970.6,CRT01068,PRD0086
TRX000246,3,153.58,460.74,CRT01936,PRD0030
TRX000247,8,301.22,2409.76,CRT00430,PRD0045
TRX000248,3,262.09,786.27,CRT02538,PRD0023
TRX000249,9,267.68,2409.12,CRT02758,PRD0197
TRX000250,1,198.09,198.09,CRT00126,PRD0178
TRX000251,10,12.47,124.7,CRT00823,PRD0158
TRX000252,1,262.09,262.09,CRT01541,PRD0023
TRX000253,4,4.55,18.2,CRT02675,PRD0129
TRX000254,2,125.8,251.6,CRT03336,PRD0159
TRX000255,8,68.6,548.8,CRT00075,PRD0052
TRX000256,9,331.85,2986.65,CRT02928,PRD0143
TRX000257,9,190.14,1711.2599999999998,CRT00947,PRD0193
TRX000258,4,339.13,1356.52,CRT02059,PRD0060
TRX000259,7,281.86,1973.02,CRT01052,PRD0188
TRX000260,5,213.05,1065.25,CRT03378,PRD0144
TRX000261,4,172.26,689.04,CRT00210,PRD0078
TRX000262,2,143.73,287.46,CRT02992,PRD0056
TRX000263,7,242.9,1700.3,CRT01344,PRD0164
TRX000264,8,78.71,629.68,CRT00066,PRD0024
TRX000265,9,151.36,1362.2400000000002,CRT01340,PRD0150
TRX000266,6,10.72,64.32000000000001,CRT01555,PRD0092
TRX000267,10,302.86,3028.6000000000004,CRT00786,PRD0093
TRX000268,9,153.95,1385.55,CRT01328,PRD0132
TRX000269,5,172.26,861.3,CRT02310,PRD0078
TRX000270,5,292.23,1461.15,CRT01864,PRD0073
TRX000271,5,288.92,1444.6,CRT02312,PRD0191
TRX000272,1,196.43,196.43,CRT00110,PRD0179
TRX000273,9,121.08,1089.72,CRT02671,PRD0151
TRX000274,9,239.52,2155.6800000000003,CRT03281,PRD0085
TRX000275,10,30.96,309.6,CRT03186,PRD0139
TRX000276,6,125.8,754.8,CRT02641,PRD0159
TRX000277,10,301.87,3018.7,CRT01177,PRD0121
TRX000278,4,171.38,685.52,CRT02899,PRD0037
TRX000279,1,11.49,11.49,CRT00919,PRD0195
TRX000280,4,242.9,971.6,CRT02637,PRD0164
TRX000281,3,288.19,864.5699999999999,CRT00758,PRD0176
TRX000282,1,195.42,195.42,CRT00096,PRD0162
TRX000283,8,42.58,340.64,CRT02541,PRD0095
TRX000284,6,97.82,586.92,CRT02176,PRD0172
TRX000285,7,175.98,1231.86,CRT03031,PRD0021
TRX000286,1,282.78,282.78,CRT02740,PRD0111
TRX000287,6,178.11,1068.66,CRT03250,PRD0004
TRX000288,3,115.19,345.57,CRT02634,PRD0018
TRX000289,7,100.84,705.88,CRT02826,PRD0170
TRX000290,10,96.92,969.2,CRT01937,PRD0124
TRX000291,10,310.43,3104.3,CRT03334,PRD0113
TRX000292,1,344.9,344.9,CRT03264,PRD0035
TRX000293,2,80.42,160.84,CRT01006,PRD0140
TRX000294,6,297.0,1782.0,CRT03469,PRD0009
TRX000295,3,115.14,345.42,CRT01872,PRD0034
TRX000296,4,310.43,1241.72,CRT01484,PRD0113
TRX000297,1,15.96,15.96,CRT02518,PRD0090
TRX000298,3,301.82,905.46,CRT02692,PRD0054
TRX000299,10,301.82,3018.2,CRT00911,PRD0054
TRX000300,10,283.35,2833.5,CRT03362,PRD0154
TRX000301,10,115.14,1151.4,CRT01636,PRD0034
TRX000302,7,301.82,2112.74,CRT03475,PRD0054
TRX000303,7,197.06,1379.42,CRT00834,PRD0086
TRX000304,4,140.04,560.16,CRT03177,PRD0068
TRX000305,4,256.15,1024.6,CRT00983,PRD0040
TRX000306,1,194.83,194.83,CRT02390,PRD0165
TRX000307,10,301.5,3015.0,CRT00961,PRD0115
TRX000308,3,15.96,47.88,CRT03496,PRD0090
TRX000309,4,63.71,254.84,CRT02700,PRD0153
TRX000310,6,149.12,894.72,CRT01036,PRD0003
TRX000311,7,308.05,2156.35,CRT01999,PRD0072
TRX000312,6,252.15,1512.9,CRT00136,PRD0059
TRX000313,5,166.93,834.6500000000001,CRT00960,PRD0108
TRX000314,1,151.36,151.36,CRT00941,PRD0150
TRX000315,4,260.49,1041.96,CRT00877,PRD0076
TRX000316,1,63.71,63.71,CRT02286,PRD0153
TRX000317,8,129.22,1033.76,CRT02701,PRD0084
TRX000318,10,141.38,1413.8,CRT00044,PRD0114
TRX000319,10,59.71,597.1,CRT01075,PRD0057
TRX000320,2,179.52,359.04,CRT02313,PRD0094
TRX000321,6,256.15,1536.9,CRT02926,PRD0040
TRX000322,5,302.95,1514.75,CRT02967,PRD0087
TRX000323,1,55.45,55.45,CRT01554,PRD0142
TRX000324,3,103.06,309.18,CRT00061,PRD0013
TRX000325,8,149.12,1192.96,CRT00032,PRD0003
TRX000326,4,241.82,967.28,CRT00130,PRD0192
TRX000327,3,291.12,873.36,CRT01256,PRD0120
TRX000328,1,234.97,234.97,CRT02233,PRD0046
TRX000329,2,120.9,241.8,CRT01949,PRD0175
TRX000330,3,146.67,440.01,CRT01431,PRD0126
TRX000331,10,30.34,303.4,CRT02029,PRD0063
TRX000332,6,344.39,2066.34,CRT00279,PRD0149
TRX000333,4,301.82,1207.28,CRT03140,PRD0054
TRX000334,2,13.65,27.3,CRT01931,PRD0019
TRX000335,9,318.04,2862.36,CRT03337,PRD0146
TRX000336,6,327.59,1965.54,CRT01542,PRD0047
TRX000337,1,263.29,263.29,CRT00904,PRD0157
TRX000338,1,301.87,301.87,CRT02754,PRD0121
TRX000339,5,260.65,1303.25,CRT00909,PRD0168
TRX000340,3,149.36,448.08,CRT01733,PRD0007
TRX000341,4,263.29,1053.16,CRT00796,PRD0157
TRX000342,2,15.79,31.58,CRT00611,PRD0096
TRX000343,9,223.15,2008.35,CRT03050,PRD0016
TRX000344,3,198.63,595.89,CRT02296,PRD0135
TRX000345,1,162.15,162.15,CRT00815,PRD0010
TRX000346,7,136.36,954.52,CRT02292,PRD0098
TRX000347,9,312.35,2811.15,CRT00645,PRD0130
TRX000348,3,194.5,583.5,CRT01774,PRD0083
TRX000349,1,13.65,13.65,CRT01542,PRD0019
TRX000350,5,301.22,1506.1,CRT01111,PRD0045
TRX000351,9,233.03,2097.27,CRT01937,PRD0102
TRX000352,2,200.1,400.2,CRT00798,PRD0182
TRX000353,1,99.29,99.29,CRT03331,PRD0053
TRX000354,10,194.99,1949.9,CRT03472,PRD0043
TRX000355,4,104.38,417.52,CRT03414,PRD0011
TRX000356,1,318.04,318.04,CRT00057,PRD0146
TRX000357,6,134.36,806.1600000000001,CRT02958,PRD0017
TRX000358,5,121.08,605.4,CRT02973,PRD0151
TRX000359,9,259.17,2332.53,CRT01892,PRD0169
TRX000360,5,190.14,950.7,CRT00157,PRD0193
TRX000361,8,76.57,612.56,CRT00822,PRD0071
TRX000362,4,129.22,516.88,CRT00383,PRD0084
TRX000363,9,217.4,1956.6,CRT01775,PRD0180
TRX000364,6,100.84,605.04,CRT00397,PRD0170
TRX000365,8,209.57,1676.56,CRT00272,PRD0027
TRX000366,8,288.19,2305.52,CRT00715,PRD0176
TRX000367,10,336.37,3363.7,CRT01997,PRD0152
TRX000368,8,151.12,1208.96,CRT02902,PRD0081
TRX000369,4,144.46,577.84,CRT02384,PRD0185
TRX000370,10,318.21,3182.1,CRT00250,PRD0181
TRX000371,9,263.29,2369.61,CRT01493,PRD0157
TRX000372,3,229.76,689.28,CRT00991,PRD0074
TRX000373,5,339.13,1695.65,CRT00087,PRD0060
TRX000374,6,30.96,185.76,CRT02125,PRD0139
TRX000375,6,46.73,280.38,CRT01262,PRD0104
TRX000376,4,242.9,971.6,CRT03413,PRD0164
TRX000377,9,151.36,1362.2400000000002,CRT03141,PRD0150
TRX000378,2,301.5,603.0,CRT01312,PRD0115
TRX000379,6,281.86,1691.16,CRT03299,PRD0188
TRX000380,2,153.58,307.16,CRT01030,PRD0030
TRX000381,9,15.79,142.11,CRT00110,PRD0096
TRX000382,3,80.42,241.26,CRT01290,PRD0140
TRX000383,8,281.93,2255.44,CRT01019,PRD0116
TRX000384,3,51.02,153.06,CRT00526,PRD0022
TRX000385,4,87.81,351.24,CRT02070,PRD0156
TRX000386,9,321.99,2897.91,CRT00372,PRD0062
TRX000387,3,297.0,891.0,CRT00741,PRD0009
TRX000388,7,321.66,2251.6200000000003,CRT01096,PRD0091
TRX000389,5,259.17,1295.85,CRT02506,PRD0169
TRX000390,3,310.43,931.29,CRT02598,PRD0113
TRX000391,10,228.33,2283.3,CRT02743,PRD0005
TRX000392,6,349.85,2099.1000000000004,CRT02495,PRD0196
TRX000393,2,292.23,584.46,CRT03290,PRD0073
TRX000394,9,121.08,1089.72,CRT01326,PRD0151
TRX000395,6,197.06,1182.36,CRT02040,PRD0086
TRX000396,3,140.04,420.12,CRT02300,PRD0068
TRX000397,6,119.47,716.8199999999999,CRT00526,PRD0008
TRX000398,6,55.45,332.70000000000005,CRT02670,PRD0142
TRX000399,8,57.82,462.56,CRT02273,PRD0089
TRX000400,7,74.71,522.9699999999999,CRT03344,PRD0183
TRX000401,9,332.64,2993.76,CRT03356,PRD0119
TRX000402,9,164.79,1483.11,CRT03474,PRD0050
TRX000403,2,207.27,414.54,CRT01979,PRD0006
TRX000404,6,275.78,1654.6799999999998,CRT03493,PRD0097
TRX000405,6,57.82,346.92,CRT02207,PRD0089
TRX000406,10,194.99,1949.9,CRT02569,PRD0043
TRX000407,1,242.9,242.9,CRT01887,PRD0164
TRX000408,4,42.58,170.32,CRT00425,PRD0095
TRX000409,1,125.8,125.8,CRT03075,PRD0159
TRX000410,9,318.21,2863.89,CRT02794,PRD0181
TRX000411,2,286.9,573.8,CRT02125,PRD0110
TRX000412,10,301.62,3016.2,CRT02308,PRD0028
TRX000413,7,208.25,1457.75,CRT01822,PRD0147
TRX000414,10,239.52,2395.2000000000003,CRT01110,PRD0085
TRX000415,6,198.09,1188.54,CRT00683,PRD0178
TRX000416,5,15.79,78.94999999999999,CRT02014,PRD0096
TRX000417,5,301.5,1507.5,CRT03189,PRD0115
TRX000418,9,59.71,537.39,CRT01151,PRD0057
TRX000419,8,134.36,1074.88,CRT02797,PRD0017
TRX000420,7,178.11,1246.77,CRT03422,PRD0004
TRX000421,2,234.25,468.5,CRT00809,PRD0103
TRX000422,6,233.03,1398.18,CRT01102,PRD0102
TRX000423,1,233.03,233.03,CRT03404,PRD0102
TRX000424,5,148.18,740.9000000000001,CRT02426,PRD0066
TRX000425,9,26.82,241.38,CRT01558,PRD0101
TRX000426,9,148.18,1333.62,CRT03352,PRD0066
TRX000427,5,291.12,1455.6,CRT01435,PRD0120
TRX000428,10,124.75,1247.5,CRT00279,PRD0166
TRX000429,2,172.26,344.52,CRT01962,PRD0078
TRX000430,6,121.08,726.48,CRT00268,PRD0151
TRX000431,1,301.5,301.5,CRT01269,PRD0115
TRX000432,9,228.33,2054.9700000000003,CRT01695,PRD0041
TRX000433,10,303.73,3037.3,CRT00807,PRD0136
TRX000434,3,115.14,345.42,CRT02753,PRD0034
TRX000435,5,46.73,233.65,CRT00805,PRD0104
TRX000436,5,96.92,484.6,CRT02898,PRD0124
TRX000437,7,100.84,705.88,CRT03454,PRD0170
TRX000438,5,336.37,1681.85,CRT03241,PRD0152
TRX000439,1,156.17,156.17,CRT00858,PRD0198
TRX000440,4,228.33,913.32,CRT03183,PRD0005
TRX000441,6,259.17,1555.02,CRT02360,PRD0169
TRX000442,1,246.16,246.16,CRT02331,PRD0160
TRX000443,8,9.29,74.32,CRT02120,PRD0128
TRX000444,7,100.84,705.88,CRT02786,PRD0170
TRX000445,10,259.17,2591.7000000000003,CRT01196,PRD0169
TRX000446,6,9.29,55.74,CRT00413,PRD0128
TRX000447,6,301.5,1809.0,CRT01430,PRD0115
TRX000448,6,301.62,1809.72,CRT01768,PRD0028
TRX000449,10,78.71,787.0999999999999,CRT00520,PRD0024
TRX000450,4,10.72,42.88,CRT01730,PRD0092
TRX000451,6,99.29,595.74,CRT03086,PRD0053
TRX000452,6,97.82,586.92,CRT00694,PRD0172
TRX000453,9,239.52,2155.6800000000003,CRT00630,PRD0085
TRX000454,9,13.28,119.52,CRT01590,PRD0141
TRX000455,2,223.15,446.3,CRT00584,PRD0016
TRX000456,1,330.57,330.57,CRT01466,PRD0173
TRX000457,9,116.26,1046.34,CRT02680,PRD0137
TRX000458,3,57.82,173.46,CRT02490,PRD0089
TRX000459,3,316.62,949.86,CRT01645,PRD0082
TRX000460,8,88.65,709.2,CRT00354,PRD0042
TRX000461,8,260.65,2085.2,CRT03044,PRD0168
TRX000462,6,63.71,382.26,CRT02919,PRD0153
TRX000463,5,151.12,755.6,CRT00084,PRD0081
TRX000464,8,267.47,2139.76,CRT00585,PRD0033
TRX000465,8,241.37,1930.96,CRT00256,PRD0187
TRX000466,8,303.73,2429.84,CRT01803,PRD0136
TRX000467,8,288.19,2305.52,CRT01853,PRD0176
TRX000468,5,42.58,212.9,CRT01359,PRD0095
TRX000469,6,80.62,483.72,CRT01479,PRD0189
TRX000470,10,196.2,1962.0,CRT00447,PRD0117
TRX000471,3,86.2,258.6,CRT02440,PRD0036
TRX000472,6,260.65,1563.9,CRT00846,PRD0168
TRX000473,5,260.65,1303.25,CRT01027,PRD0168
TRX000474,2,134.36,268.72,CRT01179,PRD0017
TRX000475,3,144.4,433.2000000000001,CRT02887,PRD0200
TRX000476,4,242.9,971.6,CRT01179,PRD0164
TRX000477,9,241.37,2172.33,CRT02131,PRD0187
TRX000478,8,248.8,1990.4,CRT00378,PRD0099
TRX000479,3,310.43,931.29,CRT02528,PRD0113
TRX000480,5,129.22,646.1,CRT00259,PRD0084
TRX000481,10,88.06,880.6,CRT03223,PRD0065
TRX000482,4,221.23,884.92,CRT03325,PRD0177
TRX000483,8,228.33,1826.64,CRT03188,PRD0041
TRX000484,10,331.95,3319.5,CRT02208,PRD0161
TRX000485,8,302.86,2422.88,CRT02593,PRD0093
TRX000486,10,10.72,107.2,CRT01525,PRD0092
TRX000487,1,74.71,74.71,CRT02652,PRD0183
TRX000488,1,38.12,38.12,CRT02451,PRD0002
TRX000489,8,239.52,1916.16,CRT02568,PRD0085
TRX000490,1,82.61,82.61,CRT02533,PRD0167
TRX000491,5,85.64,428.2,CRT02064,PRD0123
TRX000492,6,344.9,2069.4,CRT02871,PRD0035
TRX000493,6,163.96,983.76,CRT01783,PRD0118
TRX000494,10,224.53,2245.3,CRT00533,PRD0032
TRX000495,5,88.65,443.25,CRT00028,PRD0042
TRX000496,9,80.42,723.78,CRT02076,PRD0140
TRX000497,5,166.93,834.6500000000001,CRT02359,PRD0108
TRX000498,10,288.92,2889.2000000000003,CRT01588,PRD0191
TRX000499,7,327.59,2293.13,CRT01122,PRD0047
TRX000500,8,221.23,1769.84,CRT00619,PRD0177
TRX000501,5,198.63,993.15,CRT02529,PRD0135
TRX000502,2,275.16,550.32,CRT00978,PRD0048
TRX000503,7,148.18,1037.26,CRT02706,PRD0066
TRX000504,7,308.17,2157.19,CRT00813,PRD0138
TRX000505,3,9.29,27.87,CRT01727,PRD0128
TRX000506,4,30.96,123.84,CRT00170,PRD0139
TRX000507,10,262.09,2620.9,CRT01812,PRD0023
TRX000508,6,308.05,1848.3,CRT01839,PRD0072
TRX000509,7,141.38,989.66,CRT01779,PRD0114
TRX000510,8,349.85,2798.8,CRT03249,PRD0196
TRX000511,2,15.96,31.92,CRT00999,PRD0090
TRX000512,3,223.09,669.27,CRT01345,PRD0199
TRX000513,6,291.12,1746.72,CRT02651,PRD0120
TRX000514,6,103.06,618.36,CRT03338,PRD0013
TRX000515,10,140.04,1400.4,CRT00147,PRD0068
TRX000516,4,166.93,667.72,CRT03308,PRD0108
TRX000517,6,231.76,1390.56,CRT03089,PRD0038
TRX000518,1,229.76,229.76,CRT02559,PRD0074
TRX000519,3,144.4,433.2000000000001,CRT01507,PRD0200
TRX000520,8,114.48,915.84,CRT00974,PRD0107
TRX000521,7,241.82,1692.74,CRT03079,PRD0192
TRX000522,8,349.75,2798.0,CRT01101,PRD0055
TRX000523,5,310.43,1552.15,CRT01216,PRD0113
TRX000524,10,234.25,2342.5,CRT00580,PRD0103
TRX000525,1,87.81,87.81,CRT01008,PRD0156
TRX000526,7,153.95,1077.65,CRT01704,PRD0132
TRX000527,5,164.79,823.9499999999999,CRT00783,PRD0050
TRX000528,2,104.38,208.76,CRT00593,PRD0011
TRX000529,3,153.58,460.74,CRT03288,PRD0030
TRX000530,3,120.9,362.7000000000001,CRT00909,PRD0175
TRX000531,8,303.73,2429.84,CRT02122,PRD0136
TRX000532,3,344.39,1033.17,CRT00372,PRD0149
TRX000533,8,179.52,1436.16,CRT00811,PRD0094
TRX000534,7,166.93,1168.51,CRT00976,PRD0108
TRX000535,6,194.5,1167.0,CRT00336,PRD0083
TRX000536,4,26.82,107.28,CRT01933,PRD0101
TRX000537,2,13.84,27.68,CRT01781,PRD0186
TRX000538,5,172.26,861.3,CRT00591,PRD0078
TRX000539,6,260.49,1562.94,CRT02095,PRD0076
TRX000540,2,4.55,9.1,CRT00140,PRD0129
TRX000541,4,238.5,954.0,CRT03118,PRD0133
TRX000542,5,303.73,1518.65,CRT01883,PRD0136
TRX000543,2,112.37,224.74,CRT00683,PRD0069
TRX000544,8,312.35,2498.8,CRT01710,PRD0130
TRX000545,1,281.93,281.93,CRT02879,PRD0116
TRX000546,1,336.37,336.37,CRT01294,PRD0152
TRX000547,6,318.21,1909.26,CRT00987,PRD0181
TRX000548,5,104.38,521.9,CRT03318,PRD0011
TRX000549,6,260.49,1562.94,CRT01493,PRD0076
TRX000550,6,127.91,767.46,CRT01557,PRD0171
TRX000551,9,221.23,1991.07,CRT00442,PRD0177
TRX000552,4,196.2,784.8,CRT01589,PRD0117
TRX000553,5,40.06,200.3,CRT03213,PRD0145
TRX000554,6,95.22,571.3199999999999,CRT02507,PRD0029
TRX000555,6,100.84,605.04,CRT03218,PRD0170
TRX000556,10,234.25,2342.5,CRT00420,PRD0103
TRX000557,6,148.18,889.08,CRT03112,PRD0066
TRX000558,6,256.15,1536.9,CRT01727,PRD0040
TRX000559,7,15.96,111.72,CRT00305,PRD0090
TRX000560,3,162.15,486.4500000000001,CRT00479,PRD0010
TRX000561,2,15.79,31.58,CRT00975,PRD0096
TRX000562,7,281.86,1973.02,CRT02341,PRD0188
TRX000563,9,349.85,3148.65,CRT03390,PRD0196
TRX000564,4,194.5,778.0,CRT02813,PRD0083
TRX000565,4,339.13,1356.52,CRT02605,PRD0060
TRX000566,6,15.96,95.76,CRT00779,PRD0090
TRX000567,8,162.15,1297.2,CRT00261,PRD0010
TRX000568,7,149.36,1045.52,CRT00549,PRD0007
TRX000569,7,146.67,1026.6899999999998,CRT01174,PRD0126
TRX000570,9,149.36,1344.2400000000002,CRT01588,PRD0007
TRX000571,1,4.55,4.55,CRT02575,PRD0129
TRX000572,9,6.76,60.84,CRT02353,PRD0174
TRX000573,10,97.82,978.2,CRT00260,PRD0172
TRX000574,6,321.66,1929.96,CRT02408,PRD0091
TRX000575,1,151.12,151.12,CRT03123,PRD0081
TRX000576,5,102.2,511.0,CRT00135,PRD0106
TRX000577,10,301.87,3018.7,CRT00352,PRD0121
TRX000578,2,194.5,389.0,CRT02468,PRD0083
TRX000579,1,344.9,344.9,CRT01825,PRD0035
TRX000580,9,120.9,1088.1,CRT00667,PRD0175
TRX000581,7,339.13,2373.91,CRT01954,PRD0060
TRX000582,1,339.13,339.13,CRT02932,PRD0060
TRX000583,5,102.2,511.0,CRT02192,PRD0106
TRX000584,4,121.08,484.32,CRT03323,PRD0151
TRX000585,2,149.36,298.72,CRT02196,PRD0007
TRX000586,8,127.91,1023.28,CRT00861,PRD0171
TRX000587,2,10.72,21.44,CRT02053,PRD0092
TRX000588,6,46.73,280.38,CRT03053,PRD0104
TRX000589,6,153.95,923.7,CRT00771,PRD0132
TRX000590,8,311.57,2492.56,CRT00685,PRD0194
TRX000591,9,288.92,2600.28,CRT01646,PRD0191
TRX000592,6,171.38,1028.28,CRT01696,PRD0037
TRX000593,3,312.35,937.05,CRT00655,PRD0130
TRX000594,2,24.14,48.28,CRT01739,PRD0127
TRX000595,10,115.19,1151.9,CRT00462,PRD0018
TRX000596,8,129.22,1033.76,CRT02222,PRD0084
TRX000597,10,260.19,2601.9,CRT00311,PRD0001
TRX000598,4,281.86,1127.44,CRT01808,PRD0188
TRX000599,4,308.17,1232.68,CRT02532,PRD0138
TRX000600,7,213.05,1491.35,CRT00750,PRD0144
TRX000601,9,221.23,1991.07,CRT01521,PRD0177
TRX000602,7,75.69,529.8299999999999,CRT01718,PRD0077
TRX000603,1,262.09,262.09,CRT02140,PRD0023
TRX000604,10,246.16,2461.6,CRT02485,PRD0160
TRX000605,4,316.62,1266.48,CRT00136,PRD0082
TRX000606,2,209.57,419.14,CRT02408,PRD0027
TRX000607,7,344.42,2410.94,CRT02147,PRD0112
TRX000608,1,114.48,114.48,CRT02209,PRD0107
TRX000609,9,259.17,2332.53,CRT00822,PRD0169
TRX000610,10,36.18,361.8,CRT01221,PRD0049
TRX000611,9,265.13,2386.17,CRT01857,PRD0025
TRX000612,9,69.32,623.8799999999999,CRT03341,PRD0012
TRX000613,9,336.37,3027.33,CRT03073,PRD0152
TRX000614,6,86.2,517.2,CRT02943,PRD0036
TRX000615,1,144.46,144.46,CRT03063,PRD0185
TRX000616,2,305.67,611.34,CRT02338,PRD0039
TRX000617,1,318.21,318.21,CRT01716,PRD0181
TRX000618,6,99.29,595.74,CRT02206,PRD0053
TRX000619,6,301.82,1810.92,CRT02093,PRD0054
TRX000620,9,148.18,1333.62,CRT01902,PRD0066
TRX000621,4,332.64,1330.56,CRT01034,PRD0119
TRX000622,10,24.14,241.4,CRT00767,PRD0127
TRX000623,2,171.38,342.76,CRT03371,PRD0037
TRX000624,2,142.41,284.82,CRT03139,PRD0051
TRX000625,2,144.4,288.8,CRT02674,PRD0200
TRX000626,6,116.26,697.5600000000001,CRT01469,PRD0137
TRX000627,4,288.19,1152.76,CRT01566,PRD0176
TRX000628,3,217.4,652.2,CRT00866,PRD0180
TRX000629,1,134.36,134.36,CRT01488,PRD0017
TRX000630,3,149.12,447.36,CRT00617,PRD0003
TRX000631,7,151.36,1059.52,CRT03348,PRD0150
TRX000632,5,278.04,1390.2,CRT02313,PRD0163
TRX000633,1,241.37,241.37,CRT01217,PRD0187
TRX000634,1,95.22,95.22,CRT01394,PRD0029
TRX000635,10,267.47,2674.7000000000003,CRT00449,PRD0033
TRX000636,4,288.19,1152.76,CRT03088,PRD0176
TRX000637,4,194.99,779.96,CRT02941,PRD0043
TRX000638,4,291.12,1164.48,CRT03025,PRD0120
TRX000639,10,163.96,1639.6,CRT02104,PRD0118
TRX000640,7,281.86,1973.02,CRT02406,PRD0188
TRX000641,4,224.53,898.12,CRT00102,PRD0032
TRX000642,8,301.22,2409.76,CRT00938,PRD0045
TRX000643,10,292.23,2922.3,CRT00753,PRD0073
TRX000644,1,38.12,38.12,CRT02979,PRD0002
TRX000645,3,282.78,848.3399999999999,CRT01432,PRD0111
TRX000646,1,301.82,301.82,CRT01968,PRD0054
TRX000647,4,321.66,1286.64,CRT01132,PRD0091
TRX000648,9,194.83,1753.47,CRT02363,PRD0165
TRX000649,9,13.84,124.56,CRT01440,PRD0186
TRX000650,8,69.32,554.56,CRT02832,PRD0012
TRX000651,9,85.64,770.76,CRT01489,PRD0123
TRX000652,3,312.35,937.05,CRT00913,PRD0130
TRX000653,2,15.96,31.92,CRT00192,PRD0090
TRX000654,9,209.57,1886.13,CRT01700,PRD0027
TRX000655,9,121.08,1089.72,CRT00767,PRD0151
TRX000656,10,36.18,361.8,CRT02227,PRD0049
TRX000657,4,237.14,948.56,CRT00160,PRD0064
TRX000658,9,259.17,2332.53,CRT01567,PRD0169
TRX000659,5,196.43,982.15,CRT00775,PRD0179
TRX000660,5,321.99,1609.95,CRT03065,PRD0062
TRX000661,8,76.57,612.56,CRT01877,PRD0071
TRX000662,9,301.22,2710.9800000000005,CRT02729,PRD0045
TRX000663,2,63.71,127.42,CRT00387,PRD0153
TRX000664,7,68.6,480.19999999999993,CRT03389,PRD0052
TRX000665,8,121.08,968.64,CRT02138,PRD0151
TRX000666,7,80.42,562.94,CRT00453,PRD0140
TRX000667,7,242.9,1700.3,CRT01890,PRD0164
TRX000668,4,12.47,49.88,CRT03326,PRD0158
TRX000669,5,87.81,439.05,CRT00074,PRD0156
TRX000670,3,143.73,431.19,CRT01328,PRD0056
TRX000671,1,178.11,178.11,CRT02732,PRD0004
TRX000672,9,36.18,325.62,CRT01167,PRD0049
TRX000673,4,151.12,604.48,CRT01235,PRD0081
TRX000674,5,13.28,66.39999999999999,CRT02682,PRD0141
TRX000675,9,259.17,2332.53,CRT00223,PRD0169
TRX000676,2,217.4,434.8,CRT00173,PRD0180
TRX000677,3,286.9,860.6999999999999,CRT00737,PRD0110
TRX000678,5,78.71,393.55,CRT01875,PRD0024
TRX000679,3,120.9,362.7000000000001,CRT03449,PRD0175
TRX000680,7,141.38,989.66,CRT02934,PRD0114
TRX000681,7,144.4,1010.8,CRT01385,PRD0200
TRX000682,5,164.79,823.9499999999999,CRT02513,PRD0050
TRX000683,8,229.76,1838.08,CRT01016,PRD0074
TRX000684,5,281.86,1409.3000000000002,CRT00565,PRD0188
TRX000685,3,151.12,453.36,CRT01309,PRD0081
TRX000686,7,267.28,1870.96,CRT01447,PRD0031
TRX000687,5,256.15,1280.75,CRT01936,PRD0040
TRX000688,5,238.97,1194.85,CRT00871,PRD0026
TRX000689,1,197.06,197.06,CRT00048,PRD0086
TRX000690,5,75.69,378.45,CRT02960,PRD0077
TRX000691,8,195.42,1563.36,CRT02643,PRD0162
TRX000692,9,301.87,2716.83,CRT01843,PRD0121
TRX000693,4,54.91,219.64,CRT01756,PRD0125
TRX000694,3,102.2,306.6,CRT02770,PRD0106
TRX000695,8,59.71,477.68,CRT00148,PRD0057
TRX000696,10,125.96,1259.6,CRT00991,PRD0015
TRX000697,7,38.5,269.5,CRT00085,PRD0075
TRX000698,7,30.34,212.38,CRT02211,PRD0063
TRX000699,4,242.9,971.6,CRT02409,PRD0164
TRX000700,8,311.57,2492.56,CRT00119,PRD0194
TRX000701,10,97.82,978.2,CRT02625,PRD0172
TRX000702,6,343.3,2059.8,CRT02846,PRD0134
TRX000703,9,344.9,3104.1,CRT01323,PRD0035
TRX000704,2,151.36,302.72,CRT01403,PRD0150
TRX000705,9,288.92,2600.28,CRT02865,PRD0191
TRX000706,8,231.76,1854.08,CRT03069,PRD0038
TRX000707,8,200.26,1602.08,CRT03017,PRD0105
TRX000708,5,171.38,856.9,CRT00268,PRD0037
TRX000709,5,190.14,950.7,CRT01766,PRD0193
TRX000710,10,310.43,3104.3,CRT02463,PRD0113
TRX000711,10,238.97,2389.7,CRT02565,PRD0026
TRX000712,3,75.69,227.07,CRT00071,PRD0077
TRX000713,5,342.98,1714.9,CRT02600,PRD0080
TRX000714,7,311.57,2180.99,CRT01896,PRD0194
TRX000715,9,23.22,208.98,CRT03217,PRD0190
TRX000716,8,141.38,1131.04,CRT00335,PRD0114
TRX000717,2,316.62,633.24,CRT02059,PRD0082
TRX000718,5,231.76,1158.8,CRT01369,PRD0038
TRX000719,5,112.37,561.85,CRT02911,PRD0069
TRX000720,7,85.64,599.48,CRT03008,PRD0123
TRX000721,10,332.64,3326.4,CRT02747,PRD0119
TRX000722,4,198.09,792.36,CRT01489,PRD0178
TRX000723,10,301.87,3018.7,CRT02603,PRD0121
TRX000724,10,194.83,1948.3,CRT01058,PRD0165
TRX000725,6,163.96,983.76,CRT01607,PRD0118
TRX000726,4,270.94,1083.76,CRT00349,PRD0148
TRX000727,2,125.8,251.6,CRT03393,PRD0159
TRX000728,6,208.25,1249.5,CRT02017,PRD0147
TRX000729,6,164.79,988.74,CRT01319,PRD0050
TRX000730,7,88.06,616.4200000000001,CRT01504,PRD0065
TRX000731,7,282.78,1979.46,CRT00778,PRD0111
TRX000732,5,15.79,78.94999999999999,CRT01423,PRD0096
TRX000733,3,11.49,34.47,CRT00975,PRD0195
TRX000734,4,344.42,1377.68,CRT00996,PRD0112
TRX000735,10,302.86,3028.6000000000004,CRT02461,PRD0093
TRX000736,5,252.5,1262.5,CRT01774,PRD0100
TRX000737,1,85.64,85.64,CRT01339,PRD0123
TRX000738,3,38.5,115.5,CRT03477,PRD0075
TRX000739,7,263.29,1843.03,CRT02547,PRD0157
TRX000740,10,149.12,1491.2,CRT03331,PRD0003
TRX000741,1,265.13,265.13,CRT02670,PRD0025
TRX000742,9,142.41,1281.69,CRT02502,PRD0051
TRX000743,10,344.9,3449.0,CRT01583,PRD0035
TRX000744,7,200.26,1401.82,CRT02023,PRD0105
TRX000745,5,6.76,33.8,CRT00088,PRD0174
TRX000746,10,142.41,1424.1,CRT02700,PRD0051
TRX000747,7,224.09,1568.63,CRT01565,PRD0122
TRX000748,7,164.79,1153.53,CRT01669,PRD0050
TRX000749,7,148.18,1037.26,CRT00382,PRD0066
TRX000750,9,301.87,2716.83,CRT01088,PRD0121
TRX000751,2,151.36,302.72,CRT00504,PRD0150
TRX000752,2,349.85,699.7,CRT02205,PRD0196
TRX000753,9,291.12,2620.08,CRT00293,PRD0120
TRX000754,3,267.28,801.8399999999999,CRT01964,PRD0031
TRX000755,3,238.97,716.91,CRT00727,PRD0026
TRX000756,10,38.12,381.2,CRT03298,PRD0002
TRX000757,3,260.19,780.5699999999999,CRT02077,PRD0001
TRX000758,4,99.1,396.4,CRT00294,PRD0014
TRX000759,3,339.13,1017.39,CRT01412,PRD0060
TRX000760,5,212.13,1060.65,CRT02934,PRD0131
TRX000761,7,153.95,1077.65,CRT01832,PRD0132
TRX000762,9,179.52,1615.68,CRT02939,PRD0094
TRX000763,8,342.98,2743.84,CRT02663,PRD0080
TRX000764,3,259.17,777.51,CRT00207,PRD0169
TRX000765,3,40.06,120.18,CRT01727,PRD0145
TRX000766,1,80.62,80.62,CRT01442,PRD0189
TRX000767,4,241.82,967.28,CRT02592,PRD0192
TRX000768,8,111.48,891.84,CRT02921,PRD0061
TRX000769,4,212.13,848.52,CRT00128,PRD0131
TRX000770,4,234.97,939.88,CRT02412,PRD0046
TRX000771,8,149.36,1194.88,CRT02096,PRD0007
TRX000772,9,59.71,537.39,CRT03050,PRD0057
TRX000773,5,281.86,1409.3000000000002,CRT00939,PRD0188
TRX000774,1,125.96,125.96,CRT00733,PRD0015
TRX000775,7,111.48,780.36,CRT01969,PRD0061
TRX000776,2,178.11,356.22,CRT01711,PRD0004
TRX000777,4,46.73,186.92,CRT01750,PRD0104
TRX000778,9,301.5,2713.5,CRT03359,PRD0115
TRX000779,7,88.06,616.4200000000001,CRT00826,PRD0065
TRX000780,8,318.21,2545.68,CRT01615,PRD0181
TRX000781,5,259.17,1295.85,CRT01691,PRD0169
TRX000782,9,42.58,383.22,CRT01942,PRD0095
TRX000783,6,149.36,896.1600000000001,CRT02589,PRD0007
TRX000784,8,85.64,685.12,CRT02566,PRD0123
TRX000785,9,302.95,2726.55,CRT03225,PRD0087
TRX000786,4,148.18,592.72,CRT01490,PRD0066
TRX000787,1,198.63,198.63,CRT00272,PRD0135
TRX000788,5,339.13,1695.65,CRT00446,PRD0060
TRX000789,6,344.39,2066.34,CRT00048,PRD0149
TRX000790,6,343.3,2059.8,CRT01820,PRD0134
TRX000791,10,80.42,804.2,CRT00426,PRD0140
TRX000792,7,339.13,2373.91,CRT00691,PRD0060
TRX000793,6,149.12,894.72,CRT03045,PRD0003
TRX000794,8,54.91,439.28,CRT00398,PRD0125
TRX000795,7,55.45,388.15,CRT03100,PRD0142
TRX000796,6,267.28,1603.6799999999998,CRT01734,PRD0031
TRX000797,8,46.73,373.84,CRT02192,PRD0104
TRX000798,9,327.59,2948.31,CRT01837,PRD0047
TRX000799,7,82.61,578.27,CRT00490,PRD0167
TRX000800,9,149.36,1344.2400000000002,CRT03060,PRD0007
TRX000801,1,241.37,241.37,CRT01464,PRD0187
TRX000802,1,223.09,223.09,CRT00033,PRD0199
TRX000803,6,197.06,1182.36,CRT00412,PRD0086
TRX000804,6,80.62,483.72,CRT03486,PRD0189
TRX000805,2,175.98,351.96,CRT02520,PRD0021
TRX000806,3,80.62,241.86,CRT03081,PRD0189
TRX000807,7,344.42,2410.94,CRT00949,PRD0112
TRX000808,8,54.91,439.28,CRT01129,PRD0125
TRX000809,7,238.97,1672.79,CRT03114,PRD0026
TRX000810,5,281.86,1409.3000000000002,CRT01974,PRD0188
TRX000811,5,80.62,403.1,CRT00581,PRD0189
TRX000812,10,124.75,1247.5,CRT01016,PRD0166
TRX000813,5,286.9,1434.5,CRT02398,PRD0110
TRX000814,4,11.49,45.96,CRT02810,PRD0195
TRX000815,7,242.9,1700.3,CRT03332,PRD0164
TRX000816,4,312.35,1249.4,CRT01300,PRD0130
TRX000817,3,97.82,293.46,CRT02116,PRD0172
TRX000818,8,151.12,1208.96,CRT01653,PRD0081
TRX000819,1,209.57,209.57,CRT00738,PRD0027
TRX000820,6,260.19,1561.14,CRT01156,PRD0001
TRX000821,7,42.58,298.06,CRT02614,PRD0095
TRX000822,2,292.23,584.46,CRT03487,PRD0073
TRX000823,5,146.67,733.3499999999999,CRT03248,PRD0126
TRX000824,7,260.19,1821.33,CRT00575,PRD0001
TRX000825,6,96.92,581.52,CRT02503,PRD0124
TRX000826,4,316.62,1266.48,CRT01659,PRD0082
TRX000827,5,281.86,1409.3000000000002,CRT01112,PRD0188
TRX000828,5,302.95,1514.75,CRT00628,PRD0087
TRX000829,3,327.31,981.93,CRT01647,PRD0067
TRX000830,1,275.78,275.78,CRT03477,PRD0097
TRX000831,1,336.37,336.37,CRT00020,PRD0152
TRX000832,5,212.13,1060.65,CRT02456,PRD0131
TRX000833,3,208.25,624.75,CRT00698,PRD0147
TRX000834,2,190.14,380.28,CRT00329,PRD0193
TRX000835,9,252.15,2269.35,CRT01606,PRD0059
TRX000836,7,100.84,705.88,CRT00332,PRD0170
TRX000837,8,321.99,2575.92,CRT02188,PRD0062
TRX000838,5,246.16,1230.8,CRT02081,PRD0160
TRX000839,8,321.99,2575.92,CRT00234,PRD0062
TRX000840,2,68.6,137.2,CRT02228,PRD0052
TRX000841,6,331.85,1991.1,CRT03092,PRD0143
TRX000842,3,237.14,711.42,CRT01208,PRD0064
TRX000843,1,190.14,190.14,CRT00050,PRD0193
TRX000844,4,153.95,615.8,CRT00675,PRD0132
TRX000845,6,275.78,1654.6799999999998,CRT00995,PRD0097
TRX000846,2,96.92,193.84,CRT03191,PRD0124
TRX000847,10,127.91,1279.1,CRT01492,PRD0171
TRX000848,2,75.82,151.64,CRT02553,PRD0020
TRX000849,10,104.38,1043.8,CRT01286,PRD0011
TRX000850,9,248.8,2239.2000000000003,CRT02685,PRD0099
TRX000851,6,256.15,1536.9,CRT03271,PRD0040
TRX000852,1,115.14,115.14,CRT01964,PRD0034
TRX000853,6,252.5,1515.0,CRT02246,PRD0100
TRX000854,7,11.49,80.43,CRT00710,PRD0195
TRX000855,6,103.06,618.36,CRT02075,PRD0013
TRX000856,2,129.22,258.44,CRT00361,PRD0084
TRX000857,4,336.37,1345.48,CRT00758,PRD0152
TRX000858,4,63.71,254.84,CRT00625,PRD0153
TRX000859,6,86.2,517.2,CRT01973,PRD0036
TRX000860,9,297.0,2673.0,CRT00444,PRD0009
TRX000861,6,80.42,482.52,CRT01829,PRD0140
TRX000862,1,82.61,82.61,CRT02257,PRD0167
TRX000863,9,344.39,3099.51,CRT01341,PRD0149
TRX000864,2,196.2,392.4,CRT02015,PRD0117
TRX000865,5,40.06,200.3,CRT02987,PRD0145
TRX000866,4,332.64,1330.56,CRT02117,PRD0119
TRX000867,3,46.73,140.19,CRT03384,PRD0104
TRX000868,3,305.67,917.01,CRT02581,PRD0039
TRX000869,10,10.72,107.2,CRT02156,PRD0092
TRX000870,9,231.76,2085.84,CRT03183,PRD0038
TRX000871,8,208.25,1666.0,CRT00733,PRD0147
TRX000872,7,278.04,1946.28,CRT00010,PRD0163
TRX000873,7,127.91,895.37,CRT00812,PRD0171
TRX000874,4,30.34,121.36,CRT00758,PRD0063
TRX000875,3,100.84,302.52,CRT03254,PRD0170
TRX000876,8,275.33,2202.64,CRT02153,PRD0058
TRX000877,10,224.09,2240.9,CRT00502,PRD0122
TRX000878,1,87.81,87.81,CRT01665,PRD0156
TRX000879,5,248.8,1244.0,CRT00001,PRD0099
TRX000880,3,207.27,621.8100000000001,CRT00273,PRD0006
TRX000881,4,151.36,605.44,CRT03395,PRD0150
TRX000882,4,114.48,457.92,CRT00480,PRD0107
TRX000883,9,6.76,60.84,CRT02826,PRD0174
TRX000884,2,289.44,578.88,CRT01489,PRD0155
TRX000885,1,237.14,237.14,CRT01651,PRD0064
TRX000886,7,99.1,693.6999999999999,CRT01059,PRD0014
TRX000887,1,311.57,311.57,CRT02661,PRD0194
TRX000888,9,38.12,343.08,CRT00843,PRD0002
TRX000889,10,260.65,2606.5,CRT01377,PRD0168
TRX000890,2,194.5,389.0,CRT02709,PRD0083
TRX000891,8,223.15,1785.2,CRT02472,PRD0016
TRX000892,1,336.37,336.37,CRT01243,PRD0152
TRX000893,1,125.96,125.96,CRT02936,PRD0015
TRX000894,6,42.58,255.48,CRT01110,PRD0095
TRX000895,3,149.36,448.08,CRT00274,PRD0007
TRX000896,3,85.85,257.54999999999995,CRT02119,PRD0184
TRX000897,10,344.42,3444.2000000000003,CRT00749,PRD0112
TRX000898,2,263.29,526.58,CRT00582,PRD0157
TRX000899,9,308.05,2772.4500000000003,CRT02219,PRD0072
TRX000900,5,275.78,1378.9,CRT00973,PRD0097
TRX000901,6,275.16,1650.96,CRT00501,PRD0048
TRX000902,8,153.95,1231.6,CRT01531,PRD0132
TRX000903,5,330.57,1652.85,CRT01546,PRD0173
TRX000904,10,332.64,3326.4,CRT02433,PRD0119
TRX000905,7,223.15,1562.05,CRT00877,PRD0016
TRX000906,6,76.57,459.42,CRT00421,PRD0071
TRX000907,10,305.67,3056.7000000000003,CRT03150,PRD0039
TRX000908,10,68.6,686.0,CRT02283,PRD0052
TRX000909,1,224.09,224.09,CRT00624,PRD0122
TRX000910,6,125.96,755.76,CRT03032,PRD0015
TRX000911,3,125.8,377.4,CRT02994,PRD0159
TRX000912,8,233.03,1864.24,CRT02698,PRD0102
TRX000913,1,112.37,112.37,CRT01211,PRD0069
TRX000914,3,181.62,544.86,CRT01485,PRD0109
TRX000915,6,223.15,1338.9,CRT02160,PRD0016
TRX000916,10,270.94,2709.4,CRT03068,PRD0148
TRX000917,10,75.82,758.1999999999999,CRT03223,PRD0020
TRX000918,7,217.4,1521.8,CRT00669,PRD0180
TRX000919,2,321.66,643.32,CRT01310,PRD0091
TRX000920,2,349.75,699.5,CRT03267,PRD0055
TRX000921,5,331.95,1659.75,CRT03485,PRD0161
TRX000922,4,98.65,394.6,CRT00686,PRD0079
TRX000923,6,229.76,1378.56,CRT01264,PRD0074
TRX000924,9,301.87,2716.83,CRT00683,PRD0121
TRX000925,4,78.71,314.84,CRT02052,PRD0024
TRX000926,1,342.98,342.98,CRT01150,PRD0080
TRX000927,5,312.35,1561.75,CRT03189,PRD0130
TRX000928,1,194.83,194.83,CRT03206,PRD0165
TRX000929,8,260.19,2081.52,CRT01760,PRD0001
TRX000930,8,275.33,2202.64,CRT00046,PRD0058
TRX000931,6,163.96,983.76,CRT00956,PRD0118
TRX000932,2,196.43,392.86,CRT02266,PRD0179
TRX000933,4,331.95,1327.8,CRT02246,PRD0161
TRX000934,1,213.05,213.05,CRT01395,PRD0144
TRX000935,7,237.14,1659.98,CRT03486,PRD0064
TRX000936,2,30.34,60.68,CRT02465,PRD0063
TRX000937,1,166.93,166.93,CRT00960,PRD0108
TRX000938,10,267.68,2676.8,CRT00201,PRD0197
TRX000939,3,223.09,669.27,CRT02003,PRD0199
TRX000940,3,164.79,494.37,CRT00107,PRD0050
TRX000941,2,144.46,288.92,CRT02514,PRD0185
TRX000942,7,331.85,2322.9500000000003,CRT01648,PRD0143
TRX000943,9,153.58,1382.22,CRT02127,PRD0030
TRX000944,10,134.36,1343.6,CRT01591,PRD0017
TRX000945,8,166.93,1335.44,CRT00609,PRD0108
TRX000946,5,116.26,581.3000000000001,CRT02625,PRD0137
TRX000947,6,163.96,983.76,CRT02267,PRD0118
TRX000948,4,98.65,394.6,CRT01910,PRD0079
TRX000949,8,267.47,2139.76,CRT00364,PRD0033
TRX000950,2,281.86,563.72,CRT01294,PRD0188
TRX000951,5,208.25,1041.25,CRT02146,PRD0147
TRX000952,8,275.16,2201.28,CRT02497,PRD0048
TRX000953,4,38.5,154.0,CRT02470,PRD0075
TRX000954,3,194.83,584.49,CRT00620,PRD0165
TRX000955,1,282.78,282.78,CRT02979,PRD0111
TRX000956,5,116.26,581.3000000000001,CRT00290,PRD0137
TRX000957,4,143.73,574.92,CRT02920,PRD0056
TRX000958,2,11.49,22.98,CRT00418,PRD0195
TRX000959,10,344.39,3443.9,CRT01552,PRD0149
TRX000960,3,238.5,715.5,CRT02488,PRD0133
TRX000961,8,114.48,915.84,CRT01100,PRD0107
TRX000962,5,149.12,745.6,CRT03003,PRD0003
TRX000963,4,98.65,394.6,CRT00972,PRD0079
TRX000964,2,224.53,449.06,CRT02985,PRD0032
TRX000965,3,80.42,241.26,CRT02293,PRD0140
TRX000966,7,13.65,95.55,CRT02582,PRD0019
TRX000967,7,318.21,2227.47,CRT01165,PRD0181
TRX000968,7,59.71,417.97,CRT02352,PRD0057
TRX000969,6,64.83,388.98,CRT03149,PRD0088
TRX000970,7,301.87,2113.09,CRT03143,PRD0121
TRX000971,1,6.76,6.76,CRT00593,PRD0174
TRX000972,3,40.06,120.18,CRT03452,PRD0145
TRX000973,4,112.37,449.48,CRT02528,PRD0069
TRX000974,4,129.22,516.88,CRT01282,PRD0084
TRX000975,7,228.33,1598.3100000000002,CRT00050,PRD0041
TRX000976,2,241.37,482.74,CRT02326,PRD0187
TRX000977,7,301.87,2113.09,CRT01458,PRD0121
TRX000978,6,179.52,1077.12,CRT02338,PRD0094
TRX000979,6,99.29,595.74,CRT00216,PRD0053
TRX000980,9,228.33,2054.9700000000003,CRT00676,PRD0005
TRX000981,1,200.1,200.1,CRT02665,PRD0182
TRX000982,7,318.21,2227.47,CRT00517,PRD0181
TRX000983,3,63.71,191.13,CRT00934,PRD0153
TRX000984,5,259.17,1295.85,CRT00605,PRD0169
TRX000985,8,136.36,1090.88,CRT00156,PRD0098
TRX000986,6,233.03,1398.18,CRT02130,PRD0102
TRX000987,6,190.14,1140.84,CRT02411,PRD0193
TRX000988,6,344.42,2066.52,CRT01433,PRD0112
TRX000989,3,223.09,669.27,CRT02224,PRD0199
TRX000990,7,297.0,2079.0,CRT02948,PRD0009
TRX000991,8,115.14,921.12,CRT03294,PRD0034
TRX000992,3,349.85,1049.5500000000002,CRT01090,PRD0196
TRX000993,1,213.05,213.05,CRT01962,PRD0144
TRX000994,4,291.12,1164.48,CRT00413,PRD0120
TRX000995,7,96.92,678.44,CRT01632,PRD0124
TRX000996,8,181.62,1452.96,CRT02927,PRD0109
TRX000997,1,40.06,40.06,CRT00302,PRD0145
TRX000998,3,30.96,92.88,CRT03256,PRD0139
TRX000999,8,198.09,1584.72,CRT00309,PRD0178
TRX001000,6,59.71,358.26,CRT03214,PRD0057
TRX001001,2,301.22,602.44,CRT00639,PRD0045
TRX001002,1,13.65,13.65,CRT00303,PRD0019
TRX001003,1,116.26,116.26,CRT01112,PRD0137
TRX001004,6,74.71,448.26,CRT02194,PRD0183
TRX001005,7,278.04,1946.28,CRT00071,PRD0163
TRX001006,9,260.49,2344.41,CRT00593,PRD0076
TRX001007,8,75.82,606.56,CRT00037,PRD0020
TRX001008,1,166.93,166.93,CRT02233,PRD0108
TRX001009,7,282.78,1979.46,CRT01612,PRD0111
TRX001010,10,310.43,3104.3,CRT03071,PRD0113
TRX001011,1,112.37,112.37,CRT03302,PRD0069
TRX001012,6,331.95,1991.7,CRT01078,PRD0161
TRX001013,8,36.18,289.44,CRT02384,PRD0049
TRX001014,2,153.95,307.9,CRT03300,PRD0132
TRX001015,2,262.09,524.18,CRT03027,PRD0023
TRX001016,3,153.95,461.85,CRT02616,PRD0132
TRX001017,2,149.36,298.72,CRT02584,PRD0007
TRX001018,9,223.09,2007.81,CRT01087,PRD0199
TRX001019,2,246.16,492.32,CRT01328,PRD0160
TRX001020,7,198.63,1390.41,CRT01005,PRD0135
TRX001021,8,224.53,1796.24,CRT00977,PRD0032
TRX001022,10,178.11,1781.1,CRT01978,PRD0004
TRX001023,4,234.97,939.88,CRT01449,PRD0046
TRX001024,3,318.21,954.63,CRT02924,PRD0181
TRX001025,4,303.73,1214.92,CRT00955,PRD0136
TRX001026,6,15.79,94.74,CRT00698,PRD0096
TRX001027,4,288.92,1155.68,CRT03428,PRD0191
TRX001028,10,292.23,2922.3,CRT00908,PRD0073
TRX001029,4,143.73,574.92,CRT01539,PRD0056
TRX001030,4,275.78,1103.12,CRT00324,PRD0097
TRX001031,1,80.42,80.42,CRT01244,PRD0140
TRX001032,6,12.47,74.82000000000001,CRT01273,PRD0158
TRX001033,5,330.57,1652.85,CRT02704,PRD0173
TRX001034,9,303.73,2733.57,CRT01831,PRD0136
TRX001035,5,303.73,1518.65,CRT02904,PRD0136
TRX001036,10,301.62,3016.2,CRT02405,PRD0028
TRX001037,6,4.55,27.3,CRT00597,PRD0129
TRX001038,2,256.15,512.3,CRT03324,PRD0040
TRX001039,7,57.82,404.74,CRT02049,PRD0089
TRX001040,6,103.06,618.36,CRT00545,PRD0013
TRX001041,8,98.65,789.2,CRT01991,PRD0079
TRX001042,1,125.96,125.96,CRT03479,PRD0015
TRX001043,8,96.92,775.36,CRT01519,PRD0124
TRX001044,10,140.04,1400.4,CRT02262,PRD0068
TRX001045,5,36.18,180.9,CRT02388,PRD0049
TRX001046,4,349.75,1399.0,CRT01011,PRD0055
TRX001047,3,288.19,864.5699999999999,CRT01198,PRD0176
TRX001048,2,136.36,272.72,CRT03390,PRD0098
TRX001049,9,172.26,1550.34,CRT01931,PRD0078
TRX001050,4,316.62,1266.48,CRT02601,PRD0082
TRX001051,1,120.9,120.9,CRT00942,PRD0175
TRX001052,3,86.2,258.6,CRT01797,PRD0036
TRX001053,5,148.18,740.9000000000001,CRT00738,PRD0066
TRX001054,3,336.37,1009.11,CRT00764,PRD0152
TRX001055,7,260.49,1823.43,CRT00913,PRD0076
TRX001056,5,260.19,1300.95,CRT03227,PRD0001
TRX001057,7,327.59,2293.13,CRT01810,PRD0047
TRX001058,9,149.12,1342.08,CRT02209,PRD0003
TRX001059,6,151.36,908.16,CRT01664,PRD0150
TRX001060,6,125.96,755.76,CRT01636,PRD0015
TRX001061,2,114.48,228.96,CRT01131,PRD0107
TRX001062,10,178.11,1781.1,CRT01974,PRD0004
TRX001063,1,38.5,38.5,CRT02305,PRD0075
TRX001064,3,278.04,834.1200000000001,CRT03155,PRD0163
TRX001065,1,200.1,200.1,CRT01129,PRD0182
TRX001066,5,38.12,190.6,CRT00367,PRD0002
TRX001067,2,200.1,400.2,CRT01257,PRD0182
TRX001068,2,46.73,93.46,CRT03154,PRD0104
TRX001069,6,162.15,972.9,CRT00556,PRD0010
TRX001070,5,13.84,69.2,CRT01665,PRD0186
TRX001071,9,104.38,939.42,CRT01179,PRD0011
TRX001072,9,275.16,2476.44,CRT03161,PRD0048
TRX001073,1,342.98,342.98,CRT00655,PRD0080
TRX001074,6,275.16,1650.96,CRT01254,PRD0048
TRX001075,2,124.75,249.5,CRT00570,PRD0166
TRX001076,1,38.5,38.5,CRT01914,PRD0075
TRX001077,10,238.97,2389.7,CRT02633,PRD0026
TRX001078,4,114.48,457.92,CRT01537,PRD0107
TRX001079,4,4.55,18.2,CRT02159,PRD0129
TRX001080,5,312.35,1561.75,CRT02078,PRD0130
TRX001081,7,197.06,1379.42,CRT02431,PRD0086
TRX001082,6,260.65,1563.9,CRT02559,PRD0168
TRX001083,4,54.91,219.64,CRT01658,PRD0125
TRX001084,4,163.96,655.84,CRT00853,PRD0118
TRX001085,7,149.12,1043.84,CRT02532,PRD0003
TRX001086,4,248.47,993.88,CRT02104,PRD0044
TRX001087,4,297.0,1188.0,CRT01689,PRD0009
TRX001088,1,78.71,78.71,CRT01405,PRD0024
TRX001089,6,267.47,1604.8200000000002,CRT00141,PRD0033
TRX001090,8,195.42,1563.36,CRT03252,PRD0162
TRX001091,6,275.16,1650.96,CRT00821,PRD0048
TRX001092,5,207.27,1036.35,CRT03272,PRD0006
TRX001093,4,292.23,1168.92,CRT03245,PRD0073
TRX001094,8,228.33,1826.64,CRT00378,PRD0005
TRX001095,1,99.29,99.29,CRT01491,PRD0053
TRX001096,1,224.53,224.53,CRT00943,PRD0032
TRX001097,10,228.33,2283.3,CRT02022,PRD0041
TRX001098,9,80.62,725.58,CRT02076,PRD0189
TRX001099,5,336.37,1681.85,CRT00575,PRD0152
TRX001100,2,141.38,282.76,CRT00583,PRD0114
TRX001101,7,80.42,562.94,CRT01053,PRD0140
TRX001102,5,229.76,1148.8,CRT02089,PRD0074
TRX001103,4,97.82,391.28,CRT02442,PRD0172
TRX001104,8,301.5,2412.0,CRT01835,PRD0115
TRX001105,8,194.83,1558.64,CRT03331,PRD0165
TRX001106,1,311.57,311.57,CRT01988,PRD0194
TRX001107,3,297.0,891.0,CRT00489,PRD0009
TRX001108,2,54.91,109.82,CRT02322,PRD0125
TRX001109,8,114.48,915.84,CRT02760,PRD0107
TRX001110,1,297.0,297.0,CRT00189,PRD0009
TRX001111,5,330.57,1652.85,CRT00317,PRD0173
TRX001112,8,302.86,2422.88,CRT02776,PRD0093
TRX001113,1,85.85,85.85,CRT00496,PRD0184
TRX001114,2,23.22,46.44,CRT01212,PRD0190
TRX001115,3,241.37,724.11,CRT01386,PRD0187
TRX001116,6,238.5,1431.0,CRT01613,PRD0133
TRX001117,10,68.6,686.0,CRT02306,PRD0052
TRX001118,3,349.75,1049.25,CRT00702,PRD0055
TRX001119,9,24.14,217.26,CRT00603,PRD0127
TRX001120,4,288.92,1155.68,CRT01077,PRD0191
TRX001121,4,297.0,1188.0,CRT00647,PRD0009
TRX001122,10,275.33,2753.3,CRT03003,PRD0058
TRX001123,8,344.42,2755.36,CRT01528,PRD0112
TRX001124,2,301.87,603.74,CRT02535,PRD0121
TRX001125,8,30.96,247.68,CRT00540,PRD0139
TRX001126,9,13.84,124.56,CRT01944,PRD0186
TRX001127,6,234.97,1409.82,CRT02715,PRD0046
TRX001128,7,13.65,95.55,CRT00018,PRD0019
TRX001129,9,344.42,3099.78,CRT00558,PRD0112
TRX001130,2,24.14,48.28,CRT00350,PRD0127
TRX001131,8,265.13,2121.04,CRT01925,PRD0025
TRX001132,7,286.9,2008.3,CRT01380,PRD0110
TRX001133,10,172.26,1722.6,CRT00744,PRD0078
TRX001134,8,146.67,1173.36,CRT01654,PRD0126
TRX001135,6,102.2,613.2,CRT01318,PRD0106
TRX001136,1,59.71,59.71,CRT01623,PRD0057
TRX001137,6,260.65,1563.9,CRT00850,PRD0168
TRX001138,10,59.71,597.1,CRT03210,PRD0057
TRX001139,2,327.31,654.62,CRT01357,PRD0067
TRX001140,8,267.68,2141.44,CRT01115,PRD0197
TRX001141,4,224.53,898.12,CRT03274,PRD0032
TRX001142,10,115.14,1151.4,CRT01400,PRD0034
TRX001143,4,125.8,503.2,CRT01145,PRD0159
TRX001144,1,38.5,38.5,CRT00992,PRD0075
TRX001145,2,265.13,530.26,CRT02362,PRD0025
TRX001146,1,96.92,96.92,CRT03055,PRD0124
TRX001147,6,104.38,626.28,CRT02090,PRD0011
TRX001148,6,80.42,482.52,CRT01870,PRD0140
TRX001149,10,260.49,2604.9,CRT01215,PRD0076
TRX001150,2,327.59,655.18,CRT02345,PRD0047
TRX001151,7,278.04,1946.28,CRT03396,PRD0163
TRX001152,10,175.98,1759.8,CRT00095,PRD0021
TRX001153,9,129.22,1162.98,CRT03100,PRD0084
TRX001154,4,301.62,1206.48,CRT00624,PRD0028
TRX001155,4,181.62,726.48,CRT00824,PRD0109
TRX001156,2,149.36,298.72,CRT01268,PRD0007
TRX001157,8,149.12,1192.96,CRT01756,PRD0003
TRX001158,10,15.96,159.60000000000002,CRT00006,PRD0090
TRX001159,4,4.55,18.2,CRT02098,PRD0129
TRX001160,7,336.37,2354.59,CRT01394,PRD0152
TRX001161,5,318.21,1591.05,CRT00271,PRD0181
TRX001162,8,316.62,2532.96,CRT00806,PRD0082
TRX001163,1,209.57,209.57,CRT01750,PRD0027
TRX001164,9,76.57,689.1299999999999,CRT00155,PRD0071
TRX001165,10,223.09,2230.9,CRT01057,PRD0199
TRX001166,5,229.76,1148.8,CRT00325,PRD0074
TRX001167,5,229.76,1148.8,CRT01345,PRD0074
TRX001168,1,125.96,125.96,CRT00630,PRD0015
TRX001169,7,288.92,2022.44,CRT00528,PRD0191
TRX001170,6,116.26,697.5600000000001,CRT01089,PRD0137
TRX001171,5,99.1,495.5,CRT02364,PRD0014
TRX001172,6,327.59,1965.54,CRT01683,PRD0047
TRX001173,3,318.04,954.12,CRT00914,PRD0146
TRX001174,6,288.92,1733.52,CRT03343,PRD0191
TRX001175,10,239.52,2395.2000000000003,CRT00629,PRD0085
TRX001176,4,195.42,781.68,CRT01394,PRD0162
TRX001177,6,237.14,1422.84,CRT01811,PRD0064
TRX001178,8,104.38,835.04,CRT00373,PRD0011
TRX001179,1,102.2,102.2,CRT02822,PRD0106
TRX001180,8,301.5,2412.0,CRT01213,PRD0115
TRX001181,7,38.5,269.5,CRT02565,PRD0075
TRX001182,6,86.2,517.2,CRT02296,PRD0036
TRX001183,1,111.48,111.48,CRT01416,PRD0061
TRX001184,10,88.65,886.5,CRT02825,PRD0042
TRX001185,5,332.64,1663.1999999999998,CRT00564,PRD0119
TRX001186,7,321.99,2253.9300000000003,CRT00451,PRD0062
TRX001187,3,141.38,424.14,CRT01775,PRD0114
TRX001188,1,69.32,69.32,CRT02403,PRD0012
TRX001189,8,260.49,2083.92,CRT00041,PRD0076
TRX001190,9,99.29,893.61,CRT02289,PRD0053
TRX001191,6,151.36,908.16,CRT02346,PRD0150
TRX001192,7,194.99,1364.93,CRT01479,PRD0043
TRX001193,3,116.26,348.78000000000003,CRT00191,PRD0137
TRX001194,3,237.14,711.42,CRT01488,PRD0064
TRX001195,8,281.86,2254.88,CRT02598,PRD0188
TRX001196,2,85.85,171.7,CRT00406,PRD0184
TRX001197,10,196.2,1962.0,CRT02825,PRD0117
TRX001198,3,237.14,711.42,CRT03179,PRD0064
TRX001199,7,302.86,2120.02,CRT01758,PRD0093
TRX001200,1,301.5,301.5,CRT02734,PRD0115
TRX001201,3,270.94,812.8199999999999,CRT02493,PRD0148
TRX001202,7,336.37,2354.59,CRT02955,PRD0152
TRX001203,2,241.37,482.74,CRT03402,PRD0187
TRX001204,2,9.29,18.58,CRT00391,PRD0128
TRX001205,9,114.48,1030.32,CRT00626,PRD0107
TRX001206,7,302.95,2120.65,CRT01485,PRD0087
TRX001207,9,344.39,3099.51,CRT02659,PRD0149
TRX001208,1,111.48,111.48,CRT03047,PRD0061
TRX001209,2,213.05,426.1,CRT00281,PRD0144
TRX001210,1,196.2,196.2,CRT00025,PRD0117
TRX001211,10,197.06,1970.6,CRT03319,PRD0086
TRX001212,4,172.26,689.04,CRT02477,PRD0078
TRX001213,7,265.13,1855.91,CRT00903,PRD0025
TRX001214,1,275.16,275.16,CRT01803,PRD0048
TRX001215,10,221.23,2212.3,CRT02151,PRD0177
TRX001216,2,331.85,663.7,CRT03053,PRD0143
TRX001217,10,248.8,2488.0,CRT01523,PRD0099
TRX001218,5,146.67,733.3499999999999,CRT01627,PRD0126
TRX001219,10,344.42,3444.2000000000003,CRT00140,PRD0112
TRX001220,1,342.98,342.98,CRT03038,PRD0080
TRX001221,9,288.92,2600.28,CRT01611,PRD0191
TRX001222,2,38.5,77.0,CRT00176,PRD0075
TRX001223,8,179.52,1436.16,CRT02098,PRD0094
TRX001224,1,289.44,289.44,CRT01293,PRD0155
TRX001225,1,11.49,11.49,CRT01490,PRD0195
TRX001226,4,223.09,892.36,CRT02363,PRD0199
TRX001227,3,30.96,92.88,CRT02684,PRD0139
TRX001228,8,100.84,806.72,CRT00083,PRD0170
TRX001229,7,331.95,2323.65,CRT00936,PRD0161
TRX001230,3,115.19,345.57,CRT01027,PRD0018
TRX001231,9,301.82,2716.38,CRT01460,PRD0054
TRX001232,1,97.82,97.82,CRT01564,PRD0172
TRX001233,6,195.42,1172.52,CRT01042,PRD0162
TRX001234,9,175.98,1583.82,CRT00125,PRD0021
TRX001235,8,231.76,1854.08,CRT00391,PRD0038
TRX001236,8,207.27,1658.16,CRT02562,PRD0006
TRX001237,8,308.05,2464.4,CRT01860,PRD0072
TRX001238,8,136.36,1090.88,CRT01387,PRD0098
TRX001239,1,248.47,248.47,CRT00614,PRD0044
TRX001240,2,127.91,255.82,CRT01873,PRD0171
TRX001241,5,95.22,476.1,CRT00442,PRD0029
TRX001242,10,55.45,554.5,CRT00507,PRD0142
TRX001243,8,80.42,643.36,CRT01728,PRD0140
TRX001244,3,194.99,584.97,CRT03125,PRD0043
TRX001245,7,116.26,813.82,CRT01209,PRD0137
TRX001246,9,194.99,1754.91,CRT01604,PRD0043
TRX001247,3,144.4,433.2000000000001,CRT02161,PRD0200
TRX001248,2,151.12,302.24,CRT03216,PRD0081
TRX001249,2,68.6,137.2,CRT03163,PRD0052
TRX001250,10,231.76,2317.6,CRT03263,PRD0038
TRX001251,6,310.43,1862.58,CRT02872,PRD0113
TRX001252,7,209.57,1466.99,CRT01992,PRD0027
TRX001253,10,36.18,361.8,CRT00143,PRD0049
TRX001254,7,267.47,1872.29,CRT01144,PRD0033
TRX001255,5,98.65,493.25,CRT00135,PRD0079
TRX001256,7,331.95,2323.65,CRT02133,PRD0161
TRX001257,1,190.14,190.14,CRT02534,PRD0193
TRX001258,8,260.49,2083.92,CRT02844,PRD0076
TRX001259,8,97.82,782.56,CRT00354,PRD0172
TRX001260,4,212.13,848.52,CRT01795,PRD0131
TRX001261,6,68.6,411.6,CRT02539,PRD0052
TRX001262,10,64.83,648.3,CRT01183,PRD0088
TRX001263,6,85.85,515.0999999999999,CRT02229,PRD0184
TRX001264,7,54.91,384.37,CRT01057,PRD0125
TRX001265,10,55.45,554.5,CRT01403,PRD0142
TRX001266,2,301.22,602.44,CRT00644,PRD0045
TRX001267,10,114.48,1144.8,CRT02614,PRD0107
TRX001268,3,140.04,420.12,CRT02526,PRD0068
TRX001269,3,95.22,285.66,CRT02600,PRD0029
TRX001270,1,301.62,301.62,CRT00278,PRD0028
TRX001271,6,308.17,1849.02,CRT03194,PRD0138
TRX001272,2,228.33,456.66,CRT03379,PRD0005
TRX001273,4,13.65,54.6,CRT02778,PRD0019
TRX001274,6,308.17,1849.02,CRT01999,PRD0138
TRX001275,7,260.19,1821.33,CRT03483,PRD0001
TRX001276,4,239.52,958.08,CRT02155,PRD0085
TRX001277,10,231.76,2317.6,CRT01888,PRD0038
TRX001278,8,63.71,509.68,CRT02779,PRD0153
TRX001279,5,86.2,431.0,CRT02430,PRD0036
TRX001280,9,143.73,1293.57,CRT00171,PRD0056
TRX001281,10,301.62,3016.2,CRT02007,PRD0028
TRX001282,3,190.14,570.42,CRT00754,PRD0193
TRX001283,6,248.8,1492.8000000000002,CRT03275,PRD0099
TRX001284,1,125.96,125.96,CRT00962,PRD0015
TRX001285,1,332.64,332.64,CRT02412,PRD0119
TRX001286,8,153.58,1228.64,CRT00650,PRD0030
TRX001287,6,224.09,1344.54,CRT01756,PRD0122
TRX001288,2,246.16,492.32,CRT00161,PRD0160
TRX001289,7,275.78,1930.46,CRT01396,PRD0097
TRX001290,8,242.9,1943.2,CRT00635,PRD0164
TRX001291,5,330.57,1652.85,CRT00998,PRD0173
TRX001292,9,148.18,1333.62,CRT00018,PRD0066
TRX001293,7,301.82,2112.74,CRT00725,PRD0054
TRX001294,8,112.37,898.96,CRT02738,PRD0069
TRX001295,4,217.4,869.6,CRT02301,PRD0180
TRX001296,6,69.32,415.92,CRT00962,PRD0012
TRX001297,9,13.84,124.56,CRT01619,PRD0186
TRX001298,2,88.06,176.12,CRT02766,PRD0065
TRX001299,9,141.38,1272.42,CRT02222,PRD0114
TRX001300,3,224.09,672.27,CRT00341,PRD0122
TRX001301,2,99.1,198.2,CRT00787,PRD0014
TRX001302,8,282.78,2262.24,CRT02482,PRD0111
TRX001303,8,301.22,2409.76,CRT00774,PRD0045
TRX001304,5,207.27,1036.35,CRT02140,PRD0006
TRX001305,9,213.05,1917.45,CRT02549,PRD0144
TRX001306,8,98.65,789.2,CRT02133,PRD0079
TRX001307,5,59.71,298.55,CRT01613,PRD0057
TRX001308,8,164.79,1318.32,CRT01473,PRD0050
TRX001309,8,198.63,1589.04,CRT02084,PRD0135
TRX001310,10,171.38,1713.8,CRT01896,PRD0037
TRX001311,4,336.37,1345.48,CRT01665,PRD0152
TRX001312,6,223.09,1338.54,CRT01952,PRD0199
TRX001313,10,40.06,400.6,CRT01201,PRD0145
TRX001314,10,267.28,2672.8,CRT01119,PRD0031
TRX001315,6,238.97,1433.82,CRT02880,PRD0026
TRX001316,9,15.96,143.64,CRT00532,PRD0090
TRX001317,5,179.52,897.6,CRT02991,PRD0094
TRX001318,4,228.33,913.32,CRT01747,PRD0041
TRX001319,9,223.15,2008.35,CRT01863,PRD0016
TRX001320,4,198.09,792.36,CRT00596,PRD0178
TRX001321,6,233.03,1398.18,CRT01366,PRD0102
TRX001322,7,190.14,1330.98,CRT01411,PRD0193
TRX001323,10,288.92,2889.2000000000003,CRT02313,PRD0191
TRX001324,10,151.12,1511.2,CRT02000,PRD0081
TRX001325,10,339.13,3391.3,CRT00276,PRD0060
TRX001326,8,15.79,126.32,CRT01703,PRD0096
TRX001327,2,13.84,27.68,CRT03448,PRD0186
TRX001328,3,57.82,173.46,CRT00291,PRD0089
TRX001329,6,88.65,531.9000000000001,CRT02619,PRD0042
TRX001330,3,292.23,876.69,CRT01854,PRD0073
TRX001331,1,275.16,275.16,CRT01065,PRD0048
TRX001332,2,246.16,492.32,CRT02629,PRD0160
TRX001333,10,140.04,1400.4,CRT01581,PRD0068
TRX001334,4,30.34,121.36,CRT01636,PRD0063
TRX001335,1,54.91,54.91,CRT00546,PRD0125
TRX001336,7,246.16,1723.12,CRT02048,PRD0160
TRX001337,5,301.62,1508.1,CRT02185,PRD0028
TRX001338,7,275.33,1927.31,CRT01978,PRD0058
TRX001339,10,318.04,3180.4,CRT01454,PRD0146
TRX001340,2,119.47,238.94,CRT02678,PRD0008
TRX001341,3,42.58,127.74,CRT02630,PRD0095
TRX001342,7,55.45,388.15,CRT00994,PRD0142
TRX001343,8,318.04,2544.32,CRT02605,PRD0146
TRX001344,2,209.57,419.14,CRT03464,PRD0027
TRX001345,10,252.5,2525.0,CRT01314,PRD0100
TRX001346,2,178.11,356.22,CRT01882,PRD0004
TRX001347,10,312.35,3123.5,CRT01325,PRD0130
TRX001348,7,302.95,2120.65,CRT03321,PRD0087
TRX001349,10,263.29,2632.9,CRT00433,PRD0157
TRX001350,10,229.76,2297.6,CRT01386,PRD0074
TRX001351,4,115.14,460.56,CRT00740,PRD0034
TRX001352,4,321.66,1286.64,CRT00388,PRD0091
TRX001353,6,301.62,1809.72,CRT01013,PRD0028
TRX001354,4,141.38,565.52,CRT03028,PRD0114
TRX001355,1,260.19,260.19,CRT02685,PRD0001
TRX001356,4,13.84,55.36,CRT03446,PRD0186
TRX001357,2,82.61,165.22,CRT03427,PRD0167
TRX001358,4,149.12,596.48,CRT01926,PRD0003
TRX001359,9,297.0,2673.0,CRT01233,PRD0009
TRX001360,8,55.45,443.6,CRT00763,PRD0142
TRX001361,9,305.67,2751.03,CRT03152,PRD0039
TRX001362,4,233.03,932.12,CRT00977,PRD0102
TRX001363,1,267.68,267.68,CRT02697,PRD0197
TRX001364,6,24.14,144.84,CRT02206,PRD0127
TRX001365,7,125.8,880.6,CRT02325,PRD0159
TRX001366,9,80.62,725.58,CRT02404,PRD0189
TRX001367,3,221.23,663.6899999999999,CRT02216,PRD0177
TRX001368,9,246.16,2215.44,CRT02227,PRD0160
TRX001369,8,23.22,185.76,CRT01759,PRD0190
TRX001370,6,318.04,1908.24,CRT01864,PRD0146
TRX001371,4,59.71,238.84,CRT00788,PRD0057
TRX001372,4,15.96,63.84,CRT01414,PRD0090
TRX001373,6,237.14,1422.84,CRT02649,PRD0064
TRX001374,6,136.36,818.1600000000001,CRT01002,PRD0098
TRX001375,3,163.96,491.88,CRT03236,PRD0118
TRX001376,7,175.98,1231.86,CRT00550,PRD0021
TRX001377,3,13.84,41.52,CRT03057,PRD0186
TRX001378,1,267.68,267.68,CRT01401,PRD0197
TRX001379,3,80.42,241.26,CRT00012,PRD0140
TRX001380,10,301.5,3015.0,CRT02905,PRD0115
TRX001381,5,275.78,1378.9,CRT02671,PRD0097
TRX001382,9,301.5,2713.5,CRT02297,PRD0115
TRX001383,8,181.62,1452.96,CRT02392,PRD0109
TRX001384,5,143.73,718.65,CRT00345,PRD0056
TRX001385,8,144.4,1155.2,CRT02031,PRD0200
TRX001386,9,12.47,112.23,CRT01464,PRD0158
TRX001387,2,68.6,137.2,CRT01464,PRD0052
TRX001388,2,74.71,149.42,CRT00662,PRD0183
TRX001389,3,233.03,699.09,CRT00102,PRD0102
TRX001390,9,149.36,1344.2400000000002,CRT00785,PRD0007
TRX001391,3,344.39,1033.17,CRT02134,PRD0149
TRX001392,7,198.09,1386.63,CRT01762,PRD0178
TRX001393,10,278.04,2780.4,CRT00282,PRD0163
TRX001394,10,149.12,1491.2,CRT01998,PRD0003
TRX001395,4,59.71,238.84,CRT01431,PRD0057
TRX001396,5,13.28,66.39999999999999,CRT00080,PRD0141
TRX001397,6,238.5,1431.0,CRT02135,PRD0133
TRX001398,2,95.22,190.44,CRT00583,PRD0029
TRX001399,8,129.22,1033.76,CRT02190,PRD0084
TRX001400,4,120.9,483.6,CRT02396,PRD0175
TRX001401,10,339.13,3391.3,CRT03332,PRD0060
TRX001402,3,238.97,716.91,CRT00080,PRD0026
TRX001403,3,151.36,454.08,CRT02105,PRD0150
TRX001404,3,349.85,1049.5500000000002,CRT02765,PRD0196
TRX001405,10,68.6,686.0,CRT01363,PRD0052
TRX001406,4,75.69,302.76,CRT01790,PRD0077
TRX001407,2,209.57,419.14,CRT00676,PRD0027
TRX001408,8,224.53,1796.24,CRT03197,PRD0032
TRX001409,8,286.9,2295.2,CRT01603,PRD0110
TRX001410,9,13.28,119.52,CRT02531,PRD0141
TRX001411,7,221.23,1548.61,CRT00838,PRD0177
TRX001412,6,195.42,1172.52,CRT01653,PRD0162
TRX001413,1,125.96,125.96,CRT02495,PRD0015
TRX001414,4,6.76,27.04,CRT00700,PRD0174
TRX001415,10,175.98,1759.8,CRT00465,PRD0021
TRX001416,5,96.92,484.6,CRT00227,PRD0124
TRX001417,8,310.43,2483.44,CRT00109,PRD0113
TRX001418,6,140.04,840.24,CRT02022,PRD0068
TRX001419,1,142.41,142.41,CRT01608,PRD0051
TRX001420,6,260.19,1561.14,CRT02393,PRD0001
TRX001421,6,125.96,755.76,CRT01553,PRD0015
TRX001422,8,308.17,2465.36,CRT00847,PRD0138
TRX001423,8,64.83,518.64,CRT00620,PRD0088
TRX001424,8,80.42,643.36,CRT01615,PRD0140
TRX001425,10,85.85,858.5,CRT02245,PRD0184
TRX001426,2,267.47,534.94,CRT02813,PRD0033
TRX001427,8,200.1,1600.8,CRT02933,PRD0182
TRX001428,5,242.9,1214.5,CRT03053,PRD0164
TRX001429,4,11.49,45.96,CRT03182,PRD0195
TRX001430,2,13.28,26.56,CRT00858,PRD0141
TRX001431,3,111.48,334.44,CRT02528,PRD0061
TRX001432,5,252.5,1262.5,CRT00245,PRD0100
TRX001433,4,344.9,1379.6,CRT02621,PRD0035
TRX001434,5,198.09,990.45,CRT02388,PRD0178
TRX001435,6,9.29,55.74,CRT01423,PRD0128
TRX001436,4,112.37,449.48,CRT01820,PRD0069
TRX001437,6,213.05,1278.3000000000002,CRT01646,PRD0144
TRX001438,4,151.36,605.44,CRT01349,PRD0150
TRX001439,9,80.42,723.78,CRT02741,PRD0140
TRX001440,2,103.06,206.12,CRT03352,PRD0013
TRX001441,2,234.25,468.5,CRT03092,PRD0103
TRX001442,6,26.82,160.92000000000002,CRT01881,PRD0101
TRX001443,8,95.22,761.76,CRT02506,PRD0029
TRX001444,6,311.57,1869.42,CRT02125,PRD0194
TRX001445,1,88.65,88.65,CRT03463,PRD0042
TRX001446,10,102.2,1022.0,CRT02502,PRD0106
TRX001447,3,286.9,860.6999999999999,CRT01535,PRD0110
TRX001448,8,275.78,2206.24,CRT02898,PRD0097
TRX001449,3,148.18,444.54,CRT00210,PRD0066
TRX001450,1,286.9,286.9,CRT02841,PRD0110
TRX001451,10,100.84,1008.4,CRT02900,PRD0170
TRX001452,5,99.1,495.5,CRT02539,PRD0014
TRX001453,9,200.26,1802.34,CRT00140,PRD0105
TRX001454,1,75.69,75.69,CRT01399,PRD0077
TRX001455,4,223.15,892.6,CRT03246,PRD0016
TRX001456,7,208.25,1457.75,CRT02203,PRD0147
TRX001457,10,80.42,804.2,CRT01541,PRD0140
TRX001458,6,68.6,411.6,CRT02756,PRD0052
TRX001459,8,4.55,36.4,CRT00363,PRD0129
TRX001460,6,151.12,906.72,CRT02965,PRD0081
TRX001461,7,179.52,1256.64,CRT02653,PRD0094
TRX001462,3,349.85,1049.5500000000002,CRT02030,PRD0196
TRX001463,10,291.12,2911.2,CRT02771,PRD0120
TRX001464,5,11.49,57.45,CRT02527,PRD0195
TRX001465,4,311.57,1246.28,CRT01283,PRD0194
TRX001466,4,98.65,394.6,CRT02298,PRD0079
TRX001467,10,121.08,1210.8,CRT00497,PRD0151
TRX001468,2,88.06,176.12,CRT00851,PRD0065
TRX001469,7,197.06,1379.42,CRT01690,PRD0086
TRX001470,9,57.82,520.38,CRT00926,PRD0089
TRX001471,7,301.82,2112.74,CRT01156,PRD0054
TRX001472,8,87.81,702.48,CRT02429,PRD0156
TRX001473,1,172.26,172.26,CRT01604,PRD0078
TRX001474,9,221.23,1991.07,CRT02482,PRD0177
TRX001475,9,181.62,1634.58,CRT02634,PRD0109
TRX001476,6,11.49,68.94,CRT02650,PRD0195
TRX001477,6,97.82,586.92,CRT01199,PRD0172
TRX001478,1,97.82,97.82,CRT02413,PRD0172
TRX001479,7,57.82,404.74,CRT01158,PRD0089
TRX001480,10,228.33,2283.3,CRT01577,PRD0041
TRX001481,5,331.95,1659.75,CRT00903,PRD0161
TRX001482,4,104.38,417.52,CRT00964,PRD0011
TRX001483,10,181.62,1816.2,CRT00126,PRD0109
TRX001484,5,301.5,1507.5,CRT00491,PRD0115
TRX001485,5,95.22,476.1,CRT01827,PRD0029
TRX001486,2,134.36,268.72,CRT00091,PRD0017
TRX001487,1,151.12,151.12,CRT03081,PRD0081
TRX001488,2,38.12,76.24,CRT01973,PRD0002
TRX001489,1,129.22,129.22,CRT02499,PRD0084
TRX001490,5,308.05,1540.25,CRT01074,PRD0072
TRX001491,3,237.14,711.42,CRT02506,PRD0064
TRX001492,8,15.96,127.68,CRT01987,PRD0090
TRX001493,10,233.03,2330.3,CRT01067,PRD0102
TRX001494,8,288.92,2311.36,CRT02496,PRD0191
TRX001495,5,327.31,1636.55,CRT02357,PRD0067
TRX001496,10,343.3,3433.0,CRT00541,PRD0134
TRX001497,4,200.26,801.04,CRT02819,PRD0105
TRX001498,6,342.98,2057.88,CRT00450,PRD0080
TRX001499,5,148.18,740.9000000000001,CRT02127,PRD0066
TRX001500,10,336.37,3363.7,CRT03008,PRD0152
TRX001501,3,198.09,594.27,CRT00901,PRD0178
TRX001502,2,76.57,153.14,CRT00798,PRD0071
TRX001503,1,223.09,223.09,CRT02979,PRD0199
TRX001504,2,344.9,689.8,CRT02042,PRD0035
TRX001505,9,42.58,383.22,CRT00520,PRD0095
TRX001506,2,349.75,699.5,CRT00043,PRD0055
TRX001507,9,38.12,343.08,CRT01275,PRD0002
TRX001508,9,172.26,1550.34,CRT01781,PRD0078
TRX001509,10,15.96,159.60000000000002,CRT03046,PRD0090
TRX001510,7,200.26,1401.82,CRT01809,PRD0105
TRX001511,10,195.42,1954.2,CRT01670,PRD0162
TRX001512,10,195.42,1954.2,CRT03151,PRD0162
TRX001513,2,97.82,195.64,CRT03404,PRD0172
TRX001514,4,252.15,1008.6,CRT02254,PRD0059
TRX001515,3,69.32,207.96,CRT02055,PRD0012
TRX001516,10,125.96,1259.6,CRT01754,PRD0015
TRX001517,4,75.69,302.76,CRT01832,PRD0077
TRX001518,6,68.6,411.6,CRT01323,PRD0052
TRX001519,8,51.02,408.16,CRT03242,PRD0022
TRX001520,6,86.2,517.2,CRT02270,PRD0036
TRX001521,4,68.6,274.4,CRT03048,PRD0052
TRX001522,9,111.48,1003.32,CRT01688,PRD0061
TRX001523,5,99.1,495.5,CRT01694,PRD0014
TRX001524,9,234.25,2108.25,CRT01330,PRD0103
TRX001525,2,85.64,171.28,CRT02341,PRD0123
TRX001526,2,241.37,482.74,CRT00227,PRD0187
TRX001527,2,260.19,520.38,CRT00787,PRD0001
TRX001528,6,331.95,1991.7,CRT00723,PRD0161
TRX001529,8,82.61,660.88,CRT00526,PRD0167
TRX001530,1,228.33,228.33,CRT02131,PRD0041
TRX001531,4,316.62,1266.48,CRT02551,PRD0082
TRX001532,5,114.48,572.4,CRT00419,PRD0107
TRX001533,8,197.06,1576.48,CRT00690,PRD0086
TRX001534,6,234.25,1405.5,CRT01746,PRD0103
TRX001535,7,327.59,2293.13,CRT01993,PRD0047
TRX001536,1,237.14,237.14,CRT02236,PRD0064
TRX001537,2,179.52,359.04,CRT00043,PRD0094
TRX001538,7,297.0,2079.0,CRT02612,PRD0009
TRX001539,5,103.06,515.3,CRT02867,PRD0013
TRX001540,3,178.11,534.33,CRT02757,PRD0004
TRX001541,7,164.79,1153.53,CRT03144,PRD0050
TRX001542,3,305.67,917.01,CRT02595,PRD0039
TRX001543,5,221.23,1106.15,CRT01273,PRD0177
TRX001544,6,339.13,2034.78,CRT00115,PRD0060
TRX001545,6,281.86,1691.16,CRT02193,PRD0188
TRX001546,5,267.28,1336.4,CRT03333,PRD0031
TRX001547,7,194.99,1364.93,CRT01776,PRD0043
TRX001548,3,4.55,13.65,CRT00951,PRD0129
TRX001549,1,103.06,103.06,CRT03366,PRD0013
TRX001550,3,162.15,486.4500000000001,CRT02964,PRD0010
TRX001551,2,30.96,61.92,CRT01883,PRD0139
TRX001552,4,208.25,833.0,CRT00279,PRD0147
TRX001553,6,181.62,1089.72,CRT02793,PRD0109
TRX001554,5,270.94,1354.7,CRT01564,PRD0148
TRX001555,7,301.22,2108.54,CRT01831,PRD0045
TRX001556,10,267.68,2676.8,CRT00857,PRD0197
TRX001557,3,87.81,263.43,CRT02791,PRD0156
TRX001558,3,143.73,431.19,CRT00640,PRD0056
TRX001559,4,99.1,396.4,CRT03278,PRD0014
TRX001560,10,301.82,3018.2,CRT03002,PRD0054
TRX001561,5,281.93,1409.65,CRT00800,PRD0116
TRX001562,1,196.2,196.2,CRT02511,PRD0117
TRX001563,8,302.95,2423.6,CRT00622,PRD0087
TRX001564,2,99.1,198.2,CRT03428,PRD0014
TRX001565,8,224.09,1792.72,CRT00931,PRD0122
TRX001566,4,291.12,1164.48,CRT00972,PRD0120
TRX001567,5,6.76,33.8,CRT02601,PRD0174
TRX001568,4,85.85,343.4,CRT02567,PRD0184
TRX001569,5,217.4,1087.0,CRT03212,PRD0180
TRX001570,7,288.19,2017.33,CRT03172,PRD0176
TRX001571,7,209.57,1466.99,CRT00464,PRD0027
TRX001572,1,349.75,349.75,CRT01060,PRD0055
TRX001573,10,223.09,2230.9,CRT00728,PRD0199
TRX001574,6,344.42,2066.52,CRT00854,PRD0112
TRX001575,5,51.02,255.1,CRT02666,PRD0022
TRX001576,8,292.23,2337.84,CRT01671,PRD0073
TRX001577,1,224.09,224.09,CRT00344,PRD0122
TRX001578,1,102.2,102.2,CRT03086,PRD0106
TRX001579,7,339.13,2373.91,CRT00179,PRD0060
TRX001580,1,74.71,74.71,CRT02766,PRD0183
TRX001581,4,302.86,1211.44,CRT00256,PRD0093
TRX001582,10,76.57,765.6999999999999,CRT01675,PRD0071
TRX001583,9,289.44,2604.96,CRT01547,PRD0155
TRX001584,2,121.08,242.16,CRT01667,PRD0151
TRX001585,1,248.8,248.8,CRT00350,PRD0099
TRX001586,8,156.17,1249.36,CRT02063,PRD0198
TRX001587,10,11.49,114.9,CRT02095,PRD0195
TRX001588,6,149.12,894.72,CRT01050,PRD0003
TRX001589,2,88.06,176.12,CRT00034,PRD0065
TRX001590,7,4.55,31.85,CRT01505,PRD0129
TRX001591,4,288.92,1155.68,CRT03168,PRD0191
TRX001592,6,301.5,1809.0,CRT02520,PRD0115
TRX001593,3,303.73,911.19,CRT01550,PRD0136
TRX001594,2,198.09,396.18,CRT02250,PRD0178
TRX001595,5,196.2,981.0,CRT02062,PRD0117
TRX001596,2,146.67,293.34,CRT02223,PRD0126
TRX001597,3,286.9,860.6999999999999,CRT02645,PRD0110
TRX001598,1,95.22,95.22,CRT03473,PRD0029
TRX001599,3,267.68,803.04,CRT00882,PRD0197
TRX001600,3,260.19,780.5699999999999,CRT01426,PRD0001
TRX001601,5,213.05,1065.25,CRT00948,PRD0144
TRX001602,2,142.41,284.82,CRT02209,PRD0051
TRX001603,8,153.58,1228.64,CRT01151,PRD0030
TRX001604,6,120.9,725.4000000000001,CRT01692,PRD0175
TRX001605,7,97.82,684.74,CRT00994,PRD0172
TRX001606,2,331.95,663.9,CRT02259,PRD0161
TRX001607,7,311.57,2180.99,CRT00925,PRD0194
TRX001608,9,76.57,689.1299999999999,CRT01863,PRD0071
TRX001609,1,114.48,114.48,CRT01194,PRD0107
TRX001610,10,11.49,114.9,CRT02373,PRD0195
TRX001611,6,301.62,1809.72,CRT01761,PRD0028
TRX001612,7,200.26,1401.82,CRT02191,PRD0105
TRX001613,5,85.64,428.2,CRT00391,PRD0123
TRX001614,2,120.9,241.8,CRT02649,PRD0175
TRX001615,9,179.52,1615.68,CRT00638,PRD0094
TRX001616,6,259.17,1555.02,CRT00023,PRD0169
TRX001617,5,267.28,1336.4,CRT03127,PRD0031
TRX001618,2,234.97,469.94,CRT01784,PRD0046
TRX001619,4,310.43,1241.72,CRT01736,PRD0113
TRX001620,4,57.82,231.28,CRT00626,PRD0089
TRX001621,4,10.72,42.88,CRT02662,PRD0092
TRX001622,7,275.33,1927.31,CRT02356,PRD0058
TRX001623,7,64.83,453.81,CRT00331,PRD0088
TRX001624,6,292.23,1753.38,CRT03018,PRD0073
TRX001625,1,229.76,229.76,CRT01199,PRD0074
TRX001626,3,23.22,69.66,CRT02405,PRD0190
TRX001627,9,153.95,1385.55,CRT02879,PRD0132
TRX001628,6,99.1,594.5999999999999,CRT00678,PRD0014
TRX001629,10,217.4,2174.0,CRT00381,PRD0180
TRX001630,2,270.94,541.88,CRT00812,PRD0148
TRX001631,6,223.09,1338.54,CRT01076,PRD0199
TRX001632,7,308.17,2157.19,CRT01069,PRD0138
TRX001633,6,40.06,240.36,CRT02683,PRD0145
TRX001634,9,228.33,2054.9700000000003,CRT01652,PRD0041
TRX001635,2,26.82,53.64,CRT02397,PRD0101
TRX001636,8,121.08,968.64,CRT03247,PRD0151
TRX001637,10,238.97,2389.7,CRT00737,PRD0026
TRX001638,2,224.09,448.18,CRT02352,PRD0122
TRX001639,6,12.47,74.82000000000001,CRT01134,PRD0158
TRX001640,8,46.73,373.84,CRT00672,PRD0104
TRX001641,9,342.98,3086.82,CRT01387,PRD0080
TRX001642,3,234.25,702.75,CRT00602,PRD0103
TRX001643,10,281.86,2818.6000000000004,CRT00553,PRD0188
TRX001644,1,51.02,51.02,CRT02320,PRD0022
TRX001645,6,239.52,1437.12,CRT01140,PRD0085
TRX001646,3,36.18,108.54,CRT01808,PRD0049
TRX001647,5,283.35,1416.75,CRT01659,PRD0154
TRX001648,10,115.14,1151.4,CRT02084,PRD0034
TRX001649,3,196.43,589.29,CRT01460,PRD0179
TRX001650,3,149.36,448.08,CRT02543,PRD0007
TRX001651,2,4.55,9.1,CRT00801,PRD0129
TRX001652,10,40.06,400.6,CRT00920,PRD0145
TRX001653,2,260.49,520.98,CRT03271,PRD0076
TRX001654,2,54.91,109.82,CRT02921,PRD0125
TRX001655,5,143.73,718.65,CRT01298,PRD0056
TRX001656,3,10.72,32.160000000000004,CRT01072,PRD0092
TRX001657,10,260.65,2606.5,CRT02544,PRD0168
TRX001658,10,252.15,2521.5,CRT02903,PRD0059
TRX001659,10,46.73,467.3,CRT01104,PRD0104
TRX001660,5,75.82,379.1,CRT01079,PRD0020
TRX001661,9,267.68,2409.12,CRT01972,PRD0197
TRX001662,2,305.67,611.34,CRT02670,PRD0039
TRX001663,5,260.19,1300.95,CRT00020,PRD0001
TRX001664,2,151.12,302.24,CRT03290,PRD0081
TRX001665,5,259.17,1295.85,CRT00194,PRD0169
TRX001666,1,194.99,194.99,CRT01431,PRD0043
TRX001667,2,311.57,623.14,CRT02261,PRD0194
TRX001668,4,74.71,298.84,CRT00490,PRD0183
TRX001669,9,115.19,1036.71,CRT01600,PRD0018
TRX001670,6,13.65,81.9,CRT00960,PRD0019
TRX001671,7,278.04,1946.28,CRT02865,PRD0163
TRX001672,10,144.46,1444.6,CRT00708,PRD0185
TRX001673,10,246.16,2461.6,CRT02318,PRD0160
TRX001674,4,13.65,54.6,CRT00896,PRD0019
TRX001675,10,181.62,1816.2,CRT02914,PRD0109
TRX001676,2,153.58,307.16,CRT00083,PRD0030
TRX001677,5,87.81,439.05,CRT01497,PRD0156
TRX001678,3,198.09,594.27,CRT01339,PRD0178
TRX001679,7,194.83,1363.8100000000002,CRT01954,PRD0165
TRX001680,6,194.83,1168.98,CRT02587,PRD0165
TRX001681,3,310.43,931.29,CRT02792,PRD0113
TRX001682,1,194.5,194.5,CRT02162,PRD0083
TRX001683,2,286.9,573.8,CRT01541,PRD0110
TRX001684,3,260.65,781.9499999999999,CRT00959,PRD0168
TRX001685,1,241.37,241.37,CRT00261,PRD0187
TRX001686,2,13.84,27.68,CRT00562,PRD0186
TRX001687,8,275.16,2201.28,CRT02530,PRD0048
TRX001688,5,302.86,1514.3000000000002,CRT03296,PRD0093
TRX001689,1,95.22,95.22,CRT02076,PRD0029
TRX001690,3,212.13,636.39,CRT03333,PRD0131
TRX001691,1,78.71,78.71,CRT03314,PRD0024
TRX001692,10,54.91,549.0999999999999,CRT02735,PRD0125
TRX001693,9,23.22,208.98,CRT01366,PRD0190
TRX001694,5,207.27,1036.35,CRT03360,PRD0006
TRX001695,5,267.28,1336.4,CRT02473,PRD0031
TRX001696,7,344.9,2414.3,CRT00875,PRD0035
TRX001697,10,42.58,425.8,CRT03455,PRD0095
TRX001698,9,124.75,1122.75,CRT02052,PRD0166
TRX001699,9,69.32,623.8799999999999,CRT00208,PRD0012
TRX001700,9,55.45,499.05,CRT00197,PRD0142
TRX001701,7,246.16,1723.12,CRT01200,PRD0160
TRX001702,7,349.85,2448.9500000000003,CRT01883,PRD0196
TRX001703,6,237.14,1422.84,CRT01534,PRD0064
TRX001704,10,349.75,3497.5,CRT00995,PRD0055
TRX001705,5,246.16,1230.8,CRT01652,PRD0160
TRX001706,9,181.62,1634.58,CRT03083,PRD0109
TRX001707,2,9.29,18.58,CRT00259,PRD0128
TRX001708,9,69.32,623.8799999999999,CRT03421,PRD0012
TRX001709,3,198.09,594.27,CRT02564,PRD0178
TRX001710,8,59.71,477.68,CRT02886,PRD0057
TRX001711,3,179.52,538.5600000000001,CRT03059,PRD0094
TRX001712,10,15.96,159.60000000000002,CRT02065,PRD0090
TRX001713,2,88.06,176.12,CRT02010,PRD0065
TRX001714,4,68.6,274.4,CRT01967,PRD0052
TRX001715,7,146.67,1026.6899999999998,CRT01534,PRD0126
TRX001716,8,15.96,127.68,CRT01148,PRD0090
TRX001717,6,252.5,1515.0,CRT01914,PRD0100
TRX001718,10,30.34,303.4,CRT02313,PRD0063
TRX001719,2,332.64,665.28,CRT01949,PRD0119
TRX001720,7,223.15,1562.05,CRT02861,PRD0016
TRX001721,5,242.9,1214.5,CRT02414,PRD0164
TRX001722,5,330.57,1652.85,CRT00492,PRD0173
TRX001723,10,181.62,1816.2,CRT02695,PRD0109
TRX001724,2,308.17,616.34,CRT03048,PRD0138
TRX001725,6,259.17,1555.02,CRT02448,PRD0169
TRX001726,4,151.36,605.44,CRT02587,PRD0150
TRX001727,3,302.86,908.58,CRT03351,PRD0093
TRX001728,2,99.1,198.2,CRT01265,PRD0014
TRX001729,9,196.2,1765.8,CRT02705,PRD0117
TRX001730,1,88.06,88.06,CRT02616,PRD0065
TRX001731,2,301.87,603.74,CRT00752,PRD0121
TRX001732,2,344.42,688.84,CRT01125,PRD0112
TRX001733,4,111.48,445.92,CRT00797,PRD0061
TRX001734,1,233.03,233.03,CRT01268,PRD0102
TRX001735,9,224.09,2016.81,CRT00697,PRD0122
TRX001736,6,331.85,1991.1,CRT03401,PRD0143
TRX001737,3,98.65,295.95000000000005,CRT00907,PRD0079
TRX001738,4,151.12,604.48,CRT02113,PRD0081
TRX001739,2,286.9,573.8,CRT03265,PRD0110
TRX001740,6,233.03,1398.18,CRT00491,PRD0102
TRX001741,7,282.78,1979.46,CRT02248,PRD0111
TRX001742,9,57.82,520.38,CRT01496,PRD0089
TRX001743,3,88.65,265.95000000000005,CRT02822,PRD0042
TRX001744,4,228.33,913.32,CRT02794,PRD0005
TRX001745,5,224.53,1122.65,CRT02911,PRD0032
TRX001746,3,178.11,534.33,CRT00212,PRD0004
TRX001747,9,15.79,142.11,CRT03464,PRD0096
TRX001748,5,223.15,1115.75,CRT01308,PRD0016
TRX001749,1,275.16,275.16,CRT01981,PRD0048
TRX001750,3,342.98,1028.94,CRT03485,PRD0080
TRX001751,3,51.02,153.06,CRT03360,PRD0022
TRX001752,5,262.09,1310.4499999999998,CRT03056,PRD0023
TRX001753,7,24.14,168.98000000000002,CRT01145,PRD0127
TRX001754,3,343.3,1029.9,CRT01886,PRD0134
TRX001755,7,207.27,1450.89,CRT00990,PRD0006
TRX001756,8,100.84,806.72,CRT01169,PRD0170
TRX001757,2,270.94,541.88,CRT00235,PRD0148
TRX001758,4,286.9,1147.6,CRT00265,PRD0110
TRX001759,3,195.42,586.26,CRT00323,PRD0162
TRX001760,1,75.82,75.82,CRT01955,PRD0020
TRX001761,3,13.84,41.52,CRT00394,PRD0186
TRX001762,6,312.35,1874.1,CRT00554,PRD0130
TRX001763,4,181.62,726.48,CRT01798,PRD0109
TRX001764,5,4.55,22.75,CRT02981,PRD0129
TRX001765,3,100.84,302.52,CRT02009,PRD0170
TRX001766,4,263.29,1053.16,CRT01640,PRD0157
TRX001767,9,75.82,682.3799999999999,CRT02276,PRD0020
TRX001768,7,283.35,1983.4500000000005,CRT00669,PRD0154
TRX001769,8,242.9,1943.2,CRT00256,PRD0164
TRX001770,1,207.27,207.27,CRT02394,PRD0006
TRX001771,8,124.75,998.0,CRT02863,PRD0166
TRX001772,8,38.12,304.96,CRT01631,PRD0002
TRX001773,7,151.12,1057.84,CRT03113,PRD0081
TRX001774,1,213.05,213.05,CRT03481,PRD0144
TRX001775,5,100.84,504.2000000000001,CRT00533,PRD0170
TRX001776,3,291.12,873.36,CRT01157,PRD0120
TRX001777,10,120.9,1209.0,CRT00636,PRD0175
TRX001778,4,162.15,648.6,CRT02014,PRD0010
TRX001779,10,163.96,1639.6,CRT01590,PRD0118
TRX001780,9,248.47,2236.23,CRT02734,PRD0044
TRX001781,8,87.81,702.48,CRT02589,PRD0156
TRX001782,7,163.96,1147.72,CRT03320,PRD0118
TRX001783,7,95.22,666.54,CRT03113,PRD0029
TRX001784,8,282.78,2262.24,CRT01406,PRD0111
TRX001785,5,196.43,982.15,CRT01029,PRD0179
TRX001786,1,301.22,301.22,CRT02183,PRD0045
TRX001787,9,200.1,1800.9,CRT01365,PRD0182
TRX001788,8,234.25,1874.0,CRT00030,PRD0103
TRX001789,8,13.84,110.72,CRT01129,PRD0186
TRX001790,3,64.83,194.49,CRT00527,PRD0088
TRX001791,2,111.48,222.96,CRT02995,PRD0061
TRX001792,1,318.21,318.21,CRT02046,PRD0181
TRX001793,8,144.46,1155.68,CRT02688,PRD0185
TRX001794,6,36.18,217.08,CRT01864,PRD0049
TRX001795,3,237.14,711.42,CRT02288,PRD0064
TRX001796,5,239.52,1197.6,CRT00702,PRD0085
TRX001797,1,148.18,148.18,CRT02876,PRD0066
TRX001798,1,234.25,234.25,CRT03239,PRD0103
TRX001799,4,194.5,778.0,CRT03127,PRD0083
TRX001800,4,46.73,186.92,CRT02503,PRD0104
TRX001801,1,318.04,318.04,CRT02019,PRD0146
TRX001802,6,234.97,1409.82,CRT00661,PRD0046
TRX001803,2,11.49,22.98,CRT00519,PRD0195
TRX001804,1,140.04,140.04,CRT01080,PRD0068
TRX001805,10,30.96,309.6,CRT00354,PRD0139
TRX001806,8,149.12,1192.96,CRT01867,PRD0003
TRX001807,3,136.36,409.08,CRT03306,PRD0098
TRX001808,5,275.16,1375.8000000000002,CRT00139,PRD0048
TRX001809,8,175.98,1407.84,CRT00446,PRD0021
TRX001810,3,344.9,1034.6999999999998,CRT01220,PRD0035
TRX001811,6,195.42,1172.52,CRT00243,PRD0162
TRX001812,5,217.4,1087.0,CRT03047,PRD0180
TRX001813,3,248.47,745.41,CRT03250,PRD0044
TRX001814,7,88.06,616.4200000000001,CRT02304,PRD0065
TRX001815,6,112.37,674.22,CRT00706,PRD0069
TRX001816,5,297.0,1485.0,CRT00572,PRD0009
TRX001817,2,259.17,518.34,CRT03469,PRD0169
TRX001818,7,237.14,1659.98,CRT00816,PRD0064
TRX001819,9,303.73,2733.57,CRT03220,PRD0136
TRX001820,10,149.36,1493.6,CRT02704,PRD0007
TRX001821,4,238.97,955.88,CRT00096,PRD0026
TRX001822,10,13.65,136.5,CRT03072,PRD0019
TRX001823,3,15.79,47.37,CRT03306,PRD0096
TRX001824,8,301.87,2414.96,CRT00431,PRD0121
TRX001825,7,288.19,2017.33,CRT03319,PRD0176
TRX001826,4,301.22,1204.88,CRT00089,PRD0045
TRX001827,10,349.75,3497.5,CRT03037,PRD0055
TRX001828,9,194.83,1753.47,CRT02990,PRD0165
TRX001829,6,99.29,595.74,CRT00731,PRD0053
TRX001830,3,30.34,91.02,CRT00173,PRD0063
TRX001831,4,267.68,1070.72,CRT01535,PRD0197
TRX001832,9,166.93,1502.37,CRT00696,PRD0108
TRX001833,2,175.98,351.96,CRT02699,PRD0021
TRX001834,9,223.15,2008.35,CRT02066,PRD0016
TRX001835,3,103.06,309.18,CRT00437,PRD0013
TRX001836,9,198.09,1782.81,CRT03393,PRD0178
TRX001837,10,288.92,2889.2000000000003,CRT01774,PRD0191
TRX001838,4,212.13,848.52,CRT02025,PRD0131
TRX001839,7,13.28,92.96,CRT01808,PRD0141
TRX001840,4,121.08,484.32,CRT00571,PRD0151
TRX001841,3,281.86,845.58,CRT00734,PRD0188
TRX001842,8,349.85,2798.8,CRT03293,PRD0196
TRX001843,9,125.8,1132.2,CRT02593,PRD0159
TRX001844,7,127.91,895.37,CRT01255,PRD0171
TRX001845,9,256.15,2305.35,CRT03484,PRD0040
TRX001846,1,166.93,166.93,CRT01453,PRD0108
TRX001847,8,57.82,462.56,CRT00737,PRD0089
TRX001848,1,88.06,88.06,CRT00318,PRD0065
TRX001849,5,121.08,605.4,CRT01775,PRD0151
TRX001850,3,242.9,728.7,CRT01673,PRD0164
TRX001851,4,87.81,351.24,CRT01781,PRD0156
TRX001852,6,301.87,1811.22,CRT03308,PRD0121
TRX001853,8,344.39,2755.12,CRT00057,PRD0149
TRX001854,4,196.2,784.8,CRT01331,PRD0117
TRX001855,2,64.83,129.66,CRT01471,PRD0088
TRX001856,9,120.9,1088.1,CRT03366,PRD0175
TRX001857,10,96.92,969.2,CRT00351,PRD0124
TRX001858,10,166.93,1669.3000000000002,CRT01262,PRD0108
TRX001859,6,120.9,725.4000000000001,CRT01085,PRD0175
TRX001860,10,95.22,952.2,CRT00229,PRD0029
TRX001861,4,9.29,37.16,CRT03311,PRD0128
TRX001862,2,111.48,222.96,CRT02283,PRD0061
TRX001863,2,87.81,175.62,CRT00803,PRD0156
TRX001864,7,301.82,2112.74,CRT02455,PRD0054
TRX001865,10,197.06,1970.6,CRT02277,PRD0086
TRX001866,10,252.15,2521.5,CRT02836,PRD0059
TRX001867,3,194.5,583.5,CRT03066,PRD0083
TRX001868,2,42.58,85.16,CRT00056,PRD0095
TRX001869,4,278.04,1112.16,CRT03375,PRD0163
TRX001870,6,228.33,1369.98,CRT02554,PRD0005
TRX001871,4,63.71,254.84,CRT03141,PRD0153
TRX001872,5,327.59,1637.9499999999998,CRT00159,PRD0047
TRX001873,8,289.44,2315.52,CRT02966,PRD0155
TRX001874,1,318.04,318.04,CRT00621,PRD0146
TRX001875,6,197.06,1182.36,CRT00033,PRD0086
TRX001876,1,339.13,339.13,CRT01816,PRD0060
TRX001877,8,228.33,1826.64,CRT00491,PRD0005
TRX001878,1,302.95,302.95,CRT01645,PRD0087
TRX001879,8,281.86,2254.88,CRT00137,PRD0188
TRX001880,8,85.64,685.12,CRT02087,PRD0123
TRX001881,6,15.79,94.74,CRT00735,PRD0096
TRX001882,1,336.37,336.37,CRT02590,PRD0152
TRX001883,9,233.03,2097.27,CRT01026,PRD0102
TRX001884,9,88.65,797.85,CRT02162,PRD0042
TRX001885,5,78.71,393.55,CRT02882,PRD0024
TRX001886,10,196.2,1962.0,CRT01468,PRD0117
TRX001887,5,252.5,1262.5,CRT00612,PRD0100
TRX001888,10,321.66,3216.6000000000004,CRT01816,PRD0091
TRX001889,10,85.85,858.5,CRT00530,PRD0184
TRX001890,10,301.87,3018.7,CRT02833,PRD0121
TRX001891,7,13.28,92.96,CRT02341,PRD0141
TRX001892,4,153.58,614.32,CRT01278,PRD0030
TRX001893,6,64.83,388.98,CRT03238,PRD0088
TRX001894,8,175.98,1407.84,CRT02753,PRD0021
TRX001895,7,98.65,690.5500000000001,CRT00105,PRD0079
TRX001896,9,344.42,3099.78,CRT00715,PRD0112
TRX001897,7,344.39,2410.73,CRT01413,PRD0149
TRX001898,7,331.85,2322.9500000000003,CRT01307,PRD0143
TRX001899,3,301.62,904.86,CRT02945,PRD0028
TRX001900,2,124.75,249.5,CRT02177,PRD0166
TRX001901,4,327.31,1309.24,CRT00100,PRD0067
TRX001902,9,229.76,2067.84,CRT00091,PRD0074
TRX001903,1,55.45,55.45,CRT00100,PRD0142
TRX001904,6,111.48,668.88,CRT01647,PRD0061
TRX001905,10,267.47,2674.7000000000003,CRT02573,PRD0033
TRX001906,6,194.83,1168.98,CRT00506,PRD0165
TRX001907,2,234.97,469.94,CRT01427,PRD0046
TRX001908,10,111.48,1114.8,CRT01889,PRD0061
TRX001909,5,260.49,1302.45,CRT02669,PRD0076
TRX001910,9,223.09,2007.81,CRT02529,PRD0199
TRX001911,5,38.5,192.5,CRT00595,PRD0075
TRX001912,6,286.9,1721.4,CRT00351,PRD0110
TRX001913,5,146.67,733.3499999999999,CRT01221,PRD0126
TRX001914,3,142.41,427.23,CRT00780,PRD0051
TRX001915,3,164.79,494.37,CRT01470,PRD0050
TRX001916,6,302.95,1817.7,CRT00233,PRD0087
TRX001917,10,172.26,1722.6,CRT03391,PRD0078
TRX001918,6,23.22,139.32,CRT01626,PRD0190
TRX001919,6,74.71,448.26,CRT01453,PRD0183
TRX001920,2,339.13,678.26,CRT03144,PRD0060
TRX001921,4,125.8,503.2,CRT01542,PRD0159
TRX001922,4,100.84,403.36,CRT03000,PRD0170
TRX001923,1,55.45,55.45,CRT02833,PRD0142
TRX001924,6,172.26,1033.56,CRT00003,PRD0078
TRX001925,10,318.04,3180.4,CRT01667,PRD0146
TRX001926,2,218.35,436.7,CRT03149,PRD0070
TRX001927,6,24.14,144.84,CRT00900,PRD0127
TRX001928,5,308.05,1540.25,CRT01131,PRD0072
TRX001929,2,59.71,119.42,CRT01890,PRD0057
TRX001930,10,134.36,1343.6,CRT03350,PRD0017
TRX001931,7,146.67,1026.6899999999998,CRT02340,PRD0126
TRX001932,4,301.82,1207.28,CRT00338,PRD0054
TRX001933,6,241.37,1448.22,CRT01725,PRD0187
TRX001934,2,13.84,27.68,CRT02909,PRD0186
TRX001935,2,262.09,524.18,CRT02000,PRD0023
TRX001936,1,103.06,103.06,CRT00441,PRD0013
TRX001937,10,260.19,2601.9,CRT01802,PRD0001
TRX001938,7,149.12,1043.84,CRT02820,PRD0003
TRX001939,8,267.47,2139.76,CRT00500,PRD0033
TRX001940,5,115.14,575.7,CRT02308,PRD0034
TRX001941,6,234.25,1405.5,CRT02602,PRD0103
TRX001942,2,13.65,27.3,CRT02511,PRD0019
TRX001943,4,310.43,1241.72,CRT00989,PRD0113
TRX001944,7,125.96,881.7199999999999,CRT02153,PRD0015
TRX001945,4,82.61,330.44,CRT00875,PRD0167
TRX001946,7,275.33,1927.31,CRT00878,PRD0058
TRX001947,6,144.4,866.4000000000001,CRT02556,PRD0200
TRX001948,10,234.97,2349.7,CRT01054,PRD0046
TRX001949,1,63.71,63.71,CRT02487,PRD0153
TRX001950,6,260.65,1563.9,CRT01618,PRD0168
TRX001951,1,343.3,343.3,CRT02068,PRD0134
TRX001952,5,172.26,861.3,CRT01810,PRD0078
TRX001953,2,198.09,396.18,CRT03457,PRD0178
TRX001954,8,55.45,443.6,CRT00934,PRD0142
TRX001955,4,68.6,274.4,CRT03149,PRD0052
TRX001956,8,310.43,2483.44,CRT01148,PRD0113
TRX001957,3,30.96,92.88,CRT01312,PRD0139
TRX001958,3,278.04,834.1200000000001,CRT00509,PRD0163
TRX001959,4,275.33,1101.32,CRT02578,PRD0058
TRX001960,5,270.94,1354.7,CRT02978,PRD0148
TRX001961,3,238.97,716.91,CRT02618,PRD0026
TRX001962,7,278.04,1946.28,CRT02800,PRD0163
TRX001963,8,97.82,782.56,CRT02212,PRD0172
TRX001964,9,166.93,1502.37,CRT02780,PRD0108
TRX001965,8,275.33,2202.64,CRT03429,PRD0058
TRX001966,1,9.29,9.29,CRT00051,PRD0128
TRX001967,4,36.18,144.72,CRT02222,PRD0049
TRX001968,3,228.33,684.99,CRT02924,PRD0041
TRX001969,4,241.37,965.48,CRT00833,PRD0187
TRX001970,9,278.04,2502.36,CRT01389,PRD0163
TRX001971,2,239.52,479.04,CRT00041,PRD0085
TRX001972,3,127.91,383.73,CRT01683,PRD0171
TRX001973,9,218.35,1965.15,CRT03002,PRD0070
TRX001974,2,241.37,482.74,CRT00658,PRD0187
TRX001975,8,207.27,1658.16,CRT03044,PRD0006
TRX001976,2,318.04,636.08,CRT03398,PRD0146
TRX001977,9,163.96,1475.64,CRT01420,PRD0118
TRX001978,10,55.45,554.5,CRT03475,PRD0142
TRX001979,10,231.76,2317.6,CRT01587,PRD0038
TRX001980,4,344.42,1377.68,CRT00920,PRD0112
TRX001981,6,231.76,1390.56,CRT01540,PRD0038
TRX001982,5,260.49,1302.45,CRT02608,PRD0076
TRX001983,8,10.72,85.76,CRT02295,PRD0092
TRX001984,6,291.12,1746.72,CRT01801,PRD0120
TRX001985,3,260.49,781.47,CRT01181,PRD0076
TRX001986,2,129.22,258.44,CRT03489,PRD0084
TRX001987,2,64.83,129.66,CRT00653,PRD0088
TRX001988,3,223.15,669.45,CRT01194,PRD0016
TRX001989,8,301.62,2412.96,CRT03052,PRD0028
TRX001990,6,30.34,182.04,CRT02703,PRD0063
TRX001991,10,98.65,986.5,CRT01598,PRD0079
TRX001992,7,36.18,253.26,CRT00338,PRD0049
TRX001993,4,344.9,1379.6,CRT02997,PRD0035
TRX001994,8,288.92,2311.36,CRT02672,PRD0191
TRX001995,4,149.36,597.44,CRT00921,PRD0007
TRX001996,2,125.8,251.6,CRT02737,PRD0159
TRX001997,2,260.65,521.3,CRT01493,PRD0168
TRX001998,5,209.57,1047.85,CRT00089,PRD0027
TRX001999,10,80.42,804.2,CRT01902,PRD0140
TRX002000,4,301.22,1204.88,CRT00332,PRD0045
TRX002001,4,85.64,342.56,CRT03413,PRD0123
TRX002002,2,181.62,363.24,CRT02906,PRD0109
TRX002003,1,125.96,125.96,CRT00421,PRD0015
TRX002004,9,156.17,1405.53,CRT02495,PRD0198
TRX002005,9,318.04,2862.36,CRT00443,PRD0146
TRX002006,7,11.49,80.43,CRT01217,PRD0195
TRX002007,3,282.78,848.3399999999999,CRT01584,PRD0111
TRX002008,4,196.43,785.72,CRT01937,PRD0179
TRX002009,1,136.36,136.36,CRT03289,PRD0098
TRX002010,7,96.92,678.44,CRT03383,PRD0124
TRX002011,6,178.11,1068.66,CRT03401,PRD0004
TRX002012,10,42.58,425.8,CRT00640,PRD0095
TRX002013,5,321.66,1608.3000000000002,CRT02871,PRD0091
TRX002014,1,125.96,125.96,CRT03100,PRD0015
TRX002015,1,153.58,153.58,CRT01789,PRD0030
TRX002016,4,111.48,445.92,CRT00496,PRD0061
TRX002017,9,278.04,2502.36,CRT02383,PRD0163
TRX002018,2,265.13,530.26,CRT02716,PRD0025
TRX002019,9,252.15,2269.35,CRT00696,PRD0059
TRX002020,1,96.92,96.92,CRT02607,PRD0124
TRX002021,4,194.99,779.96,CRT01840,PRD0043
TRX002022,7,87.81,614.6700000000001,CRT02730,PRD0156
TRX002023,5,76.57,382.85,CRT01971,PRD0071
TRX002024,9,10.72,96.48,CRT01857,PRD0092
TRX002025,6,127.91,767.46,CRT00165,PRD0171
TRX002026,2,200.1,400.2,CRT01867,PRD0182
TRX002027,1,302.95,302.95,CRT01889,PRD0087
TRX002028,1,321.99,321.99,CRT02428,PRD0062
TRX002029,3,6.76,20.28,CRT03491,PRD0174
TRX002030,2,260.49,520.98,CRT00584,PRD0076
TRX002031,9,104.38,939.42,CRT00556,PRD0011
TRX002032,3,286.9,860.6999999999999,CRT02382,PRD0110
TRX002033,5,164.79,823.9499999999999,CRT02223,PRD0050
TRX002034,2,121.08,242.16,CRT03007,PRD0151
TRX002035,5,260.49,1302.45,CRT00792,PRD0076
TRX002036,1,99.1,99.1,CRT03258,PRD0014
TRX002037,9,196.2,1765.8,CRT02507,PRD0117
TRX002038,2,121.08,242.16,CRT01893,PRD0151
TRX002039,8,270.94,2167.52,CRT03343,PRD0148
TRX002040,1,4.55,4.55,CRT01485,PRD0129
TRX002041,3,196.43,589.29,CRT00708,PRD0179
TRX002042,9,24.14,217.26,CRT00172,PRD0127
TRX002043,5,308.05,1540.25,CRT03393,PRD0072
TRX002044,7,336.37,2354.59,CRT01404,PRD0152
TRX002045,2,9.29,18.58,CRT01365,PRD0128
TRX002046,7,136.36,954.52,CRT01827,PRD0098
TRX002047,9,64.83,583.47,CRT01475,PRD0088
TRX002048,8,127.91,1023.28,CRT01668,PRD0171
TRX002049,9,99.29,893.61,CRT01127,PRD0053
TRX002050,8,13.65,109.2,CRT02526,PRD0019
TRX002051,4,224.09,896.36,CRT01050,PRD0122
TRX002052,3,207.27,621.8100000000001,CRT00263,PRD0006
TRX002053,2,13.84,27.68,CRT02480,PRD0186
TRX002054,5,311.57,1557.85,CRT02339,PRD0194
TRX002055,10,85.85,858.5,CRT00731,PRD0184
TRX002056,10,286.9,2869.0,CRT02568,PRD0110
TRX002057,10,260.19,2601.9,CRT02079,PRD0001
TRX002058,8,86.2,689.6,CRT00234,PRD0036
TRX002059,1,331.95,331.95,CRT02644,PRD0161
TRX002060,4,112.37,449.48,CRT00492,PRD0069
TRX002061,3,318.04,954.12,CRT01684,PRD0146
TRX002062,1,349.85,349.85,CRT00561,PRD0196
TRX002063,5,82.61,413.05,CRT03403,PRD0167
TRX002064,4,263.29,1053.16,CRT03418,PRD0157
TRX002065,5,349.75,1748.75,CRT03425,PRD0055
TRX002066,8,275.33,2202.64,CRT01370,PRD0058
TRX002067,5,116.26,581.3000000000001,CRT00559,PRD0137
TRX002068,4,288.19,1152.76,CRT01467,PRD0176
TRX002069,4,342.98,1371.92,CRT02070,PRD0080
TRX002070,5,95.22,476.1,CRT00871,PRD0029
TRX002071,5,114.48,572.4,CRT01227,PRD0107
TRX002072,3,166.93,500.79,CRT00793,PRD0108
TRX002073,2,301.5,603.0,CRT03322,PRD0115
TRX002074,1,111.48,111.48,CRT00492,PRD0061
TRX002075,7,336.37,2354.59,CRT01406,PRD0152
TRX002076,6,241.82,1450.92,CRT02541,PRD0192
TRX002077,2,99.1,198.2,CRT02051,PRD0014
TRX002078,1,13.84,13.84,CRT02354,PRD0186
TRX002079,1,143.73,143.73,CRT00721,PRD0056
TRX002080,5,208.25,1041.25,CRT00499,PRD0147
TRX002081,7,80.42,562.94,CRT00965,PRD0140
TRX002082,1,38.5,38.5,CRT01147,PRD0075
TRX002083,2,275.78,551.56,CRT02229,PRD0097
TRX002084,1,196.2,196.2,CRT01823,PRD0117
TRX002085,5,256.15,1280.75,CRT01835,PRD0040
TRX002086,2,308.05,616.1,CRT02701,PRD0072
TRX002087,4,262.09,1048.36,CRT02095,PRD0023
TRX002088,2,80.42,160.84,CRT00813,PRD0140
TRX002089,4,163.96,655.84,CRT01534,PRD0118
TRX002090,6,102.2,613.2,CRT02878,PRD0106
TRX002091,6,179.52,1077.12,CRT01895,PRD0094
TRX002092,6,194.83,1168.98,CRT02136,PRD0165
TRX002093,8,194.99,1559.92,CRT00538,PRD0043
TRX002094,10,209.57,2095.7,CRT03081,PRD0027
TRX002095,5,308.17,1540.85,CRT02640,PRD0138
TRX002096,3,275.33,825.99,CRT02521,PRD0058
TRX002097,1,196.2,196.2,CRT03064,PRD0117
TRX002098,8,275.33,2202.64,CRT03324,PRD0058
TRX002099,3,57.82,173.46,CRT00144,PRD0089
TRX002100,3,212.13,636.39,CRT02933,PRD0131
TRX002101,4,239.52,958.08,CRT00895,PRD0085
TRX002102,10,234.25,2342.5,CRT02195,PRD0103
TRX002103,6,104.38,626.28,CRT01491,PRD0011
TRX002104,7,102.2,715.4,CRT00590,PRD0106
TRX002105,8,38.5,308.0,CRT02485,PRD0075
TRX002106,3,104.38,313.14,CRT03030,PRD0011
TRX002107,2,75.82,151.64,CRT01706,PRD0020
TRX002108,8,80.42,643.36,CRT01019,PRD0140
TRX002109,7,275.78,1930.46,CRT01830,PRD0097
TRX002110,2,36.18,72.36,CRT00311,PRD0049
TRX002111,9,30.34,273.06,CRT02562,PRD0063
TRX002112,10,196.2,1962.0,CRT03360,PRD0117
TRX002113,9,88.06,792.54,CRT03028,PRD0065
TRX002114,10,281.86,2818.6000000000004,CRT00845,PRD0188
TRX002115,9,142.41,1281.69,CRT02975,PRD0051
TRX002116,8,302.95,2423.6,CRT01731,PRD0087
TRX002117,9,114.48,1030.32,CRT02456,PRD0107
TRX002118,8,344.9,2759.2,CRT01514,PRD0035
TRX002119,8,175.98,1407.84,CRT00199,PRD0021
TRX002120,7,331.95,2323.65,CRT00369,PRD0161
TRX002121,8,136.36,1090.88,CRT02695,PRD0098
TRX002122,8,286.9,2295.2,CRT02949,PRD0110
TRX002123,6,286.9,1721.4,CRT02564,PRD0110
TRX002124,2,75.82,151.64,CRT03167,PRD0020
TRX002125,4,96.92,387.68,CRT02241,PRD0124
TRX002126,9,316.62,2849.58,CRT01151,PRD0082
TRX002127,8,200.26,1602.08,CRT02335,PRD0105
TRX002128,8,239.52,1916.16,CRT00880,PRD0085
TRX002129,2,238.97,477.94,CRT01249,PRD0026
TRX002130,3,63.71,191.13,CRT00046,PRD0153
TRX002131,4,260.65,1042.6,CRT02496,PRD0168
TRX002132,10,316.62,3166.2,CRT01700,PRD0082
TRX002133,9,286.9,2582.1,CRT02051,PRD0110
TRX002134,2,260.65,521.3,CRT00775,PRD0168
TRX002135,9,95.22,856.98,CRT01519,PRD0029
TRX002136,10,197.06,1970.6,CRT00931,PRD0086
TRX002137,4,281.93,1127.72,CRT03491,PRD0116
TRX002138,10,256.15,2561.5,CRT02892,PRD0040
TRX002139,8,144.46,1155.68,CRT01708,PRD0185
TRX002140,3,40.06,120.18,CRT02124,PRD0145
TRX002141,1,38.5,38.5,CRT01980,PRD0075
TRX002142,5,99.29,496.4500000000001,CRT02124,PRD0053
TRX002143,9,55.45,499.05,CRT03047,PRD0142
TRX002144,8,256.15,2049.2,CRT02337,PRD0040
TRX002145,4,151.12,604.48,CRT00148,PRD0081
TRX002146,1,104.38,104.38,CRT00378,PRD0011
TRX002147,5,256.15,1280.75,CRT02934,PRD0040
TRX002148,6,231.76,1390.56,CRT02250,PRD0038
TRX002149,2,26.82,53.64,CRT00346,PRD0101
TRX002150,10,120.9,1209.0,CRT00333,PRD0175
TRX002151,5,349.85,1749.25,CRT03384,PRD0196
TRX002152,6,30.96,185.76,CRT00836,PRD0139
TRX002153,6,140.04,840.24,CRT02031,PRD0068
TRX002154,9,80.42,723.78,CRT02483,PRD0140
TRX002155,7,303.73,2126.11,CRT02114,PRD0136
TRX002156,9,85.85,772.65,CRT02854,PRD0184
TRX002157,2,301.62,603.24,CRT02515,PRD0028
TRX002158,8,275.33,2202.64,CRT00140,PRD0058
TRX002159,4,75.82,303.28,CRT02265,PRD0020
TRX002160,5,275.33,1376.65,CRT01541,PRD0058
TRX002161,2,267.28,534.56,CRT01613,PRD0031
TRX002162,9,151.12,1360.08,CRT03022,PRD0081
TRX002163,9,275.78,2482.0199999999995,CRT00131,PRD0097
TRX002164,1,175.98,175.98,CRT01396,PRD0021
TRX002165,8,223.15,1785.2,CRT02819,PRD0016
TRX002166,10,237.14,2371.4,CRT02606,PRD0064
TRX002167,7,163.96,1147.72,CRT01512,PRD0118
TRX002168,5,95.22,476.1,CRT03179,PRD0029
TRX002169,1,75.82,75.82,CRT00757,PRD0020
TRX002170,4,97.82,391.28,CRT00633,PRD0172
TRX002171,2,239.52,479.04,CRT02207,PRD0085
TRX002172,6,164.79,988.74,CRT01152,PRD0050
TRX002173,8,100.84,806.72,CRT01023,PRD0170
TRX002174,6,46.73,280.38,CRT01443,PRD0104
TRX002175,9,238.97,2150.73,CRT00100,PRD0026
TRX002176,6,127.91,767.46,CRT01599,PRD0171
TRX002177,10,143.73,1437.3,CRT03119,PRD0056
TRX002178,4,149.36,597.44,CRT01256,PRD0007
TRX002179,10,237.14,2371.4,CRT02391,PRD0064
TRX002180,2,6.76,13.52,CRT01234,PRD0174
TRX002181,9,163.96,1475.64,CRT03380,PRD0118
TRX002182,6,171.38,1028.28,CRT00969,PRD0037
TRX002183,4,86.2,344.8,CRT02743,PRD0036
TRX002184,7,38.5,269.5,CRT01136,PRD0075
TRX002185,3,301.62,904.86,CRT02447,PRD0028
TRX002186,1,207.27,207.27,CRT02222,PRD0006
TRX002187,6,190.14,1140.84,CRT02691,PRD0193
TRX002188,5,270.94,1354.7,CRT00563,PRD0148
TRX002189,5,336.37,1681.85,CRT01955,PRD0152
TRX002190,10,127.91,1279.1,CRT03023,PRD0171
TRX002191,4,262.09,1048.36,CRT02270,PRD0023
TRX002192,4,88.65,354.6,CRT02593,PRD0042
TRX002193,10,114.48,1144.8,CRT02637,PRD0107
TRX002194,3,88.65,265.95000000000005,CRT02734,PRD0042
TRX002195,8,281.93,2255.44,CRT00603,PRD0116
TRX002196,2,305.67,611.34,CRT01750,PRD0039
TRX002197,10,4.55,45.5,CRT00312,PRD0129
TRX002198,6,292.23,1753.38,CRT01232,PRD0073
TRX002199,5,46.73,233.65,CRT01884,PRD0104
TRX002200,1,241.82,241.82,CRT02819,PRD0192
TRX002201,7,78.71,550.9699999999999,CRT03381,PRD0024
TRX002202,4,194.99,779.96,CRT01108,PRD0043
TRX002203,9,36.18,325.62,CRT01071,PRD0049
TRX002204,6,291.12,1746.72,CRT03200,PRD0120
TRX002205,7,140.04,980.28,CRT00317,PRD0068
TRX002206,8,97.82,782.56,CRT01422,PRD0172
TRX002207,1,303.73,303.73,CRT02177,PRD0136
TRX002208,3,327.31,981.93,CRT02239,PRD0067
TRX002209,1,248.47,248.47,CRT02648,PRD0044
TRX002210,8,231.76,1854.08,CRT00708,PRD0038
TRX002211,2,342.98,685.96,CRT02996,PRD0080
TRX002212,6,289.44,1736.64,CRT01700,PRD0155
TRX002213,4,339.13,1356.52,CRT01180,PRD0060
TRX002214,8,57.82,462.56,CRT01533,PRD0089
TRX002215,9,125.8,1132.2,CRT01266,PRD0159
TRX002216,5,344.9,1724.5,CRT00558,PRD0035
TRX002217,3,196.2,588.5999999999999,CRT00590,PRD0117
TRX002218,1,302.95,302.95,CRT00056,PRD0087
TRX002219,6,305.67,1834.02,CRT00665,PRD0039
TRX002220,6,344.9,2069.4,CRT01087,PRD0035
TRX002221,6,104.38,626.28,CRT01772,PRD0011
TRX002222,6,278.04,1668.2400000000002,CRT02249,PRD0163
TRX002223,4,288.92,1155.68,CRT01037,PRD0191
TRX002224,6,164.79,988.74,CRT01960,PRD0050
TRX002225,5,121.08,605.4,CRT00623,PRD0151
TRX002226,5,9.29,46.45,CRT02165,PRD0128
TRX002227,1,42.58,42.58,CRT00266,PRD0095
TRX002228,8,318.21,2545.68,CRT00327,PRD0181
TRX002229,9,194.83,1753.47,CRT02491,PRD0165
TRX002230,10,143.73,1437.3,CRT03202,PRD0056
TRX002231,7,301.5,2110.5,CRT02322,PRD0115
TRX002232,8,9.29,74.32,CRT02983,PRD0128
TRX002233,8,292.23,2337.84,CRT00511,PRD0073
TRX002234,9,54.91,494.19,CRT01191,PRD0125
TRX002235,9,82.61,743.49,CRT01239,PRD0167
TRX002236,9,308.05,2772.4500000000003,CRT00466,PRD0072
TRX002237,10,82.61,826.1,CRT01349,PRD0167
TRX002238,3,13.65,40.95,CRT02958,PRD0019
TRX002239,3,308.17,924.51,CRT02577,PRD0138
TRX002240,2,144.4,288.8,CRT03068,PRD0200
TRX002241,1,267.68,267.68,CRT02795,PRD0197
TRX002242,1,151.12,151.12,CRT02147,PRD0081
TRX002243,8,278.04,2224.32,CRT03398,PRD0163
TRX002244,3,310.43,931.29,CRT01134,PRD0113
TRX002245,1,99.1,99.1,CRT00787,PRD0014
TRX002246,5,136.36,681.8000000000001,CRT02892,PRD0098
TRX002247,1,217.4,217.4,CRT00861,PRD0180
TRX002248,10,190.14,1901.4,CRT00543,PRD0193
TRX002249,5,229.76,1148.8,CRT03475,PRD0074
TRX002250,8,164.79,1318.32,CRT00093,PRD0050
TRX002251,2,9.29,18.58,CRT00786,PRD0128
TRX002252,2,103.06,206.12,CRT02433,PRD0013
TRX002253,3,85.85,257.54999999999995,CRT00767,PRD0184
TRX002254,5,129.22,646.1,CRT03063,PRD0084
TRX002255,7,51.02,357.14000000000004,CRT01542,PRD0022
TRX002256,2,42.58,85.16,CRT02841,PRD0095
TRX002257,8,223.09,1784.72,CRT00509,PRD0199
TRX002258,6,248.47,1490.82,CRT01039,PRD0044
TRX002259,8,151.12,1208.96,CRT03377,PRD0081
TRX002260,9,196.2,1765.8,CRT03002,PRD0117
TRX002261,1,38.5,38.5,CRT01692,PRD0075
TRX002262,5,275.33,1376.65,CRT01537,PRD0058
TRX002263,2,57.82,115.64,CRT01948,PRD0089
TRX002264,1,223.09,223.09,CRT03495,PRD0199
TRX002265,5,349.75,1748.75,CRT00673,PRD0055
TRX002266,9,63.71,573.39,CRT00652,PRD0153
TRX002267,7,302.95,2120.65,CRT01815,PRD0087
TRX002268,7,237.14,1659.98,CRT01399,PRD0064
TRX002269,8,327.59,2620.72,CRT02015,PRD0047
TRX002270,2,88.65,177.3,CRT03159,PRD0042
TRX002271,9,196.2,1765.8,CRT01355,PRD0117
TRX002272,7,308.17,2157.19,CRT00916,PRD0138
TRX002273,5,13.84,69.2,CRT02789,PRD0186
TRX002274,5,238.97,1194.85,CRT01274,PRD0026
TRX002275,3,24.14,72.42,CRT02807,PRD0127
TRX002276,7,283.35,1983.4500000000005,CRT01510,PRD0154
TRX002277,3,282.78,848.3399999999999,CRT01276,PRD0111
TRX002278,5,140.04,700.1999999999999,CRT03240,PRD0068
TRX002279,5,164.79,823.9499999999999,CRT00822,PRD0050
TRX002280,8,275.33,2202.64,CRT01892,PRD0058
TRX002281,1,288.19,288.19,CRT00270,PRD0176
TRX002282,5,55.45,277.25,CRT02427,PRD0142
TRX002283,10,156.17,1561.6999999999998,CRT01126,PRD0198
TRX002284,9,248.8,2239.2000000000003,CRT02897,PRD0099
TRX002285,7,332.64,2328.48,CRT02459,PRD0119
TRX002286,8,339.13,2713.04,CRT02785,PRD0060
TRX002287,2,140.04,280.08,CRT02027,PRD0068
TRX002288,2,134.36,268.72,CRT00339,PRD0017
TRX002289,1,4.55,4.55,CRT03212,PRD0129
TRX002290,2,330.57,661.14,CRT03450,PRD0173
TRX002291,9,80.42,723.78,CRT02480,PRD0140
TRX002292,8,129.22,1033.76,CRT01874,PRD0084
TRX002293,8,256.15,2049.2,CRT00367,PRD0040
TRX002294,1,146.67,146.67,CRT02893,PRD0126
TRX002295,4,241.37,965.48,CRT00798,PRD0187
TRX002296,4,88.06,352.24,CRT01220,PRD0065
TRX002297,3,194.99,584.97,CRT02458,PRD0043
TRX002298,6,153.95,923.7,CRT03418,PRD0132
TRX002299,8,194.5,1556.0,CRT02874,PRD0083
TRX002300,1,148.18,148.18,CRT00784,PRD0066
TRX002301,5,151.36,756.8000000000001,CRT00942,PRD0150
TRX002302,5,164.79,823.9499999999999,CRT02929,PRD0050
TRX002303,4,281.93,1127.72,CRT01611,PRD0116
TRX002304,1,194.5,194.5,CRT01533,PRD0083
TRX002305,8,175.98,1407.84,CRT02069,PRD0021
TRX002306,4,208.25,833.0,CRT00227,PRD0147
TRX002307,3,153.58,460.74,CRT03486,PRD0030
TRX002308,5,141.38,706.9,CRT00078,PRD0114
TRX002309,7,332.64,2328.48,CRT01570,PRD0119
TRX002310,7,275.16,1926.12,CRT02276,PRD0048
TRX002311,9,224.09,2016.81,CRT03136,PRD0122
TRX002312,10,198.09,1980.9,CRT01669,PRD0178
TRX002313,10,286.9,2869.0,CRT02473,PRD0110
TRX002314,8,153.95,1231.6,CRT00224,PRD0132
TRX002315,5,129.22,646.1,CRT01241,PRD0084
TRX002316,10,76.57,765.6999999999999,CRT03342,PRD0071
TRX002317,1,301.22,301.22,CRT00967,PRD0045
TRX002318,4,23.22,92.88,CRT00883,PRD0190
TRX002319,1,134.36,134.36,CRT03138,PRD0017
TRX002320,5,98.65,493.25,CRT00097,PRD0079
TRX002321,4,263.29,1053.16,CRT02093,PRD0157
TRX002322,9,153.95,1385.55,CRT01508,PRD0132
TRX002323,2,30.96,61.92,CRT02676,PRD0139
TRX002324,8,115.19,921.52,CRT00467,PRD0018
TRX002325,8,36.18,289.44,CRT01387,PRD0049
TRX002326,10,252.5,2525.0,CRT02317,PRD0100
TRX002327,10,88.65,886.5,CRT01085,PRD0042
TRX002328,9,209.57,1886.13,CRT02441,PRD0027
TRX002329,10,69.32,693.1999999999999,CRT01067,PRD0012
TRX002330,10,30.96,309.6,CRT00814,PRD0139
TRX002331,3,87.81,263.43,CRT02795,PRD0156
TRX002332,5,289.44,1447.2,CRT01778,PRD0155
TRX002333,7,80.62,564.34,CRT01425,PRD0189
TRX002334,10,349.75,3497.5,CRT02683,PRD0055
TRX002335,3,85.64,256.92,CRT03431,PRD0123
TRX002336,5,278.04,1390.2,CRT02055,PRD0163
TRX002337,8,241.82,1934.56,CRT03020,PRD0192
TRX002338,1,318.21,318.21,CRT03399,PRD0181
TRX002339,5,178.11,890.5500000000001,CRT00186,PRD0004
TRX002340,9,217.4,1956.6,CRT02641,PRD0180
TRX002341,2,172.26,344.52,CRT02057,PRD0078
TRX002342,2,143.73,287.46,CRT02712,PRD0056
TRX002343,4,88.65,354.6,CRT00249,PRD0042
TRX002344,1,209.57,209.57,CRT00223,PRD0027
TRX002345,2,265.13,530.26,CRT01448,PRD0025
TRX002346,9,275.33,2477.97,CRT00565,PRD0058
TRX002347,7,263.29,1843.03,CRT00682,PRD0157
TRX002348,5,332.64,1663.1999999999998,CRT03430,PRD0119
TRX002349,4,339.13,1356.52,CRT02709,PRD0060
TRX002350,3,289.44,868.3199999999999,CRT03464,PRD0155
TRX002351,4,342.98,1371.92,CRT02926,PRD0080
TRX002352,2,88.06,176.12,CRT00104,PRD0065
TRX002353,5,143.73,718.65,CRT03251,PRD0056
TRX002354,6,95.22,571.3199999999999,CRT02551,PRD0029
TRX002355,7,281.93,1973.51,CRT01162,PRD0116
TRX002356,6,82.61,495.66,CRT00330,PRD0167
TRX002357,2,267.47,534.94,CRT01413,PRD0033
TRX002358,9,259.17,2332.53,CRT02454,PRD0169
TRX002359,2,339.13,678.26,CRT02399,PRD0060
TRX002360,3,121.08,363.24,CRT02818,PRD0151
TRX002361,8,88.65,709.2,CRT01335,PRD0042
TRX002362,6,242.9,1457.4,CRT01661,PRD0164
TRX002363,10,291.12,2911.2,CRT02966,PRD0120
TRX002364,2,302.86,605.72,CRT00641,PRD0093
TRX002365,8,151.36,1210.88,CRT01090,PRD0150
TRX002366,1,163.96,163.96,CRT00621,PRD0118
TRX002367,1,195.42,195.42,CRT01507,PRD0162
TRX002368,4,24.14,96.56,CRT00883,PRD0127
TRX002369,5,111.48,557.4,CRT00318,PRD0061
TRX002370,4,248.47,993.88,CRT00912,PRD0044
TRX002371,8,194.83,1558.64,CRT00703,PRD0165
TRX002372,5,99.29,496.4500000000001,CRT01230,PRD0053
TRX002373,4,100.84,403.36,CRT02266,PRD0170
TRX002374,3,223.15,669.45,CRT00286,PRD0016
TRX002375,6,343.3,2059.8,CRT01582,PRD0134
TRX002376,7,171.38,1199.66,CRT00330,PRD0037
TRX002377,8,194.5,1556.0,CRT00903,PRD0083
TRX002378,5,74.71,373.55,CRT03078,PRD0183
TRX002379,1,213.05,213.05,CRT00214,PRD0144
TRX002380,6,141.38,848.28,CRT01950,PRD0114
TRX002381,4,115.19,460.76,CRT02390,PRD0018
TRX002382,7,316.62,2216.34,CRT00335,PRD0082
TRX002383,3,156.17,468.51,CRT00007,PRD0198
TRX002384,6,207.27,1243.62,CRT03448,PRD0006
TRX002385,2,116.26,232.52,CRT00045,PRD0137
TRX002386,3,282.78,848.3399999999999,CRT01145,PRD0111
TRX002387,4,248.47,993.88,CRT01072,PRD0044
TRX002388,2,301.22,602.44,CRT02801,PRD0045
TRX002389,2,262.09,524.18,CRT01989,PRD0023
TRX002390,6,175.98,1055.88,CRT01312,PRD0021
TRX002391,5,172.26,861.3,CRT00243,PRD0078
TRX002392,2,115.14,230.28,CRT00604,PRD0034
TRX002393,2,12.47,24.94,CRT02228,PRD0158
TRX002394,2,301.5,603.0,CRT01744,PRD0115
TRX002395,10,262.09,2620.9,CRT01874,PRD0023
TRX002396,1,87.81,87.81,CRT03416,PRD0156
TRX002397,3,164.79,494.37,CRT00340,PRD0050
TRX002398,1,301.87,301.87,CRT02392,PRD0121
TRX002399,7,208.25,1457.75,CRT00542,PRD0147
TRX002400,1,149.36,149.36,CRT01310,PRD0007
TRX002401,8,121.08,968.64,CRT00620,PRD0151
TRX002402,2,305.67,611.34,CRT01543,PRD0039
TRX002403,4,327.59,1310.36,CRT02961,PRD0047
TRX002404,7,11.49,80.43,CRT02702,PRD0195
TRX002405,10,248.47,2484.7,CRT01776,PRD0044
TRX002406,4,85.85,343.4,CRT02851,PRD0184
TRX002407,1,129.22,129.22,CRT01558,PRD0084
TRX002408,1,275.78,275.78,CRT02178,PRD0097
TRX002409,6,331.95,1991.7,CRT03274,PRD0161
TRX002410,3,241.82,725.46,CRT03109,PRD0192
TRX002411,3,349.75,1049.25,CRT02778,PRD0055
TRX002412,2,125.8,251.6,CRT00421,PRD0159
TRX002413,5,59.71,298.55,CRT03270,PRD0057
TRX002414,5,124.75,623.75,CRT03273,PRD0166
TRX002415,3,286.9,860.6999999999999,CRT00378,PRD0110
TRX002416,7,30.96,216.72,CRT02391,PRD0139
TRX002417,8,115.19,921.52,CRT02066,PRD0018
TRX002418,4,103.06,412.24,CRT00586,PRD0013
TRX002419,6,125.96,755.76,CRT00350,PRD0015
TRX002420,4,302.95,1211.8,CRT00677,PRD0087
TRX002421,9,301.87,2716.83,CRT00544,PRD0121
TRX002422,5,119.47,597.35,CRT02147,PRD0008
TRX002423,3,223.09,669.27,CRT01181,PRD0199
TRX002424,6,200.1,1200.6,CRT01592,PRD0182
TRX002425,7,13.65,95.55,CRT02305,PRD0019
TRX002426,2,151.12,302.24,CRT02912,PRD0081
TRX002427,2,349.85,699.7,CRT02745,PRD0196
TRX002428,7,281.93,1973.51,CRT03305,PRD0116
TRX002429,2,331.85,663.7,CRT02341,PRD0143
TRX002430,6,238.5,1431.0,CRT00230,PRD0133
TRX002431,10,134.36,1343.6,CRT00862,PRD0017
TRX002432,10,228.33,2283.3,CRT00495,PRD0005
TRX002433,10,100.84,1008.4,CRT03362,PRD0170
TRX002434,5,153.95,769.75,CRT01718,PRD0132
TRX002435,5,144.46,722.3000000000001,CRT02780,PRD0185
TRX002436,3,196.43,589.29,CRT00146,PRD0179
TRX002437,7,119.47,836.29,CRT00206,PRD0008
TRX002438,2,102.2,204.4,CRT03439,PRD0106
TRX002439,9,82.61,743.49,CRT01682,PRD0167
TRX002440,5,129.22,646.1,CRT02953,PRD0084
TRX002441,6,129.22,775.3199999999999,CRT02309,PRD0084
TRX002442,6,78.71,472.26,CRT02642,PRD0024
TRX002443,4,85.85,343.4,CRT02069,PRD0184
TRX002444,8,144.4,1155.2,CRT02968,PRD0200
TRX002445,6,151.36,908.16,CRT00319,PRD0150
TRX002446,9,125.96,1133.64,CRT02292,PRD0015
TRX002447,3,54.91,164.73,CRT03192,PRD0125
TRX002448,7,119.47,836.29,CRT01971,PRD0008
TRX002449,9,252.15,2269.35,CRT02458,PRD0059
TRX002450,3,265.13,795.39,CRT01826,PRD0025
TRX002451,10,100.84,1008.4,CRT02650,PRD0170
TRX002452,6,228.33,1369.98,CRT02252,PRD0041
TRX002453,1,26.82,26.82,CRT00989,PRD0101
TRX002454,9,344.39,3099.51,CRT00475,PRD0149
TRX002455,2,148.18,296.36,CRT02673,PRD0066
TRX002456,5,282.78,1413.9,CRT01026,PRD0111
TRX002457,10,198.09,1980.9,CRT02193,PRD0178
TRX002458,10,144.4,1444.0,CRT01415,PRD0200
TRX002459,5,88.65,443.25,CRT01320,PRD0042
TRX002460,1,256.15,256.15,CRT01717,PRD0040
TRX002461,3,197.06,591.1800000000001,CRT01720,PRD0086
TRX002462,4,80.42,321.68,CRT01126,PRD0140
TRX002463,3,141.38,424.14,CRT01695,PRD0114
TRX002464,4,198.63,794.52,CRT01361,PRD0135
TRX002465,6,136.36,818.1600000000001,CRT01742,PRD0098
TRX002466,9,281.86,2536.74,CRT02753,PRD0188
TRX002467,6,332.64,1995.84,CRT01006,PRD0119
TRX002468,10,88.65,886.5,CRT02395,PRD0042
TRX002469,4,181.62,726.48,CRT00193,PRD0109
TRX002470,6,69.32,415.92,CRT02910,PRD0012
TRX002471,9,88.06,792.54,CRT00659,PRD0065
TRX002472,1,275.78,275.78,CRT00313,PRD0097
TRX002473,4,97.82,391.28,CRT03123,PRD0172
TRX002474,6,221.23,1327.38,CRT02618,PRD0177
TRX002475,3,125.8,377.4,CRT02000,PRD0159
TRX002476,9,78.71,708.39,CRT00607,PRD0024
TRX002477,9,288.19,2593.71,CRT01098,PRD0176
TRX002478,1,263.29,263.29,CRT00168,PRD0157
TRX002479,6,75.82,454.92,CRT00098,PRD0020
TRX002480,1,116.26,116.26,CRT03384,PRD0137
TRX002481,8,13.84,110.72,CRT01348,PRD0186
TRX002482,6,242.9,1457.4,CRT01232,PRD0164
TRX002483,1,144.4,144.4,CRT01883,PRD0200
TRX002484,8,111.48,891.84,CRT02884,PRD0061
TRX002485,9,302.86,2725.74,CRT02395,PRD0093
TRX002486,2,6.76,13.52,CRT01519,PRD0174
TRX002487,10,267.47,2674.7000000000003,CRT01780,PRD0033
TRX002488,8,241.37,1930.96,CRT02973,PRD0187
TRX002489,4,344.42,1377.68,CRT01781,PRD0112
TRX002490,6,153.95,923.7,CRT02384,PRD0132
TRX002491,5,275.33,1376.65,CRT00157,PRD0058
TRX002492,5,78.71,393.55,CRT00751,PRD0024
TRX002493,3,259.17,777.51,CRT01601,PRD0169
TRX002494,6,10.72,64.32000000000001,CRT00650,PRD0092
TRX002495,3,24.14,72.42,CRT00776,PRD0127
TRX002496,5,237.14,1185.6999999999998,CRT01122,PRD0064
TRX002497,8,200.1,1600.8,CRT02500,PRD0182
TRX002498,8,241.37,1930.96,CRT01734,PRD0187
TRX002499,8,223.15,1785.2,CRT02000,PRD0016
TRX002500,8,13.84,110.72,CRT02146,PRD0186
TRX002501,5,194.99,974.95,CRT00159,PRD0043
TRX002502,5,64.83,324.15,CRT01336,PRD0088
TRX002503,5,100.84,504.2000000000001,CRT03152,PRD0170
TRX002504,10,229.76,2297.6,CRT00408,PRD0074
TRX002505,7,75.69,529.8299999999999,CRT01017,PRD0077
TRX002506,5,330.57,1652.85,CRT03166,PRD0173
TRX002507,10,231.76,2317.6,CRT02309,PRD0038
TRX002508,4,125.96,503.84,CRT03204,PRD0015
TRX002509,1,282.78,282.78,CRT01158,PRD0111
TRX002510,5,190.14,950.7,CRT00620,PRD0193
TRX002511,7,119.47,836.29,CRT01365,PRD0008
TRX002512,5,9.29,46.45,CRT00800,PRD0128
TRX002513,1,111.48,111.48,CRT03212,PRD0061
TRX002514,1,11.49,11.49,CRT01407,PRD0195
TRX002515,7,153.95,1077.65,CRT00546,PRD0132
TRX002516,1,260.49,260.49,CRT02096,PRD0076
TRX002517,7,263.29,1843.03,CRT02177,PRD0157
TRX002518,10,144.4,1444.0,CRT00904,PRD0200
TRX002519,9,115.14,1036.26,CRT03228,PRD0034
TRX002520,9,4.55,40.95,CRT02382,PRD0129
TRX002521,3,78.71,236.13,CRT02486,PRD0024
TRX002522,7,59.71,417.97,CRT03158,PRD0057
TRX002523,5,162.15,810.75,CRT01085,PRD0010
TRX002524,9,55.45,499.05,CRT03291,PRD0142
TRX002525,7,134.36,940.52,CRT02287,PRD0017
TRX002526,3,140.04,420.12,CRT03199,PRD0068
TRX002527,8,327.31,2618.48,CRT01433,PRD0067
TRX002528,6,194.5,1167.0,CRT00036,PRD0083
TRX002529,6,238.5,1431.0,CRT02883,PRD0133
TRX002530,4,311.57,1246.28,CRT01320,PRD0194
TRX002531,8,231.76,1854.08,CRT02950,PRD0038
TRX002532,8,99.1,792.8,CRT00664,PRD0014
TRX002533,10,286.9,2869.0,CRT02728,PRD0110
TRX002534,4,278.04,1112.16,CRT00887,PRD0163
TRX002535,9,140.04,1260.36,CRT00037,PRD0068
TRX002536,6,144.4,866.4000000000001,CRT02424,PRD0200
TRX002537,5,86.2,431.0,CRT00147,PRD0036
TRX002538,7,153.95,1077.65,CRT02685,PRD0132
TRX002539,1,270.94,270.94,CRT00452,PRD0148
TRX002540,10,196.43,1964.3,CRT02414,PRD0179
TRX002541,2,260.19,520.38,CRT00247,PRD0001
TRX002542,3,24.14,72.42,CRT00401,PRD0127
TRX002543,2,59.71,119.42,CRT00557,PRD0057
TRX002544,1,40.06,40.06,CRT02770,PRD0145
TRX002545,5,99.1,495.5,CRT00233,PRD0014
TRX002546,1,55.45,55.45,CRT01880,PRD0142
TRX002547,8,196.2,1569.6,CRT00586,PRD0117
TRX002548,3,291.12,873.36,CRT02591,PRD0120
TRX002549,6,85.64,513.84,CRT03344,PRD0123
TRX002550,5,200.26,1001.3,CRT02503,PRD0105
TRX002551,6,74.71,448.26,CRT02433,PRD0183
TRX002552,4,308.05,1232.2,CRT00997,PRD0072
TRX002553,10,98.65,986.5,CRT01003,PRD0079
TRX002554,7,59.71,417.97,CRT02995,PRD0057
TRX002555,1,301.5,301.5,CRT00916,PRD0115
TRX002556,2,23.22,46.44,CRT02664,PRD0190
TRX002557,7,301.22,2108.54,CRT01383,PRD0045
TRX002558,1,69.32,69.32,CRT03100,PRD0012
TRX002559,10,229.76,2297.6,CRT00708,PRD0074
TRX002560,10,332.64,3326.4,CRT00303,PRD0119
TRX002561,4,146.67,586.68,CRT02963,PRD0126
TRX002562,3,208.25,624.75,CRT00703,PRD0147
TRX002563,5,302.95,1514.75,CRT01814,PRD0087
TRX002564,8,218.35,1746.8,CRT00125,PRD0070
TRX002565,1,238.5,238.5,CRT01676,PRD0133
TRX002566,8,151.12,1208.96,CRT00390,PRD0081
TRX002567,10,229.76,2297.6,CRT00134,PRD0074
TRX002568,3,87.81,263.43,CRT01359,PRD0156
TRX002569,7,339.13,2373.91,CRT00293,PRD0060
TRX002570,3,153.58,460.74,CRT02428,PRD0030
TRX002571,6,223.09,1338.54,CRT00236,PRD0199
TRX002572,2,15.96,31.92,CRT01526,PRD0090
TRX002573,8,40.06,320.48,CRT01299,PRD0145
TRX002574,5,10.72,53.6,CRT02585,PRD0092
TRX002575,4,172.26,689.04,CRT01548,PRD0078
TRX002576,2,209.57,419.14,CRT02692,PRD0027
TRX002577,7,212.13,1484.91,CRT02321,PRD0131
TRX002578,1,316.62,316.62,CRT01763,PRD0082
TRX002579,4,207.27,829.08,CRT03411,PRD0006
TRX002580,3,75.69,227.07,CRT02690,PRD0077
TRX002581,6,38.12,228.72,CRT02538,PRD0002
TRX002582,1,228.33,228.33,CRT00154,PRD0005
TRX002583,4,297.0,1188.0,CRT00050,PRD0009
TRX002584,10,252.15,2521.5,CRT00535,PRD0059
TRX002585,5,144.4,722.0,CRT03009,PRD0200
TRX002586,4,144.46,577.84,CRT00878,PRD0185
TRX002587,10,262.09,2620.9,CRT00615,PRD0023
TRX002588,9,301.22,2710.9800000000005,CRT01618,PRD0045
TRX002589,9,156.17,1405.53,CRT03156,PRD0198
TRX002590,5,260.49,1302.45,CRT00198,PRD0076
TRX002591,5,312.35,1561.75,CRT01331,PRD0130
TRX002592,3,190.14,570.42,CRT03314,PRD0193
TRX002593,8,330.57,2644.56,CRT01770,PRD0173
TRX002594,9,99.29,893.61,CRT00789,PRD0053
TRX002595,10,12.47,124.7,CRT02196,PRD0158
TRX002596,6,234.25,1405.5,CRT01176,PRD0103
TRX002597,3,87.81,263.43,CRT02525,PRD0156
TRX002598,4,175.98,703.92,CRT00089,PRD0021
TRX002599,7,38.12,266.84,CRT01542,PRD0002
TRX002600,2,311.57,623.14,CRT02952,PRD0194
TRX002601,8,267.68,2141.44,CRT02106,PRD0197
TRX002602,10,194.5,1945.0,CRT01008,PRD0083
TRX002603,5,181.62,908.1,CRT00564,PRD0109
TRX002604,10,69.32,693.1999999999999,CRT01915,PRD0012
TRX002605,7,349.75,2448.25,CRT01112,PRD0055
TRX002606,5,11.49,57.45,CRT00390,PRD0195
TRX002607,6,336.37,2018.22,CRT00228,PRD0152
TRX002608,5,136.36,681.8000000000001,CRT01814,PRD0098
TRX002609,10,166.93,1669.3000000000002,CRT00062,PRD0108
TRX002610,6,38.12,228.72,CRT02522,PRD0002
TRX002611,10,316.62,3166.2,CRT02535,PRD0082
TRX002612,6,305.67,1834.02,CRT01126,PRD0039
TRX002613,8,40.06,320.48,CRT00135,PRD0145
TRX002614,9,265.13,2386.17,CRT03156,PRD0025
TRX002615,2,120.9,241.8,CRT02396,PRD0175
TRX002616,3,153.95,461.85,CRT00021,PRD0132
TRX002617,8,95.22,761.76,CRT00012,PRD0029
TRX002618,4,95.22,380.88,CRT00205,PRD0029
TRX002619,2,153.58,307.16,CRT01357,PRD0030
TRX002620,8,344.9,2759.2,CRT01985,PRD0035
TRX002621,5,224.53,1122.65,CRT03000,PRD0032
TRX002622,3,149.12,447.36,CRT02668,PRD0003
TRX002623,8,143.73,1149.84,CRT00124,PRD0056
TRX002624,2,148.18,296.36,CRT01910,PRD0066
TRX002625,9,224.53,2020.77,CRT00070,PRD0032
TRX002626,4,305.67,1222.68,CRT02884,PRD0039
TRX002627,3,144.4,433.2000000000001,CRT01668,PRD0200
TRX002628,3,332.64,997.92,CRT02001,PRD0119
TRX002629,5,339.13,1695.65,CRT01352,PRD0060
TRX002630,1,260.19,260.19,CRT02400,PRD0001
TRX002631,3,13.65,40.95,CRT01354,PRD0019
TRX002632,4,318.04,1272.16,CRT03186,PRD0146
TRX002633,10,282.78,2827.8,CRT00832,PRD0111
TRX002634,4,321.66,1286.64,CRT01717,PRD0091
TRX002635,7,331.95,2323.65,CRT00876,PRD0161
TRX002636,3,234.97,704.91,CRT03431,PRD0046
TRX002637,8,198.09,1584.72,CRT02229,PRD0178
TRX002638,7,175.98,1231.86,CRT01677,PRD0021
TRX002639,2,78.71,157.42,CRT03146,PRD0024
TRX002640,8,164.79,1318.32,CRT01590,PRD0050
TRX002641,7,343.3,2403.1,CRT03079,PRD0134
TRX002642,5,124.75,623.75,CRT00784,PRD0166
TRX002643,1,23.22,23.22,CRT01005,PRD0190
TRX002644,5,30.34,151.7,CRT02559,PRD0063
TRX002645,1,237.14,237.14,CRT03371,PRD0064
TRX002646,5,87.81,439.05,CRT01360,PRD0156
TRX002647,7,57.82,404.74,CRT00901,PRD0089
TRX002648,6,153.58,921.48,CRT00562,PRD0030
TRX002649,6,283.35,1700.1,CRT02591,PRD0154
TRX002650,2,114.48,228.96,CRT01512,PRD0107
TRX002651,2,209.57,419.14,CRT01050,PRD0027
TRX002652,3,124.75,374.25,CRT00149,PRD0166
TRX002653,9,125.8,1132.2,CRT01437,PRD0159
TRX002654,7,64.83,453.81,CRT03080,PRD0088
TRX002655,4,78.71,314.84,CRT02981,PRD0024
TRX002656,9,13.28,119.52,CRT03457,PRD0141
TRX002657,2,238.5,477.0,CRT00438,PRD0133
TRX002658,2,241.82,483.64,CRT02193,PRD0192
TRX002659,1,344.42,344.42,CRT00729,PRD0112
TRX002660,6,297.0,1782.0,CRT01421,PRD0009
TRX002661,1,336.37,336.37,CRT03093,PRD0152
TRX002662,3,200.26,600.78,CRT01613,PRD0105
TRX002663,3,207.27,621.8100000000001,CRT01584,PRD0006
TRX002664,9,13.84,124.56,CRT03334,PRD0186
TRX002665,10,178.11,1781.1,CRT01623,PRD0004
TRX002666,3,125.96,377.88,CRT01183,PRD0015
TRX002667,1,196.43,196.43,CRT02329,PRD0179
TRX002668,8,175.98,1407.84,CRT00466,PRD0021
TRX002669,5,275.33,1376.65,CRT01855,PRD0058
TRX002670,6,6.76,40.56,CRT00862,PRD0174
TRX002671,10,80.62,806.2,CRT02495,PRD0189
TRX002672,6,36.18,217.08,CRT01990,PRD0049
TRX002673,3,223.15,669.45,CRT03319,PRD0016
TRX002674,9,327.31,2945.79,CRT02553,PRD0067
TRX002675,3,336.37,1009.11,CRT02745,PRD0152
TRX002676,8,12.47,99.76,CRT01272,PRD0158
TRX002677,7,234.25,1639.75,CRT01622,PRD0103
TRX002678,8,200.1,1600.8,CRT03019,PRD0182
TRX002679,8,13.84,110.72,CRT02773,PRD0186
TRX002680,5,99.29,496.4500000000001,CRT01312,PRD0053
TRX002681,3,179.52,538.5600000000001,CRT01075,PRD0094
TRX002682,4,316.62,1266.48,CRT01375,PRD0082
TRX002683,10,321.66,3216.6000000000004,CRT01646,PRD0091
TRX002684,4,208.25,833.0,CRT01900,PRD0147
TRX002685,6,146.67,880.02,CRT01584,PRD0126
TRX002686,5,282.78,1413.9,CRT03167,PRD0111
TRX002687,4,86.2,344.8,CRT03346,PRD0036
TRX002688,4,4.55,18.2,CRT03046,PRD0129
TRX002689,8,198.63,1589.04,CRT01443,PRD0135
TRX002690,4,13.84,55.36,CRT00698,PRD0186
TRX002691,3,301.22,903.66,CRT01182,PRD0045
TRX002692,8,172.26,1378.08,CRT03115,PRD0078
TRX002693,9,336.37,3027.33,CRT02309,PRD0152
TRX002694,4,252.5,1010.0,CRT03280,PRD0100
TRX002695,10,74.71,747.0999999999999,CRT01512,PRD0183
TRX002696,7,4.55,31.85,CRT03302,PRD0129
TRX002697,10,311.57,3115.7,CRT00084,PRD0194
TRX002698,3,198.63,595.89,CRT00723,PRD0135
TRX002699,2,234.97,469.94,CRT01986,PRD0046
TRX002700,6,344.42,2066.52,CRT00604,PRD0112
TRX002701,2,289.44,578.88,CRT03443,PRD0155
TRX002702,1,343.3,343.3,CRT02383,PRD0134
TRX002703,1,75.82,75.82,CRT02693,PRD0020
TRX002704,3,194.83,584.49,CRT02245,PRD0165
TRX002705,7,54.91,384.37,CRT02013,PRD0125
TRX002706,1,318.21,318.21,CRT02803,PRD0181
TRX002707,8,57.82,462.56,CRT00528,PRD0089
TRX002708,8,241.37,1930.96,CRT01108,PRD0187
TRX002709,3,318.21,954.63,CRT00860,PRD0181
TRX002710,2,194.83,389.66,CRT02585,PRD0165
TRX002711,5,151.12,755.6,CRT02670,PRD0081
TRX002712,4,281.93,1127.72,CRT01704,PRD0116
TRX002713,5,237.14,1185.6999999999998,CRT02137,PRD0064
TRX002714,9,327.31,2945.79,CRT02672,PRD0067
TRX002715,7,88.06,616.4200000000001,CRT01858,PRD0065
TRX002716,10,112.37,1123.7,CRT02199,PRD0069
TRX002717,7,248.8,1741.6,CRT00124,PRD0099
TRX002718,6,38.5,231.0,CRT00340,PRD0075
TRX002719,4,301.5,1206.0,CRT00229,PRD0115
TRX002720,8,80.42,643.36,CRT00076,PRD0140
TRX002721,2,228.33,456.66,CRT03221,PRD0005
TRX002722,6,336.37,2018.22,CRT03044,PRD0152
TRX002723,6,231.76,1390.56,CRT01161,PRD0038
TRX002724,8,196.43,1571.44,CRT00315,PRD0179
TRX002725,4,260.19,1040.76,CRT03261,PRD0001
TRX002726,2,129.22,258.44,CRT01249,PRD0084
TRX002727,1,190.14,190.14,CRT02603,PRD0193
TRX002728,6,141.38,848.28,CRT03353,PRD0114
TRX002729,3,162.15,486.4500000000001,CRT01077,PRD0010
TRX002730,1,339.13,339.13,CRT00232,PRD0060
TRX002731,9,196.43,1767.87,CRT02182,PRD0179
TRX002732,10,46.73,467.3,CRT01105,PRD0104
TRX002733,9,331.95,2987.55,CRT03166,PRD0161
TRX002734,4,197.06,788.24,CRT01564,PRD0086
TRX002735,2,260.49,520.98,CRT01186,PRD0076
TRX002736,9,318.04,2862.36,CRT00614,PRD0146
TRX002737,8,172.26,1378.08,CRT01062,PRD0078
TRX002738,4,239.52,958.08,CRT02809,PRD0085
TRX002739,1,36.18,36.18,CRT00560,PRD0049
TRX002740,10,321.66,3216.6000000000004,CRT03082,PRD0091
TRX002741,6,349.75,2098.5,CRT00572,PRD0055
TRX002742,1,57.82,57.82,CRT00415,PRD0089
TRX002743,8,297.0,2376.0,CRT03186,PRD0009
TRX002744,10,342.98,3429.8,CRT01434,PRD0080
TRX002745,4,95.22,380.88,CRT01966,PRD0029
TRX002746,4,194.5,778.0,CRT02201,PRD0083
TRX002747,8,13.84,110.72,CRT02450,PRD0186
TRX002748,8,129.22,1033.76,CRT00985,PRD0084
TRX002749,4,310.43,1241.72,CRT02968,PRD0113
TRX002750,2,339.13,678.26,CRT00873,PRD0060
TRX002751,3,217.4,652.2,CRT00397,PRD0180
TRX002752,10,69.32,693.1999999999999,CRT03309,PRD0012
TRX002753,8,308.05,2464.4,CRT03183,PRD0072
TRX002754,4,9.29,37.16,CRT00340,PRD0128
TRX002755,5,234.25,1171.25,CRT00138,PRD0103
TRX002756,2,305.67,611.34,CRT03081,PRD0039
TRX002757,5,40.06,200.3,CRT01655,PRD0145
TRX002758,9,96.92,872.28,CRT01670,PRD0124
TRX002759,6,267.47,1604.8200000000002,CRT02685,PRD0033
TRX002760,1,85.64,85.64,CRT02052,PRD0123
TRX002761,3,342.98,1028.94,CRT03458,PRD0080
TRX002762,8,301.82,2414.56,CRT01269,PRD0054
TRX002763,6,10.72,64.32000000000001,CRT01544,PRD0092
TRX002764,10,260.65,2606.5,CRT02002,PRD0168
TRX002765,1,97.82,97.82,CRT01566,PRD0172
TRX002766,9,171.38,1542.42,CRT00070,PRD0037
TRX002767,3,331.95,995.85,CRT01722,PRD0161
TRX002768,7,278.04,1946.28,CRT02352,PRD0163
TRX002769,9,114.48,1030.32,CRT01204,PRD0107
TRX002770,1,303.73,303.73,CRT01190,PRD0136
TRX002771,1,36.18,36.18,CRT00298,PRD0049
TRX002772,10,95.22,952.2,CRT01295,PRD0029
TRX002773,1,142.41,142.41,CRT00621,PRD0051
TRX002774,8,194.99,1559.92,CRT02185,PRD0043
TRX002775,3,234.25,702.75,CRT02371,PRD0103
TRX002776,3,283.35,850.0500000000001,CRT03209,PRD0154
TRX002777,1,349.75,349.75,CRT00389,PRD0055
TRX002778,9,321.66,2894.94,CRT03273,PRD0091
TRX002779,8,238.97,1911.76,CRT03362,PRD0026
TRX002780,2,262.09,524.18,CRT00690,PRD0023
TRX002781,3,327.31,981.93,CRT02220,PRD0067
TRX002782,2,164.79,329.58,CRT01024,PRD0050
TRX002783,9,120.9,1088.1,CRT02775,PRD0175
TRX002784,10,301.87,3018.7,CRT02754,PRD0121
TRX002785,5,148.18,740.9000000000001,CRT01242,PRD0066
TRX002786,6,140.04,840.24,CRT03443,PRD0068
TRX002787,3,10.72,32.160000000000004,CRT01732,PRD0092
TRX002788,4,100.84,403.36,CRT02177,PRD0170
TRX002789,10,196.2,1962.0,CRT02067,PRD0117
TRX002790,6,207.27,1243.62,CRT03471,PRD0006
TRX002791,10,344.9,3449.0,CRT01279,PRD0035
TRX002792,7,252.5,1767.5,CRT00885,PRD0100
TRX002793,1,195.42,195.42,CRT01797,PRD0162
TRX002794,3,149.12,447.36,CRT03438,PRD0003
TRX002795,4,143.73,574.92,CRT03165,PRD0056
TRX002796,4,229.76,919.04,CRT00083,PRD0074
TRX002797,2,103.06,206.12,CRT01115,PRD0013
TRX002798,6,144.4,866.4000000000001,CRT00585,PRD0200
TRX002799,10,194.99,1949.9,CRT02273,PRD0043
TRX002800,10,153.95,1539.5,CRT02452,PRD0132
TRX002801,9,54.91,494.19,CRT00921,PRD0125
TRX002802,8,140.04,1120.32,CRT03487,PRD0068
TRX002803,6,291.12,1746.72,CRT01182,PRD0120
TRX002804,2,308.05,616.1,CRT00955,PRD0072
TRX002805,8,241.37,1930.96,CRT03483,PRD0187
TRX002806,6,100.84,605.04,CRT02299,PRD0170
TRX002807,8,88.06,704.48,CRT02308,PRD0065
TRX002808,10,166.93,1669.3000000000002,CRT01166,PRD0108
TRX002809,1,278.04,278.04,CRT00110,PRD0163
TRX002810,4,102.2,408.8,CRT03053,PRD0106
TRX002811,3,234.97,704.91,CRT03243,PRD0046
TRX002812,4,143.73,574.92,CRT00038,PRD0056
TRX002813,1,74.71,74.71,CRT02008,PRD0183
TRX002814,9,301.62,2714.58,CRT01060,PRD0028
TRX002815,9,64.83,583.47,CRT00699,PRD0088
TRX002816,9,171.38,1542.42,CRT01646,PRD0037
TRX002817,1,221.23,221.23,CRT01360,PRD0177
TRX002818,7,96.92,678.44,CRT02434,PRD0124
TRX002819,1,13.65,13.65,CRT00946,PRD0019
TRX002820,10,224.53,2245.3,CRT01313,PRD0032
TRX002821,5,136.36,681.8000000000001,CRT01284,PRD0098
TRX002822,2,288.92,577.84,CRT01795,PRD0191
TRX002823,8,301.87,2414.96,CRT03478,PRD0121
TRX002824,6,124.75,748.5,CRT01486,PRD0166
TRX002825,1,207.27,207.27,CRT02476,PRD0006
TRX002826,3,115.19,345.57,CRT00464,PRD0018
TRX002827,5,302.86,1514.3000000000002,CRT01212,PRD0093
TRX002828,2,13.84,27.68,CRT00916,PRD0186
TRX002829,4,86.2,344.8,CRT00676,PRD0036
TRX002830,1,78.71,78.71,CRT00986,PRD0024
TRX002831,1,116.26,116.26,CRT00292,PRD0137
TRX002832,8,332.64,2661.12,CRT01575,PRD0119
TRX002833,9,217.4,1956.6,CRT02352,PRD0180
TRX002834,9,75.69,681.21,CRT02820,PRD0077
TRX002835,7,88.65,620.5500000000001,CRT03197,PRD0042
TRX002836,8,97.82,782.56,CRT03016,PRD0172
TRX002837,6,82.61,495.66,CRT03136,PRD0167
TRX002838,9,342.98,3086.82,CRT00081,PRD0080
TRX002839,8,156.17,1249.36,CRT00450,PRD0198
TRX002840,6,242.9,1457.4,CRT02668,PRD0164
TRX002841,6,121.08,726.48,CRT00851,PRD0151
TRX002842,9,11.49,103.41,CRT00620,PRD0195
TRX002843,6,265.13,1590.78,CRT00228,PRD0025
TRX002844,1,327.59,327.59,CRT02002,PRD0047
TRX002845,10,224.53,2245.3,CRT00830,PRD0032
TRX002846,6,162.15,972.9,CRT00306,PRD0010
TRX002847,10,114.48,1144.8,CRT00264,PRD0107
TRX002848,2,281.86,563.72,CRT02531,PRD0188
TRX002849,5,308.05,1540.25,CRT02578,PRD0072
TRX002850,6,171.38,1028.28,CRT01194,PRD0037
TRX002851,1,162.15,162.15,CRT03182,PRD0010
TRX002852,5,75.82,379.1,CRT00247,PRD0020
TRX002853,10,163.96,1639.6,CRT02040,PRD0118
TRX002854,8,51.02,408.16,CRT03380,PRD0022
TRX002855,3,275.16,825.48,CRT03392,PRD0048
TRX002856,4,36.18,144.72,CRT02209,PRD0049
TRX002857,7,38.5,269.5,CRT01159,PRD0075
TRX002858,7,234.97,1644.79,CRT02328,PRD0046
TRX002859,10,301.87,3018.7,CRT02144,PRD0121
TRX002860,5,134.36,671.8000000000001,CRT00197,PRD0017
TRX002861,7,103.06,721.4200000000001,CRT00486,PRD0013
TRX002862,3,69.32,207.96,CRT03214,PRD0012
TRX002863,8,228.33,1826.64,CRT03243,PRD0005
TRX002864,3,55.45,166.35000000000002,CRT00650,PRD0142
TRX002865,9,312.35,2811.15,CRT02514,PRD0130
TRX002866,7,302.95,2120.65,CRT00321,PRD0087
TRX002867,6,260.49,1562.94,CRT01516,PRD0076
TRX002868,2,171.38,342.76,CRT02400,PRD0037
TRX002869,9,112.37,1011.33,CRT00736,PRD0069
TRX002870,2,213.05,426.1,CRT02510,PRD0144
TRX002871,5,303.73,1518.65,CRT01355,PRD0136
TRX002872,3,13.28,39.84,CRT02190,PRD0141
TRX002873,1,103.06,103.06,CRT00675,PRD0013
TRX002874,5,270.94,1354.7,CRT02862,PRD0148
TRX002875,4,76.57,306.28,CRT02479,PRD0071
TRX002876,9,291.12,2620.08,CRT01734,PRD0120
TRX002877,5,260.19,1300.95,CRT02472,PRD0001
TRX002878,6,15.96,95.76,CRT01643,PRD0090
TRX002879,1,144.4,144.4,CRT02561,PRD0200
TRX002880,5,278.04,1390.2,CRT02072,PRD0163
TRX002881,7,95.22,666.54,CRT03014,PRD0029
TRX002882,3,260.19,780.5699999999999,CRT01549,PRD0001
TRX002883,2,125.8,251.6,CRT01777,PRD0159
TRX002884,8,112.37,898.96,CRT00279,PRD0069
TRX002885,7,331.95,2323.65,CRT03410,PRD0161
TRX002886,5,248.47,1242.35,CRT00922,PRD0044
TRX002887,4,344.39,1377.56,CRT03074,PRD0149
TRX002888,5,134.36,671.8000000000001,CRT02015,PRD0017
TRX002889,10,172.26,1722.6,CRT00663,PRD0078
TRX002890,4,146.67,586.68,CRT00435,PRD0126
TRX002891,10,179.52,1795.2,CRT02666,PRD0094
TRX002892,5,263.29,1316.45,CRT00659,PRD0157
TRX002893,2,283.35,566.7,CRT02971,PRD0154
TRX002894,7,59.71,417.97,CRT02648,PRD0057
TRX002895,7,260.49,1823.43,CRT00798,PRD0076
TRX002896,8,57.82,462.56,CRT01382,PRD0089
TRX002897,5,275.33,1376.65,CRT02927,PRD0058
TRX002898,1,164.79,164.79,CRT01039,PRD0050
TRX002899,8,149.12,1192.96,CRT01443,PRD0003
TRX002900,9,344.39,3099.51,CRT02243,PRD0149
TRX002901,9,85.64,770.76,CRT00764,PRD0123
TRX002902,7,80.62,564.34,CRT00879,PRD0189
TRX002903,10,76.57,765.6999999999999,CRT01207,PRD0071
TRX002904,9,303.73,2733.57,CRT00843,PRD0136
TRX002905,6,80.42,482.52,CRT00025,PRD0140
TRX002906,9,175.98,1583.82,CRT03117,PRD0021
TRX002907,6,134.36,806.1600000000001,CRT02393,PRD0017
TRX002908,8,321.66,2573.28,CRT00986,PRD0091
TRX002909,5,252.5,1262.5,CRT00565,PRD0100
TRX002910,10,311.57,3115.7,CRT00216,PRD0194
TRX002911,2,331.85,663.7,CRT01729,PRD0143
TRX002912,2,140.04,280.08,CRT03160,PRD0068
TRX002913,1,112.37,112.37,CRT00212,PRD0069
TRX002914,7,153.95,1077.65,CRT02645,PRD0132
TRX002915,7,312.35,2186.4500000000003,CRT01506,PRD0130
TRX002916,8,336.37,2690.96,CRT02360,PRD0152
TRX002917,3,99.1,297.29999999999995,CRT03146,PRD0014
TRX002918,7,207.27,1450.89,CRT01561,PRD0006
TRX002919,5,281.93,1409.65,CRT03421,PRD0116
TRX002920,2,282.78,565.56,CRT02361,PRD0111
TRX002921,9,194.83,1753.47,CRT01115,PRD0165
TRX002922,8,312.35,2498.8,CRT02700,PRD0130
TRX002923,10,15.79,157.89999999999998,CRT03201,PRD0096
TRX002924,4,104.38,417.52,CRT02444,PRD0011
TRX002925,10,238.5,2385.0,CRT02120,PRD0133
TRX002926,8,246.16,1969.28,CRT03358,PRD0160
TRX002927,9,54.91,494.19,CRT01993,PRD0125
TRX002928,10,224.53,2245.3,CRT02546,PRD0032
TRX002929,6,164.79,988.74,CRT01117,PRD0050
TRX002930,4,303.73,1214.92,CRT01254,PRD0136
TRX002931,8,98.65,789.2,CRT02839,PRD0079
TRX002932,8,146.67,1173.36,CRT01297,PRD0126
TRX002933,1,303.73,303.73,CRT01051,PRD0136
TRX002934,2,57.82,115.64,CRT01712,PRD0089
TRX002935,3,172.26,516.78,CRT01911,PRD0078
TRX002936,5,124.75,623.75,CRT02608,PRD0166
TRX002937,10,24.14,241.4,CRT00799,PRD0127
TRX002938,4,228.33,913.32,CRT00597,PRD0041
TRX002939,2,164.79,329.58,CRT02419,PRD0050
TRX002940,7,267.28,1870.96,CRT01435,PRD0031
TRX002941,5,116.26,581.3000000000001,CRT03080,PRD0137
TRX002942,6,265.13,1590.78,CRT01136,PRD0025
TRX002943,10,308.05,3080.5,CRT02787,PRD0072
TRX002944,9,224.53,2020.77,CRT03309,PRD0032
TRX002945,3,6.76,20.28,CRT01412,PRD0174
TRX002946,5,260.49,1302.45,CRT03041,PRD0076
TRX002947,4,9.29,37.16,CRT01626,PRD0128
TRX002948,8,40.06,320.48,CRT00535,PRD0145
TRX002949,9,312.35,2811.15,CRT02583,PRD0130
TRX002950,1,229.76,229.76,CRT01350,PRD0074
TRX002951,5,301.22,1506.1,CRT03324,PRD0045
TRX002952,8,252.5,2020.0,CRT03057,PRD0100
TRX002953,1,134.36,134.36,CRT02759,PRD0017
TRX002954,5,100.84,504.2000000000001,CRT01336,PRD0170
TRX002955,1,224.09,224.09,CRT03046,PRD0122
TRX002956,8,305.67,2445.36,CRT00523,PRD0039
TRX002957,10,297.0,2970.0,CRT01280,PRD0009
TRX002958,4,281.86,1127.44,CRT01521,PRD0188
TRX002959,7,36.18,253.26,CRT02861,PRD0049
TRX002960,6,82.61,495.66,CRT03169,PRD0167
TRX002961,2,289.44,578.88,CRT00529,PRD0155
TRX002962,9,164.79,1483.11,CRT03312,PRD0050
TRX002963,8,121.08,968.64,CRT00760,PRD0151
TRX002964,6,310.43,1862.58,CRT00058,PRD0113
TRX002965,7,80.42,562.94,CRT01654,PRD0140
TRX002966,10,120.9,1209.0,CRT00949,PRD0175
TRX002967,3,13.28,39.84,CRT00693,PRD0141
TRX002968,7,125.96,881.7199999999999,CRT01741,PRD0015
TRX002969,10,95.22,952.2,CRT00555,PRD0029
TRX002970,3,64.83,194.49,CRT02905,PRD0088
TRX002971,1,291.12,291.12,CRT02989,PRD0120
TRX002972,4,146.67,586.68,CRT00972,PRD0126
TRX002973,3,127.91,383.73,CRT00665,PRD0171
TRX002974,8,260.49,2083.92,CRT02124,PRD0076
TRX002975,4,88.65,354.6,CRT01747,PRD0042
TRX002976,6,11.49,68.94,CRT01523,PRD0195
TRX002977,8,121.08,968.64,CRT02981,PRD0151
TRX002978,2,166.93,333.86,CRT01706,PRD0108
TRX002979,3,68.6,205.8,CRT02331,PRD0052
TRX002980,6,248.8,1492.8000000000002,CRT01237,PRD0099
TRX002981,7,282.78,1979.46,CRT00372,PRD0111
TRX002982,8,331.95,2655.6,CRT03336,PRD0161
TRX002983,3,252.5,757.5,CRT02472,PRD0100
TRX002984,2,112.37,224.74,CRT02128,PRD0069
TRX002985,3,125.96,377.88,CRT00496,PRD0015
TRX002986,4,156.17,624.68,CRT01816,PRD0198
TRX002987,1,217.4,217.4,CRT01730,PRD0180
TRX002988,1,85.85,85.85,CRT00758,PRD0184
TRX002989,9,301.62,2714.58,CRT01717,PRD0028
TRX002990,6,13.65,81.9,CRT03349,PRD0019
TRX002991,8,87.81,702.48,CRT02211,PRD0156
TRX002992,9,343.3,3089.7000000000003,CRT01186,PRD0134
TRX002993,10,149.36,1493.6,CRT01088,PRD0007
TRX002994,6,172.26,1033.56,CRT02165,PRD0078
TRX002995,10,76.57,765.6999999999999,CRT02141,PRD0071
TRX002996,2,13.28,26.56,CRT02097,PRD0141
TRX002997,6,98.65,591.9000000000001,CRT01854,PRD0079
TRX002998,4,171.38,685.52,CRT01194,PRD0037
TRX002999,3,15.96,47.88,CRT01307,PRD0090
TRX003000,5,125.8,629.0,CRT02410,PRD0159
TRX003001,3,301.22,903.66,CRT00449,PRD0045
TRX003002,6,198.09,1188.54,CRT01979,PRD0178
TRX003003,7,103.06,721.4200000000001,CRT01658,PRD0013
TRX003004,7,95.22,666.54,CRT00062,PRD0029
TRX003005,1,171.38,171.38,CRT01296,PRD0037
TRX003006,1,143.73,143.73,CRT00862,PRD0056
TRX003007,10,80.62,806.2,CRT03307,PRD0189
TRX003008,9,301.22,2710.9800000000005,CRT02409,PRD0045
TRX003009,1,195.42,195.42,CRT03186,PRD0162
TRX003010,6,164.79,988.74,CRT03159,PRD0050
TRX003011,8,288.92,2311.36,CRT02219,PRD0191
TRX003012,9,229.76,2067.84,CRT03157,PRD0074
TRX003013,4,98.65,394.6,CRT01667,PRD0079
TRX003014,7,241.37,1689.59,CRT00982,PRD0187
TRX003015,10,172.26,1722.6,CRT01193,PRD0078
TRX003016,1,179.52,179.52,CRT02779,PRD0094
TRX003017,4,194.5,778.0,CRT02445,PRD0083
TRX003018,1,102.2,102.2,CRT03157,PRD0106
TRX003019,4,234.25,937.0,CRT03380,PRD0103
TRX003020,5,163.96,819.8000000000001,CRT02736,PRD0118
TRX003021,2,224.53,449.06,CRT02003,PRD0032
TRX003022,4,143.73,574.92,CRT03190,PRD0056
TRX003023,7,331.95,2323.65,CRT02479,PRD0161
TRX003024,6,275.33,1651.98,CRT02133,PRD0058
TRX003025,4,229.76,919.04,CRT02847,PRD0074
TRX003026,3,265.13,795.39,CRT00872,PRD0025
TRX003027,10,321.99,3219.9,CRT01972,PRD0062
TRX003028,9,146.67,1320.03,CRT03117,PRD0126
TRX003029,6,30.34,182.04,CRT01098,PRD0063
TRX003030,7,241.82,1692.74,CRT03083,PRD0192
TRX003031,9,281.93,2537.37,CRT01345,PRD0116
TRX003032,5,11.49,57.45,CRT00520,PRD0195
TRX003033,10,129.22,1292.2,CRT01126,PRD0084
TRX003034,10,75.69,756.9,CRT01853,PRD0077
TRX003035,8,13.84,110.72,CRT01620,PRD0186
TRX003036,8,97.82,782.56,CRT03152,PRD0172
TRX003037,1,95.22,95.22,CRT03316,PRD0029
TRX003038,8,198.63,1589.04,CRT02548,PRD0135
TRX003039,1,6.76,6.76,CRT00235,PRD0174
TRX003040,7,283.35,1983.4500000000005,CRT01364,PRD0154
TRX003041,1,121.08,121.08,CRT00677,PRD0151
TRX003042,1,288.19,288.19,CRT02695,PRD0176
TRX003043,8,331.85,2654.8,CRT02492,PRD0143
TRX003044,5,86.2,431.0,CRT01274,PRD0036
TRX003045,7,80.62,564.34,CRT02723,PRD0189
TRX003046,2,270.94,541.88,CRT01659,PRD0148
TRX003047,5,13.28,66.39999999999999,CRT00782,PRD0141
TRX003048,4,85.64,342.56,CRT00011,PRD0123
TRX003049,4,196.2,784.8,CRT01247,PRD0117
TRX003050,8,248.47,1987.76,CRT02173,PRD0044
TRX003051,1,116.26,116.26,CRT01967,PRD0137
TRX003052,1,301.82,301.82,CRT02743,PRD0054
TRX003053,5,301.62,1508.1,CRT03349,PRD0028
TRX003054,10,209.57,2095.7,CRT01697,PRD0027
TRX003055,2,262.09,524.18,CRT01100,PRD0023
TRX003056,8,64.83,518.64,CRT03092,PRD0088
TRX003057,5,263.29,1316.45,CRT00701,PRD0157
TRX003058,5,38.5,192.5,CRT02838,PRD0075
TRX003059,4,260.19,1040.76,CRT00659,PRD0001
TRX003060,7,153.58,1075.0600000000002,CRT03233,PRD0030
TRX003061,9,256.15,2305.35,CRT02118,PRD0040
TRX003062,8,196.43,1571.44,CRT01035,PRD0179
TRX003063,2,302.86,605.72,CRT00212,PRD0093
TRX003064,7,267.68,1873.76,CRT03097,PRD0197
TRX003065,4,308.17,1232.68,CRT01833,PRD0138
TRX003066,9,127.91,1151.19,CRT01765,PRD0171
TRX003067,8,343.3,2746.4,CRT00869,PRD0134
TRX003068,7,80.42,562.94,CRT01317,PRD0140
TRX003069,3,275.33,825.99,CRT02453,PRD0058
TRX003070,2,112.37,224.74,CRT02985,PRD0069
TRX003071,6,248.8,1492.8000000000002,CRT01044,PRD0099
TRX003072,8,141.38,1131.04,CRT00715,PRD0114
TRX003073,8,97.82,782.56,CRT01037,PRD0172
TRX003074,5,301.62,1508.1,CRT00101,PRD0028
TRX003075,1,78.71,78.71,CRT02254,PRD0024
TRX003076,6,46.73,280.38,CRT01475,PRD0104
TRX003077,5,80.42,402.1,CRT01291,PRD0140
TRX003078,6,104.38,626.28,CRT02716,PRD0011
TRX003079,9,228.33,2054.9700000000003,CRT03476,PRD0005
TRX003080,7,327.59,2293.13,CRT01564,PRD0047
TRX003081,7,85.64,599.48,CRT01338,PRD0123
TRX003082,2,209.57,419.14,CRT00550,PRD0027
TRX003083,9,252.15,2269.35,CRT01555,PRD0059
TRX003084,3,344.42,1033.26,CRT01100,PRD0112
TRX003085,5,259.17,1295.85,CRT03280,PRD0169
TRX003086,9,80.62,725.58,CRT01596,PRD0189
TRX003087,8,23.22,185.76,CRT00693,PRD0190
TRX003088,5,289.44,1447.2,CRT02123,PRD0155
TRX003089,2,305.67,611.34,CRT00997,PRD0039
TRX003090,5,312.35,1561.75,CRT02053,PRD0130
TRX003091,3,221.23,663.6899999999999,CRT01130,PRD0177
TRX003092,8,30.96,247.68,CRT00060,PRD0139
TRX003093,9,13.84,124.56,CRT00184,PRD0186
TRX003094,6,80.42,482.52,CRT01143,PRD0140
TRX003095,4,301.82,1207.28,CRT01670,PRD0054
TRX003096,2,103.06,206.12,CRT00497,PRD0013
TRX003097,5,144.46,722.3000000000001,CRT02912,PRD0185
TRX003098,2,136.36,272.72,CRT01313,PRD0098
TRX003099,10,283.35,2833.5,CRT00090,PRD0154
TRX003100,9,15.96,143.64,CRT01520,PRD0090
TRX003101,9,342.98,3086.82,CRT01134,PRD0080
TRX003102,8,316.62,2532.96,CRT00623,PRD0082
TRX003103,3,248.47,745.41,CRT02146,PRD0044
TRX003104,7,95.22,666.54,CRT02662,PRD0029
TRX003105,4,330.57,1322.28,CRT02253,PRD0173
TRX003106,5,349.85,1749.25,CRT01135,PRD0196
TRX003107,10,200.26,2002.6,CRT02648,PRD0105
TRX003108,3,228.33,684.99,CRT00138,PRD0041
TRX003109,2,262.09,524.18,CRT01791,PRD0023
TRX003110,3,156.17,468.51,CRT02530,PRD0198
TRX003111,3,221.23,663.6899999999999,CRT02498,PRD0177
TRX003112,4,124.75,499.0,CRT01739,PRD0166
TRX003113,4,207.27,829.08,CRT03245,PRD0006
TRX003114,10,23.22,232.2,CRT00490,PRD0190
TRX003115,10,162.15,1621.5,CRT00358,PRD0010
TRX003116,9,198.09,1782.81,CRT00572,PRD0178
TRX003117,3,303.73,911.19,CRT02499,PRD0136
TRX003118,2,252.15,504.3,CRT00322,PRD0059
TRX003119,6,85.85,515.0999999999999,CRT01262,PRD0184
TRX003120,10,238.97,2389.7,CRT01250,PRD0026
TRX003121,1,242.9,242.9,CRT00285,PRD0164
TRX003122,1,289.44,289.44,CRT01203,PRD0155
TRX003123,8,6.76,54.08,CRT00244,PRD0174
TRX003124,2,228.33,456.66,CRT01402,PRD0041
TRX003125,4,223.09,892.36,CRT00218,PRD0199
TRX003126,3,194.99,584.97,CRT01458,PRD0043
TRX003127,1,100.84,100.84,CRT02765,PRD0170
TRX003128,5,303.73,1518.65,CRT02432,PRD0136
TRX003129,5,75.69,378.45,CRT01919,PRD0077
TRX003130,9,23.22,208.98,CRT00314,PRD0190
TRX003131,5,233.03,1165.15,CRT00726,PRD0102
TRX003132,6,281.86,1691.16,CRT00557,PRD0188
TRX003133,7,30.96,216.72,CRT02670,PRD0139
TRX003134,8,224.09,1792.72,CRT03041,PRD0122
TRX003135,8,252.5,2020.0,CRT00796,PRD0100
TRX003136,2,344.39,688.78,CRT00198,PRD0149
TRX003137,6,115.19,691.14,CRT02393,PRD0018
TRX003138,5,88.65,443.25,CRT00085,PRD0042
TRX003139,2,38.12,76.24,CRT02251,PRD0002
TRX003140,8,140.04,1120.32,CRT02441,PRD0068
TRX003141,7,303.73,2126.11,CRT01676,PRD0136
TRX003142,7,224.09,1568.63,CRT00148,PRD0122
TRX003143,1,275.33,275.33,CRT02655,PRD0058
TRX003144,5,302.95,1514.75,CRT03325,PRD0087
TRX003145,6,85.85,515.0999999999999,CRT03341,PRD0184
TRX003146,7,209.57,1466.99,CRT00482,PRD0027
TRX003147,9,310.43,2793.87,CRT01119,PRD0113
TRX003148,10,38.5,385.0,CRT01357,PRD0075
TRX003149,4,129.22,516.88,CRT02221,PRD0084
TRX003150,10,141.38,1413.8,CRT01386,PRD0114
TRX003151,2,82.61,165.22,CRT01786,PRD0167
TRX003152,2,262.09,524.18,CRT01014,PRD0023
TRX003153,7,231.76,1622.32,CRT00083,PRD0038
TRX003154,5,99.29,496.4500000000001,CRT02502,PRD0053
TRX003155,6,229.76,1378.56,CRT01453,PRD0074
TRX003156,8,6.76,54.08,CRT00238,PRD0174
TRX003157,7,200.1,1400.7,CRT00701,PRD0182
TRX003158,8,241.37,1930.96,CRT00127,PRD0187
TRX003159,8,38.5,308.0,CRT00804,PRD0075
TRX003160,7,194.83,1363.8100000000002,CRT01721,PRD0165
TRX003161,6,311.57,1869.42,CRT01223,PRD0194
TRX003162,8,120.9,967.2,CRT00283,PRD0175
TRX003163,7,223.15,1562.05,CRT03086,PRD0016
TRX003164,7,217.4,1521.8,CRT01783,PRD0180
TRX003165,7,252.15,1765.05,CRT02902,PRD0059
TRX003166,5,51.02,255.1,CRT01391,PRD0022
TRX003167,8,112.37,898.96,CRT00533,PRD0069
TRX003168,7,217.4,1521.8,CRT00026,PRD0180
TRX003169,1,213.05,213.05,CRT02197,PRD0144
TRX003170,9,196.43,1767.87,CRT02180,PRD0179
TRX003171,6,4.55,27.3,CRT00930,PRD0129
TRX003172,3,181.62,544.86,CRT01311,PRD0109
TRX003173,1,162.15,162.15,CRT01360,PRD0010
TRX003174,9,288.92,2600.28,CRT02922,PRD0191
TRX003175,6,208.25,1249.5,CRT02640,PRD0147
TRX003176,3,281.93,845.79,CRT00897,PRD0116
TRX003177,10,336.37,3363.7,CRT00686,PRD0152
TRX003178,7,270.94,1896.58,CRT03143,PRD0148
TRX003179,5,275.33,1376.65,CRT01375,PRD0058
TRX003180,6,9.29,55.74,CRT02277,PRD0128
TRX003181,6,103.06,618.36,CRT01581,PRD0013
TRX003182,3,103.06,309.18,CRT01560,PRD0013
TRX003183,2,36.18,72.36,CRT03388,PRD0049
TRX003184,8,218.35,1746.8,CRT02352,PRD0070
TRX003185,6,75.69,454.14,CRT02696,PRD0077
TRX003186,1,233.03,233.03,CRT00717,PRD0102
TRX003187,5,223.15,1115.75,CRT00395,PRD0016
TRX003188,10,194.99,1949.9,CRT01357,PRD0043
TRX003189,10,327.31,3273.1,CRT00374,PRD0067
TRX003190,9,200.26,1802.34,CRT03266,PRD0105
TRX003191,9,212.13,1909.17,CRT00720,PRD0131
TRX003192,8,349.75,2798.0,CRT02660,PRD0055
TRX003193,9,312.35,2811.15,CRT02575,PRD0130
TRX003194,3,15.79,47.37,CRT01046,PRD0096
TRX003195,10,10.72,107.2,CRT02415,PRD0092
TRX003196,9,76.57,689.1299999999999,CRT00751,PRD0071
TRX003197,9,162.15,1459.35,CRT02077,PRD0010
TRX003198,8,297.0,2376.0,CRT01062,PRD0009
TRX003199,3,9.29,27.87,CRT01624,PRD0128
TRX003200,8,175.98,1407.84,CRT02268,PRD0021
TRX003201,6,151.12,906.72,CRT00805,PRD0081
TRX003202,5,241.37,1206.85,CRT03116,PRD0187
TRX003203,5,75.69,378.45,CRT02953,PRD0077
TRX003204,3,15.96,47.88,CRT00759,PRD0090
TRX003205,3,136.36,409.08,CRT00084,PRD0098
TRX003206,1,242.9,242.9,CRT00044,PRD0164
TRX003207,7,286.9,2008.3,CRT02904,PRD0110
TRX003208,2,119.47,238.94,CRT03012,PRD0008
TRX003209,9,190.14,1711.2599999999998,CRT00723,PRD0193
TRX003210,6,224.09,1344.54,CRT03314,PRD0122
TRX003211,1,267.28,267.28,CRT01361,PRD0031
TRX003212,7,302.86,2120.02,CRT01146,PRD0093
TRX003213,10,74.71,747.0999999999999,CRT03445,PRD0183
TRX003214,3,175.98,527.9399999999999,CRT02107,PRD0021
TRX003215,10,217.4,2174.0,CRT00579,PRD0180
TRX003216,9,102.2,919.8,CRT01721,PRD0106
TRX003217,8,344.42,2755.36,CRT01963,PRD0112
TRX003218,4,13.28,53.12,CRT00999,PRD0141
TRX003219,9,275.78,2482.0199999999995,CRT03454,PRD0097
TRX003220,7,175.98,1231.86,CRT03001,PRD0021
TRX003221,5,13.65,68.25,CRT00870,PRD0019
TRX003222,1,229.76,229.76,CRT02158,PRD0074
TRX003223,1,13.84,13.84,CRT03096,PRD0186
TRX003224,7,239.52,1676.64,CRT02985,PRD0085
TRX003225,8,246.16,1969.28,CRT02168,PRD0160
TRX003226,3,349.85,1049.5500000000002,CRT03001,PRD0196
TRX003227,5,262.09,1310.4499999999998,CRT03314,PRD0023
TRX003228,7,141.38,989.66,CRT03256,PRD0114
TRX003229,7,42.58,298.06,CRT01063,PRD0095
TRX003230,4,82.61,330.44,CRT01335,PRD0167
TRX003231,10,64.83,648.3,CRT01989,PRD0088
TRX003232,1,281.93,281.93,CRT00559,PRD0116
TRX003233,4,331.85,1327.4,CRT00188,PRD0143
TRX003234,3,228.33,684.99,CRT00754,PRD0041
TRX003235,2,256.15,512.3,CRT00668,PRD0040
TRX003236,5,194.5,972.5,CRT01482,PRD0083
TRX003237,4,15.79,63.16,CRT03068,PRD0096
TRX003238,1,297.0,297.0,CRT00267,PRD0009
TRX003239,4,88.06,352.24,CRT01462,PRD0065
TRX003240,2,207.27,414.54,CRT00079,PRD0006
TRX003241,9,311.57,2804.13,CRT02697,PRD0194
TRX003242,4,166.93,667.72,CRT03145,PRD0108
TRX003243,10,38.5,385.0,CRT01058,PRD0075
TRX003244,4,68.6,274.4,CRT00920,PRD0052
TRX003245,4,4.55,18.2,CRT03256,PRD0129
TRX003246,1,99.1,99.1,CRT03106,PRD0014
TRX003247,2,218.35,436.7,CRT02802,PRD0070
TRX003248,2,148.18,296.36,CRT00717,PRD0066
TRX003249,2,55.45,110.9,CRT03218,PRD0142
TRX003250,9,286.9,2582.1,CRT02605,PRD0110
TRX003251,5,164.79,823.9499999999999,CRT02387,PRD0050
TRX003252,1,288.92,288.92,CRT00107,PRD0191
TRX003253,7,156.17,1093.1899999999998,CRT03259,PRD0198
TRX003254,6,281.93,1691.58,CRT01668,PRD0116
TRX003255,5,332.64,1663.1999999999998,CRT00051,PRD0119
TRX003256,9,63.71,573.39,CRT00302,PRD0153
TRX003257,9,267.47,2407.2300000000005,CRT00822,PRD0033
TRX003258,6,224.53,1347.18,CRT03045,PRD0032
TRX003259,6,151.12,906.72,CRT02030,PRD0081
TRX003260,9,95.22,856.98,CRT01952,PRD0029
TRX003261,8,179.52,1436.16,CRT00946,PRD0094
TRX003262,6,87.81,526.86,CRT02461,PRD0156
TRX003263,6,275.78,1654.6799999999998,CRT01680,PRD0097
TRX003264,3,344.42,1033.26,CRT02561,PRD0112
TRX003265,5,99.1,495.5,CRT00537,PRD0014
TRX003266,6,327.31,1963.86,CRT00229,PRD0067
TRX003267,3,278.04,834.1200000000001,CRT02374,PRD0163
TRX003268,10,13.84,138.4,CRT00105,PRD0186
TRX003269,7,197.06,1379.42,CRT01741,PRD0086
TRX003270,2,275.78,551.56,CRT02907,PRD0097
TRX003271,6,6.76,40.56,CRT01444,PRD0174
TRX003272,2,260.19,520.38,CRT03406,PRD0001
TRX003273,5,120.9,604.5,CRT02019,PRD0175
TRX003274,4,228.33,913.32,CRT00155,PRD0041
TRX003275,7,267.28,1870.96,CRT00221,PRD0031
TRX003276,10,46.73,467.3,CRT02694,PRD0104
TRX003277,8,228.33,1826.64,CRT00983,PRD0041
TRX003278,5,318.21,1591.05,CRT00986,PRD0181
TRX003279,6,302.86,1817.16,CRT01678,PRD0093
TRX003280,8,15.79,126.32,CRT02807,PRD0096
TRX003281,9,75.69,681.21,CRT00086,PRD0077
TRX003282,4,332.64,1330.56,CRT00952,PRD0119
TRX003283,6,278.04,1668.2400000000002,CRT03052,PRD0163
TRX003284,2,301.22,602.44,CRT00822,PRD0045
TRX003285,8,237.14,1897.12,CRT01568,PRD0064
TRX003286,10,9.29,92.9,CRT00007,PRD0128
TRX003287,9,278.04,2502.36,CRT02276,PRD0163
TRX003288,4,331.85,1327.4,CRT03058,PRD0143
TRX003289,9,267.47,2407.2300000000005,CRT02924,PRD0033
TRX003290,8,238.97,1911.76,CRT01524,PRD0026
TRX003291,2,46.73,93.46,CRT03333,PRD0104
TRX003292,4,80.62,322.48,CRT01710,PRD0189
TRX003293,6,197.06,1182.36,CRT00811,PRD0086
TRX003294,6,311.57,1869.42,CRT02970,PRD0194
TRX003295,7,260.19,1821.33,CRT00166,PRD0001
TRX003296,7,181.62,1271.34,CRT01275,PRD0109
TRX003297,10,242.9,2429.0,CRT02094,PRD0164
TRX003298,7,80.62,564.34,CRT01597,PRD0189
TRX003299,4,38.12,152.48,CRT01654,PRD0002
TRX003300,4,85.85,343.4,CRT00574,PRD0184
TRX003301,9,144.46,1300.14,CRT02306,PRD0185
TRX003302,10,238.97,2389.7,CRT01300,PRD0026
TRX003303,6,40.06,240.36,CRT01929,PRD0145
TRX003304,9,38.12,343.08,CRT00510,PRD0002
TRX003305,7,10.72,75.04,CRT02574,PRD0092
TRX003306,5,124.75,623.75,CRT01214,PRD0166
TRX003307,2,344.42,688.84,CRT00609,PRD0112
TRX003308,8,213.05,1704.4,CRT01407,PRD0144
TRX003309,9,115.14,1036.26,CRT01637,PRD0034
TRX003310,3,275.78,827.3399999999999,CRT01217,PRD0097
TRX003311,6,15.79,94.74,CRT01024,PRD0096
TRX003312,7,10.72,75.04,CRT02850,PRD0092
TRX003313,1,151.36,151.36,CRT02631,PRD0150
TRX003314,2,336.37,672.74,CRT01731,PRD0152
TRX003315,10,265.13,2651.3,CRT01898,PRD0025
TRX003316,10,336.37,3363.7,CRT01262,PRD0152
TRX003317,10,252.15,2521.5,CRT01511,PRD0059
TRX003318,2,237.14,474.28,CRT02108,PRD0064
TRX003319,7,30.96,216.72,CRT03097,PRD0139
TRX003320,3,275.78,827.3399999999999,CRT01165,PRD0097
TRX003321,5,26.82,134.1,CRT01256,PRD0101
TRX003322,7,172.26,1205.82,CRT01633,PRD0078
TRX003323,10,260.19,2601.9,CRT02638,PRD0001
TRX003324,5,301.87,1509.35,CRT03017,PRD0121
TRX003325,8,38.12,304.96,CRT00575,PRD0002
TRX003326,7,200.1,1400.7,CRT00150,PRD0182
TRX003327,3,153.58,460.74,CRT01773,PRD0030
TRX003328,10,162.15,1621.5,CRT03009,PRD0010
TRX003329,4,95.22,380.88,CRT02188,PRD0029
TRX003330,7,97.82,684.74,CRT02096,PRD0172
TRX003331,9,95.22,856.98,CRT01891,PRD0029
TRX003332,5,339.13,1695.65,CRT02913,PRD0060
TRX003333,3,252.15,756.45,CRT00558,PRD0059
TRX003334,7,248.47,1739.29,CRT02796,PRD0044
TRX003335,9,303.73,2733.57,CRT00489,PRD0136
TRX003336,6,104.38,626.28,CRT02857,PRD0011
TRX003337,2,270.94,541.88,CRT00721,PRD0148
TRX003338,8,275.78,2206.24,CRT02427,PRD0097
TRX003339,10,194.83,1948.3,CRT00287,PRD0165
TRX003340,8,238.5,1908.0,CRT01467,PRD0133
TRX003341,4,156.17,624.68,CRT00392,PRD0198
TRX003342,7,13.65,95.55,CRT01755,PRD0019
TRX003343,8,96.92,775.36,CRT00147,PRD0124
TRX003344,10,13.84,138.4,CRT00364,PRD0186
TRX003345,10,331.85,3318.5,CRT00015,PRD0143
TRX003346,1,197.06,197.06,CRT03271,PRD0086
TRX003347,2,265.13,530.26,CRT02327,PRD0025
TRX003348,1,281.93,281.93,CRT00577,PRD0116
TRX003349,3,24.14,72.42,CRT00794,PRD0127
TRX003350,8,51.02,408.16,CRT02485,PRD0022
TRX003351,2,292.23,584.46,CRT01173,PRD0073
TRX003352,10,224.09,2240.9,CRT00410,PRD0122
TRX003353,1,218.35,218.35,CRT02562,PRD0070
TRX003354,10,342.98,3429.8,CRT02790,PRD0080
TRX003355,6,283.35,1700.1,CRT01920,PRD0154
TRX003356,3,316.62,949.86,CRT01383,PRD0082
TRX003357,1,297.0,297.0,CRT02300,PRD0009
TRX003358,4,224.09,896.36,CRT01375,PRD0122
TRX003359,9,116.26,1046.34,CRT02020,PRD0137
TRX003360,8,200.26,1602.08,CRT02625,PRD0105
TRX003361,3,327.59,982.77,CRT02408,PRD0047
TRX003362,2,275.33,550.66,CRT03458,PRD0058
TRX003363,3,301.82,905.46,CRT00791,PRD0054
TRX003364,2,178.11,356.22,CRT02254,PRD0004
TRX003365,6,331.85,1991.1,CRT00545,PRD0143
TRX003366,2,267.28,534.56,CRT02429,PRD0031
TRX003367,10,281.86,2818.6000000000004,CRT02637,PRD0188
TRX003368,1,260.65,260.65,CRT02507,PRD0168
TRX003369,5,80.62,403.1,CRT03127,PRD0189
TRX003370,6,156.17,937.02,CRT03393,PRD0198
TRX003371,7,260.49,1823.43,CRT02800,PRD0076
TRX003372,3,331.85,995.55,CRT01734,PRD0143
TRX003373,5,256.15,1280.75,CRT03206,PRD0040
TRX003374,5,10.72,53.6,CRT02433,PRD0092
TRX003375,7,228.33,1598.3100000000002,CRT01073,PRD0041
TRX003376,3,30.96,92.88,CRT02646,PRD0139
TRX003377,3,238.97,716.91,CRT01061,PRD0026
TRX003378,1,115.19,115.19,CRT00733,PRD0018
TRX003379,2,223.15,446.3,CRT02234,PRD0016
TRX003380,7,68.6,480.19999999999993,CRT03331,PRD0052
TRX003381,6,267.68,1606.08,CRT00669,PRD0197
TRX003382,7,13.28,92.96,CRT00057,PRD0141
TRX003383,7,10.72,75.04,CRT01036,PRD0092
TRX003384,4,292.23,1168.92,CRT00725,PRD0073
TRX003385,4,59.71,238.84,CRT02897,PRD0057
TRX003386,10,198.63,1986.3,CRT02382,PRD0135
TRX003387,4,239.52,958.08,CRT00235,PRD0085
TRX003388,6,63.71,382.26,CRT01585,PRD0153
TRX003389,1,327.31,327.31,CRT00417,PRD0067
TRX003390,9,12.47,112.23,CRT03308,PRD0158
TRX003391,3,163.96,491.88,CRT02316,PRD0118
TRX003392,5,134.36,671.8000000000001,CRT00037,PRD0017
TRX003393,4,80.62,322.48,CRT02092,PRD0189
TRX003394,3,119.47,358.41,CRT01202,PRD0008
TRX003395,7,13.28,92.96,CRT01313,PRD0141
TRX003396,3,297.0,891.0,CRT01064,PRD0009
TRX003397,6,342.98,2057.88,CRT02168,PRD0080
TRX003398,4,124.75,499.0,CRT03219,PRD0166
TRX003399,9,267.28,2405.5199999999995,CRT02224,PRD0031
TRX003400,2,38.12,76.24,CRT02077,PRD0002
TRX003401,5,26.82,134.1,CRT02377,PRD0101
TRX003402,1,209.57,209.57,CRT03420,PRD0027
TRX003403,4,218.35,873.4,CRT01750,PRD0070
TRX003404,1,301.5,301.5,CRT01231,PRD0115
TRX003405,8,88.65,709.2,CRT00896,PRD0042
TRX003406,6,99.29,595.74,CRT01658,PRD0053
TRX003407,6,179.52,1077.12,CRT02793,PRD0094
TRX003408,10,140.04,1400.4,CRT02636,PRD0068
TRX003409,9,10.72,96.48,CRT02695,PRD0092
TRX003410,5,344.42,1722.1,CRT01480,PRD0112
TRX003411,2,127.91,255.82,CRT02055,PRD0171
TRX003412,5,301.22,1506.1,CRT03083,PRD0045
TRX003413,3,275.33,825.99,CRT03322,PRD0058
TRX003414,1,26.82,26.82,CRT02397,PRD0101
TRX003415,3,88.65,265.95000000000005,CRT03482,PRD0042
TRX003416,5,248.8,1244.0,CRT01330,PRD0099
TRX003417,9,115.19,1036.71,CRT03370,PRD0018
TRX003418,5,231.76,1158.8,CRT02657,PRD0038
TRX003419,4,59.71,238.84,CRT00304,PRD0057
TRX003420,6,151.12,906.72,CRT00883,PRD0081
TRX003421,1,301.5,301.5,CRT00323,PRD0115
TRX003422,8,242.9,1943.2,CRT00859,PRD0164
TRX003423,5,75.69,378.45,CRT02908,PRD0077
TRX003424,6,11.49,68.94,CRT02210,PRD0195
TRX003425,1,331.85,331.85,CRT00330,PRD0143
TRX003426,10,144.46,1444.6,CRT01330,PRD0185
TRX003427,4,267.68,1070.72,CRT01181,PRD0197
TRX003428,4,172.26,689.04,CRT02113,PRD0078
TRX003429,3,59.71,179.13,CRT01643,PRD0057
TRX003430,9,82.61,743.49,CRT01131,PRD0167
TRX003431,1,278.04,278.04,CRT01935,PRD0163
TRX003432,10,228.33,2283.3,CRT02465,PRD0005
TRX003433,10,88.65,886.5,CRT01580,PRD0042
TRX003434,10,80.62,806.2,CRT02149,PRD0189
TRX003435,8,23.22,185.76,CRT00333,PRD0190
TRX003436,1,30.96,30.96,CRT02394,PRD0139
TRX003437,3,242.9,728.7,CRT02078,PRD0164
TRX003438,5,316.62,1583.1,CRT02364,PRD0082
TRX003439,5,292.23,1461.15,CRT00099,PRD0073
TRX003440,1,87.81,87.81,CRT01773,PRD0156
TRX003441,5,95.22,476.1,CRT00242,PRD0029
TRX003442,4,98.65,394.6,CRT00635,PRD0079
TRX003443,2,327.31,654.62,CRT00962,PRD0067
TRX003444,1,97.82,97.82,CRT01978,PRD0172
TRX003445,10,332.64,3326.4,CRT02805,PRD0119
TRX003446,1,115.14,115.14,CRT01875,PRD0034
TRX003447,8,40.06,320.48,CRT02536,PRD0145
TRX003448,8,343.3,2746.4,CRT00887,PRD0134
TRX003449,2,252.15,504.3,CRT00412,PRD0059
TRX003450,9,119.47,1075.23,CRT01809,PRD0008
TRX003451,3,149.36,448.08,CRT00609,PRD0007
TRX003452,4,221.23,884.92,CRT01582,PRD0177
TRX003453,6,303.73,1822.38,CRT02988,PRD0136
TRX003454,4,95.22,380.88,CRT00140,PRD0029
TRX003455,3,286.9,860.6999999999999,CRT02104,PRD0110
TRX003456,8,238.5,1908.0,CRT01494,PRD0133
TRX003457,8,115.19,921.52,CRT02404,PRD0018
TRX003458,4,343.3,1373.2,CRT03390,PRD0134
TRX003459,8,260.49,2083.92,CRT00269,PRD0076
TRX003460,7,178.11,1246.77,CRT01688,PRD0004
TRX003461,6,115.19,691.14,CRT00872,PRD0018
TRX003462,6,228.33,1369.98,CRT01356,PRD0005
TRX003463,5,283.35,1416.75,CRT02606,PRD0154
TRX003464,8,143.73,1149.84,CRT02289,PRD0056
TRX003465,7,194.83,1363.8100000000002,CRT00619,PRD0165
TRX003466,2,252.5,505.0,CRT01319,PRD0100
TRX003467,8,262.09,2096.72,CRT01058,PRD0023
TRX003468,3,288.92,866.76,CRT00782,PRD0191
TRX003469,8,228.33,1826.64,CRT03030,PRD0041
TRX003470,6,69.32,415.92,CRT02043,PRD0012
TRX003471,8,4.55,36.4,CRT01727,PRD0129
TRX003472,4,318.04,1272.16,CRT02499,PRD0146
TRX003473,6,156.17,937.02,CRT02830,PRD0198
TRX003474,6,88.06,528.36,CRT03319,PRD0065
TRX003475,5,239.52,1197.6,CRT00407,PRD0085
TRX003476,9,153.95,1385.55,CRT00576,PRD0132
TRX003477,2,248.47,496.94,CRT00462,PRD0044
TRX003478,5,291.12,1455.6,CRT03426,PRD0120
TRX003479,8,63.71,509.68,CRT02119,PRD0153
TRX003480,2,217.4,434.8,CRT00083,PRD0180
TRX003481,3,278.04,834.1200000000001,CRT01737,PRD0163
TRX003482,7,115.19,806.3299999999999,CRT02781,PRD0018
TRX003483,7,69.32,485.24,CRT01505,PRD0012
TRX003484,7,40.06,280.42,CRT02480,PRD0145
TRX003485,2,163.96,327.92,CRT03142,PRD0118
TRX003486,6,102.2,613.2,CRT01290,PRD0106
TRX003487,4,291.12,1164.48,CRT01903,PRD0120
TRX003488,10,327.59,3275.9,CRT01466,PRD0047
TRX003489,4,282.78,1131.12,CRT00118,PRD0111
TRX003490,10,200.26,2002.6,CRT01528,PRD0105
TRX003491,3,318.04,954.12,CRT02458,PRD0146
TRX003492,10,195.42,1954.2,CRT00235,PRD0162
TRX003493,5,321.99,1609.95,CRT00306,PRD0062
TRX003494,3,194.83,584.49,CRT03073,PRD0165
TRX003495,8,311.57,2492.56,CRT02327,PRD0194
TRX003496,1,344.9,344.9,CRT01662,PRD0035
TRX003497,3,4.55,13.65,CRT01775,PRD0129
TRX003498,2,23.22,46.44,CRT00852,PRD0190
TRX003499,6,140.04,840.24,CRT03248,PRD0068
TRX003500,1,288.92,288.92,CRT00482,PRD0191
TRX003501,2,103.06,206.12,CRT00085,PRD0013
TRX003502,4,181.62,726.48,CRT00303,PRD0109
TRX003503,5,80.62,403.1,CRT00654,PRD0189
TRX003504,4,336.37,1345.48,CRT00688,PRD0152
TRX003505,4,54.91,219.64,CRT02310,PRD0125
TRX003506,10,104.38,1043.8,CRT01911,PRD0011
TRX003507,1,270.94,270.94,CRT01951,PRD0148
TRX003508,7,162.15,1135.05,CRT01673,PRD0010
TRX003509,3,99.29,297.87,CRT03399,PRD0053
TRX003510,8,301.22,2409.76,CRT02297,PRD0045
TRX003511,10,57.82,578.2,CRT02038,PRD0089
TRX003512,9,239.52,2155.6800000000003,CRT00406,PRD0085
TRX003513,10,36.18,361.8,CRT00140,PRD0049
TRX003514,6,129.22,775.3199999999999,CRT00709,PRD0084
TRX003515,9,344.9,3104.1,CRT01052,PRD0035
TRX003516,3,85.85,257.54999999999995,CRT02614,PRD0184
TRX003517,5,228.33,1141.65,CRT01368,PRD0005
TRX003518,8,12.47,99.76,CRT01302,PRD0158
TRX003519,8,134.36,1074.88,CRT01786,PRD0017
TRX003520,4,156.17,624.68,CRT00043,PRD0198
TRX003521,4,198.63,794.52,CRT01836,PRD0135
TRX003522,10,197.06,1970.6,CRT00931,PRD0086
TRX003523,2,99.1,198.2,CRT01857,PRD0014
TRX003524,3,127.91,383.73,CRT01062,PRD0171
TRX003525,10,6.76,67.6,CRT02841,PRD0174
TRX003526,10,301.5,3015.0,CRT01119,PRD0115
TRX003527,1,87.81,87.81,CRT00853,PRD0156
TRX003528,4,196.43,785.72,CRT01682,PRD0179
TRX003529,8,267.68,2141.44,CRT00748,PRD0197
TRX003530,2,283.35,566.7,CRT02325,PRD0154
TRX003531,10,100.84,1008.4,CRT01674,PRD0170
TRX003532,2,120.9,241.8,CRT00750,PRD0175
TRX003533,3,74.71,224.13,CRT00604,PRD0183
TRX003534,8,301.22,2409.76,CRT01936,PRD0045
TRX003535,6,223.09,1338.54,CRT02195,PRD0199
TRX003536,10,330.57,3305.7,CRT03006,PRD0173
TRX003537,4,115.19,460.76,CRT00249,PRD0018
TRX003538,10,349.85,3498.5,CRT02335,PRD0196
TRX003539,6,116.26,697.5600000000001,CRT03003,PRD0137
TRX003540,6,23.22,139.32,CRT00509,PRD0190
TRX003541,8,198.63,1589.04,CRT02662,PRD0135
TRX003542,2,344.39,688.78,CRT01672,PRD0149
TRX003543,5,38.12,190.6,CRT03465,PRD0002
TRX003544,3,85.64,256.92,CRT00255,PRD0123
TRX003545,2,252.5,505.0,CRT00577,PRD0100
TRX003546,2,228.33,456.66,CRT02195,PRD0041
TRX003547,7,15.96,111.72,CRT01448,PRD0090
TRX003548,3,26.82,80.46000000000001,CRT02190,PRD0101
TRX003549,3,349.85,1049.5500000000002,CRT03282,PRD0196
TRX003550,1,13.65,13.65,CRT02898,PRD0019
TRX003551,7,196.2,1373.4,CRT01423,PRD0117
TRX003552,6,265.13,1590.78,CRT02634,PRD0025
TRX003553,10,321.99,3219.9,CRT00151,PRD0062
TRX003554,2,343.3,686.6,CRT01122,PRD0134
TRX003555,1,224.09,224.09,CRT01382,PRD0122
TRX003556,1,42.58,42.58,CRT00675,PRD0095
TRX003557,5,316.62,1583.1,CRT02543,PRD0082
TRX003558,5,330.57,1652.85,CRT01308,PRD0173
TRX003559,4,312.35,1249.4,CRT01575,PRD0130
TRX003560,7,336.37,2354.59,CRT02928,PRD0152
TRX003561,5,175.98,879.9,CRT00787,PRD0021
TRX003562,4,278.04,1112.16,CRT03177,PRD0163
TRX003563,7,197.06,1379.42,CRT01678,PRD0086
TRX003564,5,30.96,154.8,CRT03323,PRD0139
TRX003565,5,75.82,379.1,CRT01784,PRD0020
TRX003566,5,252.5,1262.5,CRT01423,PRD0100
TRX003567,4,342.98,1371.92,CRT03052,PRD0080
TRX003568,3,217.4,652.2,CRT02224,PRD0180
TRX003569,10,153.95,1539.5,CRT00845,PRD0132
TRX003570,7,181.62,1271.34,CRT01825,PRD0109
TRX003571,10,241.82,2418.2,CRT01740,PRD0192
TRX003572,2,316.62,633.24,CRT00263,PRD0082
TRX003573,5,275.16,1375.8000000000002,CRT02100,PRD0048
TRX003574,3,181.62,544.86,CRT01461,PRD0109
TRX003575,3,200.1,600.3,CRT01966,PRD0182
TRX003576,1,343.3,343.3,CRT02466,PRD0134
TRX003577,1,228.33,228.33,CRT02720,PRD0005
TRX003578,8,318.04,2544.32,CRT02706,PRD0146
TRX003579,3,342.98,1028.94,CRT00140,PRD0080
TRX003580,3,87.81,263.43,CRT00971,PRD0156
TRX003581,8,9.29,74.32,CRT00983,PRD0128
TRX003582,7,10.72,75.04,CRT02276,PRD0092
TRX003583,9,151.12,1360.08,CRT03454,PRD0081
TRX003584,4,332.64,1330.56,CRT01196,PRD0119
TRX003585,6,171.38,1028.28,CRT02928,PRD0037
TRX003586,3,302.95,908.85,CRT02119,PRD0087
TRX003587,8,57.82,462.56,CRT03218,PRD0089
TRX003588,9,82.61,743.49,CRT02994,PRD0167
TRX003589,1,234.25,234.25,CRT01645,PRD0103
TRX003590,9,141.38,1272.42,CRT01708,PRD0114
TRX003591,8,308.17,2465.36,CRT02651,PRD0138
TRX003592,9,15.96,143.64,CRT02939,PRD0090
TRX003593,6,342.98,2057.88,CRT02064,PRD0080
TRX003594,8,23.22,185.76,CRT01961,PRD0190
TRX003595,2,156.17,312.34,CRT02388,PRD0198
TRX003596,1,88.06,88.06,CRT02098,PRD0065
TRX003597,10,231.76,2317.6,CRT02751,PRD0038
TRX003598,4,85.85,343.4,CRT00481,PRD0184
TRX003599,4,301.87,1207.48,CRT01180,PRD0121
TRX003600,9,196.43,1767.87,CRT02420,PRD0179
TRX003601,6,166.93,1001.58,CRT03414,PRD0108
TRX003602,4,224.09,896.36,CRT01865,PRD0122
TRX003603,1,302.86,302.86,CRT02158,PRD0093
TRX003604,1,196.2,196.2,CRT00221,PRD0117
TRX003605,1,36.18,36.18,CRT02202,PRD0049
TRX003606,10,237.14,2371.4,CRT03270,PRD0064
TRX003607,1,166.93,166.93,CRT03062,PRD0108
TRX003608,1,301.62,301.62,CRT02081,PRD0028
TRX003609,7,112.37,786.59,CRT00798,PRD0069
TRX003610,4,15.79,63.16,CRT03244,PRD0096
TRX003611,3,302.86,908.58,CRT01135,PRD0093
TRX003612,6,302.95,1817.7,CRT00838,PRD0087
TRX003613,9,11.49,103.41,CRT00670,PRD0195
TRX003614,7,260.65,1824.55,CRT03404,PRD0168
TRX003615,8,75.69,605.52,CRT00672,PRD0077
TRX003616,8,228.33,1826.64,CRT01173,PRD0005
TRX003617,6,260.65,1563.9,CRT02367,PRD0168
TRX003618,5,74.71,373.55,CRT00975,PRD0183
TRX003619,7,229.76,1608.32,CRT02093,PRD0074
TRX003620,6,344.39,2066.34,CRT02344,PRD0149
TRX003621,9,228.33,2054.9700000000003,CRT00660,PRD0005
TRX003622,7,207.27,1450.89,CRT02146,PRD0006
TRX003623,2,125.96,251.92,CRT02755,PRD0015
TRX003624,8,331.85,2654.8,CRT02808,PRD0143
TRX003625,3,281.86,845.58,CRT02410,PRD0188
TRX003626,9,265.13,2386.17,CRT00665,PRD0025
TRX003627,5,57.82,289.1,CRT02401,PRD0089
TRX003628,8,196.43,1571.44,CRT02495,PRD0179
TRX003629,1,263.29,263.29,CRT01936,PRD0157
TRX003630,4,148.18,592.72,CRT00716,PRD0066
TRX003631,5,282.78,1413.9,CRT01620,PRD0111
TRX003632,5,231.76,1158.8,CRT01821,PRD0038
TRX003633,7,99.1,693.6999999999999,CRT00411,PRD0014
TRX003634,4,194.83,779.32,CRT02530,PRD0165
TRX003635,4,332.64,1330.56,CRT01021,PRD0119
TRX003636,3,23.22,69.66,CRT00865,PRD0190
TRX003637,5,76.57,382.85,CRT02094,PRD0071
TRX003638,7,342.98,2400.86,CRT02218,PRD0080
TRX003639,6,331.95,1991.7,CRT01181,PRD0161
TRX003640,7,114.48,801.36,CRT03106,PRD0107
TRX003641,9,57.82,520.38,CRT02834,PRD0089
TRX003642,5,312.35,1561.75,CRT01313,PRD0130
TRX003643,2,259.17,518.34,CRT01371,PRD0169
TRX003644,6,321.99,1931.94,CRT02510,PRD0062
TRX003645,5,197.06,985.3,CRT03264,PRD0086
TRX003646,7,69.32,485.24,CRT01607,PRD0012
TRX003647,4,212.13,848.52,CRT01195,PRD0131
TRX003648,6,289.44,1736.64,CRT00892,PRD0155
TRX003649,2,260.19,520.38,CRT00253,PRD0001
TRX003650,8,301.87,2414.96,CRT00436,PRD0121
TRX003651,6,99.29,595.74,CRT01318,PRD0053
TRX003652,8,332.64,2661.12,CRT01928,PRD0119
TRX003653,4,9.29,37.16,CRT01376,PRD0128
TRX003654,6,200.26,1201.56,CRT00233,PRD0105
TRX003655,2,15.96,31.92,CRT02842,PRD0090
TRX003656,9,260.65,2345.85,CRT00892,PRD0168
TRX003657,6,248.8,1492.8000000000002,CRT01733,PRD0099
TRX003658,2,9.29,18.58,CRT03272,PRD0128
TRX003659,8,223.09,1784.72,CRT01928,PRD0199
TRX003660,7,146.67,1026.6899999999998,CRT02875,PRD0126
TRX003661,10,4.55,45.5,CRT01789,PRD0129
TRX003662,7,289.44,2026.08,CRT01472,PRD0155
TRX003663,6,163.96,983.76,CRT00930,PRD0118
TRX003664,10,178.11,1781.1,CRT03436,PRD0004
TRX003665,6,175.98,1055.88,CRT02199,PRD0021
TRX003666,10,288.19,2881.9,CRT01714,PRD0176
TRX003667,7,140.04,980.28,CRT00379,PRD0068
TRX003668,6,149.12,894.72,CRT01531,PRD0003
TRX003669,7,4.55,31.85,CRT01096,PRD0129
TRX003670,1,98.65,98.65,CRT00490,PRD0079
TRX003671,1,146.67,146.67,CRT00431,PRD0126
TRX003672,4,248.8,995.2,CRT02661,PRD0099
TRX003673,4,344.9,1379.6,CRT03480,PRD0035
TRX003674,8,121.08,968.64,CRT00144,PRD0151
TRX003675,6,228.33,1369.98,CRT00246,PRD0005
TRX003676,3,238.5,715.5,CRT00377,PRD0133
TRX003677,3,301.87,905.61,CRT01874,PRD0121
TRX003678,10,153.58,1535.8000000000002,CRT00446,PRD0030
TRX003679,7,171.38,1199.66,CRT00336,PRD0037
TRX003680,5,234.97,1174.85,CRT02601,PRD0046
TRX003681,9,231.76,2085.84,CRT01482,PRD0038
TRX003682,5,301.87,1509.35,CRT00140,PRD0121
TRX003683,3,194.83,584.49,CRT02312,PRD0165
TRX003684,2,24.14,48.28,CRT00210,PRD0127
TRX003685,1,178.11,178.11,CRT00391,PRD0004
TRX003686,10,115.14,1151.4,CRT03419,PRD0034
TRX003687,3,297.0,891.0,CRT02519,PRD0009
TRX003688,3,263.29,789.8700000000001,CRT00995,PRD0157
TRX003689,3,252.5,757.5,CRT00843,PRD0100
TRX003690,6,256.15,1536.9,CRT00772,PRD0040
TRX003691,2,80.62,161.24,CRT02113,PRD0189
TRX003692,5,278.04,1390.2,CRT02632,PRD0163
TRX003693,6,12.47,74.82000000000001,CRT03248,PRD0158
TRX003694,6,318.21,1909.26,CRT01238,PRD0181
TRX003695,8,212.13,1697.04,CRT00828,PRD0131
TRX003696,10,239.52,2395.2000000000003,CRT00081,PRD0085
TRX003697,6,68.6,411.6,CRT02045,PRD0052
TRX003698,4,331.95,1327.8,CRT02669,PRD0161
TRX003699,8,321.66,2573.28,CRT00602,PRD0091
TRX003700,3,275.16,825.48,CRT03383,PRD0048
TRX003701,4,23.22,92.88,CRT01342,PRD0190
TRX003702,8,208.25,1666.0,CRT01896,PRD0147
TRX003703,7,275.33,1927.31,CRT00062,PRD0058
TRX003704,7,228.33,1598.3100000000002,CRT00562,PRD0005
TRX003705,1,195.42,195.42,CRT02000,PRD0162
TRX003706,5,248.8,1244.0,CRT02150,PRD0099
TRX003707,2,263.29,526.58,CRT03410,PRD0157
TRX003708,5,13.65,68.25,CRT02834,PRD0019
TRX003709,3,4.55,13.65,CRT00436,PRD0129
TRX003710,7,143.73,1006.11,CRT00862,PRD0056
TRX003711,5,98.65,493.25,CRT01423,PRD0079
TRX003712,4,238.5,954.0,CRT00848,PRD0133
TRX003713,1,291.12,291.12,CRT02134,PRD0120
TRX003714,3,318.21,954.63,CRT03122,PRD0181
TRX003715,10,303.73,3037.3,CRT03212,PRD0136
TRX003716,8,200.1,1600.8,CRT00979,PRD0182
TRX003717,1,68.6,68.6,CRT00012,PRD0052
TRX003718,9,40.06,360.54,CRT02350,PRD0145
TRX003719,2,181.62,363.24,CRT01524,PRD0109
TRX003720,4,248.8,995.2,CRT03014,PRD0099
TRX003721,8,88.65,709.2,CRT02974,PRD0042
TRX003722,3,312.35,937.05,CRT01562,PRD0130
TRX003723,3,142.41,427.23,CRT00813,PRD0051
TRX003724,10,38.5,385.0,CRT02966,PRD0075
TRX003725,9,142.41,1281.69,CRT01430,PRD0051
TRX003726,3,40.06,120.18,CRT01555,PRD0145
TRX003727,2,59.71,119.42,CRT00527,PRD0057
TRX003728,1,153.95,153.95,CRT03109,PRD0132
TRX003729,10,217.4,2174.0,CRT02978,PRD0180
TRX003730,4,349.85,1399.4,CRT02628,PRD0196
TRX003731,6,238.5,1431.0,CRT00081,PRD0133
TRX003732,3,129.22,387.66,CRT02678,PRD0084
TRX003733,5,13.84,69.2,CRT00718,PRD0186
TRX003734,4,234.25,937.0,CRT02357,PRD0103
TRX003735,10,343.3,3433.0,CRT01529,PRD0134
TRX003736,3,120.9,362.7000000000001,CRT03064,PRD0175
TRX003737,3,233.03,699.09,CRT01199,PRD0102
TRX003738,10,12.47,124.7,CRT00073,PRD0158
TRX003739,6,310.43,1862.58,CRT01777,PRD0113
TRX003740,1,97.82,97.82,CRT01358,PRD0172
TRX003741,2,238.5,477.0,CRT01548,PRD0133
TRX003742,5,13.84,69.2,CRT00720,PRD0186
TRX003743,10,212.13,2121.3,CRT00506,PRD0131
TRX003744,7,80.62,564.34,CRT00271,PRD0189
TRX003745,3,146.67,440.01,CRT02930,PRD0126
TRX003746,9,127.91,1151.19,CRT02392,PRD0171
TRX003747,5,82.61,413.05,CRT00590,PRD0167
TRX003748,1,248.47,248.47,CRT01415,PRD0044
TRX003749,8,349.85,2798.8,CRT00763,PRD0196
TRX003750,7,124.75,873.25,CRT01237,PRD0166
TRX003751,10,46.73,467.3,CRT00960,PRD0104
TRX003752,6,36.18,217.08,CRT02503,PRD0049
TRX003753,4,207.27,829.08,CRT03145,PRD0006
TRX003754,10,238.5,2385.0,CRT01329,PRD0133
TRX003755,1,302.86,302.86,CRT03073,PRD0093
TRX003756,9,292.23,2630.07,CRT03363,PRD0073
TRX003757,8,42.58,340.64,CRT02403,PRD0095
TRX003758,9,144.46,1300.14,CRT01972,PRD0185
TRX003759,4,318.21,1272.84,CRT02260,PRD0181
TRX003760,5,252.15,1260.75,CRT00227,PRD0059
TRX003761,8,224.53,1796.24,CRT02496,PRD0032
TRX003762,7,221.23,1548.61,CRT00077,PRD0177
TRX003763,8,316.62,2532.96,CRT02001,PRD0082
TRX003764,10,331.95,3319.5,CRT01259,PRD0161
TRX003765,1,310.43,310.43,CRT00072,PRD0113
TRX003766,1,153.95,153.95,CRT01528,PRD0132
TRX003767,8,312.35,2498.8,CRT01559,PRD0130
TRX003768,9,111.48,1003.32,CRT01485,PRD0061
TRX003769,3,120.9,362.7000000000001,CRT01531,PRD0175
TRX003770,5,318.04,1590.2,CRT01219,PRD0146
TRX003771,5,144.4,722.0,CRT00942,PRD0200
TRX003772,7,30.96,216.72,CRT03191,PRD0139
TRX003773,7,6.76,47.32,CRT00910,PRD0174
TRX003774,7,149.36,1045.52,CRT00554,PRD0007
TRX003775,7,228.33,1598.3100000000002,CRT00767,PRD0005
TRX003776,10,40.06,400.6,CRT02050,PRD0145
TRX003777,5,321.99,1609.95,CRT01811,PRD0062
TRX003778,9,246.16,2215.44,CRT01859,PRD0160
TRX003779,4,292.23,1168.92,CRT00685,PRD0073
TRX003780,7,40.06,280.42,CRT00128,PRD0145
TRX003781,1,291.12,291.12,CRT01336,PRD0120
TRX003782,10,114.48,1144.8,CRT00168,PRD0107
TRX003783,5,151.12,755.6,CRT00801,PRD0081
TRX003784,4,115.14,460.56,CRT02475,PRD0034
TRX003785,9,194.83,1753.47,CRT00556,PRD0165
TRX003786,7,104.38,730.66,CRT02155,PRD0011
TRX003787,9,256.15,2305.35,CRT01935,PRD0040
TRX003788,3,344.9,1034.6999999999998,CRT00877,PRD0035
TRX003789,6,156.17,937.02,CRT01839,PRD0198
TRX003790,1,301.87,301.87,CRT00894,PRD0121
TRX003791,9,256.15,2305.35,CRT00522,PRD0040
TRX003792,6,162.15,972.9,CRT00496,PRD0010
TRX003793,6,179.52,1077.12,CRT01526,PRD0094
TRX003794,10,234.97,2349.7,CRT03049,PRD0046
TRX003795,3,270.94,812.8199999999999,CRT00652,PRD0148
TRX003796,6,200.1,1200.6,CRT01434,PRD0182
TRX003797,7,259.17,1814.19,CRT00584,PRD0169
TRX003798,3,332.64,997.92,CRT00234,PRD0119
TRX003799,10,301.82,3018.2,CRT03052,PRD0054
TRX003800,8,12.47,99.76,CRT02174,PRD0158
TRX003801,3,218.35,655.05,CRT02005,PRD0070
TRX003802,7,146.67,1026.6899999999998,CRT02741,PRD0126
TRX003803,7,308.17,2157.19,CRT03052,PRD0138
TRX003804,10,36.18,361.8,CRT03034,PRD0049
TRX003805,3,13.84,41.52,CRT02594,PRD0186
TRX003806,4,103.06,412.24,CRT01009,PRD0013
TRX003807,3,301.62,904.86,CRT01646,PRD0028
TRX003808,6,344.42,2066.52,CRT01482,PRD0112
TRX003809,8,76.57,612.56,CRT00588,PRD0071
TRX003810,3,76.57,229.71,CRT00061,PRD0071
TRX003811,8,303.73,2429.84,CRT03365,PRD0136
TRX003812,4,308.17,1232.68,CRT02110,PRD0138
TRX003813,5,9.29,46.45,CRT00270,PRD0128
TRX003814,7,339.13,2373.91,CRT02705,PRD0060
TRX003815,9,112.37,1011.33,CRT00942,PRD0069
TRX003816,10,153.95,1539.5,CRT02742,PRD0132
TRX003817,3,241.82,725.46,CRT01869,PRD0192
TRX003818,8,13.65,109.2,CRT02727,PRD0019
TRX003819,1,88.65,88.65,CRT01938,PRD0042
TRX003820,5,234.97,1174.85,CRT01292,PRD0046
TRX003821,8,103.06,824.48,CRT00627,PRD0013
TRX003822,3,200.1,600.3,CRT01868,PRD0182
TRX003823,4,291.12,1164.48,CRT00654,PRD0120
TRX003824,4,289.44,1157.76,CRT02755,PRD0155
TRX003825,5,308.17,1540.85,CRT01140,PRD0138
TRX003826,5,116.26,581.3000000000001,CRT00602,PRD0137
TRX003827,7,194.83,1363.8100000000002,CRT00954,PRD0165
TRX003828,7,121.08,847.56,CRT02847,PRD0151
TRX003829,7,54.91,384.37,CRT01754,PRD0125
TRX003830,2,82.61,165.22,CRT03132,PRD0167
TRX003831,1,327.31,327.31,CRT01379,PRD0067
TRX003832,6,223.15,1338.9,CRT00585,PRD0016
TRX003833,2,40.06,80.12,CRT01642,PRD0145
TRX003834,5,200.1,1000.5,CRT02963,PRD0182
TRX003835,10,262.09,2620.9,CRT00847,PRD0023
TRX003836,7,275.16,1926.12,CRT02132,PRD0048
TRX003837,2,76.57,153.14,CRT01286,PRD0071
TRX003838,9,207.27,1865.43,CRT02742,PRD0006
TRX003839,1,223.09,223.09,CRT01619,PRD0199
TRX003840,7,115.14,805.98,CRT01593,PRD0034
TRX003841,9,308.05,2772.4500000000003,CRT02486,PRD0072
TRX003842,7,221.23,1548.61,CRT02498,PRD0177
TRX003843,3,242.9,728.7,CRT00568,PRD0164
TRX003844,9,153.58,1382.22,CRT02122,PRD0030
TRX003845,9,302.95,2726.55,CRT00148,PRD0087
TRX003846,7,303.73,2126.11,CRT03440,PRD0136
TRX003847,9,200.1,1800.9,CRT00476,PRD0182
TRX003848,9,195.42,1758.78,CRT01006,PRD0162
TRX003849,8,112.37,898.96,CRT01852,PRD0069
TRX003850,10,30.96,309.6,CRT01715,PRD0139
TRX003851,3,200.26,600.78,CRT02640,PRD0105
TRX003852,5,252.5,1262.5,CRT01927,PRD0100
TRX003853,5,102.2,511.0,CRT02542,PRD0106
TRX003854,10,282.78,2827.8,CRT03111,PRD0111
TRX003855,5,303.73,1518.65,CRT01634,PRD0136
TRX003856,1,218.35,218.35,CRT02266,PRD0070
TRX003857,4,112.37,449.48,CRT01819,PRD0069
TRX003858,10,134.36,1343.6,CRT02753,PRD0017
TRX003859,6,24.14,144.84,CRT02022,PRD0127
TRX003860,2,302.95,605.9,CRT02932,PRD0087
TRX003861,9,297.0,2673.0,CRT01419,PRD0009
TRX003862,7,301.87,2113.09,CRT00881,PRD0121
TRX003863,10,200.1,2001.0,CRT03280,PRD0182
TRX003864,6,134.36,806.1600000000001,CRT00585,PRD0017
TRX003865,7,327.59,2293.13,CRT03003,PRD0047
TRX003866,2,13.65,27.3,CRT00442,PRD0019
TRX003867,4,15.79,63.16,CRT00128,PRD0096
TRX003868,5,318.21,1591.05,CRT00257,PRD0181
TRX003869,5,111.48,557.4,CRT03482,PRD0061
TRX003870,1,124.75,124.75,CRT02947,PRD0166
TRX003871,9,30.34,273.06,CRT00405,PRD0063
TRX003872,9,116.26,1046.34,CRT03165,PRD0137
TRX003873,4,308.17,1232.68,CRT01340,PRD0138
TRX003874,4,80.42,321.68,CRT01049,PRD0140
TRX003875,2,144.46,288.92,CRT00084,PRD0185
TRX003876,9,129.22,1162.98,CRT01706,PRD0084
TRX003877,4,42.58,170.32,CRT02627,PRD0095
TRX003878,9,181.62,1634.58,CRT00755,PRD0109
TRX003879,1,51.02,51.02,CRT02713,PRD0022
TRX003880,2,10.72,21.44,CRT02627,PRD0092
TRX003881,7,164.79,1153.53,CRT01575,PRD0050
TRX003882,10,142.41,1424.1,CRT02067,PRD0051
TRX003883,4,75.82,303.28,CRT02656,PRD0020
TRX003884,5,259.17,1295.85,CRT00490,PRD0169
TRX003885,8,100.84,806.72,CRT02779,PRD0170
TRX003886,7,343.3,2403.1,CRT01388,PRD0134
TRX003887,10,82.61,826.1,CRT00499,PRD0167
TRX003888,2,38.5,77.0,CRT03152,PRD0075
TRX003889,3,239.52,718.5600000000001,CRT03163,PRD0085
TRX003890,4,40.06,160.24,CRT00886,PRD0145
TRX003891,8,6.76,54.08,CRT01398,PRD0174
TRX003892,8,115.14,921.12,CRT02496,PRD0034
TRX003893,10,197.06,1970.6,CRT01301,PRD0086
TRX003894,4,221.23,884.92,CRT00717,PRD0177
TRX003895,10,344.9,3449.0,CRT00457,PRD0035
TRX003896,9,239.52,2155.6800000000003,CRT03359,PRD0085
TRX003897,1,234.25,234.25,CRT00859,PRD0103
TRX003898,2,102.2,204.4,CRT00510,PRD0106
TRX003899,3,234.25,702.75,CRT02241,PRD0103
TRX003900,3,263.29,789.8700000000001,CRT00355,PRD0157
TRX003901,1,57.82,57.82,CRT01310,PRD0089
TRX003902,2,224.53,449.06,CRT01227,PRD0032
TRX003903,7,163.96,1147.72,CRT03183,PRD0118
TRX003904,4,241.37,965.48,CRT03105,PRD0187
TRX003905,2,239.52,479.04,CRT03053,PRD0085
TRX003906,9,327.59,2948.31,CRT00274,PRD0047
TRX003907,6,301.87,1811.22,CRT01029,PRD0121
TRX003908,3,302.95,908.85,CRT02874,PRD0087
TRX003909,1,228.33,228.33,CRT01931,PRD0005
TRX003910,1,259.17,259.17,CRT00142,PRD0169
TRX003911,3,144.46,433.38,CRT03435,PRD0185
TRX003912,4,291.12,1164.48,CRT02966,PRD0120
TRX003913,10,23.22,232.2,CRT00238,PRD0190
TRX003914,2,64.83,129.66,CRT01161,PRD0088
TRX003915,6,248.8,1492.8000000000002,CRT01087,PRD0099
TRX003916,3,69.32,207.96,CRT01774,PRD0012
TRX003917,4,140.04,560.16,CRT00039,PRD0068
TRX003918,2,331.85,663.7,CRT00355,PRD0143
TRX003919,4,40.06,160.24,CRT02606,PRD0145
TRX003920,4,194.83,779.32,CRT01966,PRD0165
TRX003921,7,166.93,1168.51,CRT00210,PRD0108
TRX003922,4,85.85,343.4,CRT01784,PRD0184
TRX003923,2,238.97,477.94,CRT02208,PRD0026
TRX003924,5,303.73,1518.65,CRT01300,PRD0136
TRX003925,1,40.06,40.06,CRT01570,PRD0145
TRX003926,10,57.82,578.2,CRT01170,PRD0089
TRX003927,9,303.73,2733.57,CRT02146,PRD0136
TRX003928,3,75.82,227.46,CRT01215,PRD0020
TRX003929,2,344.9,689.8,CRT01143,PRD0035
TRX003930,3,63.71,191.13,CRT01288,PRD0153
TRX003931,8,59.71,477.68,CRT02805,PRD0057
TRX003932,1,234.97,234.97,CRT02050,PRD0046
TRX003933,3,87.81,263.43,CRT03093,PRD0156
TRX003934,4,85.85,343.4,CRT02655,PRD0184
TRX003935,2,114.48,228.96,CRT01517,PRD0107
TRX003936,9,119.47,1075.23,CRT01799,PRD0008
TRX003937,10,26.82,268.2,CRT02333,PRD0101
TRX003938,7,127.91,895.37,CRT01918,PRD0171
TRX003939,8,13.65,109.2,CRT02622,PRD0019
TRX003940,3,252.15,756.45,CRT01771,PRD0059
TRX003941,1,267.28,267.28,CRT03496,PRD0031
TRX003942,2,153.58,307.16,CRT00537,PRD0030
TRX003943,3,224.09,672.27,CRT02887,PRD0122
TRX003944,10,36.18,361.8,CRT01156,PRD0049
TRX003945,6,339.13,2034.78,CRT02500,PRD0060
TRX003946,10,162.15,1621.5,CRT02561,PRD0010
TRX003947,1,303.73,303.73,CRT02224,PRD0136
TRX003948,4,282.78,1131.12,CRT00504,PRD0111
TRX003949,2,12.47,24.94,CRT02668,PRD0158
TRX003950,8,275.16,2201.28,CRT00688,PRD0048
TRX003951,8,164.79,1318.32,CRT02160,PRD0050
TRX003952,6,209.57,1257.42,CRT00966,PRD0027
TRX003953,7,292.23,2045.61,CRT00771,PRD0073
TRX003954,10,38.5,385.0,CRT00155,PRD0075
TRX003955,1,260.49,260.49,CRT00043,PRD0076
TRX003956,1,171.38,171.38,CRT00466,PRD0037
TRX003957,1,224.09,224.09,CRT01465,PRD0122
TRX003958,2,262.09,524.18,CRT00678,PRD0023
TRX003959,10,327.31,3273.1,CRT02799,PRD0067
TRX003960,2,332.64,665.28,CRT03092,PRD0119
TRX003961,8,151.36,1210.88,CRT01495,PRD0150
TRX003962,7,146.67,1026.6899999999998,CRT01989,PRD0126
TRX003963,6,305.67,1834.02,CRT03467,PRD0039
TRX003964,4,115.19,460.76,CRT00738,PRD0018
TRX003965,3,127.91,383.73,CRT03469,PRD0171
TRX003966,5,228.33,1141.65,CRT00572,PRD0041
TRX003967,5,339.13,1695.65,CRT00132,PRD0060
TRX003968,9,64.83,583.47,CRT02546,PRD0088
TRX003969,4,96.92,387.68,CRT02755,PRD0124
TRX003970,5,234.97,1174.85,CRT00767,PRD0046
TRX003971,4,246.16,984.64,CRT03203,PRD0160
TRX003972,9,198.09,1782.81,CRT00580,PRD0178
TRX003973,8,308.17,2465.36,CRT02355,PRD0138
TRX003974,2,97.82,195.64,CRT00400,PRD0172
TRX003975,6,238.5,1431.0,CRT02343,PRD0133
TRX003976,2,163.96,327.92,CRT02841,PRD0118
TRX003977,6,275.78,1654.6799999999998,CRT01200,PRD0097
TRX003978,5,303.73,1518.65,CRT02548,PRD0136
TRX003979,8,51.02,408.16,CRT01303,PRD0022
TRX003980,5,178.11,890.5500000000001,CRT01642,PRD0004
TRX003981,7,153.58,1075.0600000000002,CRT03348,PRD0030
TRX003982,10,196.2,1962.0,CRT02020,PRD0117
TRX003983,2,23.22,46.44,CRT01918,PRD0190
TRX003984,2,281.86,563.72,CRT03155,PRD0188
TRX003985,8,301.87,2414.96,CRT02598,PRD0121
TRX003986,1,172.26,172.26,CRT02211,PRD0078
TRX003987,9,263.29,2369.61,CRT01143,PRD0157
TRX003988,8,140.04,1120.32,CRT00545,PRD0068
TRX003989,1,103.06,103.06,CRT02387,PRD0013
TRX003990,3,321.66,964.98,CRT02508,PRD0091
TRX003991,8,97.82,782.56,CRT01821,PRD0172
TRX003992,3,233.03,699.09,CRT00977,PRD0102
TRX003993,9,259.17,2332.53,CRT02079,PRD0169
TRX003994,3,95.22,285.66,CRT03139,PRD0029
TRX003995,1,85.64,85.64,CRT00792,PRD0123
TRX003996,5,344.39,1721.9499999999998,CRT00078,PRD0149
TRX003997,1,208.25,208.25,CRT01692,PRD0147
TRX003998,1,136.36,136.36,CRT01149,PRD0098
TRX003999,10,194.83,1948.3,CRT01781,PRD0165
TRX004000,4,224.53,898.12,CRT01747,PRD0032
TRX004001,9,75.82,682.3799999999999,CRT02535,PRD0020
TRX004002,1,286.9,286.9,CRT01417,PRD0110
TRX004003,9,342.98,3086.82,CRT03333,PRD0080
TRX004004,4,217.4,869.6,CRT01052,PRD0180
TRX004005,5,12.47,62.35,CRT03021,PRD0158
TRX004006,10,57.82,578.2,CRT00373,PRD0089
TRX004007,2,303.73,607.46,CRT00518,PRD0136
TRX004008,3,64.83,194.49,CRT00783,PRD0088
TRX004009,4,275.78,1103.12,CRT02743,PRD0097
TRX004010,3,289.44,868.3199999999999,CRT03083,PRD0155
TRX004011,2,308.05,616.1,CRT00871,PRD0072
TRX004012,7,310.43,2173.01,CRT03169,PRD0113
TRX004013,1,116.26,116.26,CRT03242,PRD0137
TRX004014,1,136.36,136.36,CRT02441,PRD0098
TRX004015,6,57.82,346.92,CRT01771,PRD0089
TRX004016,10,252.15,2521.5,CRT01445,PRD0059
TRX004017,4,127.91,511.64,CRT01400,PRD0171
TRX004018,3,344.39,1033.17,CRT01984,PRD0149
TRX004019,5,259.17,1295.85,CRT01047,PRD0169
TRX004020,2,134.36,268.72,CRT00849,PRD0017
TRX004021,9,330.57,2975.13,CRT02181,PRD0173
TRX004022,4,69.32,277.28,CRT03320,PRD0012
TRX004023,3,349.75,1049.25,CRT02321,PRD0055
TRX004024,6,104.38,626.28,CRT02713,PRD0011
TRX004025,3,195.42,586.26,CRT03242,PRD0162
TRX004026,8,86.2,689.6,CRT00200,PRD0036
TRX004027,7,209.57,1466.99,CRT01421,PRD0027
TRX004028,3,312.35,937.05,CRT01513,PRD0130
TRX004029,6,344.39,2066.34,CRT01450,PRD0149
TRX004030,3,200.26,600.78,CRT03425,PRD0105
TRX004031,1,310.43,310.43,CRT01169,PRD0113
TRX004032,3,282.78,848.3399999999999,CRT01297,PRD0111
TRX004033,2,149.36,298.72,CRT01079,PRD0007
TRX004034,4,194.99,779.96,CRT01703,PRD0043
TRX004035,2,80.62,161.24,CRT03493,PRD0189
TRX004036,2,9.29,18.58,CRT03248,PRD0128
TRX004037,7,221.23,1548.61,CRT01388,PRD0177
TRX004038,8,344.9,2759.2,CRT00750,PRD0035
TRX004039,10,237.14,2371.4,CRT01506,PRD0064
TRX004040,6,342.98,2057.88,CRT00823,PRD0080
TRX004041,5,63.71,318.55,CRT00852,PRD0153
TRX004042,3,162.15,486.4500000000001,CRT02816,PRD0010
TRX004043,9,312.35,2811.15,CRT01177,PRD0130
TRX004044,4,162.15,648.6,CRT02093,PRD0010
TRX004045,3,38.12,114.36,CRT02078,PRD0002
TRX004046,7,263.29,1843.03,CRT02987,PRD0157
TRX004047,8,12.47,99.76,CRT00353,PRD0158
TRX004048,1,349.75,349.75,CRT00289,PRD0055
TRX004049,2,116.26,232.52,CRT02582,PRD0137
TRX004050,2,10.72,21.44,CRT00526,PRD0092
TRX004051,7,218.35,1528.45,CRT01500,PRD0070
TRX004052,8,146.67,1173.36,CRT03139,PRD0126
TRX004053,9,166.93,1502.37,CRT03271,PRD0108
TRX004054,2,40.06,80.12,CRT02778,PRD0145
TRX004055,2,36.18,72.36,CRT02441,PRD0049
TRX004056,7,239.52,1676.64,CRT00532,PRD0085
TRX004057,8,26.82,214.56,CRT00180,PRD0101
TRX004058,9,297.0,2673.0,CRT01650,PRD0009
TRX004059,7,198.09,1386.63,CRT00115,PRD0178
TRX004060,3,82.61,247.83,CRT01020,PRD0167
TRX004061,10,343.3,3433.0,CRT02953,PRD0134
TRX004062,1,15.96,15.96,CRT02376,PRD0090
TRX004063,3,125.96,377.88,CRT03214,PRD0015
TRX004064,6,120.9,725.4000000000001,CRT02450,PRD0175
TRX004065,2,30.34,60.68,CRT02332,PRD0063
TRX004066,6,36.18,217.08,CRT00307,PRD0049
TRX004067,4,59.71,238.84,CRT00579,PRD0057
TRX004068,9,103.06,927.54,CRT01085,PRD0013
TRX004069,7,286.9,2008.3,CRT00350,PRD0110
TRX004070,5,224.53,1122.65,CRT03488,PRD0032
TRX004071,3,260.19,780.5699999999999,CRT00289,PRD0001
TRX004072,7,275.16,1926.12,CRT00139,PRD0048
TRX004073,8,153.95,1231.6,CRT00001,PRD0132
TRX004074,4,115.14,460.56,CRT03229,PRD0034
TRX004075,1,246.16,246.16,CRT02764,PRD0160
TRX004076,3,344.9,1034.6999999999998,CRT03140,PRD0035
TRX004077,3,289.44,868.3199999999999,CRT02885,PRD0155
TRX004078,1,344.39,344.39,CRT01717,PRD0149
TRX004079,10,308.17,3081.7000000000003,CRT00936,PRD0138
TRX004080,10,223.15,2231.5,CRT01020,PRD0016
TRX004081,5,121.08,605.4,CRT02929,PRD0151
TRX004082,2,172.26,344.52,CRT00251,PRD0078
TRX004083,8,265.13,2121.04,CRT02145,PRD0025
TRX004084,6,87.81,526.86,CRT00486,PRD0156
TRX004085,4,194.5,778.0,CRT01619,PRD0083
TRX004086,1,129.22,129.22,CRT02984,PRD0084
TRX004087,5,38.12,190.6,CRT00551,PRD0002
TRX004088,1,166.93,166.93,CRT02717,PRD0108
TRX004089,6,303.73,1822.38,CRT01803,PRD0136
TRX004090,4,116.26,465.04,CRT01738,PRD0137
TRX004091,2,312.35,624.7,CRT00784,PRD0130
TRX004092,10,13.28,132.79999999999998,CRT00993,PRD0141
TRX004093,9,223.09,2007.81,CRT01377,PRD0199
TRX004094,5,270.94,1354.7,CRT01186,PRD0148
TRX004095,2,301.87,603.74,CRT00570,PRD0121
TRX004096,1,179.52,179.52,CRT01655,PRD0094
TRX004097,6,234.25,1405.5,CRT01584,PRD0103
TRX004098,1,55.45,55.45,CRT03331,PRD0142
TRX004099,8,312.35,2498.8,CRT01073,PRD0130
TRX004100,6,197.06,1182.36,CRT02288,PRD0086
TRX004101,6,171.38,1028.28,CRT02852,PRD0037
TRX004102,1,297.0,297.0,CRT01463,PRD0009
TRX004103,9,76.57,689.1299999999999,CRT03257,PRD0071
TRX004104,5,134.36,671.8000000000001,CRT02780,PRD0017
TRX004105,9,80.42,723.78,CRT02965,PRD0140
TRX004106,6,75.82,454.92,CRT02332,PRD0020
TRX004107,3,104.38,313.14,CRT00737,PRD0011
TRX004108,9,42.58,383.22,CRT01615,PRD0095
TRX004109,5,38.12,190.6,CRT02462,PRD0002
TRX004110,7,262.09,1834.63,CRT00129,PRD0023
TRX004111,8,36.18,289.44,CRT00206,PRD0049
TRX004112,8,310.43,2483.44,CRT03063,PRD0113
TRX004113,1,120.9,120.9,CRT00517,PRD0175
TRX004114,4,207.27,829.08,CRT03494,PRD0006
TRX004115,8,212.13,1697.04,CRT00442,PRD0131
TRX004116,9,114.48,1030.32,CRT02530,PRD0107
TRX004117,5,224.09,1120.45,CRT00989,PRD0122
TRX004118,7,175.98,1231.86,CRT01165,PRD0021
TRX004119,8,248.47,1987.76,CRT01120,PRD0044
TRX004120,10,38.12,381.2,CRT00838,PRD0002
TRX004121,8,38.5,308.0,CRT01686,PRD0075
TRX004122,1,63.71,63.71,CRT01435,PRD0153
TRX004123,1,221.23,221.23,CRT03255,PRD0177
TRX004124,9,196.2,1765.8,CRT02339,PRD0117
TRX004125,4,134.36,537.44,CRT02351,PRD0017
TRX004126,1,99.29,99.29,CRT02553,PRD0053
TRX004127,8,4.55,36.4,CRT01059,PRD0129
TRX004128,7,292.23,2045.61,CRT02482,PRD0073
TRX004129,5,241.37,1206.85,CRT03135,PRD0187
TRX004130,5,239.52,1197.6,CRT02297,PRD0085
TRX004131,1,42.58,42.58,CRT01275,PRD0095
TRX004132,6,96.92,581.52,CRT01368,PRD0124
TRX004133,9,112.37,1011.33,CRT01208,PRD0069
TRX004134,4,172.26,689.04,CRT00172,PRD0078
TRX004135,6,262.09,1572.54,CRT02944,PRD0023
TRX004136,6,231.76,1390.56,CRT02813,PRD0038
TRX004137,1,197.06,197.06,CRT01364,PRD0086
TRX004138,2,223.15,446.3,CRT02844,PRD0016
TRX004139,8,64.83,518.64,CRT01623,PRD0088
TRX004140,3,208.25,624.75,CRT03383,PRD0147
TRX004141,8,278.04,2224.32,CRT02744,PRD0163
TRX004142,3,308.17,924.51,CRT03020,PRD0138
TRX004143,8,303.73,2429.84,CRT01574,PRD0136
TRX004144,10,26.82,268.2,CRT02856,PRD0101
TRX004145,8,121.08,968.64,CRT02609,PRD0151
TRX004146,4,100.84,403.36,CRT02476,PRD0170
TRX004147,3,36.18,108.54,CRT02305,PRD0049
TRX004148,9,76.57,689.1299999999999,CRT03354,PRD0071
TRX004149,3,51.02,153.06,CRT02631,PRD0022
TRX004150,10,344.39,3443.9,CRT03039,PRD0149
TRX004151,1,63.71,63.71,CRT00644,PRD0153
TRX004152,2,75.69,151.38,CRT03043,PRD0077
TRX004153,9,87.81,790.29,CRT00575,PRD0156
TRX004154,4,181.62,726.48,CRT00878,PRD0109
TRX004155,3,281.86,845.58,CRT00327,PRD0188
TRX004156,1,38.5,38.5,CRT03065,PRD0075
TRX004157,6,248.8,1492.8000000000002,CRT01171,PRD0099
TRX004158,2,10.72,21.44,CRT00148,PRD0092
TRX004159,2,256.15,512.3,CRT00492,PRD0040
TRX004160,3,100.84,302.52,CRT01795,PRD0170
TRX004161,2,200.26,400.52,CRT01734,PRD0105
TRX004162,4,151.36,605.44,CRT00973,PRD0150
TRX004163,5,194.83,974.15,CRT00708,PRD0165
TRX004164,1,162.15,162.15,CRT00632,PRD0010
TRX004165,7,318.04,2226.28,CRT00135,PRD0146
TRX004166,4,248.47,993.88,CRT00033,PRD0044
TRX004167,7,153.95,1077.65,CRT01263,PRD0132
TRX004168,9,213.05,1917.45,CRT01201,PRD0144
TRX004169,1,241.82,241.82,CRT02153,PRD0192
TRX004170,2,343.3,686.6,CRT01181,PRD0134
TRX004171,10,190.14,1901.4,CRT00367,PRD0193
TRX004172,10,111.48,1114.8,CRT02701,PRD0061
TRX004173,1,12.47,12.47,CRT03393,PRD0158
TRX004174,6,198.09,1188.54,CRT00706,PRD0178
TRX004175,1,86.2,86.2,CRT00518,PRD0036
TRX004176,3,239.52,718.5600000000001,CRT02382,PRD0085
TRX004177,5,318.04,1590.2,CRT03003,PRD0146
TRX004178,1,260.19,260.19,CRT02605,PRD0001
TRX004179,7,288.92,2022.44,CRT00958,PRD0191
TRX004180,6,262.09,1572.54,CRT01368,PRD0023
TRX004181,2,195.42,390.84,CRT01851,PRD0162
TRX004182,2,129.22,258.44,CRT02067,PRD0084
TRX004183,8,75.82,606.56,CRT03244,PRD0020
TRX004184,5,339.13,1695.65,CRT00689,PRD0060
TRX004185,8,146.67,1173.36,CRT02694,PRD0126
TRX004186,2,175.98,351.96,CRT02560,PRD0021
TRX004187,2,231.76,463.52,CRT00138,PRD0038
TRX004188,8,234.25,1874.0,CRT03375,PRD0103
TRX004189,1,262.09,262.09,CRT02069,PRD0023
TRX004190,7,342.98,2400.86,CRT01016,PRD0080
TRX004191,5,114.48,572.4,CRT03489,PRD0107
TRX004192,9,239.52,2155.6800000000003,CRT01598,PRD0085
TRX004193,6,198.09,1188.54,CRT00996,PRD0178
TRX004194,8,129.22,1033.76,CRT00063,PRD0084
TRX004195,10,15.79,157.89999999999998,CRT02063,PRD0096
TRX004196,7,259.17,1814.19,CRT03378,PRD0169
TRX004197,9,172.26,1550.34,CRT00220,PRD0078
TRX004198,9,260.49,2344.41,CRT02904,PRD0076
TRX004199,7,349.85,2448.9500000000003,CRT01461,PRD0196
TRX004200,4,172.26,689.04,CRT01623,PRD0078
TRX004201,2,234.25,468.5,CRT03096,PRD0103
TRX004202,3,275.78,827.3399999999999,CRT02002,PRD0097
TRX004203,5,228.33,1141.65,CRT03231,PRD0005
TRX004204,1,260.49,260.49,CRT02922,PRD0076
TRX004205,8,344.42,2755.36,CRT00781,PRD0112
TRX004206,10,190.14,1901.4,CRT00927,PRD0193
TRX004207,1,260.19,260.19,CRT03121,PRD0001
TRX004208,5,143.73,718.65,CRT02983,PRD0056
TRX004209,5,248.47,1242.35,CRT02859,PRD0044
TRX004210,9,116.26,1046.34,CRT02340,PRD0137
TRX004211,2,144.46,288.92,CRT02029,PRD0185
TRX004212,4,234.97,939.88,CRT01382,PRD0046
TRX004213,9,318.04,2862.36,CRT00015,PRD0146
TRX004214,9,30.96,278.64,CRT00803,PRD0139
TRX004215,2,223.15,446.3,CRT00777,PRD0016
TRX004216,10,112.37,1123.7,CRT02876,PRD0069
TRX004217,1,349.85,349.85,CRT00837,PRD0196
TRX004218,2,151.36,302.72,CRT00008,PRD0150
TRX004219,2,95.22,190.44,CRT00168,PRD0029
TRX004220,5,288.92,1444.6,CRT00267,PRD0191
TRX004221,6,156.17,937.02,CRT02812,PRD0198
TRX004222,7,332.64,2328.48,CRT01874,PRD0119
TRX004223,8,238.5,1908.0,CRT03149,PRD0133
TRX004224,7,115.14,805.98,CRT03290,PRD0034
TRX004225,8,281.86,2254.88,CRT00058,PRD0188
TRX004226,8,75.69,605.52,CRT03040,PRD0077
TRX004227,7,291.12,2037.84,CRT02565,PRD0120
TRX004228,2,59.71,119.42,CRT02684,PRD0057
TRX004229,10,297.0,2970.0,CRT02758,PRD0009
TRX004230,6,99.29,595.74,CRT02692,PRD0053
TRX004231,3,260.49,781.47,CRT02322,PRD0076
TRX004232,5,281.86,1409.3000000000002,CRT01739,PRD0188
TRX004233,10,153.58,1535.8000000000002,CRT02031,PRD0030
TRX004234,7,13.65,95.55,CRT01870,PRD0019
TRX004235,1,181.62,181.62,CRT01934,PRD0109
TRX004236,2,344.9,689.8,CRT02729,PRD0035
TRX004237,8,234.25,1874.0,CRT02994,PRD0103
TRX004238,1,59.71,59.71,CRT03240,PRD0057
TRX004239,10,265.13,2651.3,CRT01362,PRD0025
TRX004240,3,305.67,917.01,CRT02541,PRD0039
TRX004241,2,115.19,230.38,CRT00621,PRD0018
TRX004242,8,262.09,2096.72,CRT02297,PRD0023
TRX004243,7,80.42,562.94,CRT00050,PRD0140
TRX004244,5,289.44,1447.2,CRT01504,PRD0155
TRX004245,6,23.22,139.32,CRT01151,PRD0190
TRX004246,2,212.13,424.26,CRT00860,PRD0131
TRX004247,8,100.84,806.72,CRT01680,PRD0170
TRX004248,8,275.78,2206.24,CRT00349,PRD0097
TRX004249,1,303.73,303.73,CRT03259,PRD0136
TRX004250,3,102.2,306.6,CRT02559,PRD0106
TRX004251,3,318.04,954.12,CRT00592,PRD0146
TRX004252,4,260.65,1042.6,CRT01024,PRD0168
TRX004253,9,200.26,1802.34,CRT00900,PRD0105
TRX004254,1,142.41,142.41,CRT00567,PRD0051
TRX004255,5,281.93,1409.65,CRT01493,PRD0116
TRX004256,6,196.43,1178.58,CRT02553,PRD0179
TRX004257,4,196.2,784.8,CRT01266,PRD0117
TRX004258,5,15.96,79.80000000000001,CRT02678,PRD0090
TRX004259,8,301.87,2414.96,CRT01011,PRD0121
TRX004260,9,237.14,2134.26,CRT03493,PRD0064
TRX004261,3,13.84,41.52,CRT02421,PRD0186
TRX004262,8,209.57,1676.56,CRT02237,PRD0027
TRX004263,8,248.8,1990.4,CRT00267,PRD0099
TRX004264,3,262.09,786.27,CRT00545,PRD0023
TRX004265,6,286.9,1721.4,CRT00426,PRD0110
TRX004266,4,316.62,1266.48,CRT03280,PRD0082
TRX004267,3,140.04,420.12,CRT03338,PRD0068
TRX004268,1,129.22,129.22,CRT00231,PRD0084
TRX004269,10,46.73,467.3,CRT02697,PRD0104
TRX004270,6,13.65,81.9,CRT02655,PRD0019
TRX004271,10,96.92,969.2,CRT00946,PRD0124
TRX004272,3,238.5,715.5,CRT00627,PRD0133
TRX004273,9,223.09,2007.81,CRT02678,PRD0199
TRX004274,5,196.43,982.15,CRT01182,PRD0179
TRX004275,9,38.12,343.08,CRT01752,PRD0002
TRX004276,10,223.15,2231.5,CRT02924,PRD0016
TRX004277,9,194.99,1754.91,CRT01872,PRD0043
TRX004278,8,331.95,2655.6,CRT01788,PRD0161
TRX004279,4,127.91,511.64,CRT01685,PRD0171
TRX004280,6,6.76,40.56,CRT02151,PRD0174
TRX004281,9,30.34,273.06,CRT02750,PRD0063
TRX004282,8,330.57,2644.56,CRT01247,PRD0173
TRX004283,3,13.65,40.95,CRT00323,PRD0019
TRX004284,8,316.62,2532.96,CRT00618,PRD0082
TRX004285,3,124.75,374.25,CRT02824,PRD0166
TRX004286,10,115.14,1151.4,CRT01909,PRD0034
TRX004287,10,302.86,3028.6000000000004,CRT00876,PRD0093
TRX004288,4,241.82,967.28,CRT00064,PRD0192
TRX004289,4,82.61,330.44,CRT03199,PRD0167
TRX004290,6,15.96,95.76,CRT02816,PRD0090
TRX004291,8,86.2,689.6,CRT02777,PRD0036
TRX004292,1,6.76,6.76,CRT00303,PRD0174
TRX004293,3,194.5,583.5,CRT00223,PRD0083
TRX004294,5,129.22,646.1,CRT00511,PRD0084
TRX004295,1,321.99,321.99,CRT00562,PRD0062
TRX004296,10,194.5,1945.0,CRT02854,PRD0083
TRX004297,4,136.36,545.44,CRT01872,PRD0098
TRX004298,10,310.43,3104.3,CRT01676,PRD0113
TRX004299,9,125.96,1133.64,CRT03237,PRD0015
TRX004300,7,301.5,2110.5,CRT02211,PRD0115
TRX004301,7,196.43,1375.01,CRT00105,PRD0179
TRX004302,4,102.2,408.8,CRT02988,PRD0106
TRX004303,10,308.17,3081.7000000000003,CRT02775,PRD0138
TRX004304,9,163.96,1475.64,CRT01514,PRD0118
TRX004305,5,196.2,981.0,CRT02826,PRD0117
TRX004306,7,163.96,1147.72,CRT02716,PRD0118
TRX004307,5,98.65,493.25,CRT01409,PRD0079
TRX004308,9,349.85,3148.65,CRT00587,PRD0196
TRX004309,5,115.14,575.7,CRT02174,PRD0034
TRX004310,5,162.15,810.75,CRT01692,PRD0010
TRX004311,3,63.71,191.13,CRT02053,PRD0153
TRX004312,8,4.55,36.4,CRT02441,PRD0129
TRX004313,4,149.12,596.48,CRT03417,PRD0003
TRX004314,10,223.15,2231.5,CRT02607,PRD0016
TRX004315,9,223.09,2007.81,CRT02921,PRD0199
TRX004316,4,218.35,873.4,CRT03269,PRD0070
TRX004317,6,246.16,1476.96,CRT02733,PRD0160
TRX004318,7,80.42,562.94,CRT01952,PRD0140
TRX004319,6,262.09,1572.54,CRT01603,PRD0023
TRX004320,3,301.22,903.66,CRT01128,PRD0045
TRX004321,4,267.68,1070.72,CRT01292,PRD0197
TRX004322,10,305.67,3056.7000000000003,CRT03150,PRD0039
TRX004323,2,144.46,288.92,CRT00128,PRD0185
TRX004324,9,331.95,2987.55,CRT00659,PRD0161
TRX004325,9,36.18,325.62,CRT01999,PRD0049
TRX004326,7,42.58,298.06,CRT00060,PRD0095
TRX004327,8,330.57,2644.56,CRT02327,PRD0173
TRX004328,7,148.18,1037.26,CRT01304,PRD0066
TRX004329,3,281.93,845.79,CRT01186,PRD0116
TRX004330,3,121.08,363.24,CRT02625,PRD0151
TRX004331,8,162.15,1297.2,CRT00027,PRD0010
TRX004332,4,308.17,1232.68,CRT01104,PRD0138
TRX004333,6,82.61,495.66,CRT01623,PRD0167
TRX004334,4,36.18,144.72,CRT00470,PRD0049
TRX004335,4,198.63,794.52,CRT00336,PRD0135
TRX004336,5,301.87,1509.35,CRT01822,PRD0121
TRX004337,1,151.36,151.36,CRT02682,PRD0150
TRX004338,7,38.5,269.5,CRT02076,PRD0075
TRX004339,3,87.81,263.43,CRT01658,PRD0156
TRX004340,1,26.82,26.82,CRT01938,PRD0101
TRX004341,2,112.37,224.74,CRT01931,PRD0069
TRX004342,7,239.52,1676.64,CRT02666,PRD0085
TRX004343,7,311.57,2180.99,CRT00420,PRD0194
TRX004344,4,6.76,27.04,CRT02838,PRD0174
TRX004345,4,116.26,465.04,CRT02752,PRD0137
TRX004346,5,85.85,429.25,CRT02234,PRD0184
TRX004347,1,286.9,286.9,CRT00862,PRD0110
TRX004348,2,82.61,165.22,CRT01880,PRD0167
TRX004349,5,267.28,1336.4,CRT01490,PRD0031
TRX004350,3,127.91,383.73,CRT00137,PRD0171
TRX004351,2,144.4,288.8,CRT00374,PRD0200
TRX004352,6,248.47,1490.82,CRT03287,PRD0044
TRX004353,7,24.14,168.98000000000002,CRT02327,PRD0127
TRX004354,4,153.58,614.32,CRT03495,PRD0030
TRX004355,5,88.06,440.3,CRT02436,PRD0065
TRX004356,6,190.14,1140.84,CRT02855,PRD0193
TRX004357,3,112.37,337.11,CRT03498,PRD0069
TRX004358,7,64.83,453.81,CRT00983,PRD0088
TRX004359,4,349.75,1399.0,CRT02975,PRD0055
TRX004360,7,82.61,578.27,CRT03435,PRD0167
TRX004361,3,13.28,39.84,CRT03413,PRD0141
TRX004362,9,171.38,1542.42,CRT01274,PRD0037
TRX004363,9,344.42,3099.78,CRT01745,PRD0112
TRX004364,7,288.19,2017.33,CRT02586,PRD0176
TRX004365,3,146.67,440.01,CRT01425,PRD0126
TRX004366,4,259.17,1036.68,CRT00092,PRD0169
TRX004367,4,318.21,1272.84,CRT00999,PRD0181
TRX004368,6,82.61,495.66,CRT00647,PRD0167
TRX004369,8,82.61,660.88,CRT00326,PRD0167
TRX004370,1,6.76,6.76,CRT00481,PRD0174
TRX004371,5,217.4,1087.0,CRT01838,PRD0180
TRX004372,5,318.21,1591.05,CRT02099,PRD0181
TRX004373,5,51.02,255.1,CRT00351,PRD0022
TRX004374,6,13.28,79.67999999999999,CRT00397,PRD0141
TRX004375,6,171.38,1028.28,CRT03412,PRD0037
TRX004376,2,231.76,463.52,CRT02688,PRD0038
TRX004377,5,278.04,1390.2,CRT01115,PRD0163
TRX004378,4,265.13,1060.52,CRT00434,PRD0025
TRX004379,5,181.62,908.1,CRT02018,PRD0109
TRX004380,5,327.59,1637.9499999999998,CRT02038,PRD0047
TRX004381,3,291.12,873.36,CRT00276,PRD0120
TRX004382,2,308.05,616.1,CRT00172,PRD0072
TRX004383,2,75.82,151.64,CRT01091,PRD0020
TRX004384,2,88.65,177.3,CRT02663,PRD0042
TRX004385,8,289.44,2315.52,CRT02642,PRD0155
TRX004386,6,142.41,854.46,CRT03196,PRD0051
TRX004387,5,327.59,1637.9499999999998,CRT00279,PRD0047
TRX004388,10,30.34,303.4,CRT02495,PRD0063
TRX004389,5,248.47,1242.35,CRT03274,PRD0044
TRX004390,5,104.38,521.9,CRT03047,PRD0011
TRX004391,10,36.18,361.8,CRT01912,PRD0049
TRX004392,6,196.43,1178.58,CRT03173,PRD0179
TRX004393,8,331.95,2655.6,CRT02303,PRD0161
TRX004394,5,291.12,1455.6,CRT00352,PRD0120
TRX004395,3,200.26,600.78,CRT01413,PRD0105
TRX004396,2,270.94,541.88,CRT03258,PRD0148
TRX004397,9,87.81,790.29,CRT01092,PRD0156
TRX004398,9,54.91,494.19,CRT03073,PRD0125
TRX004399,5,212.13,1060.65,CRT00326,PRD0131
TRX004400,3,197.06,591.1800000000001,CRT01167,PRD0086
TRX004401,5,238.5,1192.5,CRT02594,PRD0133
TRX004402,7,292.23,2045.61,CRT00480,PRD0073
TRX004403,4,12.47,49.88,CRT00331,PRD0158
TRX004404,9,166.93,1502.37,CRT03307,PRD0108
TRX004405,2,301.62,603.24,CRT00015,PRD0028
TRX004406,6,143.73,862.3799999999999,CRT03120,PRD0056
TRX004407,2,318.04,636.08,CRT00149,PRD0146
TRX004408,3,310.43,931.29,CRT02834,PRD0113
TRX004409,10,151.36,1513.6,CRT01421,PRD0150
TRX004410,2,224.09,448.18,CRT00375,PRD0122
TRX004411,2,86.2,172.4,CRT00556,PRD0036
TRX004412,7,51.02,357.14000000000004,CRT03289,PRD0022
TRX004413,5,275.78,1378.9,CRT03133,PRD0097
TRX004414,8,87.81,702.48,CRT00867,PRD0156
TRX004415,10,231.76,2317.6,CRT01170,PRD0038
TRX004416,3,212.13,636.39,CRT00648,PRD0131
TRX004417,5,63.71,318.55,CRT03214,PRD0153
TRX004418,7,13.65,95.55,CRT02453,PRD0019
TRX004419,5,151.12,755.6,CRT00364,PRD0081
TRX004420,3,103.06,309.18,CRT02843,PRD0013
TRX004421,10,288.19,2881.9,CRT01647,PRD0176
TRX004422,10,248.47,2484.7,CRT02551,PRD0044
TRX004423,9,54.91,494.19,CRT00444,PRD0125
TRX004424,8,305.67,2445.36,CRT02583,PRD0039
TRX004425,3,197.06,591.1800000000001,CRT02878,PRD0086
TRX004426,5,207.27,1036.35,CRT02389,PRD0006
TRX004427,8,30.96,247.68,CRT00836,PRD0139
TRX004428,4,265.13,1060.52,CRT01428,PRD0025
TRX004429,6,153.95,923.7,CRT02385,PRD0132
TRX004430,4,55.45,221.8,CRT03063,PRD0142
TRX004431,10,11.49,114.9,CRT02019,PRD0195
TRX004432,10,55.45,554.5,CRT02555,PRD0142
TRX004433,9,171.38,1542.42,CRT02947,PRD0037
TRX004434,8,209.57,1676.56,CRT01725,PRD0027
TRX004435,6,344.9,2069.4,CRT00833,PRD0035
TRX004436,10,344.9,3449.0,CRT01505,PRD0035
TRX004437,2,127.91,255.82,CRT02147,PRD0171
TRX004438,6,349.75,2098.5,CRT01360,PRD0055
TRX004439,4,308.17,1232.68,CRT02888,PRD0138
TRX004440,1,102.2,102.2,CRT01025,PRD0106
TRX004441,1,125.8,125.8,CRT00477,PRD0159
TRX004442,8,40.06,320.48,CRT03409,PRD0145
TRX004443,6,278.04,1668.2400000000002,CRT01441,PRD0163
TRX004444,2,103.06,206.12,CRT02025,PRD0013
TRX004445,5,198.63,993.15,CRT00943,PRD0135
TRX004446,6,164.79,988.74,CRT02158,PRD0050
TRX004447,2,208.25,416.5,CRT03114,PRD0147
TRX004448,9,302.95,2726.55,CRT02475,PRD0087
TRX004449,4,321.99,1287.96,CRT00893,PRD0062
TRX004450,5,149.12,745.6,CRT02119,PRD0003
TRX004451,8,196.43,1571.44,CRT00006,PRD0179
TRX004452,10,75.82,758.1999999999999,CRT00402,PRD0020
TRX004453,3,125.8,377.4,CRT02068,PRD0159
TRX004454,4,252.15,1008.6,CRT02614,PRD0059
TRX004455,1,115.14,115.14,CRT02420,PRD0034
TRX004456,6,63.71,382.26,CRT02019,PRD0153
TRX004457,8,282.78,2262.24,CRT02851,PRD0111
TRX004458,9,127.91,1151.19,CRT02031,PRD0171
TRX004459,3,224.53,673.59,CRT03386,PRD0032
TRX004460,5,156.17,780.8499999999999,CRT00871,PRD0198
TRX004461,6,149.36,896.1600000000001,CRT02489,PRD0007
TRX004462,4,30.96,123.84,CRT00808,PRD0139
TRX004463,2,36.18,72.36,CRT00875,PRD0049
TRX004464,1,260.65,260.65,CRT00163,PRD0168
TRX004465,9,229.76,2067.84,CRT00253,PRD0074
TRX004466,2,80.42,160.84,CRT01382,PRD0140
TRX004467,3,321.99,965.97,CRT03379,PRD0062
TRX004468,5,194.5,972.5,CRT00968,PRD0083
TRX004469,7,13.28,92.96,CRT00395,PRD0141
TRX004470,5,281.86,1409.3000000000002,CRT00010,PRD0188
TRX004471,4,78.71,314.84,CRT00736,PRD0024
TRX004472,8,270.94,2167.52,CRT00388,PRD0148
TRX004473,9,197.06,1773.54,CRT02437,PRD0086
TRX004474,7,99.1,693.6999999999999,CRT01447,PRD0014
TRX004475,3,140.04,420.12,CRT01195,PRD0068
TRX004476,5,156.17,780.8499999999999,CRT01565,PRD0198
TRX004477,4,38.12,152.48,CRT00515,PRD0002
TRX004478,1,331.95,331.95,CRT02268,PRD0161
TRX004479,2,275.33,550.66,CRT00432,PRD0058
TRX004480,5,321.99,1609.95,CRT01291,PRD0062
TRX004481,7,76.57,535.99,CRT03421,PRD0071
TRX004482,1,54.91,54.91,CRT01326,PRD0125
TRX004483,7,54.91,384.37,CRT01817,PRD0125
TRX004484,7,103.06,721.4200000000001,CRT00963,PRD0013
TRX004485,10,305.67,3056.7000000000003,CRT02321,PRD0039
TRX004486,7,119.47,836.29,CRT03003,PRD0008
TRX004487,2,30.34,60.68,CRT00511,PRD0063
TRX004488,1,9.29,9.29,CRT01363,PRD0128
TRX004489,7,111.48,780.36,CRT00659,PRD0061
TRX004490,10,88.06,880.6,CRT02331,PRD0065
TRX004491,7,13.65,95.55,CRT03314,PRD0019
TRX004492,4,24.14,96.56,CRT00850,PRD0127
TRX004493,8,69.32,554.56,CRT01712,PRD0012
TRX004494,5,200.1,1000.5,CRT00959,PRD0182
TRX004495,10,86.2,862.0,CRT00172,PRD0036
TRX004496,2,330.57,661.14,CRT00011,PRD0173
TRX004497,3,343.3,1029.9,CRT01623,PRD0134
TRX004498,2,194.83,389.66,CRT00215,PRD0165
TRX004499,9,125.96,1133.64,CRT03112,PRD0015
TRX004500,8,4.55,36.4,CRT00209,PRD0129
TRX004501,10,237.14,2371.4,CRT01606,PRD0064
TRX004502,1,237.14,237.14,CRT01012,PRD0064
TRX004503,7,301.82,2112.74,CRT01447,PRD0054
TRX004504,6,151.36,908.16,CRT03085,PRD0150
TRX004505,1,332.64,332.64,CRT00493,PRD0119
TRX004506,7,86.2,603.4,CRT00978,PRD0036
TRX004507,2,24.14,48.28,CRT01492,PRD0127
TRX004508,5,344.9,1724.5,CRT00049,PRD0035
TRX004509,8,275.78,2206.24,CRT02750,PRD0097
TRX004510,2,331.85,663.7,CRT01854,PRD0143
TRX004511,6,302.95,1817.7,CRT02053,PRD0087
TRX004512,10,238.5,2385.0,CRT01218,PRD0133
TRX004513,1,144.4,144.4,CRT02255,PRD0200
TRX004514,2,291.12,582.24,CRT01573,PRD0120
TRX004515,2,87.81,175.62,CRT02410,PRD0156
TRX004516,3,141.38,424.14,CRT00965,PRD0114
TRX004517,6,327.59,1965.54,CRT01669,PRD0047
TRX004518,1,166.93,166.93,CRT01368,PRD0108
TRX004519,3,13.65,40.95,CRT00562,PRD0019
TRX004520,4,142.41,569.64,CRT00772,PRD0051
TRX004521,2,82.61,165.22,CRT03167,PRD0167
TRX004522,7,146.67,1026.6899999999998,CRT00061,PRD0126
TRX004523,1,181.62,181.62,CRT00821,PRD0109
TRX004524,1,121.08,121.08,CRT01701,PRD0151
TRX004525,5,224.09,1120.45,CRT00767,PRD0122
TRX004526,1,178.11,178.11,CRT03320,PRD0004
TRX004527,3,54.91,164.73,CRT01784,PRD0125
TRX004528,8,327.59,2620.72,CRT03269,PRD0047
TRX004529,3,125.8,377.4,CRT00385,PRD0159
TRX004530,9,238.97,2150.73,CRT02525,PRD0026
TRX004531,10,212.13,2121.3,CRT01828,PRD0131
TRX004532,9,97.82,880.3799999999999,CRT02415,PRD0172
TRX004533,7,252.15,1765.05,CRT00952,PRD0059
TRX004534,9,260.49,2344.41,CRT02305,PRD0076
TRX004535,4,198.63,794.52,CRT02799,PRD0135
TRX004536,3,234.25,702.75,CRT02613,PRD0103
TRX004537,2,231.76,463.52,CRT00072,PRD0038
TRX004538,3,194.5,583.5,CRT01986,PRD0083
TRX004539,1,228.33,228.33,CRT03097,PRD0041
TRX004540,9,339.13,3052.17,CRT00845,PRD0060
TRX004541,7,46.73,327.11,CRT00990,PRD0104
TRX004542,2,301.87,603.74,CRT02834,PRD0121
TRX004543,5,288.92,1444.6,CRT02653,PRD0191
TRX004544,10,68.6,686.0,CRT02340,PRD0052
TRX004545,9,42.58,383.22,CRT01946,PRD0095
TRX004546,5,175.98,879.9,CRT02148,PRD0021
TRX004547,3,241.82,725.46,CRT02797,PRD0192
TRX004548,6,102.2,613.2,CRT01855,PRD0106
TRX004549,1,64.83,64.83,CRT00641,PRD0088
TRX004550,8,85.64,685.12,CRT01740,PRD0123
TRX004551,10,208.25,2082.5,CRT01850,PRD0147
TRX004552,7,233.03,1631.21,CRT00522,PRD0102
TRX004553,7,87.81,614.6700000000001,CRT00069,PRD0156
TRX004554,10,292.23,2922.3,CRT02690,PRD0073
TRX004555,10,275.33,2753.3,CRT02694,PRD0058
TRX004556,8,59.71,477.68,CRT01470,PRD0057
TRX004557,9,318.04,2862.36,CRT01195,PRD0146
TRX004558,5,86.2,431.0,CRT01684,PRD0036
TRX004559,3,80.62,241.86,CRT00656,PRD0189
TRX004560,1,80.62,80.62,CRT02565,PRD0189
TRX004561,1,282.78,282.78,CRT02524,PRD0111
TRX004562,2,112.37,224.74,CRT01487,PRD0069
TRX004563,5,15.96,79.80000000000001,CRT02437,PRD0090
TRX004564,2,228.33,456.66,CRT00952,PRD0041
TRX004565,5,194.83,974.15,CRT00699,PRD0165
TRX004566,5,228.33,1141.65,CRT01407,PRD0005
TRX004567,3,330.57,991.71,CRT02947,PRD0173
TRX004568,5,267.47,1337.35,CRT02106,PRD0033
TRX004569,7,336.37,2354.59,CRT01975,PRD0152
TRX004570,1,344.42,344.42,CRT00337,PRD0112
TRX004571,8,318.21,2545.68,CRT01652,PRD0181
TRX004572,4,200.26,801.04,CRT00687,PRD0105
TRX004573,8,54.91,439.28,CRT00858,PRD0125
TRX004574,3,38.5,115.5,CRT00161,PRD0075
TRX004575,4,349.75,1399.0,CRT01177,PRD0055
TRX004576,9,156.17,1405.53,CRT01650,PRD0198
TRX004577,7,15.79,110.53,CRT00845,PRD0096
TRX004578,2,24.14,48.28,CRT01168,PRD0127
TRX004579,6,38.12,228.72,CRT00797,PRD0002
TRX004580,10,141.38,1413.8,CRT03352,PRD0114
TRX004581,6,195.42,1172.52,CRT00058,PRD0162
TRX004582,3,224.09,672.27,CRT00267,PRD0122
TRX004583,9,190.14,1711.2599999999998,CRT01979,PRD0193
TRX004584,6,59.71,358.26,CRT00480,PRD0057
TRX004585,10,88.65,886.5,CRT01438,PRD0042
TRX004586,10,301.87,3018.7,CRT00154,PRD0121
TRX004587,5,260.65,1303.25,CRT01635,PRD0168
TRX004588,8,42.58,340.64,CRT01873,PRD0095
TRX004589,6,148.18,889.08,CRT02586,PRD0066
TRX004590,8,68.6,548.8,CRT00360,PRD0052
TRX004591,7,265.13,1855.91,CRT03465,PRD0025
TRX004592,4,286.9,1147.6,CRT01920,PRD0110
TRX004593,8,228.33,1826.64,CRT02515,PRD0041
TRX004594,10,119.47,1194.7,CRT00773,PRD0008
TRX004595,9,332.64,2993.76,CRT00751,PRD0119
TRX004596,3,163.96,491.88,CRT01299,PRD0118
TRX004597,10,349.75,3497.5,CRT00129,PRD0055
TRX004598,4,282.78,1131.12,CRT00041,PRD0111
TRX004599,1,23.22,23.22,CRT02057,PRD0190
TRX004600,6,194.99,1169.94,CRT00421,PRD0043
TRX004601,6,349.75,2098.5,CRT00982,PRD0055
TRX004602,8,59.71,477.68,CRT02061,PRD0057
TRX004603,8,318.04,2544.32,CRT01575,PRD0146
TRX004604,10,312.35,3123.5,CRT00732,PRD0130
TRX004605,8,343.3,2746.4,CRT01193,PRD0134
TRX004606,10,46.73,467.3,CRT00829,PRD0104
TRX004607,9,302.95,2726.55,CRT00416,PRD0087
TRX004608,4,15.96,63.84,CRT02819,PRD0090
TRX004609,7,166.93,1168.51,CRT02769,PRD0108
TRX004610,8,281.93,2255.44,CRT01880,PRD0116
TRX004611,7,10.72,75.04,CRT02202,PRD0092
TRX004612,1,316.62,316.62,CRT02664,PRD0082
TRX004613,8,51.02,408.16,CRT00155,PRD0022
TRX004614,5,13.28,66.39999999999999,CRT02412,PRD0141
TRX004615,2,97.82,195.64,CRT01894,PRD0172
TRX004616,1,228.33,228.33,CRT02301,PRD0005
TRX004617,6,330.57,1983.42,CRT02436,PRD0173
TRX004618,10,97.82,978.2,CRT00023,PRD0172
TRX004619,4,196.2,784.8,CRT02948,PRD0117
TRX004620,10,115.19,1151.9,CRT02860,PRD0018
TRX004621,5,99.29,496.4500000000001,CRT00758,PRD0053
TRX004622,9,57.82,520.38,CRT01442,PRD0089
TRX004623,2,134.36,268.72,CRT01158,PRD0017
TRX004624,6,207.27,1243.62,CRT00311,PRD0006
TRX004625,1,336.37,336.37,CRT02041,PRD0152
TRX004626,5,246.16,1230.8,CRT03237,PRD0160
TRX004627,4,99.29,397.16,CRT00972,PRD0053
TRX004628,10,288.92,2889.2000000000003,CRT01495,PRD0191
TRX004629,1,213.05,213.05,CRT01222,PRD0144
TRX004630,4,23.22,92.88,CRT01250,PRD0190
TRX004631,6,175.98,1055.88,CRT01584,PRD0021
TRX004632,7,98.65,690.5500000000001,CRT02436,PRD0079
TRX004633,1,124.75,124.75,CRT00095,PRD0166
TRX004634,3,129.22,387.66,CRT00342,PRD0084
TRX004635,9,318.04,2862.36,CRT02196,PRD0146
TRX004636,6,260.19,1561.14,CRT00075,PRD0001
TRX004637,9,140.04,1260.36,CRT00964,PRD0068
TRX004638,7,181.62,1271.34,CRT00603,PRD0109
TRX004639,10,233.03,2330.3,CRT00550,PRD0102
TRX004640,7,80.62,564.34,CRT02582,PRD0189
TRX004641,7,308.17,2157.19,CRT02564,PRD0138
TRX004642,1,75.69,75.69,CRT00686,PRD0077
TRX004643,10,238.5,2385.0,CRT00732,PRD0133
TRX004644,7,99.29,695.0300000000001,CRT00465,PRD0053
TRX004645,4,198.09,792.36,CRT01613,PRD0178
TRX004646,6,116.26,697.5600000000001,CRT02316,PRD0137
TRX004647,5,228.33,1141.65,CRT00790,PRD0041
TRX004648,8,30.96,247.68,CRT00471,PRD0139
TRX004649,7,311.57,2180.99,CRT00413,PRD0194
TRX004650,1,229.76,229.76,CRT03193,PRD0074
TRX004651,8,198.09,1584.72,CRT00715,PRD0178
TRX004652,6,267.68,1606.08,CRT02195,PRD0197
TRX004653,2,281.93,563.86,CRT03081,PRD0116
TRX004654,3,148.18,444.54,CRT01049,PRD0066
TRX004655,2,221.23,442.46,CRT02404,PRD0177
TRX004656,1,223.09,223.09,CRT00539,PRD0199
TRX004657,2,143.73,287.46,CRT00222,PRD0056
TRX004658,9,336.37,3027.33,CRT03155,PRD0152
TRX004659,5,178.11,890.5500000000001,CRT01659,PRD0004
TRX004660,3,140.04,420.12,CRT00027,PRD0068
TRX004661,7,316.62,2216.34,CRT01311,PRD0082
TRX004662,3,97.82,293.46,CRT01866,PRD0172
TRX004663,3,281.93,845.79,CRT02396,PRD0116
TRX004664,7,23.22,162.54,CRT03126,PRD0190
TRX004665,5,275.78,1378.9,CRT00380,PRD0097
TRX004666,5,30.34,151.7,CRT02676,PRD0063
TRX004667,2,301.62,603.24,CRT00742,PRD0028
TRX004668,9,331.85,2986.65,CRT00539,PRD0143
TRX004669,1,318.21,318.21,CRT00380,PRD0181
TRX004670,3,318.21,954.63,CRT00803,PRD0181
TRX004671,5,246.16,1230.8,CRT02845,PRD0160
TRX004672,6,302.95,1817.7,CRT00932,PRD0087
TRX004673,10,42.58,425.8,CRT01821,PRD0095
TRX004674,5,13.28,66.39999999999999,CRT01943,PRD0141
TRX004675,1,163.96,163.96,CRT02370,PRD0118
TRX004676,9,217.4,1956.6,CRT03325,PRD0180
TRX004677,6,331.95,1991.7,CRT03263,PRD0161
TRX004678,10,265.13,2651.3,CRT03147,PRD0025
TRX004679,4,241.82,967.28,CRT03210,PRD0192
TRX004680,6,259.17,1555.02,CRT03446,PRD0169
TRX004681,7,327.31,2291.17,CRT03103,PRD0067
TRX004682,6,267.68,1606.08,CRT00551,PRD0197
TRX004683,4,116.26,465.04,CRT03491,PRD0137
TRX004684,6,36.18,217.08,CRT01865,PRD0049
TRX004685,3,88.06,264.18,CRT01986,PRD0065
TRX004686,5,55.45,277.25,CRT03338,PRD0142
TRX004687,4,248.8,995.2,CRT01488,PRD0099
TRX004688,8,344.39,2755.12,CRT02139,PRD0149
TRX004689,8,336.37,2690.96,CRT02782,PRD0152
TRX004690,10,120.9,1209.0,CRT00978,PRD0175
TRX004691,6,111.48,668.88,CRT00911,PRD0061
TRX004692,1,223.09,223.09,CRT00750,PRD0199
TRX004693,8,125.96,1007.68,CRT02567,PRD0015
TRX004694,7,194.5,1361.5,CRT02702,PRD0083
TRX004695,6,336.37,2018.22,CRT00071,PRD0152
TRX004696,6,46.73,280.38,CRT01421,PRD0104
TRX004697,8,275.33,2202.64,CRT01315,PRD0058
TRX004698,4,36.18,144.72,CRT01875,PRD0049
TRX004699,8,151.36,1210.88,CRT03246,PRD0150
TRX004700,5,97.82,489.1,CRT03062,PRD0172
TRX004701,9,6.76,60.84,CRT00404,PRD0174
TRX004702,6,198.63,1191.78,CRT02431,PRD0135
TRX004703,3,256.15,768.4499999999999,CRT03153,PRD0040
TRX004704,6,234.25,1405.5,CRT00805,PRD0103
TRX004705,2,301.22,602.44,CRT02451,PRD0045
TRX004706,3,40.06,120.18,CRT03324,PRD0145
TRX004707,3,134.36,403.08,CRT00397,PRD0017
TRX004708,6,283.35,1700.1,CRT01678,PRD0154
TRX004709,9,127.91,1151.19,CRT03183,PRD0171
TRX004710,5,95.22,476.1,CRT02033,PRD0029
TRX004711,7,286.9,2008.3,CRT02582,PRD0110
TRX004712,8,260.49,2083.92,CRT00474,PRD0076
TRX004713,10,327.31,3273.1,CRT01813,PRD0067
TRX004714,1,311.57,311.57,CRT01887,PRD0194
TRX004715,2,85.64,171.28,CRT00812,PRD0123
TRX004716,8,88.65,709.2,CRT00443,PRD0042
TRX004717,6,336.37,2018.22,CRT03179,PRD0152
TRX004718,3,4.55,13.65,CRT01780,PRD0129
TRX004719,3,26.82,80.46000000000001,CRT02125,PRD0101
TRX004720,8,229.76,1838.08,CRT03096,PRD0074
TRX004721,10,200.1,2001.0,CRT00846,PRD0182
TRX004722,3,318.21,954.63,CRT01933,PRD0181
TRX004723,10,136.36,1363.6,CRT01187,PRD0098
TRX004724,5,76.57,382.85,CRT01882,PRD0071
TRX004725,10,260.49,2604.9,CRT00909,PRD0076
TRX004726,7,42.58,298.06,CRT01163,PRD0095
TRX004727,6,196.43,1178.58,CRT00477,PRD0179
TRX004728,3,172.26,516.78,CRT00625,PRD0078
TRX004729,4,194.5,778.0,CRT01498,PRD0083
TRX004730,10,104.38,1043.8,CRT02976,PRD0011
TRX004731,7,305.67,2139.69,CRT00719,PRD0039
TRX004732,8,239.52,1916.16,CRT02811,PRD0085
TRX004733,5,142.41,712.05,CRT00772,PRD0051
TRX004734,10,116.26,1162.6,CRT02227,PRD0137
TRX004735,10,194.99,1949.9,CRT01813,PRD0043
TRX004736,10,291.12,2911.2,CRT02187,PRD0120
TRX004737,1,151.12,151.12,CRT00251,PRD0081
TRX004738,3,263.29,789.8700000000001,CRT02524,PRD0157
TRX004739,1,260.49,260.49,CRT01914,PRD0076
TRX004740,4,270.94,1083.76,CRT02583,PRD0148
TRX004741,9,36.18,325.62,CRT01127,PRD0049
TRX004742,6,175.98,1055.88,CRT00577,PRD0021
TRX004743,5,125.96,629.8,CRT00968,PRD0015
TRX004744,1,190.14,190.14,CRT02966,PRD0193
TRX004745,8,256.15,2049.2,CRT00105,PRD0040
TRX004746,1,38.5,38.5,CRT02680,PRD0075
TRX004747,1,303.73,303.73,CRT02731,PRD0136
TRX004748,9,115.19,1036.71,CRT02714,PRD0018
TRX004749,5,331.85,1659.25,CRT02419,PRD0143
TRX004750,2,344.39,688.78,CRT03021,PRD0149
TRX004751,6,162.15,972.9,CRT02531,PRD0010
TRX004752,10,221.23,2212.3,CRT00293,PRD0177
TRX004753,2,260.65,521.3,CRT00578,PRD0168
TRX004754,3,198.09,594.27,CRT02598,PRD0178
TRX004755,5,111.48,557.4,CRT02230,PRD0061
TRX004756,3,6.76,20.28,CRT00284,PRD0174
TRX004757,7,302.86,2120.02,CRT02408,PRD0093
TRX004758,10,198.09,1980.9,CRT01683,PRD0178
TRX004759,6,344.9,2069.4,CRT02819,PRD0035
TRX004760,8,194.5,1556.0,CRT01537,PRD0083
TRX004761,6,301.62,1809.72,CRT03131,PRD0028
TRX004762,4,164.79,659.16,CRT02267,PRD0050
TRX004763,9,98.65,887.85,CRT00201,PRD0079
TRX004764,6,166.93,1001.58,CRT02208,PRD0108
TRX004765,2,80.42,160.84,CRT03391,PRD0140
TRX004766,4,233.03,932.12,CRT00091,PRD0102
TRX004767,10,318.21,3182.1,CRT00525,PRD0181
TRX004768,8,282.78,2262.24,CRT01237,PRD0111
TRX004769,7,198.09,1386.63,CRT01327,PRD0178
TRX004770,4,136.36,545.44,CRT00404,PRD0098
TRX004771,6,252.5,1515.0,CRT03200,PRD0100
TRX004772,3,263.29,789.8700000000001,CRT02260,PRD0157
TRX004773,10,311.57,3115.7,CRT02634,PRD0194
TRX004774,5,97.82,489.1,CRT00913,PRD0172
TRX004775,7,85.64,599.48,CRT00298,PRD0123
TRX004776,2,116.26,232.52,CRT02845,PRD0137
TRX004777,5,212.13,1060.65,CRT02102,PRD0131
TRX004778,3,80.62,241.86,CRT02018,PRD0189
TRX004779,7,260.65,1824.55,CRT01669,PRD0168
TRX004780,3,331.85,995.55,CRT01719,PRD0143
TRX004781,1,301.62,301.62,CRT03186,PRD0028
TRX004782,5,76.57,382.85,CRT00269,PRD0071
TRX004783,1,305.67,305.67,CRT00616,PRD0039
TRX004784,9,151.36,1362.2400000000002,CRT02672,PRD0150
TRX004785,6,12.47,74.82000000000001,CRT01755,PRD0158
TRX004786,3,288.19,864.5699999999999,CRT02760,PRD0176
TRX004787,1,6.76,6.76,CRT01100,PRD0174
TRX004788,7,190.14,1330.98,CRT01642,PRD0193
TRX004789,4,263.29,1053.16,CRT01776,PRD0157
TRX004790,4,15.79,63.16,CRT01636,PRD0096
TRX004791,5,179.52,897.6,CRT00155,PRD0094
TRX004792,7,344.42,2410.94,CRT00171,PRD0112
TRX004793,2,59.71,119.42,CRT02318,PRD0057
TRX004794,2,301.82,603.64,CRT03101,PRD0054
TRX004795,9,267.28,2405.5199999999995,CRT01323,PRD0031
TRX004796,10,241.82,2418.2,CRT02229,PRD0192
TRX004797,8,275.78,2206.24,CRT00311,PRD0097
TRX004798,9,179.52,1615.68,CRT02534,PRD0094
TRX004799,8,134.36,1074.88,CRT00963,PRD0017
TRX004800,4,291.12,1164.48,CRT00525,PRD0120
TRX004801,8,76.57,612.56,CRT01323,PRD0071
TRX004802,3,339.13,1017.39,CRT00431,PRD0060
TRX004803,9,223.15,2008.35,CRT01446,PRD0016
TRX004804,3,121.08,363.24,CRT02792,PRD0151
TRX004805,7,283.35,1983.4500000000005,CRT01791,PRD0154
TRX004806,6,212.13,1272.78,CRT03468,PRD0131
TRX004807,10,88.65,886.5,CRT01294,PRD0042
TRX004808,4,54.91,219.64,CRT00172,PRD0125
TRX004809,4,69.32,277.28,CRT01086,PRD0012
TRX004810,9,149.36,1344.2400000000002,CRT00596,PRD0007
TRX004811,1,213.05,213.05,CRT02019,PRD0144
TRX004812,5,301.5,1507.5,CRT02554,PRD0115
TRX004813,2,143.73,287.46,CRT01934,PRD0056
TRX004814,10,149.36,1493.6,CRT00138,PRD0007
TRX004815,2,316.62,633.24,CRT01645,PRD0082
TRX004816,8,342.98,2743.84,CRT01424,PRD0080
TRX004817,2,318.04,636.08,CRT00842,PRD0146
TRX004818,7,267.28,1870.96,CRT02108,PRD0031
TRX004819,1,344.39,344.39,CRT02150,PRD0149
TRX004820,4,40.06,160.24,CRT01611,PRD0145
TRX004821,4,112.37,449.48,CRT01243,PRD0069
TRX004822,4,102.2,408.8,CRT03496,PRD0106
TRX004823,1,241.82,241.82,CRT02704,PRD0192
TRX004824,9,327.31,2945.79,CRT02726,PRD0067
TRX004825,6,153.95,923.7,CRT03336,PRD0132
TRX004826,5,229.76,1148.8,CRT02997,PRD0074
TRX004827,5,112.37,561.85,CRT01841,PRD0069
TRX004828,2,171.38,342.76,CRT00441,PRD0037
TRX004829,9,228.33,2054.9700000000003,CRT00213,PRD0041
TRX004830,5,303.73,1518.65,CRT02807,PRD0136
TRX004831,4,80.62,322.48,CRT03249,PRD0189
TRX004832,7,197.06,1379.42,CRT03029,PRD0086
TRX004833,7,149.36,1045.52,CRT00885,PRD0007
TRX004834,1,116.26,116.26,CRT01851,PRD0137
TRX004835,3,85.85,257.54999999999995,CRT03116,PRD0184
TRX004836,1,63.71,63.71,CRT03204,PRD0153
TRX004837,10,330.57,3305.7,CRT02585,PRD0173
TRX004838,4,119.47,477.88,CRT00916,PRD0008
TRX004839,2,179.52,359.04,CRT02567,PRD0094
TRX004840,4,97.82,391.28,CRT03368,PRD0172
TRX004841,8,301.5,2412.0,CRT02254,PRD0115
TRX004842,9,223.15,2008.35,CRT01917,PRD0016
TRX004843,9,69.32,623.8799999999999,CRT01658,PRD0012
TRX004844,1,164.79,164.79,CRT03082,PRD0050
TRX004845,3,321.99,965.97,CRT00872,PRD0062
TRX004846,2,156.17,312.34,CRT00679,PRD0198
TRX004847,1,343.3,343.3,CRT02514,PRD0134
TRX004848,10,194.83,1948.3,CRT00657,PRD0165
TRX004849,4,223.15,892.6,CRT02268,PRD0016
TRX004850,7,301.87,2113.09,CRT01399,PRD0121
TRX004851,8,283.35,2266.8,CRT00848,PRD0154
TRX004852,7,26.82,187.74,CRT02356,PRD0101
TRX004853,8,332.64,2661.12,CRT00496,PRD0119
TRX004854,8,342.98,2743.84,CRT01401,PRD0080
TRX004855,8,30.34,242.72,CRT02373,PRD0063
TRX004856,8,134.36,1074.88,CRT02541,PRD0017
TRX004857,4,286.9,1147.6,CRT01827,PRD0110
TRX004858,7,116.26,813.82,CRT02259,PRD0137
TRX004859,6,237.14,1422.84,CRT02335,PRD0064
TRX004860,8,248.47,1987.76,CRT01077,PRD0044
TRX004861,7,190.14,1330.98,CRT01042,PRD0193
TRX004862,5,12.47,62.35,CRT00073,PRD0158
TRX004863,6,143.73,862.3799999999999,CRT03079,PRD0056
TRX004864,6,197.06,1182.36,CRT02648,PRD0086
TRX004865,5,30.34,151.7,CRT00457,PRD0063
TRX004866,6,321.99,1931.94,CRT02528,PRD0062
TRX004867,10,15.96,159.60000000000002,CRT02958,PRD0090
TRX004868,1,144.46,144.46,CRT01509,PRD0185
TRX004869,4,234.25,937.0,CRT00365,PRD0103
TRX004870,5,63.71,318.55,CRT03363,PRD0153
TRX004871,9,316.62,2849.58,CRT00882,PRD0082
TRX004872,2,136.36,272.72,CRT01617,PRD0098
TRX004873,10,260.19,2601.9,CRT00143,PRD0001
TRX004874,6,40.06,240.36,CRT01366,PRD0145
TRX004875,5,208.25,1041.25,CRT03310,PRD0147
TRX004876,4,194.5,778.0,CRT02211,PRD0083
TRX004877,6,198.63,1191.78,CRT00549,PRD0135
TRX004878,2,97.82,195.64,CRT03312,PRD0172
TRX004879,2,82.61,165.22,CRT01308,PRD0167
TRX004880,1,286.9,286.9,CRT01018,PRD0110
TRX004881,3,153.58,460.74,CRT03058,PRD0030
TRX004882,7,85.64,599.48,CRT00654,PRD0123
TRX004883,10,344.39,3443.9,CRT02761,PRD0149
TRX004884,4,331.85,1327.4,CRT02524,PRD0143
TRX004885,10,229.76,2297.6,CRT01292,PRD0074
TRX004886,6,112.37,674.22,CRT01903,PRD0069
TRX004887,6,301.87,1811.22,CRT00655,PRD0121
TRX004888,4,38.5,154.0,CRT00671,PRD0075
TRX004889,4,102.2,408.8,CRT03030,PRD0106
TRX004890,1,96.92,96.92,CRT02553,PRD0124
TRX004891,9,143.73,1293.57,CRT02341,PRD0056
TRX004892,10,267.47,2674.7000000000003,CRT01645,PRD0033
TRX004893,3,327.59,982.77,CRT01078,PRD0047
TRX004894,4,327.59,1310.36,CRT02773,PRD0047
TRX004895,4,318.04,1272.16,CRT03021,PRD0146
TRX004896,4,301.5,1206.0,CRT01796,PRD0115
TRX004897,2,231.76,463.52,CRT03360,PRD0038
TRX004898,4,239.52,958.08,CRT01857,PRD0085
TRX004899,6,275.33,1651.98,CRT03207,PRD0058
TRX004900,2,178.11,356.22,CRT00079,PRD0004
TRX004901,5,143.73,718.65,CRT00791,PRD0056
TRX004902,9,275.78,2482.0199999999995,CRT00382,PRD0097
TRX004903,6,36.18,217.08,CRT00846,PRD0049
TRX004904,6,166.93,1001.58,CRT02441,PRD0108
TRX004905,1,344.9,344.9,CRT01816,PRD0035
TRX004906,8,224.53,1796.24,CRT02907,PRD0032
TRX004907,1,142.41,142.41,CRT00965,PRD0051
TRX004908,3,76.57,229.71,CRT02540,PRD0071
TRX004909,7,248.47,1739.29,CRT00470,PRD0044
TRX004910,5,115.19,575.95,CRT02136,PRD0018
TRX004911,1,172.26,172.26,CRT02441,PRD0078
TRX004912,7,149.36,1045.52,CRT02358,PRD0007
TRX004913,3,275.78,827.3399999999999,CRT01190,PRD0097
TRX004914,7,321.66,2251.6200000000003,CRT01014,PRD0091
TRX004915,1,36.18,36.18,CRT02237,PRD0049
TRX004916,7,282.78,1979.46,CRT03476,PRD0111
TRX004917,8,260.65,2085.2,CRT01020,PRD0168
TRX004918,5,142.41,712.05,CRT00717,PRD0051
TRX004919,2,208.25,416.5,CRT00757,PRD0147
TRX004920,6,26.82,160.92000000000002,CRT03395,PRD0101
TRX004921,2,115.14,230.28,CRT02884,PRD0034
TRX004922,5,10.72,53.6,CRT00681,PRD0092
TRX004923,5,330.57,1652.85,CRT01842,PRD0173
TRX004924,9,124.75,1122.75,CRT02055,PRD0166
TRX004925,8,260.19,2081.52,CRT03093,PRD0001
TRX004926,7,148.18,1037.26,CRT00428,PRD0066
TRX004927,3,99.29,297.87,CRT02550,PRD0053
TRX004928,2,175.98,351.96,CRT02824,PRD0021
TRX004929,7,241.37,1689.59,CRT02821,PRD0187
TRX004930,5,151.36,756.8000000000001,CRT00316,PRD0150
TRX004931,9,198.63,1787.67,CRT02490,PRD0135
TRX004932,4,85.85,343.4,CRT01592,PRD0184
TRX004933,5,234.97,1174.85,CRT01633,PRD0046
TRX004934,3,26.82,80.46000000000001,CRT03076,PRD0101
TRX004935,8,312.35,2498.8,CRT00434,PRD0130
TRX004936,10,260.65,2606.5,CRT00170,PRD0168
TRX004937,8,223.09,1784.72,CRT03415,PRD0199
TRX004938,4,166.93,667.72,CRT00844,PRD0108
TRX004939,1,151.36,151.36,CRT00320,PRD0150
TRX004940,3,80.42,241.26,CRT02376,PRD0140
TRX004941,10,97.82,978.2,CRT01725,PRD0172
TRX004942,5,194.5,972.5,CRT00472,PRD0083
TRX004943,1,13.84,13.84,CRT02255,PRD0186
TRX004944,7,330.57,2313.99,CRT03499,PRD0173
TRX004945,10,15.79,157.89999999999998,CRT00138,PRD0096
TRX004946,6,75.82,454.92,CRT01424,PRD0020
TRX004947,8,13.65,109.2,CRT00122,PRD0019
TRX004948,3,228.33,684.99,CRT00269,PRD0041
TRX004949,6,229.76,1378.56,CRT00294,PRD0074
TRX004950,3,233.03,699.09,CRT02626,PRD0102
TRX004951,1,231.76,231.76,CRT02665,PRD0038
TRX004952,3,95.22,285.66,CRT01739,PRD0029
TRX004953,4,234.25,937.0,CRT03366,PRD0103
TRX004954,6,256.15,1536.9,CRT03470,PRD0040
TRX004955,9,318.21,2863.89,CRT00334,PRD0181
TRX004956,10,11.49,114.9,CRT03363,PRD0195
TRX004957,4,289.44,1157.76,CRT03005,PRD0155
TRX004958,8,114.48,915.84,CRT02727,PRD0107
TRX004959,8,223.15,1785.2,CRT02522,PRD0016
TRX004960,2,194.99,389.98,CRT01836,PRD0043
TRX004961,3,54.91,164.73,CRT00030,PRD0125
TRX004962,6,102.2,613.2,CRT03191,PRD0106
TRX004963,9,166.93,1502.37,CRT00731,PRD0108
TRX004964,3,9.29,27.87,CRT00093,PRD0128
TRX004965,9,30.96,278.64,CRT02838,PRD0139
TRX004966,5,136.36,681.8000000000001,CRT02052,PRD0098
TRX004967,9,301.87,2716.83,CRT01172,PRD0121
TRX004968,9,112.37,1011.33,CRT01453,PRD0069
TRX004969,10,54.91,549.0999999999999,CRT01925,PRD0125
TRX004970,2,96.92,193.84,CRT02932,PRD0124
TRX004971,10,195.42,1954.2,CRT01834,PRD0162
TRX004972,10,200.26,2002.6,CRT00046,PRD0105
TRX004973,5,55.45,277.25,CRT02410,PRD0142
TRX004974,10,303.73,3037.3,CRT01169,PRD0136
TRX004975,6,11.49,68.94,CRT02229,PRD0195
TRX004976,2,85.85,171.7,CRT01741,PRD0184
TRX004977,7,11.49,80.43,CRT02553,PRD0195
TRX004978,6,282.78,1696.6799999999998,CRT02881,PRD0111
TRX004979,10,260.49,2604.9,CRT02087,PRD0076
TRX004980,10,292.23,2922.3,CRT03362,PRD0073
TRX004981,2,46.73,93.46,CRT03178,PRD0104
TRX004982,10,198.09,1980.9,CRT03209,PRD0178
TRX004983,5,6.76,33.8,CRT03088,PRD0174
TRX004984,6,260.49,1562.94,CRT02381,PRD0076
TRX004985,7,218.35,1528.45,CRT01372,PRD0070
TRX004986,5,54.91,274.54999999999995,CRT02135,PRD0125
TRX004987,5,248.47,1242.35,CRT01211,PRD0044
TRX004988,7,88.65,620.5500000000001,CRT03101,PRD0042
TRX004989,5,127.91,639.55,CRT00267,PRD0171
TRX004990,6,163.96,983.76,CRT02113,PRD0118
TRX004991,3,30.34,91.02,CRT02830,PRD0063
TRX004992,4,63.71,254.84,CRT03048,PRD0153
TRX004993,10,301.5,3015.0,CRT02238,PRD0115
TRX004994,1,286.9,286.9,CRT02013,PRD0110
TRX004995,1,213.05,213.05,CRT00381,PRD0144
TRX004996,5,297.0,1485.0,CRT01023,PRD0009
TRX004997,2,69.32,138.64,CRT00810,PRD0012
TRX004998,6,256.15,1536.9,CRT01855,PRD0040
TRX004999,3,114.48,343.44,CRT01201,PRD0107
TRX005000,5,242.9,1214.5,CRT00093,PRD0164
TRX005001,3,6.76,20.28,CRT00488,PRD0174
TRX005002,9,231.76,2085.84,CRT03490,PRD0038
TRX005003,7,238.97,1672.79,CRT00682,PRD0026
TRX005004,8,224.09,1792.72,CRT02853,PRD0122
TRX005005,9,242.9,2186.1,CRT00552,PRD0164
TRX005006,6,30.34,182.04,CRT00755,PRD0063
TRX005007,6,224.53,1347.18,CRT02107,PRD0032
TRX005008,5,308.17,1540.85,CRT00518,PRD0138
TRX005009,8,288.19,2305.52,CRT00841,PRD0176
TRX005010,1,301.5,301.5,CRT00963,PRD0115
TRX005011,2,344.39,688.78,CRT01182,PRD0149
TRX005012,9,36.18,325.62,CRT00269,PRD0049
TRX005013,10,63.71,637.1,CRT00894,PRD0153
TRX005014,8,104.38,835.04,CRT00128,PRD0011
TRX005015,8,163.96,1311.68,CRT02612,PRD0118
TRX005016,10,144.46,1444.6,CRT02558,PRD0185
TRX005017,6,344.9,2069.4,CRT00456,PRD0035
TRX005018,1,46.73,46.73,CRT01877,PRD0104
TRX005019,2,267.28,534.56,CRT03293,PRD0031
TRX005020,5,318.21,1591.05,CRT00150,PRD0181
TRX005021,7,339.13,2373.91,CRT01284,PRD0060
TRX005022,8,223.09,1784.72,CRT00075,PRD0199
TRX005023,1,339.13,339.13,CRT02773,PRD0060
TRX005024,10,151.12,1511.2,CRT00832,PRD0081
TRX005025,4,256.15,1024.6,CRT03275,PRD0040
TRX005026,7,134.36,940.52,CRT01501,PRD0017
TRX005027,8,221.23,1769.84,CRT03383,PRD0177
TRX005028,3,308.05,924.15,CRT02604,PRD0072
TRX005029,6,256.15,1536.9,CRT01818,PRD0040
TRX005030,1,104.38,104.38,CRT00336,PRD0011
TRX005031,3,103.06,309.18,CRT02613,PRD0013
TRX005032,9,301.22,2710.9800000000005,CRT01493,PRD0045
TRX005033,1,231.76,231.76,CRT02963,PRD0038
TRX005034,1,195.42,195.42,CRT03286,PRD0162
TRX005035,5,339.13,1695.65,CRT03304,PRD0060
TRX005036,2,15.96,31.92,CRT03062,PRD0090
TRX005037,8,114.48,915.84,CRT00194,PRD0107
TRX005038,8,198.63,1589.04,CRT03098,PRD0135
TRX005039,1,75.82,75.82,CRT01265,PRD0020
TRX005040,8,162.15,1297.2,CRT01393,PRD0010
TRX005041,4,144.4,577.6,CRT02126,PRD0200
TRX005042,5,344.39,1721.9499999999998,CRT02864,PRD0149
TRX005043,7,292.23,2045.61,CRT02670,PRD0073
TRX005044,1,286.9,286.9,CRT01352,PRD0110
TRX005045,4,238.5,954.0,CRT02398,PRD0133
TRX005046,2,30.34,60.68,CRT00255,PRD0063
TRX005047,7,10.72,75.04,CRT03292,PRD0092
TRX005048,2,344.39,688.78,CRT00745,PRD0149
TRX005049,4,55.45,221.8,CRT03335,PRD0142
TRX005050,5,275.16,1375.8000000000002,CRT02687,PRD0048
TRX005051,1,331.95,331.95,CRT00890,PRD0161
TRX005052,8,148.18,1185.44,CRT01192,PRD0066
TRX005053,10,198.09,1980.9,CRT00183,PRD0178
TRX005054,10,78.71,787.0999999999999,CRT01505,PRD0024
TRX005055,3,344.42,1033.26,CRT01927,PRD0112
TRX005056,2,11.49,22.98,CRT01527,PRD0195
TRX005057,7,291.12,2037.84,CRT00381,PRD0120
TRX005058,5,75.82,379.1,CRT02193,PRD0020
TRX005059,6,316.62,1899.72,CRT01699,PRD0082
TRX005060,8,85.64,685.12,CRT02671,PRD0123
TRX005061,6,318.21,1909.26,CRT02255,PRD0181
TRX005062,3,301.82,905.46,CRT00500,PRD0054
TRX005063,8,267.28,2138.24,CRT00739,PRD0031
TRX005064,6,129.22,775.3199999999999,CRT01836,PRD0084
TRX005065,5,116.26,581.3000000000001,CRT00924,PRD0137
TRX005066,3,241.37,724.11,CRT02624,PRD0187
TRX005067,9,85.85,772.65,CRT00142,PRD0184
TRX005068,4,331.95,1327.8,CRT00848,PRD0161
TRX005069,3,228.33,684.99,CRT03138,PRD0005
TRX005070,9,11.49,103.41,CRT00018,PRD0195
TRX005071,7,85.85,600.9499999999999,CRT01848,PRD0184
TRX005072,8,151.36,1210.88,CRT01567,PRD0150
TRX005073,9,267.68,2409.12,CRT00680,PRD0197
TRX005074,6,75.69,454.14,CRT01045,PRD0077
TRX005075,2,96.92,193.84,CRT01670,PRD0124
TRX005076,6,178.11,1068.66,CRT02335,PRD0004
TRX005077,1,217.4,217.4,CRT01927,PRD0180
TRX005078,7,198.09,1386.63,CRT03129,PRD0178
TRX005079,7,100.84,705.88,CRT00478,PRD0170
TRX005080,9,318.04,2862.36,CRT00162,PRD0146
TRX005081,9,9.29,83.60999999999999,CRT00819,PRD0128
TRX005082,2,267.47,534.94,CRT01311,PRD0033
TRX005083,6,142.41,854.46,CRT02534,PRD0051
TRX005084,6,331.95,1991.7,CRT00187,PRD0161
TRX005085,8,265.13,2121.04,CRT02335,PRD0025
TRX005086,2,166.93,333.86,CRT01581,PRD0108
TRX005087,6,129.22,775.3199999999999,CRT02429,PRD0084
TRX005088,6,26.82,160.92000000000002,CRT02120,PRD0101
TRX005089,7,238.97,1672.79,CRT00167,PRD0026
TRX005090,7,308.17,2157.19,CRT01289,PRD0138
TRX005091,2,24.14,48.28,CRT01976,PRD0127
TRX005092,7,252.5,1767.5,CRT02477,PRD0100
TRX005093,7,13.84,96.88,CRT02812,PRD0186
TRX005094,9,151.12,1360.08,CRT01001,PRD0081
TRX005095,10,212.13,2121.3,CRT00637,PRD0131
TRX005096,5,75.69,378.45,CRT00056,PRD0077
TRX005097,1,96.92,96.92,CRT03484,PRD0124
TRX005098,10,87.81,878.1,CRT03472,PRD0156
TRX005099,4,288.92,1155.68,CRT02041,PRD0191
TRX005100,7,149.36,1045.52,CRT00580,PRD0007
TRX005101,4,305.67,1222.68,CRT02647,PRD0039
TRX005102,7,349.75,2448.25,CRT02472,PRD0055
TRX005103,5,301.5,1507.5,CRT02184,PRD0115
TRX005104,7,241.37,1689.59,CRT02191,PRD0187
TRX005105,1,115.19,115.19,CRT02684,PRD0018
TRX005106,6,260.19,1561.14,CRT02005,PRD0001
TRX005107,10,218.35,2183.5,CRT01316,PRD0070
TRX005108,6,327.59,1965.54,CRT02732,PRD0047
TRX005109,6,238.5,1431.0,CRT01038,PRD0133
TRX005110,2,24.14,48.28,CRT01935,PRD0127
TRX005111,7,144.46,1011.22,CRT02117,PRD0185
TRX005112,2,23.22,46.44,CRT02102,PRD0190
TRX005113,2,76.57,153.14,CRT02555,PRD0071
TRX005114,4,238.97,955.88,CRT02374,PRD0026
TRX005115,4,209.57,838.28,CRT03435,PRD0027
TRX005116,10,146.67,1466.6999999999998,CRT01597,PRD0126
TRX005117,6,162.15,972.9,CRT03113,PRD0010
TRX005118,7,228.33,1598.3100000000002,CRT01035,PRD0041
TRX005119,4,153.58,614.32,CRT01874,PRD0030
TRX005120,3,162.15,486.4500000000001,CRT01282,PRD0010
TRX005121,3,312.35,937.05,CRT01345,PRD0130
TRX005122,5,302.86,1514.3000000000002,CRT03332,PRD0093
TRX005123,6,100.84,605.04,CRT00869,PRD0170
TRX005124,2,344.42,688.84,CRT01157,PRD0112
TRX005125,9,96.92,872.28,CRT00361,PRD0124
TRX005126,3,270.94,812.8199999999999,CRT00075,PRD0148
TRX005127,6,142.41,854.46,CRT01752,PRD0051
TRX005128,7,305.67,2139.69,CRT01084,PRD0039
TRX005129,10,302.86,3028.6000000000004,CRT02166,PRD0093
TRX005130,7,265.13,1855.91,CRT03412,PRD0025
TRX005131,2,85.64,171.28,CRT00681,PRD0123
TRX005132,10,115.19,1151.9,CRT00613,PRD0018
TRX005133,3,327.31,981.93,CRT00667,PRD0067
TRX005134,2,318.21,636.42,CRT00648,PRD0181
TRX005135,3,278.04,834.1200000000001,CRT02732,PRD0163
TRX005136,7,327.31,2291.17,CRT02868,PRD0067
TRX005137,10,144.4,1444.0,CRT01031,PRD0200
TRX005138,8,221.23,1769.84,CRT00495,PRD0177
TRX005139,5,331.95,1659.75,CRT03392,PRD0161
TRX005140,9,228.33,2054.9700000000003,CRT01415,PRD0005
TRX005141,7,13.84,96.88,CRT01960,PRD0186
TRX005142,10,74.71,747.0999999999999,CRT03282,PRD0183
TRX005143,8,23.22,185.76,CRT01428,PRD0190
TRX005144,9,342.98,3086.82,CRT02449,PRD0080
TRX005145,5,195.42,977.1,CRT03466,PRD0162
TRX005146,9,297.0,2673.0,CRT01656,PRD0009
TRX005147,8,282.78,2262.24,CRT01393,PRD0111
TRX005148,10,344.9,3449.0,CRT00413,PRD0035
TRX005149,9,281.86,2536.74,CRT02674,PRD0188
TRX005150,10,171.38,1713.8,CRT03404,PRD0037
TRX005151,7,149.12,1043.84,CRT00107,PRD0003
TRX005152,4,263.29,1053.16,CRT01547,PRD0157
TRX005153,2,100.84,201.68,CRT02623,PRD0170
TRX005154,10,198.09,1980.9,CRT01084,PRD0178
TRX005155,7,99.29,695.0300000000001,CRT03301,PRD0053
TRX005156,4,288.92,1155.68,CRT02536,PRD0191
TRX005157,1,342.98,342.98,CRT01820,PRD0080
TRX005158,6,349.85,2099.1000000000004,CRT00772,PRD0196
TRX005159,3,311.57,934.71,CRT02346,PRD0194
TRX005160,8,297.0,2376.0,CRT02109,PRD0009
TRX005161,1,281.93,281.93,CRT01267,PRD0116
TRX005162,5,68.6,343.0,CRT00854,PRD0052
TRX005163,4,134.36,537.44,CRT03326,PRD0017
TRX005164,7,26.82,187.74,CRT00485,PRD0101
TRX005165,10,318.04,3180.4,CRT03140,PRD0146
TRX005166,3,233.03,699.09,CRT02650,PRD0102
TRX005167,3,64.83,194.49,CRT02926,PRD0088
TRX005168,6,190.14,1140.84,CRT03434,PRD0193
TRX005169,10,68.6,686.0,CRT02899,PRD0052
TRX005170,2,119.47,238.94,CRT03141,PRD0008
TRX005171,7,318.21,2227.47,CRT03361,PRD0181
TRX005172,5,148.18,740.9000000000001,CRT03106,PRD0066
TRX005173,3,259.17,777.51,CRT00413,PRD0169
TRX005174,4,302.95,1211.8,CRT00499,PRD0087
TRX005175,1,209.57,209.57,CRT02434,PRD0027
TRX005176,2,234.25,468.5,CRT02136,PRD0103
TRX005177,3,248.8,746.4000000000001,CRT01195,PRD0099
TRX005178,8,233.03,1864.24,CRT01923,PRD0102
TRX005179,5,234.25,1171.25,CRT02972,PRD0103
TRX005180,7,318.04,2226.28,CRT00516,PRD0146
TRX005181,10,75.69,756.9,CRT02067,PRD0077
TRX005182,1,197.06,197.06,CRT01256,PRD0086
TRX005183,2,267.68,535.36,CRT02368,PRD0197
TRX005184,8,349.85,2798.8,CRT01520,PRD0196
TRX005185,7,54.91,384.37,CRT00932,PRD0125
TRX005186,4,275.16,1100.64,CRT02743,PRD0048
TRX005187,2,88.65,177.3,CRT01339,PRD0042
TRX005188,10,153.95,1539.5,CRT01325,PRD0132
TRX005189,2,104.38,208.76,CRT01425,PRD0011
TRX005190,10,312.35,3123.5,CRT00255,PRD0130
TRX005191,9,198.09,1782.81,CRT02903,PRD0178
TRX005192,7,301.62,2111.34,CRT00053,PRD0028
TRX005193,4,332.64,1330.56,CRT01687,PRD0119
TRX005194,8,221.23,1769.84,CRT01491,PRD0177
TRX005195,1,223.09,223.09,CRT02353,PRD0199
TRX005196,9,246.16,2215.44,CRT02400,PRD0160
TRX005197,6,6.76,40.56,CRT00511,PRD0174
TRX005198,6,344.42,2066.52,CRT00667,PRD0112
TRX005199,4,38.12,152.48,CRT01850,PRD0002
TRX005200,7,143.73,1006.11,CRT02001,PRD0056
TRX005201,1,82.61,82.61,CRT03432,PRD0167
TRX005202,7,143.73,1006.11,CRT02627,PRD0056
TRX005203,3,121.08,363.24,CRT00882,PRD0151
TRX005204,3,318.21,954.63,CRT00673,PRD0181
TRX005205,4,223.15,892.6,CRT00935,PRD0016
TRX005206,1,281.93,281.93,CRT01896,PRD0116
TRX005207,7,178.11,1246.77,CRT00843,PRD0004
TRX005208,4,233.03,932.12,CRT02787,PRD0102
TRX005209,6,88.65,531.9000000000001,CRT01088,PRD0042
TRX005210,7,265.13,1855.91,CRT01782,PRD0025
TRX005211,8,40.06,320.48,CRT02192,PRD0145
TRX005212,4,68.6,274.4,CRT00142,PRD0052
TRX005213,6,223.09,1338.54,CRT00104,PRD0199
TRX005214,8,163.96,1311.68,CRT03358,PRD0118
TRX005215,8,223.09,1784.72,CRT01675,PRD0199
TRX005216,6,88.06,528.36,CRT00784,PRD0065
TRX005217,7,164.79,1153.53,CRT00023,PRD0050
TRX005218,10,115.14,1151.4,CRT02983,PRD0034
TRX005219,5,213.05,1065.25,CRT01520,PRD0144
TRX005220,3,275.33,825.99,CRT01368,PRD0058
TRX005221,10,125.96,1259.6,CRT03099,PRD0015
TRX005222,9,331.85,2986.65,CRT00220,PRD0143
TRX005223,5,265.13,1325.65,CRT00194,PRD0025
TRX005224,2,10.72,21.44,CRT02918,PRD0092
TRX005225,1,310.43,310.43,CRT02672,PRD0113
TRX005226,5,162.15,810.75,CRT01764,PRD0010
TRX005227,1,292.23,292.23,CRT00263,PRD0073
TRX005228,1,321.99,321.99,CRT02340,PRD0062
TRX005229,4,238.97,955.88,CRT02851,PRD0026
TRX005230,3,275.16,825.48,CRT01172,PRD0048
TRX005231,8,308.05,2464.4,CRT03394,PRD0072
TRX005232,4,13.65,54.6,CRT02991,PRD0019
TRX005233,1,270.94,270.94,CRT00168,PRD0148
TRX005234,4,42.58,170.32,CRT00232,PRD0095
TRX005235,3,9.29,27.87,CRT01848,PRD0128
TRX005236,5,194.83,974.15,CRT02143,PRD0165
TRX005237,9,327.31,2945.79,CRT00978,PRD0067
TRX005238,3,301.22,903.66,CRT01026,PRD0045
TRX005239,8,153.95,1231.6,CRT02123,PRD0132
TRX005240,5,98.65,493.25,CRT03003,PRD0079
TRX005241,7,38.12,266.84,CRT01125,PRD0002
TRX005242,4,344.42,1377.68,CRT01586,PRD0112
TRX005243,6,330.57,1983.42,CRT02708,PRD0173
TRX005244,3,336.37,1009.11,CRT03021,PRD0152
TRX005245,4,151.12,604.48,CRT01827,PRD0081
TRX005246,6,146.67,880.02,CRT03052,PRD0126
TRX005247,7,151.36,1059.52,CRT03323,PRD0150
TRX005248,2,194.5,389.0,CRT02248,PRD0083
TRX005249,2,246.16,492.32,CRT02195,PRD0160
TRX005250,9,260.49,2344.41,CRT00177,PRD0076
TRX005251,9,238.5,2146.5,CRT01290,PRD0133
TRX005252,3,332.64,997.92,CRT02232,PRD0119
TRX005253,1,115.14,115.14,CRT00946,PRD0034
TRX005254,4,289.44,1157.76,CRT03136,PRD0155
TRX005255,9,281.86,2536.74,CRT01543,PRD0188
TRX005256,1,114.48,114.48,CRT02096,PRD0107
TRX005257,7,231.76,1622.32,CRT01368,PRD0038
TRX005258,10,198.09,1980.9,CRT00204,PRD0178
TRX005259,6,102.2,613.2,CRT03301,PRD0106
TRX005260,9,267.47,2407.2300000000005,CRT03100,PRD0033
TRX005261,7,166.93,1168.51,CRT02542,PRD0108
TRX005262,3,260.19,780.5699999999999,CRT02671,PRD0001
TRX005263,2,63.71,127.42,CRT01441,PRD0153
TRX005264,9,102.2,919.8,CRT00456,PRD0106
TRX005265,6,267.28,1603.6799999999998,CRT00481,PRD0031
TRX005266,4,38.5,154.0,CRT00069,PRD0075
TRX005267,2,297.0,594.0,CRT02796,PRD0009
TRX005268,2,217.4,434.8,CRT02611,PRD0180
TRX005269,2,234.25,468.5,CRT01723,PRD0103
TRX005270,3,197.06,591.1800000000001,CRT02189,PRD0086
TRX005271,9,318.04,2862.36,CRT01660,PRD0146
TRX005272,2,116.26,232.52,CRT01346,PRD0137
TRX005273,8,82.61,660.88,CRT00167,PRD0167
TRX005274,8,275.78,2206.24,CRT00564,PRD0097
TRX005275,10,316.62,3166.2,CRT02448,PRD0082
TRX005276,1,252.5,252.5,CRT02107,PRD0100
TRX005277,4,178.11,712.44,CRT02692,PRD0004
TRX005278,7,23.22,162.54,CRT00923,PRD0190
TRX005279,7,143.73,1006.11,CRT01391,PRD0056
TRX005280,7,331.95,2323.65,CRT01834,PRD0161
TRX005281,7,248.47,1739.29,CRT01868,PRD0044
TRX005282,4,11.49,45.96,CRT00236,PRD0195
TRX005283,7,208.25,1457.75,CRT00684,PRD0147
TRX005284,10,301.5,3015.0,CRT00710,PRD0115
TRX005285,5,82.61,413.05,CRT00813,PRD0167
TRX005286,8,42.58,340.64,CRT03281,PRD0095
TRX005287,3,153.58,460.74,CRT03340,PRD0030
TRX005288,9,327.59,2948.31,CRT01100,PRD0047
TRX005289,2,9.29,18.58,CRT02503,PRD0128
TRX005290,4,134.36,537.44,CRT00600,PRD0017
TRX005291,3,15.79,47.37,CRT01207,PRD0096
TRX005292,7,217.4,1521.8,CRT03364,PRD0180
TRX005293,6,116.26,697.5600000000001,CRT00381,PRD0137
TRX005294,10,55.45,554.5,CRT01907,PRD0142
TRX005295,9,291.12,2620.08,CRT00278,PRD0120
TRX005296,5,224.53,1122.65,CRT00038,PRD0032
TRX005297,6,26.82,160.92000000000002,CRT02974,PRD0101
TRX005298,1,54.91,54.91,CRT03147,PRD0125
TRX005299,4,349.75,1399.0,CRT00575,PRD0055
TRX005300,4,55.45,221.8,CRT00356,PRD0142
TRX005301,8,311.57,2492.56,CRT02111,PRD0194
TRX005302,10,115.19,1151.9,CRT00002,PRD0018
TRX005303,1,308.17,308.17,CRT00395,PRD0138
TRX005304,3,55.45,166.35000000000002,CRT02627,PRD0142
TRX005305,10,252.15,2521.5,CRT00833,PRD0059
TRX005306,5,102.2,511.0,CRT01797,PRD0106
TRX005307,1,116.26,116.26,CRT02344,PRD0137
TRX005308,4,267.68,1070.72,CRT00464,PRD0197
TRX005309,8,224.53,1796.24,CRT01736,PRD0032
TRX005310,6,57.82,346.92,CRT02008,PRD0089
TRX005311,4,63.71,254.84,CRT01208,PRD0153
TRX005312,6,260.65,1563.9,CRT00425,PRD0168
TRX005313,4,212.13,848.52,CRT00764,PRD0131
TRX005314,2,12.47,24.94,CRT00261,PRD0158
TRX005315,4,96.92,387.68,CRT02338,PRD0124
TRX005316,3,239.52,718.5600000000001,CRT01039,PRD0085
TRX005317,5,327.31,1636.55,CRT00927,PRD0067
TRX005318,6,301.82,1810.92,CRT00173,PRD0054
TRX005319,3,316.62,949.86,CRT03365,PRD0082
TRX005320,8,12.47,99.76,CRT03026,PRD0158
TRX005321,6,125.96,755.76,CRT01131,PRD0015
TRX005322,7,308.05,2156.35,CRT00493,PRD0072
TRX005323,8,4.55,36.4,CRT01385,PRD0129
TRX005324,2,30.34,60.68,CRT01786,PRD0063
TRX005325,10,262.09,2620.9,CRT03406,PRD0023
TRX005326,6,151.12,906.72,CRT00331,PRD0081
TRX005327,1,102.2,102.2,CRT00964,PRD0106
TRX005328,4,197.06,788.24,CRT03483,PRD0086
TRX005329,1,281.86,281.86,CRT00828,PRD0188
TRX005330,6,38.12,228.72,CRT00718,PRD0002
TRX005331,7,195.42,1367.9399999999998,CRT00876,PRD0162
TRX005332,9,141.38,1272.42,CRT00356,PRD0114
TRX005333,8,88.65,709.2,CRT01647,PRD0042
TRX005334,9,270.94,2438.46,CRT00379,PRD0148
TRX005335,1,242.9,242.9,CRT00497,PRD0164
TRX005336,8,103.06,824.48,CRT01622,PRD0013
TRX005337,2,262.09,524.18,CRT02769,PRD0023
TRX005338,3,263.29,789.8700000000001,CRT02336,PRD0157
TRX005339,7,260.65,1824.55,CRT00597,PRD0168
TRX005340,6,115.19,691.14,CRT00654,PRD0018
TRX005341,3,270.94,812.8199999999999,CRT00050,PRD0148
TRX005342,5,281.93,1409.65,CRT00566,PRD0116
TRX005343,10,212.13,2121.3,CRT00323,PRD0131
TRX005344,5,224.53,1122.65,CRT01721,PRD0032
TRX005345,9,144.46,1300.14,CRT02873,PRD0185
TRX005346,10,95.22,952.2,CRT01877,PRD0029
TRX005347,2,200.26,400.52,CRT00639,PRD0105
TRX005348,9,336.37,3027.33,CRT02199,PRD0152
TRX005349,6,125.8,754.8,CRT00914,PRD0159
TRX005350,3,194.99,584.97,CRT03258,PRD0043
TRX005351,10,289.44,2894.4,CRT01470,PRD0155
TRX005352,9,301.87,2716.83,CRT02004,PRD0121
TRX005353,4,15.79,63.16,CRT01191,PRD0096
TRX005354,9,194.5,1750.5,CRT02905,PRD0083
TRX005355,9,162.15,1459.35,CRT02746,PRD0010
TRX005356,3,146.67,440.01,CRT02404,PRD0126
TRX005357,1,283.35,283.35,CRT01533,PRD0154
TRX005358,2,64.83,129.66,CRT02653,PRD0088
TRX005359,6,30.96,185.76,CRT03034,PRD0139
TRX005360,2,288.92,577.84,CRT00811,PRD0191
TRX005361,5,331.95,1659.75,CRT02879,PRD0161
TRX005362,10,120.9,1209.0,CRT00851,PRD0175
TRX005363,8,11.49,91.92,CRT00403,PRD0195
TRX005364,8,349.75,2798.0,CRT01804,PRD0055
TRX005365,8,125.8,1006.4,CRT01903,PRD0159
TRX005366,7,256.15,1793.0499999999995,CRT03486,PRD0040
TRX005367,5,111.48,557.4,CRT01430,PRD0061
TRX005368,10,38.12,381.2,CRT01185,PRD0002
TRX005369,2,260.65,521.3,CRT02004,PRD0168
TRX005370,4,327.31,1309.24,CRT01574,PRD0067
TRX005371,7,248.47,1739.29,CRT02586,PRD0044
TRX005372,2,151.36,302.72,CRT01725,PRD0150
TRX005373,7,38.5,269.5,CRT02460,PRD0075
TRX005374,6,221.23,1327.38,CRT01907,PRD0177
TRX005375,8,342.98,2743.84,CRT02229,PRD0080
TRX005376,7,156.17,1093.1899999999998,CRT01410,PRD0198
TRX005377,6,136.36,818.1600000000001,CRT03245,PRD0098
TRX005378,3,13.84,41.52,CRT00417,PRD0186
TRX005379,9,148.18,1333.62,CRT01675,PRD0066
TRX005380,3,349.75,1049.25,CRT00214,PRD0055
TRX005381,3,221.23,663.6899999999999,CRT03014,PRD0177
TRX005382,7,218.35,1528.45,CRT01738,PRD0070
TRX005383,2,163.96,327.92,CRT03152,PRD0118
TRX005384,10,196.43,1964.3,CRT01814,PRD0179
TRX005385,6,297.0,1782.0,CRT02827,PRD0009
TRX005386,5,196.43,982.15,CRT03011,PRD0179
TRX005387,10,275.78,2757.8,CRT00055,PRD0097
TRX005388,1,301.82,301.82,CRT02676,PRD0054
TRX005389,3,151.36,454.08,CRT01317,PRD0150
TRX005390,10,223.09,2230.9,CRT00503,PRD0199
TRX005391,5,24.14,120.7,CRT02307,PRD0127
TRX005392,9,301.62,2714.58,CRT00599,PRD0028
TRX005393,5,301.62,1508.1,CRT00784,PRD0028
TRX005394,10,146.67,1466.6999999999998,CRT01223,PRD0126
TRX005395,5,151.36,756.8000000000001,CRT02359,PRD0150
TRX005396,4,342.98,1371.92,CRT00302,PRD0080
TRX005397,5,80.42,402.1,CRT01377,PRD0140
TRX005398,6,125.8,754.8,CRT03058,PRD0159
TRX005399,8,54.91,439.28,CRT01282,PRD0125
TRX005400,8,103.06,824.48,CRT02721,PRD0013
TRX005401,7,291.12,2037.84,CRT01887,PRD0120
TRX005402,7,267.28,1870.96,CRT01566,PRD0031
TRX005403,2,114.48,228.96,CRT00368,PRD0107
TRX005404,4,267.68,1070.72,CRT00928,PRD0197
TRX005405,9,316.62,2849.58,CRT01994,PRD0082
TRX005406,9,270.94,2438.46,CRT02564,PRD0148
TRX005407,7,13.84,96.88,CRT01830,PRD0186
TRX005408,6,267.28,1603.6799999999998,CRT02696,PRD0031
TRX005409,6,26.82,160.92000000000002,CRT00610,PRD0101
TRX005410,1,270.94,270.94,CRT03436,PRD0148
TRX005411,1,344.9,344.9,CRT00486,PRD0035
TRX005412,10,115.19,1151.9,CRT01988,PRD0018
TRX005413,2,221.23,442.46,CRT03392,PRD0177
TRX005414,6,308.05,1848.3,CRT02643,PRD0072
TRX005415,10,88.06,880.6,CRT03343,PRD0065
TRX005416,6,198.09,1188.54,CRT01952,PRD0178
TRX005417,7,263.29,1843.03,CRT01870,PRD0157
TRX005418,8,260.65,2085.2,CRT02387,PRD0168
TRX005419,9,248.47,2236.23,CRT00824,PRD0044
TRX005420,4,164.79,659.16,CRT02183,PRD0050
TRX005421,3,178.11,534.33,CRT01897,PRD0004
TRX005422,4,252.5,1010.0,CRT02742,PRD0100
TRX005423,10,112.37,1123.7,CRT03039,PRD0069
TRX005424,6,88.06,528.36,CRT03336,PRD0065
TRX005425,10,301.62,3016.2,CRT00445,PRD0028
TRX005426,4,74.71,298.84,CRT03216,PRD0183
TRX005427,7,172.26,1205.82,CRT02979,PRD0078
TRX005428,1,129.22,129.22,CRT02795,PRD0084
TRX005429,2,248.47,496.94,CRT03330,PRD0044
TRX005430,10,224.09,2240.9,CRT02422,PRD0122
TRX005431,5,342.98,1714.9,CRT00805,PRD0080
TRX005432,2,4.55,9.1,CRT02947,PRD0129
TRX005433,3,301.82,905.46,CRT01517,PRD0054
TRX005434,8,151.36,1210.88,CRT02518,PRD0150
TRX005435,1,260.19,260.19,CRT02509,PRD0001
TRX005436,7,310.43,2173.01,CRT00878,PRD0113
TRX005437,7,87.81,614.6700000000001,CRT03392,PRD0156
TRX005438,2,228.33,456.66,CRT02270,PRD0005
TRX005439,9,275.78,2482.0199999999995,CRT01044,PRD0097
TRX005440,6,112.37,674.22,CRT02120,PRD0069
TRX005441,4,343.3,1373.2,CRT02962,PRD0134
TRX005442,7,196.43,1375.01,CRT02135,PRD0179
TRX005443,1,80.42,80.42,CRT01938,PRD0140
TRX005444,9,281.86,2536.74,CRT00232,PRD0188
TRX005445,8,224.09,1792.72,CRT00295,PRD0122
TRX005446,9,103.06,927.54,CRT01214,PRD0013
TRX005447,1,275.78,275.78,CRT02192,PRD0097
TRX005448,8,38.5,308.0,CRT01777,PRD0075
TRX005449,3,267.28,801.8399999999999,CRT03369,PRD0031
TRX005450,1,303.73,303.73,CRT02630,PRD0136
TRX005451,3,143.73,431.19,CRT00126,PRD0056
TRX005452,1,75.82,75.82,CRT02292,PRD0020
TRX005453,4,321.99,1287.96,CRT00321,PRD0062
TRX005454,4,263.29,1053.16,CRT03233,PRD0157
TRX005455,9,140.04,1260.36,CRT00824,PRD0068
TRX005456,9,198.63,1787.67,CRT01904,PRD0135
TRX005457,2,197.06,394.12,CRT01567,PRD0086
TRX005458,2,143.73,287.46,CRT01672,PRD0056
TRX005459,3,181.62,544.86,CRT01888,PRD0109
TRX005460,1,200.26,200.26,CRT03403,PRD0105
TRX005461,10,198.63,1986.3,CRT00654,PRD0135
TRX005462,10,36.18,361.8,CRT03269,PRD0049
TRX005463,7,263.29,1843.03,CRT01583,PRD0157
TRX005464,7,140.04,980.28,CRT01332,PRD0068
TRX005465,8,301.5,2412.0,CRT00273,PRD0115
TRX005466,7,349.75,2448.25,CRT02150,PRD0055
TRX005467,4,57.82,231.28,CRT02518,PRD0089
TRX005468,8,76.57,612.56,CRT02323,PRD0071
TRX005469,3,263.29,789.8700000000001,CRT01615,PRD0157
TRX005470,1,196.2,196.2,CRT02137,PRD0117
TRX005471,4,119.47,477.88,CRT01724,PRD0008
TRX005472,8,178.11,1424.88,CRT01897,PRD0004
TRX005473,4,148.18,592.72,CRT03000,PRD0066
TRX005474,5,318.04,1590.2,CRT02012,PRD0146
TRX005475,5,99.29,496.4500000000001,CRT01528,PRD0053
TRX005476,9,125.8,1132.2,CRT01741,PRD0159
TRX005477,4,194.99,779.96,CRT02960,PRD0043
TRX005478,7,260.65,1824.55,CRT02930,PRD0168
TRX005479,6,301.22,1807.32,CRT00454,PRD0045
TRX005480,7,283.35,1983.4500000000005,CRT01807,PRD0154
TRX005481,8,166.93,1335.44,CRT00687,PRD0108
TRX005482,1,153.95,153.95,CRT03480,PRD0132
TRX005483,8,175.98,1407.84,CRT00134,PRD0021
TRX005484,2,97.82,195.64,CRT02252,PRD0172
TRX005485,10,331.95,3319.5,CRT01114,PRD0161
TRX005486,1,344.9,344.9,CRT01836,PRD0035
TRX005487,6,95.22,571.3199999999999,CRT01396,PRD0029
TRX005488,7,260.19,1821.33,CRT00652,PRD0001
TRX005489,6,196.2,1177.1999999999998,CRT02189,PRD0117
TRX005490,8,283.35,2266.8,CRT00832,PRD0154
TRX005491,5,97.82,489.1,CRT00182,PRD0172
TRX005492,4,104.38,417.52,CRT00943,PRD0011
TRX005493,10,151.12,1511.2,CRT00105,PRD0081
TRX005494,7,23.22,162.54,CRT03132,PRD0190
TRX005495,8,36.18,289.44,CRT01262,PRD0049
TRX005496,8,6.76,54.08,CRT03481,PRD0174
TRX005497,1,218.35,218.35,CRT01334,PRD0070
TRX005498,6,308.05,1848.3,CRT02169,PRD0072
TRX005499,5,302.86,1514.3000000000002,CRT02400,PRD0093
TRX005500,7,265.13,1855.91,CRT01993,PRD0025
TRX005501,8,104.38,835.04,CRT00108,PRD0011
TRX005502,4,162.15,648.6,CRT00437,PRD0010
TRX005503,10,265.13,2651.3,CRT00979,PRD0025
TRX005504,4,327.31,1309.24,CRT01897,PRD0067
TRX005505,2,142.41,284.82,CRT02725,PRD0051
TRX005506,7,321.66,2251.6200000000003,CRT01200,PRD0091
TRX005507,5,234.97,1174.85,CRT01311,PRD0046
TRX005508,10,275.33,2753.3,CRT00880,PRD0058
TRX005509,1,190.14,190.14,CRT03270,PRD0193
TRX005510,10,36.18,361.8,CRT01377,PRD0049
TRX005511,6,125.96,755.76,CRT02078,PRD0015
TRX005512,5,196.43,982.15,CRT00687,PRD0179
TRX005513,7,99.29,695.0300000000001,CRT01236,PRD0053
TRX005514,9,166.93,1502.37,CRT02854,PRD0108
TRX005515,9,209.57,1886.13,CRT01030,PRD0027
TRX005516,8,76.57,612.56,CRT02235,PRD0071
TRX005517,4,229.76,919.04,CRT02219,PRD0074
TRX005518,1,190.14,190.14,CRT00466,PRD0193
TRX005519,6,140.04,840.24,CRT01865,PRD0068
TRX005520,9,142.41,1281.69,CRT02017,PRD0051
TRX005521,9,301.22,2710.9800000000005,CRT00943,PRD0045
TRX005522,7,349.75,2448.25,CRT01370,PRD0055
TRX005523,9,311.57,2804.13,CRT03033,PRD0194
TRX005524,2,24.14,48.28,CRT03033,PRD0127
TRX005525,1,321.99,321.99,CRT00681,PRD0062
TRX005526,3,98.65,295.95000000000005,CRT03362,PRD0079
TRX005527,6,148.18,889.08,CRT03234,PRD0066
TRX005528,4,312.35,1249.4,CRT03271,PRD0130
TRX005529,2,179.52,359.04,CRT01191,PRD0094
TRX005530,3,96.92,290.76,CRT00576,PRD0124
TRX005531,10,30.34,303.4,CRT00279,PRD0063
TRX005532,3,275.16,825.48,CRT02382,PRD0048
TRX005533,7,95.22,666.54,CRT01148,PRD0029
TRX005534,7,229.76,1608.32,CRT01866,PRD0074
TRX005535,3,38.5,115.5,CRT01183,PRD0075
TRX005536,6,282.78,1696.6799999999998,CRT03463,PRD0111
TRX005537,5,82.61,413.05,CRT01692,PRD0167
TRX005538,8,198.63,1589.04,CRT03199,PRD0135
TRX005539,9,196.2,1765.8,CRT01202,PRD0117
TRX005540,1,311.57,311.57,CRT00587,PRD0194
TRX005541,1,112.37,112.37,CRT02015,PRD0069
TRX005542,10,151.36,1513.6,CRT01413,PRD0150
TRX005543,6,111.48,668.88,CRT02062,PRD0061
TRX005544,9,136.36,1227.2400000000002,CRT03040,PRD0098
TRX005545,1,13.84,13.84,CRT00778,PRD0186
TRX005546,5,75.82,379.1,CRT01855,PRD0020
TRX005547,1,316.62,316.62,CRT02736,PRD0082
TRX005548,2,297.0,594.0,CRT01296,PRD0009
TRX005549,5,12.47,62.35,CRT00783,PRD0158
TRX005550,7,200.1,1400.7,CRT03471,PRD0182
TRX005551,2,289.44,578.88,CRT01766,PRD0155
TRX005552,6,99.29,595.74,CRT01960,PRD0053
TRX005553,10,4.55,45.5,CRT01370,PRD0129
TRX005554,8,87.81,702.48,CRT01281,PRD0156
TRX005555,1,194.5,194.5,CRT03331,PRD0083
TRX005556,1,275.16,275.16,CRT01714,PRD0048
TRX005557,1,344.39,344.39,CRT00920,PRD0149
TRX005558,2,153.95,307.9,CRT01352,PRD0132
TRX005559,10,190.14,1901.4,CRT02976,PRD0193
TRX005560,1,111.48,111.48,CRT01136,PRD0061
TRX005561,1,260.19,260.19,CRT02135,PRD0001
TRX005562,8,178.11,1424.88,CRT02646,PRD0004
TRX005563,4,175.98,703.92,CRT02706,PRD0021
TRX005564,9,151.12,1360.08,CRT01006,PRD0081
TRX005565,9,332.64,2993.76,CRT00916,PRD0119
TRX005566,6,349.85,2099.1000000000004,CRT00027,PRD0196
TRX005567,5,24.14,120.7,CRT01074,PRD0127
TRX005568,7,75.82,530.74,CRT02182,PRD0020
TRX005569,8,318.04,2544.32,CRT03073,PRD0146
TRX005570,4,248.8,995.2,CRT03129,PRD0099
TRX005571,5,163.96,819.8000000000001,CRT02886,PRD0118
TRX005572,8,40.06,320.48,CRT00261,PRD0145
TRX005573,5,195.42,977.1,CRT02914,PRD0162
TRX005574,4,30.96,123.84,CRT03199,PRD0139
TRX005575,7,11.49,80.43,CRT02097,PRD0195
TRX005576,10,265.13,2651.3,CRT00577,PRD0025
TRX005577,4,218.35,873.4,CRT00698,PRD0070
TRX005578,10,237.14,2371.4,CRT02916,PRD0064
TRX005579,1,112.37,112.37,CRT01168,PRD0069
TRX005580,9,297.0,2673.0,CRT00827,PRD0009
TRX005581,10,331.85,3318.5,CRT02778,PRD0143
TRX005582,5,252.5,1262.5,CRT00302,PRD0100
TRX005583,2,59.71,119.42,CRT01275,PRD0057
TRX005584,4,331.85,1327.4,CRT01381,PRD0143
TRX005585,2,151.12,302.24,CRT00309,PRD0081
TRX005586,10,265.13,2651.3,CRT01028,PRD0025
TRX005587,9,207.27,1865.43,CRT00377,PRD0006
TRX005588,6,224.09,1344.54,CRT02897,PRD0122
TRX005589,10,172.26,1722.6,CRT00709,PRD0078
TRX005590,7,178.11,1246.77,CRT00759,PRD0004
TRX005591,8,302.86,2422.88,CRT00608,PRD0093
TRX005592,2,96.92,193.84,CRT02168,PRD0124
TRX005593,9,149.36,1344.2400000000002,CRT00751,PRD0007
TRX005594,4,100.84,403.36,CRT01469,PRD0170
TRX005595,3,336.37,1009.11,CRT02548,PRD0152
TRX005596,2,64.83,129.66,CRT03328,PRD0088
TRX005597,4,119.47,477.88,CRT00341,PRD0008
TRX005598,1,75.69,75.69,CRT02796,PRD0077
TRX005599,6,301.5,1809.0,CRT01566,PRD0115
TRX005600,5,312.35,1561.75,CRT01111,PRD0130
TRX005601,3,301.5,904.5,CRT00057,PRD0115
TRX005602,9,136.36,1227.2400000000002,CRT02173,PRD0098
TRX005603,5,302.95,1514.75,CRT03335,PRD0087
TRX005604,3,291.12,873.36,CRT00524,PRD0120
TRX005605,6,80.62,483.72,CRT03025,PRD0189
TRX005606,2,30.34,60.68,CRT02809,PRD0063
TRX005607,2,303.73,607.46,CRT00993,PRD0136
TRX005608,2,342.98,685.96,CRT02695,PRD0080
TRX005609,10,13.28,132.79999999999998,CRT00305,PRD0141
TRX005610,1,51.02,51.02,CRT02718,PRD0022
TRX005611,4,246.16,984.64,CRT00621,PRD0160
TRX005612,6,281.93,1691.58,CRT01341,PRD0116
TRX005613,10,263.29,2632.9,CRT01853,PRD0157
TRX005614,5,238.5,1192.5,CRT03492,PRD0133
TRX005615,1,289.44,289.44,CRT02437,PRD0155
TRX005616,10,144.46,1444.6,CRT01834,PRD0185
TRX005617,5,239.52,1197.6,CRT01966,PRD0085
TRX005618,3,151.12,453.36,CRT02118,PRD0081
TRX005619,10,164.79,1647.9,CRT02923,PRD0050
TRX005620,5,144.4,722.0,CRT02653,PRD0200
TRX005621,2,125.8,251.6,CRT00024,PRD0159
TRX005622,3,136.36,409.08,CRT01264,PRD0098
TRX005623,6,36.18,217.08,CRT00823,PRD0049
TRX005624,10,288.19,2881.9,CRT01800,PRD0176
TRX005625,8,246.16,1969.28,CRT01953,PRD0160
TRX005626,10,13.28,132.79999999999998,CRT02685,PRD0141
TRX005627,10,332.64,3326.4,CRT01408,PRD0119
TRX005628,10,162.15,1621.5,CRT03116,PRD0010
TRX005629,1,69.32,69.32,CRT03274,PRD0012
TRX005630,4,238.97,955.88,CRT01951,PRD0026
TRX005631,3,114.48,343.44,CRT03196,PRD0107
TRX005632,4,194.99,779.96,CRT02716,PRD0043
TRX005633,9,87.81,790.29,CRT01457,PRD0156
TRX005634,9,311.57,2804.13,CRT03345,PRD0194
TRX005635,8,327.59,2620.72,CRT03025,PRD0047
TRX005636,7,218.35,1528.45,CRT02043,PRD0070
TRX005637,8,51.02,408.16,CRT01455,PRD0022
TRX005638,7,305.67,2139.69,CRT02641,PRD0039
TRX005639,7,38.12,266.84,CRT01887,PRD0002
TRX005640,1,349.75,349.75,CRT00979,PRD0055
TRX005641,7,162.15,1135.05,CRT03020,PRD0010
TRX005642,3,179.52,538.5600000000001,CRT00484,PRD0094
TRX005643,9,97.82,880.3799999999999,CRT02472,PRD0172
TRX005644,10,267.47,2674.7000000000003,CRT01786,PRD0033
TRX005645,6,9.29,55.74,CRT03442,PRD0128
TRX005646,2,349.85,699.7,CRT03127,PRD0196
TRX005647,4,234.97,939.88,CRT00979,PRD0046
TRX005648,5,316.62,1583.1,CRT02213,PRD0082
TRX005649,1,198.63,198.63,CRT02566,PRD0135
TRX005650,4,234.97,939.88,CRT01477,PRD0046
TRX005651,10,15.79,157.89999999999998,CRT01273,PRD0096
TRX005652,10,289.44,2894.4,CRT03034,PRD0155
TRX005653,8,141.38,1131.04,CRT02757,PRD0114
TRX005654,9,57.82,520.38,CRT02946,PRD0089
TRX005655,4,194.83,779.32,CRT01009,PRD0165
TRX005656,9,103.06,927.54,CRT01758,PRD0013
TRX005657,8,30.96,247.68,CRT01066,PRD0139
TRX005658,5,200.26,1001.3,CRT02151,PRD0105
TRX005659,5,228.33,1141.65,CRT00416,PRD0005
TRX005660,4,13.28,53.12,CRT00291,PRD0141
TRX005661,1,127.91,127.91,CRT02427,PRD0171
TRX005662,9,196.43,1767.87,CRT03449,PRD0179
TRX005663,2,149.12,298.24,CRT00089,PRD0003
TRX005664,9,104.38,939.42,CRT03265,PRD0011
TRX005665,4,10.72,42.88,CRT00022,PRD0092
TRX005666,7,40.06,280.42,CRT00138,PRD0145
TRX005667,4,331.95,1327.8,CRT00546,PRD0161
TRX005668,3,289.44,868.3199999999999,CRT01074,PRD0155
TRX005669,10,64.83,648.3,CRT02238,PRD0088
TRX005670,4,292.23,1168.92,CRT02053,PRD0073
TRX005671,10,278.04,2780.4,CRT03075,PRD0163
TRX005672,8,172.26,1378.08,CRT00255,PRD0078
TRX005673,1,207.27,207.27,CRT00828,PRD0006
TRX005674,3,344.9,1034.6999999999998,CRT02250,PRD0035
TRX005675,7,100.84,705.88,CRT02891,PRD0170
TRX005676,7,171.38,1199.66,CRT03470,PRD0037
TRX005677,4,223.09,892.36,CRT00406,PRD0199
TRX005678,9,129.22,1162.98,CRT01141,PRD0084
TRX005679,3,217.4,652.2,CRT01111,PRD0180
TRX005680,1,42.58,42.58,CRT00730,PRD0095
TRX005681,8,332.64,2661.12,CRT01134,PRD0119
TRX005682,2,99.29,198.58,CRT01682,PRD0053
TRX005683,6,87.81,526.86,CRT01827,PRD0156
TRX005684,5,99.1,495.5,CRT02217,PRD0014
TRX005685,9,198.09,1782.81,CRT01490,PRD0178
TRX005686,2,330.57,661.14,CRT02584,PRD0173
TRX005687,9,200.26,1802.34,CRT02387,PRD0105
TRX005688,6,197.06,1182.36,CRT00994,PRD0086
TRX005689,2,196.2,392.4,CRT00996,PRD0117
TRX005690,4,115.19,460.76,CRT01820,PRD0018
TRX005691,4,238.97,955.88,CRT02160,PRD0026
TRX005692,2,238.97,477.94,CRT01351,PRD0026
TRX005693,2,256.15,512.3,CRT02170,PRD0040
TRX005694,8,331.95,2655.6,CRT02509,PRD0161
TRX005695,9,223.15,2008.35,CRT00505,PRD0016
TRX005696,7,146.67,1026.6899999999998,CRT03371,PRD0126
TRX005697,1,115.14,115.14,CRT02417,PRD0034
TRX005698,6,6.76,40.56,CRT03279,PRD0174
TRX005699,8,195.42,1563.36,CRT01481,PRD0162
TRX005700,8,134.36,1074.88,CRT03147,PRD0017
TRX005701,7,51.02,357.14000000000004,CRT02761,PRD0022
TRX005702,8,136.36,1090.88,CRT02518,PRD0098
TRX005703,8,4.55,36.4,CRT01025,PRD0129
TRX005704,2,141.38,282.76,CRT01447,PRD0114
TRX005705,10,349.85,3498.5,CRT02615,PRD0196
TRX005706,3,259.17,777.51,CRT00455,PRD0169
TRX005707,9,278.04,2502.36,CRT02961,PRD0163
TRX005708,9,6.76,60.84,CRT03447,PRD0174
TRX005709,10,98.65,986.5,CRT02463,PRD0079
TRX005710,3,336.37,1009.11,CRT03218,PRD0152
TRX005711,1,237.14,237.14,CRT01008,PRD0064
TRX005712,4,190.14,760.56,CRT03324,PRD0193
TRX005713,1,146.67,146.67,CRT00244,PRD0126
TRX005714,3,349.75,1049.25,CRT00765,PRD0055
TRX005715,9,74.71,672.39,CRT02848,PRD0183
TRX005716,8,13.28,106.24,CRT02477,PRD0141
TRX005717,6,171.38,1028.28,CRT02828,PRD0037
TRX005718,8,308.17,2465.36,CRT00371,PRD0138
TRX005719,5,237.14,1185.6999999999998,CRT00469,PRD0064
TRX005720,1,275.33,275.33,CRT02928,PRD0058
TRX005721,6,223.15,1338.9,CRT00443,PRD0016
TRX005722,9,200.26,1802.34,CRT02124,PRD0105
TRX005723,10,246.16,2461.6,CRT03076,PRD0160
TRX005724,3,308.17,924.51,CRT02259,PRD0138
TRX005725,4,343.3,1373.2,CRT02195,PRD0134
TRX005726,1,63.71,63.71,CRT02185,PRD0153
TRX005727,4,80.42,321.68,CRT00207,PRD0140
TRX005728,7,115.19,806.3299999999999,CRT02585,PRD0018
TRX005729,1,75.69,75.69,CRT03100,PRD0077
TRX005730,7,321.66,2251.6200000000003,CRT01819,PRD0091
TRX005731,8,234.25,1874.0,CRT01454,PRD0103
TRX005732,8,178.11,1424.88,CRT01714,PRD0004
TRX005733,9,140.04,1260.36,CRT00714,PRD0068
TRX005734,8,69.32,554.56,CRT01935,PRD0012
TRX005735,2,282.78,565.56,CRT01208,PRD0111
TRX005736,10,312.35,3123.5,CRT01864,PRD0130
TRX005737,3,166.93,500.79,CRT02685,PRD0108
TRX005738,5,30.96,154.8,CRT01415,PRD0139
TRX005739,10,248.47,2484.7,CRT02472,PRD0044
TRX005740,8,260.65,2085.2,CRT02329,PRD0168
TRX005741,3,40.06,120.18,CRT00620,PRD0145
TRX005742,7,234.25,1639.75,CRT00633,PRD0103
TRX005743,6,263.29,1579.7400000000002,CRT01226,PRD0157
TRX005744,6,166.93,1001.58,CRT01625,PRD0108
TRX005745,8,217.4,1739.2,CRT00912,PRD0180
TRX005746,2,330.57,661.14,CRT03407,PRD0173
TRX005747,4,281.86,1127.44,CRT01968,PRD0188
TRX005748,7,99.29,695.0300000000001,CRT00930,PRD0053
TRX005749,5,198.63,993.15,CRT00475,PRD0135
TRX005750,10,115.14,1151.4,CRT00542,PRD0034
TRX005751,7,23.22,162.54,CRT02000,PRD0190
TRX005752,8,99.29,794.32,CRT00115,PRD0053
TRX005753,5,200.26,1001.3,CRT00499,PRD0105
TRX005754,6,256.15,1536.9,CRT00316,PRD0040
TRX005755,2,88.06,176.12,CRT02859,PRD0065
TRX005756,5,11.49,57.45,CRT02993,PRD0195
TRX005757,6,217.4,1304.4,CRT02597,PRD0180
TRX005758,4,262.09,1048.36,CRT01339,PRD0023
TRX005759,8,57.82,462.56,CRT02302,PRD0089
TRX005760,6,181.62,1089.72,CRT00844,PRD0109
TRX005761,3,74.71,224.13,CRT00358,PRD0183
TRX005762,6,149.12,894.72,CRT00186,PRD0003
TRX005763,8,260.19,2081.52,CRT03042,PRD0001
TRX005764,5,275.78,1378.9,CRT02515,PRD0097
TRX005765,5,87.81,439.05,CRT03362,PRD0156
TRX005766,9,144.46,1300.14,CRT02259,PRD0185
TRX005767,9,179.52,1615.68,CRT00615,PRD0094
TRX005768,3,275.78,827.3399999999999,CRT01601,PRD0097
TRX005769,6,208.25,1249.5,CRT00753,PRD0147
TRX005770,3,149.12,447.36,CRT01551,PRD0003
TRX005771,7,239.52,1676.64,CRT02511,PRD0085
TRX005772,10,343.3,3433.0,CRT00761,PRD0134
TRX005773,10,64.83,648.3,CRT01976,PRD0088
TRX005774,1,11.49,11.49,CRT02039,PRD0195
TRX005775,2,275.16,550.32,CRT00652,PRD0048
TRX005776,9,179.52,1615.68,CRT02933,PRD0094
TRX005777,6,95.22,571.3199999999999,CRT00103,PRD0029
TRX005778,2,301.87,603.74,CRT00637,PRD0121
TRX005779,2,260.19,520.38,CRT00544,PRD0001
TRX005780,2,239.52,479.04,CRT03344,PRD0085
TRX005781,6,275.78,1654.6799999999998,CRT03184,PRD0097
TRX005782,7,260.65,1824.55,CRT00750,PRD0168
TRX005783,8,9.29,74.32,CRT01442,PRD0128
TRX005784,4,231.76,927.04,CRT00600,PRD0038
TRX005785,4,13.65,54.6,CRT00353,PRD0019
TRX005786,9,153.58,1382.22,CRT01495,PRD0030
TRX005787,6,59.71,358.26,CRT01145,PRD0057
TRX005788,2,200.26,400.52,CRT02989,PRD0105
TRX005789,6,46.73,280.38,CRT00264,PRD0104
TRX005790,8,310.43,2483.44,CRT01062,PRD0113
TRX005791,7,153.95,1077.65,CRT01936,PRD0132
TRX005792,5,175.98,879.9,CRT00504,PRD0021
TRX005793,7,172.26,1205.82,CRT03139,PRD0078
TRX005794,8,301.5,2412.0,CRT01138,PRD0115
TRX005795,1,297.0,297.0,CRT01273,PRD0009
TRX005796,6,198.09,1188.54,CRT03375,PRD0178
TRX005797,1,198.63,198.63,CRT02763,PRD0135
TRX005798,7,172.26,1205.82,CRT02995,PRD0078
TRX005799,9,339.13,3052.17,CRT01891,PRD0060
TRX005800,1,148.18,148.18,CRT01121,PRD0066
TRX005801,10,151.12,1511.2,CRT03289,PRD0081
TRX005802,9,85.64,770.76,CRT00934,PRD0123
TRX005803,4,179.52,718.08,CRT00428,PRD0094
TRX005804,9,51.02,459.18,CRT02537,PRD0022
TRX005805,4,85.64,342.56,CRT01621,PRD0123
TRX005806,2,151.12,302.24,CRT02603,PRD0081
TRX005807,10,88.06,880.6,CRT01726,PRD0065
TRX005808,4,200.1,800.4,CRT00566,PRD0182
TRX005809,5,121.08,605.4,CRT01376,PRD0151
TRX005810,7,224.09,1568.63,CRT00865,PRD0122
TRX005811,6,228.33,1369.98,CRT00069,PRD0005
TRX005812,1,263.29,263.29,CRT01165,PRD0157
TRX005813,3,142.41,427.23,CRT03030,PRD0051
TRX005814,8,246.16,1969.28,CRT02022,PRD0160
TRX005815,6,149.36,896.1600000000001,CRT03336,PRD0007
TRX005816,9,310.43,2793.87,CRT01744,PRD0113
TRX005817,7,55.45,388.15,CRT02505,PRD0142
TRX005818,1,136.36,136.36,CRT00408,PRD0098
TRX005819,4,178.11,712.44,CRT03127,PRD0004
TRX005820,5,339.13,1695.65,CRT02113,PRD0060
TRX005821,6,140.04,840.24,CRT02968,PRD0068
TRX005822,7,238.5,1669.5,CRT02038,PRD0133
TRX005823,4,262.09,1048.36,CRT00010,PRD0023
TRX005824,4,190.14,760.56,CRT01999,PRD0193
TRX005825,4,321.66,1286.64,CRT01541,PRD0091
TRX005826,9,104.38,939.42,CRT00568,PRD0011
TRX005827,10,282.78,2827.8,CRT01159,PRD0111
TRX005828,3,270.94,812.8199999999999,CRT02334,PRD0148
TRX005829,4,38.5,154.0,CRT02086,PRD0075
TRX005830,5,301.5,1507.5,CRT02660,PRD0115
TRX005831,10,231.76,2317.6,CRT03188,PRD0038
TRX005832,6,223.09,1338.54,CRT02516,PRD0199
TRX005833,3,95.22,285.66,CRT00750,PRD0029
TRX005834,5,98.65,493.25,CRT02478,PRD0079
TRX005835,6,288.92,1733.52,CRT02862,PRD0191
TRX005836,8,302.86,2422.88,CRT00484,PRD0093
TRX005837,1,86.2,86.2,CRT03330,PRD0036
TRX005838,6,190.14,1140.84,CRT03311,PRD0193
TRX005839,2,144.46,288.92,CRT01817,PRD0185
TRX005840,6,99.1,594.5999999999999,CRT00458,PRD0014
TRX005841,6,164.79,988.74,CRT00099,PRD0050
TRX005842,8,318.21,2545.68,CRT02364,PRD0181
TRX005843,9,318.04,2862.36,CRT03403,PRD0146
TRX005844,3,263.29,789.8700000000001,CRT00472,PRD0157
TRX005845,7,112.37,786.59,CRT01276,PRD0069
TRX005846,4,344.9,1379.6,CRT02553,PRD0035
TRX005847,9,246.16,2215.44,CRT02542,PRD0160
TRX005848,9,95.22,856.98,CRT00191,PRD0029
TRX005849,1,262.09,262.09,CRT00660,PRD0023
TRX005850,4,301.5,1206.0,CRT00132,PRD0115
TRX005851,3,13.84,41.52,CRT00156,PRD0186
TRX005852,5,207.27,1036.35,CRT02664,PRD0006
TRX005853,3,55.45,166.35000000000002,CRT01712,PRD0142
TRX005854,8,10.72,85.76,CRT02838,PRD0092
TRX005855,2,125.8,251.6,CRT02402,PRD0159
TRX005856,7,234.25,1639.75,CRT01630,PRD0103
TRX005857,2,95.22,190.44,CRT01763,PRD0029
TRX005858,9,259.17,2332.53,CRT03023,PRD0169
TRX005859,7,301.87,2113.09,CRT01535,PRD0121
TRX005860,3,256.15,768.4499999999999,CRT02393,PRD0040
TRX005861,9,223.09,2007.81,CRT02427,PRD0199
TRX005862,7,286.9,2008.3,CRT02528,PRD0110
TRX005863,10,336.37,3363.7,CRT03075,PRD0152
TRX005864,8,124.75,998.0,CRT02336,PRD0166
TRX005865,5,305.67,1528.35,CRT01251,PRD0039
TRX005866,8,260.65,2085.2,CRT00829,PRD0168
TRX005867,7,9.29,65.03,CRT01873,PRD0128
TRX005868,3,260.19,780.5699999999999,CRT03236,PRD0001
TRX005869,4,292.23,1168.92,CRT02796,PRD0073
TRX005870,8,275.16,2201.28,CRT03229,PRD0048
TRX005871,1,331.95,331.95,CRT02767,PRD0161
TRX005872,4,127.91,511.64,CRT02848,PRD0171
TRX005873,9,275.78,2482.0199999999995,CRT00142,PRD0097
TRX005874,6,140.04,840.24,CRT00061,PRD0068
TRX005875,5,142.41,712.05,CRT03423,PRD0051
TRX005876,8,301.5,2412.0,CRT00828,PRD0115
TRX005877,9,289.44,2604.96,CRT01358,PRD0155
TRX005878,8,55.45,443.6,CRT00288,PRD0142
TRX005879,3,265.13,795.39,CRT02005,PRD0025
TRX005880,7,288.19,2017.33,CRT02780,PRD0176
TRX005881,9,208.25,1874.25,CRT01123,PRD0147
TRX005882,2,111.48,222.96,CRT01611,PRD0061
TRX005883,10,200.1,2001.0,CRT01215,PRD0182
TRX005884,4,283.35,1133.4,CRT03052,PRD0154
TRX005885,2,267.28,534.56,CRT03340,PRD0031
TRX005886,10,181.62,1816.2,CRT03053,PRD0109
TRX005887,3,231.76,695.28,CRT01997,PRD0038
TRX005888,3,301.5,904.5,CRT03250,PRD0115
TRX005889,10,229.76,2297.6,CRT00328,PRD0074
TRX005890,5,288.92,1444.6,CRT02727,PRD0191
TRX005891,2,196.2,392.4,CRT02251,PRD0117
TRX005892,3,275.78,827.3399999999999,CRT00587,PRD0097
TRX005893,4,281.93,1127.72,CRT03245,PRD0116
TRX005894,3,241.37,724.11,CRT03297,PRD0187
TRX005895,9,140.04,1260.36,CRT02623,PRD0068
TRX005896,1,336.37,336.37,CRT02325,PRD0152
TRX005897,7,301.87,2113.09,CRT00324,PRD0121
TRX005898,3,75.82,227.46,CRT00696,PRD0020
TRX005899,6,13.84,83.03999999999999,CRT00971,PRD0186
TRX005900,4,134.36,537.44,CRT03038,PRD0017
TRX005901,10,136.36,1363.6,CRT01790,PRD0098
TRX005902,5,207.27,1036.35,CRT00199,PRD0006
TRX005903,2,149.36,298.72,CRT02882,PRD0007
TRX005904,9,194.5,1750.5,CRT03191,PRD0083
TRX005905,6,321.66,1929.96,CRT02018,PRD0091
TRX005906,5,69.32,346.6,CRT03473,PRD0012
TRX005907,6,301.5,1809.0,CRT00290,PRD0115
TRX005908,6,125.96,755.76,CRT02404,PRD0015
TRX005909,5,142.41,712.05,CRT01750,PRD0051
TRX005910,2,241.37,482.74,CRT02131,PRD0187
TRX005911,9,75.69,681.21,CRT00404,PRD0077
TRX005912,10,148.18,1481.8000000000002,CRT01393,PRD0066
TRX005913,3,190.14,570.42,CRT02217,PRD0193
TRX005914,6,142.41,854.46,CRT02562,PRD0051
TRX005915,9,195.42,1758.78,CRT00405,PRD0162
TRX005916,9,63.71,573.39,CRT00551,PRD0153
TRX005917,4,24.14,96.56,CRT03034,PRD0127
TRX005918,2,332.64,665.28,CRT03234,PRD0119
TRX005919,5,88.65,443.25,CRT03361,PRD0042
TRX005920,1,15.96,15.96,CRT01436,PRD0090
TRX005921,1,344.42,344.42,CRT02635,PRD0112
TRX005922,4,78.71,314.84,CRT00489,PRD0024
TRX005923,6,344.42,2066.52,CRT00404,PRD0112
TRX005924,7,63.71,445.97,CRT02700,PRD0153
TRX005925,4,151.12,604.48,CRT02358,PRD0081
TRX005926,1,302.86,302.86,CRT00406,PRD0093
TRX005927,4,343.3,1373.2,CRT01340,PRD0134
TRX005928,3,97.82,293.46,CRT00366,PRD0172
TRX005929,9,38.12,343.08,CRT03197,PRD0002
TRX005930,3,143.73,431.19,CRT00147,PRD0056
TRX005931,7,30.34,212.38,CRT02162,PRD0063
TRX005932,8,80.62,644.96,CRT00112,PRD0189
TRX005933,4,153.95,615.8,CRT00476,PRD0132
TRX005934,6,331.85,1991.1,CRT01201,PRD0143
TRX005935,5,163.96,819.8000000000001,CRT02600,PRD0118
TRX005936,10,213.05,2130.5,CRT01853,PRD0144
TRX005937,1,303.73,303.73,CRT01532,PRD0136
TRX005938,5,343.3,1716.5,CRT00871,PRD0134
TRX005939,8,327.59,2620.72,CRT03240,PRD0047
TRX005940,10,134.36,1343.6,CRT02614,PRD0017
TRX005941,9,63.71,573.39,CRT00750,PRD0153
TRX005942,7,63.71,445.97,CRT01028,PRD0153
TRX005943,6,297.0,1782.0,CRT00674,PRD0009
TRX005944,8,234.97,1879.76,CRT01331,PRD0046
TRX005945,2,99.29,198.58,CRT00730,PRD0053
TRX005946,7,125.8,880.6,CRT00047,PRD0159
TRX005947,9,151.36,1362.2400000000002,CRT00626,PRD0150
TRX005948,10,40.06,400.6,CRT02278,PRD0145
TRX005949,7,321.66,2251.6200000000003,CRT02329,PRD0091
TRX005950,3,74.71,224.13,CRT01056,PRD0183
TRX005951,2,267.68,535.36,CRT01824,PRD0197
TRX005952,4,217.4,869.6,CRT00524,PRD0180
TRX005953,3,99.29,297.87,CRT02748,PRD0053
TRX005954,6,6.76,40.56,CRT00617,PRD0174
TRX005955,1,78.71,78.71,CRT00316,PRD0024
TRX005956,9,260.19,2341.71,CRT00080,PRD0001
TRX005957,7,181.62,1271.34,CRT01955,PRD0109
TRX005958,3,217.4,652.2,CRT01382,PRD0180
TRX005959,9,97.82,880.3799999999999,CRT01837,PRD0172
TRX005960,7,163.96,1147.72,CRT03227,PRD0118
TRX005961,9,13.28,119.52,CRT03010,PRD0141
TRX005962,6,267.68,1606.08,CRT02018,PRD0197
TRX005963,7,318.04,2226.28,CRT01144,PRD0146
TRX005964,5,248.47,1242.35,CRT00472,PRD0044
TRX005965,4,78.71,314.84,CRT02088,PRD0024
TRX005966,5,13.65,68.25,CRT01315,PRD0019
TRX005967,8,112.37,898.96,CRT00060,PRD0069
TRX005968,7,178.11,1246.77,CRT02882,PRD0004
TRX005969,1,112.37,112.37,CRT00678,PRD0069
TRX005970,9,275.33,2477.97,CRT02965,PRD0058
TRX005971,9,275.78,2482.0199999999995,CRT03481,PRD0097
TRX005972,3,10.72,32.160000000000004,CRT01225,PRD0092
TRX005973,4,87.81,351.24,CRT01332,PRD0156
TRX005974,1,196.2,196.2,CRT02769,PRD0117
TRX005975,10,281.86,2818.6000000000004,CRT02837,PRD0188
TRX005976,3,242.9,728.7,CRT02576,PRD0164
TRX005977,6,213.05,1278.3000000000002,CRT00005,PRD0144
TRX005978,9,339.13,3052.17,CRT03258,PRD0060
TRX005979,8,15.79,126.32,CRT02505,PRD0096
TRX005980,3,82.61,247.83,CRT01992,PRD0167
TRX005981,9,51.02,459.18,CRT01209,PRD0022
TRX005982,10,104.38,1043.8,CRT02728,PRD0011
TRX005983,5,288.92,1444.6,CRT02043,PRD0191
TRX005984,7,281.93,1973.51,CRT02883,PRD0116
TRX005985,8,98.65,789.2,CRT02718,PRD0079
TRX005986,4,221.23,884.92,CRT00802,PRD0177
TRX005987,7,292.23,2045.61,CRT01589,PRD0073
TRX005988,4,198.63,794.52,CRT00497,PRD0135
TRX005989,2,76.57,153.14,CRT00668,PRD0071
TRX005990,7,112.37,786.59,CRT03274,PRD0069
TRX005991,4,153.58,614.32,CRT01924,PRD0030
TRX005992,4,141.38,565.52,CRT01889,PRD0114
TRX005993,1,10.72,10.72,CRT01356,PRD0092
TRX005994,9,115.14,1036.26,CRT02670,PRD0034
TRX005995,5,116.26,581.3000000000001,CRT00457,PRD0137
TRX005996,7,194.99,1364.93,CRT02963,PRD0043
TRX005997,1,233.03,233.03,CRT00908,PRD0102
TRX005998,2,301.82,603.64,CRT00263,PRD0054
TRX005999,8,156.17,1249.36,CRT02600,PRD0198
TRX006000,3,228.33,684.99,CRT00547,PRD0005
TRX006001,7,228.33,1598.3100000000002,CRT00493,PRD0041
TRX006002,3,149.12,447.36,CRT01687,PRD0003
TRX006003,9,233.03,2097.27,CRT00189,PRD0102
TRX006004,1,241.82,241.82,CRT00431,PRD0192
TRX006005,4,75.69,302.76,CRT02150,PRD0077
TRX006006,4,97.82,391.28,CRT01678,PRD0172
TRX006007,7,344.39,2410.73,CRT01952,PRD0149
TRX006008,5,149.12,745.6,CRT00973,PRD0003
TRX006009,10,302.95,3029.5,CRT00583,PRD0087
TRX006010,1,40.06,40.06,CRT02168,PRD0145
TRX006011,9,318.04,2862.36,CRT01551,PRD0146
TRX006012,5,171.38,856.9,CRT02526,PRD0037
TRX006013,8,6.76,54.08,CRT00299,PRD0174
TRX006014,5,312.35,1561.75,CRT01492,PRD0130
TRX006015,10,330.57,3305.7,CRT02068,PRD0173
TRX006016,2,99.1,198.2,CRT01444,PRD0014
TRX006017,2,46.73,93.46,CRT00455,PRD0104
TRX006018,7,241.37,1689.59,CRT03011,PRD0187
TRX006019,4,263.29,1053.16,CRT01859,PRD0157
TRX006020,5,15.79,78.94999999999999,CRT03309,PRD0096
TRX006021,4,54.91,219.64,CRT00375,PRD0125
TRX006022,1,330.57,330.57,CRT01119,PRD0173
TRX006023,4,221.23,884.92,CRT03336,PRD0177
TRX006024,2,196.43,392.86,CRT00556,PRD0179
TRX006025,1,64.83,64.83,CRT03076,PRD0088
TRX006026,2,38.5,77.0,CRT02212,PRD0075
TRX006027,7,297.0,2079.0,CRT00027,PRD0009
TRX006028,7,212.13,1484.91,CRT02455,PRD0131
TRX006029,4,141.38,565.52,CRT03033,PRD0114
TRX006030,7,196.43,1375.01,CRT00114,PRD0179
TRX006031,7,316.62,2216.34,CRT00206,PRD0082
TRX006032,3,260.49,781.47,CRT00060,PRD0076
TRX006033,3,252.5,757.5,CRT01272,PRD0100
TRX006034,9,163.96,1475.64,CRT03168,PRD0118
TRX006035,5,288.19,1440.95,CRT03349,PRD0176
TRX006036,6,195.42,1172.52,CRT01976,PRD0162
TRX006037,6,144.46,866.76,CRT02690,PRD0185
TRX006038,5,99.1,495.5,CRT01581,PRD0014
TRX006039,2,12.47,24.94,CRT01482,PRD0158
TRX006040,5,69.32,346.6,CRT02754,PRD0012
TRX006041,1,64.83,64.83,CRT02181,PRD0088
TRX006042,9,275.16,2476.44,CRT01299,PRD0048
TRX006043,6,308.05,1848.3,CRT02066,PRD0072
TRX006044,8,209.57,1676.56,CRT02725,PRD0027
TRX006045,10,291.12,2911.2,CRT01219,PRD0120
TRX006046,7,344.9,2414.3,CRT00998,PRD0035
TRX006047,3,238.5,715.5,CRT02953,PRD0133
TRX006048,3,149.36,448.08,CRT03311,PRD0007
TRX006049,10,166.93,1669.3000000000002,CRT00880,PRD0108
TRX006050,6,318.21,1909.26,CRT02946,PRD0181
TRX006051,2,85.85,171.7,CRT00480,PRD0184
TRX006052,2,275.33,550.66,CRT02836,PRD0058
TRX006053,1,267.47,267.47,CRT01617,PRD0033
TRX006054,9,305.67,2751.03,CRT00010,PRD0039
TRX006055,5,80.62,403.1,CRT00155,PRD0189
TRX006056,9,36.18,325.62,CRT00208,PRD0049
TRX006057,7,12.47,87.29,CRT00415,PRD0158
TRX006058,2,248.47,496.94,CRT02743,PRD0044
TRX006059,1,163.96,163.96,CRT00430,PRD0118
TRX006060,7,234.97,1644.79,CRT00726,PRD0046
TRX006061,7,143.73,1006.11,CRT02822,PRD0056
TRX006062,1,228.33,228.33,CRT02579,PRD0005
TRX006063,1,151.12,151.12,CRT01445,PRD0081
TRX006064,3,55.45,166.35000000000002,CRT00805,PRD0142
TRX006065,7,207.27,1450.89,CRT01573,PRD0006
TRX006066,1,100.84,100.84,CRT00967,PRD0170
TRX006067,5,23.22,116.1,CRT03302,PRD0190
TRX006068,7,141.38,989.66,CRT01712,PRD0114
TRX006069,10,11.49,114.9,CRT01484,PRD0195
TRX006070,1,55.45,55.45,CRT00150,PRD0142
TRX006071,2,116.26,232.52,CRT00046,PRD0137
TRX006072,8,260.19,2081.52,CRT00341,PRD0001
TRX006073,5,85.64,428.2,CRT02544,PRD0123
TRX006074,10,212.13,2121.3,CRT01282,PRD0131
TRX006075,6,305.67,1834.02,CRT00376,PRD0039
TRX006076,4,64.83,259.32,CRT02075,PRD0088
TRX006077,9,288.19,2593.71,CRT03040,PRD0176
TRX006078,10,88.06,880.6,CRT00379,PRD0065
TRX006079,2,95.22,190.44,CRT01200,PRD0029
TRX006080,7,321.99,2253.9300000000003,CRT00213,PRD0062
TRX006081,3,301.62,904.86,CRT00296,PRD0028
TRX006082,5,112.37,561.85,CRT01780,PRD0069
TRX006083,5,275.78,1378.9,CRT01431,PRD0097
TRX006084,2,82.61,165.22,CRT00356,PRD0167
TRX006085,1,149.36,149.36,CRT00189,PRD0007
TRX006086,7,75.69,529.8299999999999,CRT02495,PRD0077
TRX006087,7,80.62,564.34,CRT01163,PRD0189
TRX006088,8,142.41,1139.28,CRT03391,PRD0051
TRX006089,9,198.09,1782.81,CRT02846,PRD0178
TRX006090,9,344.42,3099.78,CRT01008,PRD0112
TRX006091,5,275.33,1376.65,CRT03395,PRD0058
TRX006092,6,15.79,94.74,CRT03339,PRD0096
TRX006093,8,23.22,185.76,CRT01723,PRD0190
TRX006094,4,164.79,659.16,CRT00699,PRD0050
TRX006095,3,78.71,236.13,CRT01403,PRD0024
TRX006096,2,281.93,563.86,CRT00400,PRD0116
TRX006097,7,121.08,847.56,CRT00688,PRD0151
TRX006098,6,246.16,1476.96,CRT00062,PRD0160
TRX006099,1,263.29,263.29,CRT01523,PRD0157
TRX006100,3,68.6,205.8,CRT01222,PRD0052
TRX006101,5,292.23,1461.15,CRT03008,PRD0073
TRX006102,3,190.14,570.42,CRT02368,PRD0193
TRX006103,4,318.21,1272.84,CRT01564,PRD0181
TRX006104,9,102.2,919.8,CRT02462,PRD0106
TRX006105,10,38.12,381.2,CRT02087,PRD0002
TRX006106,4,164.79,659.16,CRT01737,PRD0050
TRX006107,6,57.82,346.92,CRT00716,PRD0089
TRX006108,5,63.71,318.55,CRT01965,PRD0153
TRX006109,5,111.48,557.4,CRT01169,PRD0061
TRX006110,1,209.57,209.57,CRT03500,PRD0027
TRX006111,8,327.31,2618.48,CRT02813,PRD0067
TRX006112,2,207.27,414.54,CRT02720,PRD0006
TRX006113,2,344.42,688.84,CRT02125,PRD0112
TRX006114,1,11.49,11.49,CRT00549,PRD0195
TRX006115,8,239.52,1916.16,CRT02835,PRD0085
TRX006116,3,114.48,343.44,CRT03286,PRD0107
TRX006117,10,190.14,1901.4,CRT03227,PRD0193
TRX006118,9,181.62,1634.58,CRT02935,PRD0109
TRX006119,6,207.27,1243.62,CRT03114,PRD0006
TRX006120,1,171.38,171.38,CRT01529,PRD0037
TRX006121,3,234.97,704.91,CRT00522,PRD0046
TRX006122,4,332.64,1330.56,CRT01237,PRD0119
TRX006123,1,209.57,209.57,CRT00225,PRD0027
TRX006124,6,265.13,1590.78,CRT00842,PRD0025
TRX006125,1,198.09,198.09,CRT00484,PRD0178
TRX006126,7,85.85,600.9499999999999,CRT02989,PRD0184
TRX006127,7,149.36,1045.52,CRT00067,PRD0007
TRX006128,8,217.4,1739.2,CRT00202,PRD0180
TRX006129,2,54.91,109.82,CRT00932,PRD0125
TRX006130,5,213.05,1065.25,CRT01452,PRD0144
TRX006131,9,148.18,1333.62,CRT00351,PRD0066
TRX006132,6,151.12,906.72,CRT03378,PRD0081
TRX006133,4,194.5,778.0,CRT02194,PRD0083
TRX006134,4,88.65,354.6,CRT00088,PRD0042
TRX006135,4,332.64,1330.56,CRT00238,PRD0119
TRX006136,2,281.93,563.86,CRT00408,PRD0116
TRX006137,8,209.57,1676.56,CRT01565,PRD0027
TRX006138,2,278.04,556.08,CRT01700,PRD0163
TRX006139,5,141.38,706.9,CRT01636,PRD0114
TRX006140,8,87.81,702.48,CRT03199,PRD0156
TRX006141,10,224.53,2245.3,CRT00131,PRD0032
TRX006142,6,198.09,1188.54,CRT02622,PRD0178
TRX006143,6,252.5,1515.0,CRT00920,PRD0100
TRX006144,5,124.75,623.75,CRT00826,PRD0166
TRX006145,2,80.42,160.84,CRT02689,PRD0140
TRX006146,3,142.41,427.23,CRT01933,PRD0051
TRX006147,10,224.53,2245.3,CRT02872,PRD0032
TRX006148,9,321.99,2897.91,CRT01971,PRD0062
TRX006149,3,292.23,876.69,CRT02450,PRD0073
TRX006150,5,316.62,1583.1,CRT02477,PRD0082
TRX006151,10,281.93,2819.3,CRT02438,PRD0116
TRX006152,3,262.09,786.27,CRT02010,PRD0023
TRX006153,3,85.85,257.54999999999995,CRT01103,PRD0184
TRX006154,1,281.93,281.93,CRT02337,PRD0116
TRX006155,3,321.99,965.97,CRT02478,PRD0062
TRX006156,9,262.09,2358.81,CRT01109,PRD0023
TRX006157,9,38.12,343.08,CRT00603,PRD0002
TRX006158,2,305.67,611.34,CRT00895,PRD0039
TRX006159,6,171.38,1028.28,CRT02131,PRD0037
TRX006160,3,344.42,1033.26,CRT00133,PRD0112
TRX006161,1,38.12,38.12,CRT02064,PRD0002
TRX006162,9,260.19,2341.71,CRT02264,PRD0001
TRX006163,10,88.06,880.6,CRT02093,PRD0065
TRX006164,6,13.28,79.67999999999999,CRT01740,PRD0141
TRX006165,3,86.2,258.6,CRT03195,PRD0036
TRX006166,2,136.36,272.72,CRT02742,PRD0098
TRX006167,8,140.04,1120.32,CRT01853,PRD0068
TRX006168,7,223.15,1562.05,CRT01725,PRD0016
TRX006169,9,281.86,2536.74,CRT00783,PRD0188
TRX006170,1,153.58,153.58,CRT00228,PRD0030
TRX006171,2,224.53,449.06,CRT01622,PRD0032
TRX006172,3,13.28,39.84,CRT01537,PRD0141
TRX006173,7,121.08,847.56,CRT00421,PRD0151
TRX006174,10,134.36,1343.6,CRT01452,PRD0017
TRX006175,7,198.09,1386.63,CRT02111,PRD0178
TRX006176,3,292.23,876.69,CRT02625,PRD0073
TRX006177,6,229.76,1378.56,CRT00358,PRD0074
TRX006178,1,349.75,349.75,CRT03179,PRD0055
TRX006179,6,342.98,2057.88,CRT03345,PRD0080
TRX006180,1,102.2,102.2,CRT00520,PRD0106
TRX006181,8,96.92,775.36,CRT01698,PRD0124
TRX006182,4,153.95,615.8,CRT03334,PRD0132
TRX006183,3,80.42,241.26,CRT01698,PRD0140
TRX006184,5,69.32,346.6,CRT01999,PRD0012
TRX006185,10,198.09,1980.9,CRT00869,PRD0178
TRX006186,2,316.62,633.24,CRT02909,PRD0082
TRX006187,4,209.57,838.28,CRT02668,PRD0027
TRX006188,10,179.52,1795.2,CRT01530,PRD0094
TRX006189,5,212.13,1060.65,CRT00739,PRD0131
TRX006190,4,178.11,712.44,CRT02412,PRD0004
TRX006191,1,75.82,75.82,CRT01804,PRD0020
TRX006192,4,344.9,1379.6,CRT02069,PRD0035
TRX006193,3,116.26,348.78000000000003,CRT01012,PRD0137
TRX006194,6,301.5,1809.0,CRT01990,PRD0115
TRX006195,1,142.41,142.41,CRT00399,PRD0051
TRX006196,3,344.9,1034.6999999999998,CRT02137,PRD0035
TRX006197,8,104.38,835.04,CRT02825,PRD0011
TRX006198,5,6.76,33.8,CRT00235,PRD0174
TRX006199,10,342.98,3429.8,CRT02879,PRD0080
TRX006200,7,275.78,1930.46,CRT00925,PRD0097
TRX006201,3,200.1,600.3,CRT03092,PRD0182
TRX006202,4,112.37,449.48,CRT02969,PRD0069
TRX006203,9,208.25,1874.25,CRT03346,PRD0147
TRX006204,4,241.37,965.48,CRT00489,PRD0187
TRX006205,9,195.42,1758.78,CRT00751,PRD0162
TRX006206,5,228.33,1141.65,CRT00179,PRD0041
TRX006207,5,301.5,1507.5,CRT01613,PRD0115
TRX006208,1,38.5,38.5,CRT03165,PRD0075
TRX006209,4,288.92,1155.68,CRT02955,PRD0191
TRX006210,8,95.22,761.76,CRT00370,PRD0029
TRX006211,7,275.16,1926.12,CRT01438,PRD0048
TRX006212,6,344.42,2066.52,CRT02944,PRD0112
TRX006213,5,342.98,1714.9,CRT02313,PRD0080
TRX006214,4,55.45,221.8,CRT02308,PRD0142
TRX006215,10,149.12,1491.2,CRT02208,PRD0003
TRX006216,10,162.15,1621.5,CRT02312,PRD0010
TRX006217,10,115.19,1151.9,CRT00909,PRD0018
TRX006218,5,68.6,343.0,CRT02974,PRD0052
TRX006219,3,15.96,47.88,CRT03157,PRD0090
TRX006220,9,332.64,2993.76,CRT01911,PRD0119
TRX006221,6,234.97,1409.82,CRT03407,PRD0046
TRX006222,9,151.12,1360.08,CRT00293,PRD0081
TRX006223,1,223.15,223.15,CRT01293,PRD0016
TRX006224,4,344.39,1377.56,CRT02457,PRD0149
TRX006225,4,114.48,457.92,CRT02154,PRD0107
TRX006226,1,26.82,26.82,CRT01796,PRD0101
TRX006227,9,75.82,682.3799999999999,CRT01766,PRD0020
TRX006228,7,24.14,168.98000000000002,CRT03476,PRD0127
TRX006229,5,38.12,190.6,CRT02047,PRD0002
TRX006230,2,292.23,584.46,CRT03153,PRD0073
TRX006231,5,40.06,200.3,CRT03142,PRD0145
TRX006232,9,141.38,1272.42,CRT00293,PRD0114
TRX006233,7,252.5,1767.5,CRT01556,PRD0100
TRX006234,4,267.68,1070.72,CRT00079,PRD0197
TRX006235,3,349.85,1049.5500000000002,CRT02927,PRD0196
TRX006236,10,343.3,3433.0,CRT01763,PRD0134
TRX006237,1,207.27,207.27,CRT02057,PRD0006
TRX006238,9,238.97,2150.73,CRT01015,PRD0026
TRX006239,6,125.96,755.76,CRT02316,PRD0015
TRX006240,1,209.57,209.57,CRT00107,PRD0027
TRX006241,6,78.71,472.26,CRT02872,PRD0024
TRX006242,1,310.43,310.43,CRT00248,PRD0113
TRX006243,5,286.9,1434.5,CRT01914,PRD0110
TRX006244,9,40.06,360.54,CRT01397,PRD0145
TRX006245,8,238.97,1911.76,CRT00911,PRD0026
TRX006246,2,234.97,469.94,CRT01873,PRD0046
TRX006247,6,153.58,921.48,CRT00563,PRD0030
TRX006248,10,141.38,1413.8,CRT00421,PRD0114
TRX006249,1,259.17,259.17,CRT03314,PRD0169
TRX006250,6,82.61,495.66,CRT03093,PRD0167
TRX006251,2,281.93,563.86,CRT01827,PRD0116
TRX006252,9,127.91,1151.19,CRT02582,PRD0171
TRX006253,3,121.08,363.24,CRT00816,PRD0151
TRX006254,4,163.96,655.84,CRT03440,PRD0118
TRX006255,8,233.03,1864.24,CRT03404,PRD0102
TRX006256,8,332.64,2661.12,CRT01309,PRD0119
TRX006257,3,175.98,527.9399999999999,CRT03264,PRD0021
TRX006258,2,166.93,333.86,CRT01887,PRD0108
TRX006259,1,281.86,281.86,CRT00217,PRD0188
TRX006260,10,200.1,2001.0,CRT00090,PRD0182
TRX006261,1,74.71,74.71,CRT01891,PRD0183
TRX006262,8,278.04,2224.32,CRT01466,PRD0163
TRX006263,5,223.15,1115.75,CRT01121,PRD0016
TRX006264,5,259.17,1295.85,CRT02334,PRD0169
TRX006265,5,331.95,1659.75,CRT02901,PRD0161
TRX006266,8,312.35,2498.8,CRT00630,PRD0130
TRX006267,10,134.36,1343.6,CRT00662,PRD0017
TRX006268,4,301.87,1207.48,CRT01973,PRD0121
TRX006269,10,11.49,114.9,CRT01049,PRD0195
TRX006270,2,318.21,636.42,CRT01412,PRD0181
TRX006271,2,179.52,359.04,CRT02677,PRD0094
TRX006272,8,82.61,660.88,CRT02338,PRD0167
TRX006273,2,10.72,21.44,CRT03270,PRD0092
TRX006274,8,80.42,643.36,CRT01789,PRD0140
TRX006275,5,262.09,1310.4499999999998,CRT01749,PRD0023
TRX006276,1,125.8,125.8,CRT02860,PRD0159
TRX006277,1,321.99,321.99,CRT00947,PRD0062
TRX006278,4,171.38,685.52,CRT00579,PRD0037
TRX006279,5,310.43,1552.15,CRT02347,PRD0113
TRX006280,6,179.52,1077.12,CRT01959,PRD0094
TRX006281,7,275.16,1926.12,CRT01767,PRD0048
TRX006282,9,194.5,1750.5,CRT01622,PRD0083
TRX006283,9,172.26,1550.34,CRT02633,PRD0078
TRX006284,5,218.35,1091.75,CRT02026,PRD0070
TRX006285,9,223.15,2008.35,CRT03497,PRD0016
TRX006286,7,13.84,96.88,CRT03256,PRD0186
TRX006287,6,275.16,1650.96,CRT01670,PRD0048
TRX006288,8,125.96,1007.68,CRT02224,PRD0015
TRX006289,4,111.48,445.92,CRT00935,PRD0061
TRX006290,8,281.93,2255.44,CRT02061,PRD0116
TRX006291,5,349.85,1749.25,CRT00803,PRD0196
TRX006292,5,125.8,629.0,CRT00413,PRD0159
TRX006293,10,179.52,1795.2,CRT03167,PRD0094
TRX006294,7,15.96,111.72,CRT00310,PRD0090
TRX006295,7,336.37,2354.59,CRT02034,PRD0152
TRX006296,7,312.35,2186.4500000000003,CRT00394,PRD0130
TRX006297,1,55.45,55.45,CRT01496,PRD0142
TRX006298,8,302.86,2422.88,CRT01731,PRD0093
TRX006299,3,344.9,1034.6999999999998,CRT01932,PRD0035
TRX006300,4,121.08,484.32,CRT00869,PRD0151
TRX006301,7,339.13,2373.91,CRT01707,PRD0060
TRX006302,7,9.29,65.03,CRT02360,PRD0128
TRX006303,1,256.15,256.15,CRT02830,PRD0040
TRX006304,5,221.23,1106.15,CRT01937,PRD0177
TRX006305,8,97.82,782.56,CRT00785,PRD0172
TRX006306,5,54.91,274.54999999999995,CRT02531,PRD0125
TRX006307,2,302.86,605.72,CRT01240,PRD0093
TRX006308,3,252.5,757.5,CRT02727,PRD0100
TRX006309,1,301.87,301.87,CRT01611,PRD0121
TRX006310,9,6.76,60.84,CRT02793,PRD0174
TRX006311,2,292.23,584.46,CRT02817,PRD0073
TRX006312,9,262.09,2358.81,CRT02346,PRD0023
TRX006313,1,318.21,318.21,CRT01394,PRD0181
TRX006314,4,121.08,484.32,CRT01025,PRD0151
TRX006315,7,127.91,895.37,CRT00159,PRD0171
TRX006316,9,301.22,2710.9800000000005,CRT02117,PRD0045
TRX006317,10,46.73,467.3,CRT01476,PRD0104
TRX006318,4,303.73,1214.92,CRT02239,PRD0136
TRX006319,9,297.0,2673.0,CRT02923,PRD0009
TRX006320,3,224.53,673.59,CRT01318,PRD0032
TRX006321,6,85.85,515.0999999999999,CRT01914,PRD0184
TRX006322,3,162.15,486.4500000000001,CRT02522,PRD0010
TRX006323,9,195.42,1758.78,CRT03275,PRD0162
TRX006324,10,349.75,3497.5,CRT01503,PRD0055
TRX006325,5,114.48,572.4,CRT00930,PRD0107
TRX006326,1,178.11,178.11,CRT01791,PRD0004
TRX006327,5,339.13,1695.65,CRT00531,PRD0060
TRX006328,4,252.15,1008.6,CRT01554,PRD0059
TRX006329,10,196.2,1962.0,CRT00536,PRD0117
TRX006330,4,129.22,516.88,CRT01184,PRD0084
TRX006331,6,104.38,626.28,CRT01351,PRD0011
TRX006332,2,149.36,298.72,CRT00560,PRD0007
TRX006333,7,162.15,1135.05,CRT03267,PRD0010
TRX006334,1,275.33,275.33,CRT02030,PRD0058
TRX006335,3,301.87,905.61,CRT00852,PRD0121
TRX006336,7,129.22,904.54,CRT02207,PRD0084
TRX006337,10,76.57,765.6999999999999,CRT00964,PRD0071
TRX006338,6,234.97,1409.82,CRT01914,PRD0046
TRX006339,8,129.22,1033.76,CRT00002,PRD0084
TRX006340,8,275.33,2202.64,CRT03387,PRD0058
TRX006341,6,115.14,690.84,CRT03361,PRD0034
TRX006342,3,75.69,227.07,CRT02726,PRD0077
TRX006343,7,87.81,614.6700000000001,CRT00931,PRD0156
TRX006344,7,30.96,216.72,CRT01401,PRD0139
TRX006345,9,301.62,2714.58,CRT02439,PRD0028
TRX006346,5,229.76,1148.8,CRT00798,PRD0074
TRX006347,9,332.64,2993.76,CRT00144,PRD0119
TRX006348,1,144.46,144.46,CRT01526,PRD0185
TRX006349,4,301.22,1204.88,CRT03448,PRD0045
TRX006350,2,263.29,526.58,CRT01384,PRD0157
TRX006351,7,327.59,2293.13,CRT00530,PRD0047
TRX006352,4,291.12,1164.48,CRT03457,PRD0120
TRX006353,7,134.36,940.52,CRT01846,PRD0017
TRX006354,8,241.82,1934.56,CRT02107,PRD0192
TRX006355,9,144.46,1300.14,CRT00239,PRD0185
TRX006356,2,146.67,293.34,CRT00078,PRD0126
TRX006357,8,69.32,554.56,CRT02916,PRD0012
TRX006358,6,175.98,1055.88,CRT00313,PRD0021
TRX006359,3,327.31,981.93,CRT00259,PRD0067
TRX006360,5,179.52,897.6,CRT03496,PRD0094
TRX006361,9,51.02,459.18,CRT00396,PRD0022
TRX006362,2,331.85,663.7,CRT03137,PRD0143
TRX006363,4,121.08,484.32,CRT03480,PRD0151
TRX006364,6,171.38,1028.28,CRT00869,PRD0037
TRX006365,4,171.38,685.52,CRT02315,PRD0037
TRX006366,8,30.34,242.72,CRT03455,PRD0063
TRX006367,7,99.1,693.6999999999999,CRT02241,PRD0014
TRX006368,5,248.8,1244.0,CRT00572,PRD0099
TRX006369,3,6.76,20.28,CRT02873,PRD0174
TRX006370,10,239.52,2395.2000000000003,CRT00716,PRD0085
TRX006371,9,311.57,2804.13,CRT01426,PRD0194
TRX006372,4,149.12,596.48,CRT00815,PRD0003
TRX006373,10,149.12,1491.2,CRT01663,PRD0003
TRX006374,4,99.1,396.4,CRT01427,PRD0014
TRX006375,1,301.82,301.82,CRT00002,PRD0054
TRX006376,4,85.85,343.4,CRT00654,PRD0184
TRX006377,10,246.16,2461.6,CRT00871,PRD0160
TRX006378,6,248.47,1490.82,CRT03215,PRD0044
TRX006379,4,148.18,592.72,CRT01125,PRD0066
TRX006380,10,102.2,1022.0,CRT01789,PRD0106
TRX006381,6,270.94,1625.64,CRT01403,PRD0148
TRX006382,3,15.96,47.88,CRT02730,PRD0090
TRX006383,7,321.99,2253.9300000000003,CRT02452,PRD0062
TRX006384,1,224.53,224.53,CRT03186,PRD0032
TRX006385,9,166.93,1502.37,CRT01262,PRD0108
TRX006386,9,36.18,325.62,CRT03347,PRD0049
TRX006387,6,125.8,754.8,CRT02627,PRD0159
TRX006388,4,63.71,254.84,CRT01735,PRD0153
TRX006389,3,63.71,191.13,CRT00918,PRD0153
TRX006390,10,96.92,969.2,CRT02157,PRD0124
TRX006391,9,116.26,1046.34,CRT01502,PRD0137
TRX006392,8,74.71,597.68,CRT02277,PRD0183
TRX006393,4,275.78,1103.12,CRT03056,PRD0097
TRX006394,5,15.79,78.94999999999999,CRT02440,PRD0096
TRX006395,1,241.37,241.37,CRT00958,PRD0187
TRX006396,2,267.68,535.36,CRT02757,PRD0197
TRX006397,2,164.79,329.58,CRT01458,PRD0050
TRX006398,5,291.12,1455.6,CRT02958,PRD0120
TRX006399,10,12.47,124.7,CRT01646,PRD0158
TRX006400,10,115.14,1151.4,CRT02592,PRD0034
TRX006401,8,283.35,2266.8,CRT03139,PRD0154
TRX006402,5,267.47,1337.35,CRT03260,PRD0033
TRX006403,8,111.48,891.84,CRT00229,PRD0061
TRX006404,6,318.04,1908.24,CRT01806,PRD0146
TRX006405,5,275.16,1375.8000000000002,CRT02451,PRD0048
TRX006406,8,88.06,704.48,CRT02081,PRD0065
TRX006407,4,297.0,1188.0,CRT02007,PRD0009
TRX006408,8,228.33,1826.64,CRT01914,PRD0041
TRX006409,8,224.09,1792.72,CRT00147,PRD0122
TRX006410,1,178.11,178.11,CRT01894,PRD0004
TRX006411,5,119.47,597.35,CRT03177,PRD0008
TRX006412,10,11.49,114.9,CRT00010,PRD0195
TRX006413,10,69.32,693.1999999999999,CRT01403,PRD0012
TRX006414,1,111.48,111.48,CRT02917,PRD0061
TRX006415,10,321.66,3216.6000000000004,CRT00510,PRD0091
TRX006416,7,99.1,693.6999999999999,CRT00951,PRD0014
TRX006417,8,259.17,2073.36,CRT01550,PRD0169
TRX006418,9,30.34,273.06,CRT01448,PRD0063
TRX006419,2,153.58,307.16,CRT02968,PRD0030
TRX006420,10,26.82,268.2,CRT00367,PRD0101
TRX006421,5,164.79,823.9499999999999,CRT00793,PRD0050
TRX006422,6,270.94,1625.64,CRT01143,PRD0148
TRX006423,7,88.06,616.4200000000001,CRT00647,PRD0065
TRX006424,6,68.6,411.6,CRT01381,PRD0052
TRX006425,10,281.86,2818.6000000000004,CRT01318,PRD0188
TRX006426,8,331.85,2654.8,CRT00928,PRD0143
TRX006427,8,59.71,477.68,CRT01478,PRD0057
TRX006428,4,4.55,18.2,CRT02322,PRD0129
TRX006429,10,265.13,2651.3,CRT02161,PRD0025
TRX006430,7,96.92,678.44,CRT03203,PRD0124
TRX006431,2,291.12,582.24,CRT02447,PRD0120
TRX006432,1,40.06,40.06,CRT02037,PRD0145
TRX006433,4,151.36,605.44,CRT02438,PRD0150
TRX006434,5,208.25,1041.25,CRT01924,PRD0147
TRX006435,1,57.82,57.82,CRT01091,PRD0089
TRX006436,6,292.23,1753.38,CRT01774,PRD0073
TRX006437,8,330.57,2644.56,CRT01986,PRD0173
TRX006438,4,23.22,92.88,CRT02411,PRD0190
TRX006439,7,301.22,2108.54,CRT03034,PRD0045
TRX006440,9,256.15,2305.35,CRT01146,PRD0040
TRX006441,10,241.82,2418.2,CRT02060,PRD0192
TRX006442,2,116.26,232.52,CRT03427,PRD0137
TRX006443,1,151.12,151.12,CRT02813,PRD0081
TRX006444,9,178.11,1602.9900000000002,CRT00173,PRD0004
TRX006445,1,237.14,237.14,CRT00435,PRD0064
TRX006446,5,194.99,974.95,CRT00472,PRD0043
TRX006447,2,87.81,175.62,CRT02097,PRD0156
TRX006448,8,163.96,1311.68,CRT00633,PRD0118
TRX006449,6,171.38,1028.28,CRT02957,PRD0037
TRX006450,7,223.09,1561.63,CRT02734,PRD0199
TRX006451,10,218.35,2183.5,CRT03482,PRD0070
TRX006452,5,234.25,1171.25,CRT00863,PRD0103
TRX006453,4,344.42,1377.68,CRT03251,PRD0112
TRX006454,1,301.22,301.22,CRT03113,PRD0045
TRX006455,8,10.72,85.76,CRT00156,PRD0092
TRX006456,3,164.79,494.37,CRT00397,PRD0050
TRX006457,2,246.16,492.32,CRT01661,PRD0160
TRX006458,9,234.25,2108.25,CRT01479,PRD0103
TRX006459,9,196.43,1767.87,CRT02549,PRD0179
TRX006460,8,164.79,1318.32,CRT00795,PRD0050
TRX006461,8,241.37,1930.96,CRT02087,PRD0187
TRX006462,2,327.59,655.18,CRT02635,PRD0047
TRX006463,7,112.37,786.59,CRT01944,PRD0069
TRX006464,10,146.67,1466.6999999999998,CRT01383,PRD0126
TRX006465,10,260.65,2606.5,CRT01475,PRD0168
TRX006466,2,88.65,177.3,CRT00870,PRD0042
TRX006467,7,171.38,1199.66,CRT03416,PRD0037
TRX006468,6,327.59,1965.54,CRT02267,PRD0047
TRX006469,9,30.34,273.06,CRT00351,PRD0063
TRX006470,8,100.84,806.72,CRT02028,PRD0170
TRX006471,3,267.28,801.8399999999999,CRT01147,PRD0031
TRX006472,4,336.37,1345.48,CRT02099,PRD0152
TRX006473,7,241.37,1689.59,CRT01327,PRD0187
TRX006474,4,228.33,913.32,CRT00027,PRD0005
TRX006475,5,301.5,1507.5,CRT00087,PRD0115
TRX006476,2,38.5,77.0,CRT02297,PRD0075
TRX006477,2,331.85,663.7,CRT02004,PRD0143
TRX006478,1,10.72,10.72,CRT02825,PRD0092
TRX006479,5,104.38,521.9,CRT01046,PRD0011
TRX006480,9,327.59,2948.31,CRT03400,PRD0047
TRX006481,6,297.0,1782.0,CRT00876,PRD0009
TRX006482,8,85.85,686.8,CRT00165,PRD0184
TRX006483,9,342.98,3086.82,CRT03222,PRD0080
TRX006484,7,238.97,1672.79,CRT03496,PRD0026
TRX006485,8,194.83,1558.64,CRT02389,PRD0165
TRX006486,2,148.18,296.36,CRT00959,PRD0066
TRX006487,3,242.9,728.7,CRT03161,PRD0164
TRX006488,7,136.36,954.52,CRT03016,PRD0098
TRX006489,6,115.19,691.14,CRT02147,PRD0018
TRX006490,8,23.22,185.76,CRT01510,PRD0190
TRX006491,3,88.06,264.18,CRT01437,PRD0065
TRX006492,9,97.82,880.3799999999999,CRT01145,PRD0172
TRX006493,2,104.38,208.76,CRT01526,PRD0011
TRX006494,9,163.96,1475.64,CRT00567,PRD0118
TRX006495,3,311.57,934.71,CRT02871,PRD0194
TRX006496,10,24.14,241.4,CRT03260,PRD0127
TRX006497,2,80.42,160.84,CRT01102,PRD0140
TRX006498,3,349.75,1049.25,CRT03029,PRD0055
TRX006499,8,267.28,2138.24,CRT01716,PRD0031
TRX006500,9,312.35,2811.15,CRT01551,PRD0130
TRX006501,10,308.17,3081.7000000000003,CRT01882,PRD0138
TRX006502,9,339.13,3052.17,CRT00103,PRD0060
TRX006503,9,112.37,1011.33,CRT01578,PRD0069
TRX006504,6,321.99,1931.94,CRT03336,PRD0062
TRX006505,3,223.15,669.45,CRT02689,PRD0016
TRX006506,5,54.91,274.54999999999995,CRT03377,PRD0125
TRX006507,10,38.5,385.0,CRT00674,PRD0075
TRX006508,10,38.5,385.0,CRT01773,PRD0075
TRX006509,2,115.19,230.38,CRT02131,PRD0018
TRX006510,10,88.06,880.6,CRT01489,PRD0065
TRX006511,7,234.25,1639.75,CRT00849,PRD0103
TRX006512,1,278.04,278.04,CRT02738,PRD0163
TRX006513,9,80.62,725.58,CRT00904,PRD0189
TRX006514,5,289.44,1447.2,CRT01416,PRD0155
TRX006515,2,223.15,446.3,CRT01335,PRD0016
TRX006516,6,13.65,81.9,CRT00458,PRD0019
TRX006517,9,164.79,1483.11,CRT02218,PRD0050
TRX006518,6,349.85,2099.1000000000004,CRT02697,PRD0196
TRX006519,6,11.49,68.94,CRT01178,PRD0195
TRX006520,4,218.35,873.4,CRT01013,PRD0070
TRX006521,8,228.33,1826.64,CRT00380,PRD0005
TRX006522,4,213.05,852.2,CRT02215,PRD0144
TRX006523,1,301.22,301.22,CRT02113,PRD0045
TRX006524,5,308.17,1540.85,CRT01215,PRD0138
TRX006525,4,85.64,342.56,CRT03239,PRD0123
TRX006526,8,142.41,1139.28,CRT00033,PRD0051
TRX006527,7,63.71,445.97,CRT03262,PRD0153
TRX006528,4,99.1,396.4,CRT01490,PRD0014
TRX006529,2,331.85,663.7,CRT02995,PRD0143
TRX006530,9,42.58,383.22,CRT00415,PRD0095
TRX006531,6,327.31,1963.86,CRT00533,PRD0067
TRX006532,6,252.5,1515.0,CRT00634,PRD0100
TRX006533,10,336.37,3363.7,CRT02668,PRD0152
TRX006534,7,308.05,2156.35,CRT01582,PRD0072
TRX006535,8,23.22,185.76,CRT03376,PRD0190
TRX006536,1,196.43,196.43,CRT01675,PRD0179
TRX006537,8,98.65,789.2,CRT02299,PRD0079
TRX006538,2,246.16,492.32,CRT01088,PRD0160
TRX006539,7,344.9,2414.3,CRT00471,PRD0035
TRX006540,10,234.25,2342.5,CRT01107,PRD0103
TRX006541,5,312.35,1561.75,CRT00236,PRD0130
TRX006542,5,267.68,1338.4,CRT00098,PRD0197
TRX006543,9,316.62,2849.58,CRT00277,PRD0082
TRX006544,2,178.11,356.22,CRT00984,PRD0004
TRX006545,5,263.29,1316.45,CRT03443,PRD0157
TRX006546,5,265.13,1325.65,CRT00324,PRD0025
TRX006547,1,194.5,194.5,CRT03188,PRD0083
TRX006548,1,100.84,100.84,CRT02982,PRD0170
TRX006549,1,125.96,125.96,CRT02854,PRD0015
TRX006550,5,343.3,1716.5,CRT00880,PRD0134
TRX006551,1,166.93,166.93,CRT02790,PRD0108
TRX006552,8,292.23,2337.84,CRT02238,PRD0073
TRX006553,6,23.22,139.32,CRT03477,PRD0190
TRX006554,7,302.95,2120.65,CRT00022,PRD0087
TRX006555,1,237.14,237.14,CRT03166,PRD0064
TRX006556,3,38.12,114.36,CRT01879,PRD0002
TRX006557,4,87.81,351.24,CRT00380,PRD0156
TRX006558,2,10.72,21.44,CRT02061,PRD0092
TRX006559,1,281.86,281.86,CRT03437,PRD0188
TRX006560,7,30.34,212.38,CRT01685,PRD0063
TRX006561,5,275.33,1376.65,CRT01731,PRD0058
TRX006562,1,104.38,104.38,CRT01956,PRD0011
TRX006563,8,224.09,1792.72,CRT00686,PRD0122
TRX006564,10,153.95,1539.5,CRT00277,PRD0132
TRX006565,8,26.82,214.56,CRT02023,PRD0101
TRX006566,3,308.05,924.15,CRT03089,PRD0072
TRX006567,10,212.13,2121.3,CRT01255,PRD0131
TRX006568,7,291.12,2037.84,CRT03258,PRD0120
TRX006569,9,302.86,2725.74,CRT03141,PRD0093
TRX006570,3,223.15,669.45,CRT03259,PRD0016
TRX006571,3,231.76,695.28,CRT00957,PRD0038
TRX006572,9,248.47,2236.23,CRT00473,PRD0044
TRX006573,9,190.14,1711.2599999999998,CRT02514,PRD0193
TRX006574,6,228.33,1369.98,CRT02774,PRD0005
TRX006575,5,241.37,1206.85,CRT02985,PRD0187
TRX006576,3,297.0,891.0,CRT02236,PRD0009
TRX006577,8,283.35,2266.8,CRT01488,PRD0154
TRX006578,4,119.47,477.88,CRT00516,PRD0008
TRX006579,5,297.0,1485.0,CRT00389,PRD0009
TRX006580,5,85.85,429.25,CRT00577,PRD0184
TRX006581,10,283.35,2833.5,CRT00714,PRD0154
TRX006582,8,129.22,1033.76,CRT00880,PRD0084
TRX006583,10,75.82,758.1999999999999,CRT02574,PRD0020
TRX006584,10,104.38,1043.8,CRT03096,PRD0011
TRX006585,3,248.47,745.41,CRT01198,PRD0044
TRX006586,6,153.58,921.48,CRT01506,PRD0030
TRX006587,2,82.61,165.22,CRT02438,PRD0167
TRX006588,10,200.26,2002.6,CRT02554,PRD0105
TRX006589,8,344.42,2755.36,CRT03033,PRD0112
TRX006590,4,166.93,667.72,CRT01864,PRD0108
TRX006591,7,88.65,620.5500000000001,CRT01615,PRD0042
TRX006592,7,59.71,417.97,CRT01227,PRD0057
TRX006593,6,11.49,68.94,CRT02867,PRD0195
TRX006594,5,98.65,493.25,CRT00591,PRD0079
TRX006595,8,262.09,2096.72,CRT03442,PRD0023
TRX006596,6,281.86,1691.16,CRT03318,PRD0188
TRX006597,9,282.78,2545.0199999999995,CRT00612,PRD0111
TRX006598,8,262.09,2096.72,CRT00448,PRD0023
TRX006599,9,311.57,2804.13,CRT02352,PRD0194
TRX006600,4,42.58,170.32,CRT02432,PRD0095
TRX006601,8,166.93,1335.44,CRT00814,PRD0108
TRX006602,2,76.57,153.14,CRT01136,PRD0071
TRX006603,1,102.2,102.2,CRT00887,PRD0106
TRX006604,6,308.17,1849.02,CRT02790,PRD0138
TRX006605,4,241.37,965.48,CRT03430,PRD0187
TRX006606,10,241.37,2413.7,CRT00940,PRD0187
TRX006607,3,162.15,486.4500000000001,CRT00111,PRD0010
TRX006608,6,76.57,459.42,CRT03307,PRD0071
TRX006609,10,119.47,1194.7,CRT00891,PRD0008
TRX006610,1,332.64,332.64,CRT02285,PRD0119
TRX006611,7,327.31,2291.17,CRT00999,PRD0067
TRX006612,8,151.12,1208.96,CRT01636,PRD0081
TRX006613,8,344.42,2755.36,CRT02590,PRD0112
TRX006614,2,336.37,672.74,CRT03045,PRD0152
TRX006615,9,75.69,681.21,CRT02960,PRD0077
TRX006616,6,86.2,517.2,CRT00269,PRD0036
TRX006617,4,149.36,597.44,CRT00490,PRD0007
TRX006618,7,15.79,110.53,CRT00678,PRD0096
TRX006619,1,224.53,224.53,CRT03272,PRD0032
TRX006620,2,136.36,272.72,CRT03447,PRD0098
TRX006621,8,194.83,1558.64,CRT01000,PRD0165
TRX006622,5,40.06,200.3,CRT01881,PRD0145
TRX006623,4,267.68,1070.72,CRT02679,PRD0197
TRX006624,1,262.09,262.09,CRT02559,PRD0023
TRX006625,5,343.3,1716.5,CRT01720,PRD0134
TRX006626,1,330.57,330.57,CRT03291,PRD0173
TRX006627,3,15.96,47.88,CRT02568,PRD0090
TRX006628,6,24.14,144.84,CRT03442,PRD0127
TRX006629,7,10.72,75.04,CRT01578,PRD0092
TRX006630,1,76.57,76.57,CRT03155,PRD0071
TRX006631,1,59.71,59.71,CRT01394,PRD0057
TRX006632,5,179.52,897.6,CRT00722,PRD0094
TRX006633,2,301.22,602.44,CRT02326,PRD0045
TRX006634,4,40.06,160.24,CRT02258,PRD0145
TRX006635,2,263.29,526.58,CRT02375,PRD0157
TRX006636,7,241.82,1692.74,CRT00583,PRD0192
TRX006637,7,301.22,2108.54,CRT00595,PRD0045
TRX006638,8,283.35,2266.8,CRT00671,PRD0154
TRX006639,8,301.87,2414.96,CRT02915,PRD0121
TRX006640,6,288.92,1733.52,CRT01887,PRD0191
TRX006641,3,200.26,600.78,CRT02398,PRD0105
TRX006642,8,291.12,2328.96,CRT02869,PRD0120
TRX006643,1,146.67,146.67,CRT03143,PRD0126
TRX006644,8,141.38,1131.04,CRT01238,PRD0114
TRX006645,2,175.98,351.96,CRT00045,PRD0021
TRX006646,3,68.6,205.8,CRT01901,PRD0052
TRX006647,8,349.85,2798.8,CRT02805,PRD0196
TRX006648,10,224.09,2240.9,CRT00236,PRD0122
TRX006649,8,228.33,1826.64,CRT02745,PRD0041
TRX006650,2,302.86,605.72,CRT03369,PRD0093
TRX006651,8,223.15,1785.2,CRT02894,PRD0016
TRX006652,7,172.26,1205.82,CRT00893,PRD0078
TRX006653,4,99.29,397.16,CRT02502,PRD0053
TRX006654,6,119.47,716.8199999999999,CRT00681,PRD0008
TRX006655,1,302.95,302.95,CRT01354,PRD0087
TRX006656,7,102.2,715.4,CRT03481,PRD0106
TRX006657,5,40.06,200.3,CRT03427,PRD0145
TRX006658,3,15.96,47.88,CRT01138,PRD0090
TRX006659,8,99.1,792.8,CRT01909,PRD0014
TRX006660,3,310.43,931.29,CRT02905,PRD0113
TRX006661,10,63.71,637.1,CRT00934,PRD0153
TRX006662,10,196.43,1964.3,CRT03129,PRD0179
TRX006663,1,134.36,134.36,CRT01159,PRD0017
TRX006664,5,111.48,557.4,CRT00804,PRD0061
TRX006665,4,302.95,1211.8,CRT01070,PRD0087
TRX006666,9,76.57,689.1299999999999,CRT00126,PRD0071
TRX006667,9,224.09,2016.81,CRT03223,PRD0122
TRX006668,2,229.76,459.52,CRT02451,PRD0074
TRX006669,8,151.12,1208.96,CRT02221,PRD0081
TRX006670,7,144.4,1010.8,CRT00364,PRD0200
TRX006671,8,164.79,1318.32,CRT00242,PRD0050
TRX006672,7,121.08,847.56,CRT03055,PRD0151
TRX006673,3,26.82,80.46000000000001,CRT01542,PRD0101
TRX006674,3,85.85,257.54999999999995,CRT01769,PRD0184
TRX006675,8,153.95,1231.6,CRT01800,PRD0132
TRX006676,1,88.65,88.65,CRT00235,PRD0042
TRX006677,3,241.37,724.11,CRT01488,PRD0187
TRX006678,6,178.11,1068.66,CRT03462,PRD0004
TRX006679,5,149.36,746.8000000000001,CRT00976,PRD0007
TRX006680,4,218.35,873.4,CRT00891,PRD0070
TRX006681,2,82.61,165.22,CRT02346,PRD0167
TRX006682,7,218.35,1528.45,CRT01259,PRD0070
TRX006683,4,327.31,1309.24,CRT00917,PRD0067
TRX006684,10,125.8,1258.0,CRT00188,PRD0159
TRX006685,2,36.18,72.36,CRT01862,PRD0049
TRX006686,6,179.52,1077.12,CRT02869,PRD0094
TRX006687,9,15.79,142.11,CRT03077,PRD0096
TRX006688,5,125.8,629.0,CRT02410,PRD0159
TRX006689,7,178.11,1246.77,CRT01663,PRD0004
TRX006690,5,228.33,1141.65,CRT02169,PRD0041
TRX006691,8,260.49,2083.92,CRT01577,PRD0076
TRX006692,3,308.17,924.51,CRT02745,PRD0138
TRX006693,6,275.78,1654.6799999999998,CRT00376,PRD0097
TRX006694,7,332.64,2328.48,CRT02247,PRD0119
TRX006695,1,267.47,267.47,CRT02279,PRD0033
TRX006696,5,129.22,646.1,CRT03187,PRD0084
TRX006697,7,38.5,269.5,CRT02542,PRD0075
TRX006698,8,286.9,2295.2,CRT01122,PRD0110
TRX006699,9,198.63,1787.67,CRT02253,PRD0135
TRX006700,3,149.12,447.36,CRT00432,PRD0003
TRX006701,1,175.98,175.98,CRT01879,PRD0021
TRX006702,4,99.29,397.16,CRT03362,PRD0053
TRX006703,7,69.32,485.24,CRT01794,PRD0012
TRX006704,10,288.92,2889.2000000000003,CRT00895,PRD0191
TRX006705,1,241.82,241.82,CRT01887,PRD0192
TRX006706,7,252.15,1765.05,CRT01351,PRD0059
TRX006707,2,88.06,176.12,CRT02178,PRD0065
TRX006708,6,153.95,923.7,CRT02028,PRD0132
TRX006709,6,144.4,866.4000000000001,CRT03459,PRD0200
TRX006710,1,339.13,339.13,CRT01847,PRD0060
TRX006711,3,223.09,669.27,CRT02718,PRD0199
TRX006712,7,233.03,1631.21,CRT03097,PRD0102
TRX006713,2,344.39,688.78,CRT02676,PRD0149
TRX006714,4,119.47,477.88,CRT02096,PRD0008
TRX006715,5,310.43,1552.15,CRT01072,PRD0113
TRX006716,1,85.85,85.85,CRT03449,PRD0184
TRX006717,10,259.17,2591.7000000000003,CRT01685,PRD0169
TRX006718,8,141.38,1131.04,CRT02461,PRD0114
TRX006719,4,252.5,1010.0,CRT02932,PRD0100
TRX006720,2,24.14,48.28,CRT00367,PRD0127
TRX006721,3,275.16,825.48,CRT02940,PRD0048
TRX006722,3,234.25,702.75,CRT02384,PRD0103
TRX006723,1,301.62,301.62,CRT00889,PRD0028
TRX006724,7,260.49,1823.43,CRT00814,PRD0076
TRX006725,7,98.65,690.5500000000001,CRT02836,PRD0079
TRX006726,8,149.12,1192.96,CRT03017,PRD0003
TRX006727,7,246.16,1723.12,CRT03453,PRD0160
TRX006728,7,289.44,2026.08,CRT01892,PRD0155
TRX006729,6,164.79,988.74,CRT03373,PRD0050
TRX006730,5,248.47,1242.35,CRT02487,PRD0044
TRX006731,1,198.63,198.63,CRT00613,PRD0135
TRX006732,6,207.27,1243.62,CRT00463,PRD0006
TRX006733,4,196.2,784.8,CRT00714,PRD0117
TRX006734,3,252.15,756.45,CRT01949,PRD0059
TRX006735,5,30.34,151.7,CRT00793,PRD0063
TRX006736,3,96.92,290.76,CRT01574,PRD0124
TRX006737,2,96.92,193.84,CRT01826,PRD0124
TRX006738,7,234.97,1644.79,CRT00834,PRD0046
TRX006739,10,178.11,1781.1,CRT02774,PRD0004
TRX006740,5,30.96,154.8,CRT00529,PRD0139
TRX006741,4,331.85,1327.4,CRT00395,PRD0143
TRX006742,6,51.02,306.12,CRT02262,PRD0022
TRX006743,4,223.09,892.36,CRT01924,PRD0199
TRX006744,3,141.38,424.14,CRT00106,PRD0114
TRX006745,9,4.55,40.95,CRT03220,PRD0129
TRX006746,7,30.34,212.38,CRT00550,PRD0063
TRX006747,2,349.75,699.5,CRT03086,PRD0055
TRX006748,8,121.08,968.64,CRT00736,PRD0151
TRX006749,9,267.28,2405.5199999999995,CRT00604,PRD0031
TRX006750,1,96.92,96.92,CRT03035,PRD0124
TRX006751,6,30.96,185.76,CRT03235,PRD0139
TRX006752,9,308.05,2772.4500000000003,CRT02491,PRD0072
TRX006753,2,200.26,400.52,CRT01950,PRD0105
TRX006754,4,246.16,984.64,CRT00743,PRD0160
TRX006755,9,224.53,2020.77,CRT00510,PRD0032
TRX006756,1,140.04,140.04,CRT00157,PRD0068
TRX006757,6,321.66,1929.96,CRT00410,PRD0091
TRX006758,8,148.18,1185.44,CRT00648,PRD0066
TRX006759,4,151.12,604.48,CRT00616,PRD0081
TRX006760,3,260.19,780.5699999999999,CRT00008,PRD0001
TRX006761,2,238.97,477.94,CRT00221,PRD0026
TRX006762,4,119.47,477.88,CRT01828,PRD0008
TRX006763,7,301.22,2108.54,CRT01615,PRD0045
TRX006764,8,288.92,2311.36,CRT01328,PRD0191
TRX006765,9,119.47,1075.23,CRT00159,PRD0008
TRX006766,9,75.69,681.21,CRT00105,PRD0077
TRX006767,7,179.52,1256.64,CRT02945,PRD0094
TRX006768,5,127.91,639.55,CRT02090,PRD0171
TRX006769,6,349.85,2099.1000000000004,CRT03038,PRD0196
TRX006770,6,175.98,1055.88,CRT03219,PRD0021
TRX006771,6,308.05,1848.3,CRT02369,PRD0072
TRX006772,3,153.95,461.85,CRT02503,PRD0132
TRX006773,7,46.73,327.11,CRT00426,PRD0104
TRX006774,2,270.94,541.88,CRT01918,PRD0148
TRX006775,6,124.75,748.5,CRT02863,PRD0166
TRX006776,2,175.98,351.96,CRT00663,PRD0021
TRX006777,1,46.73,46.73,CRT01344,PRD0104
TRX006778,8,146.67,1173.36,CRT00326,PRD0126
TRX006779,1,289.44,289.44,CRT00216,PRD0155
TRX006780,6,233.03,1398.18,CRT02536,PRD0102
TRX006781,6,200.1,1200.6,CRT03143,PRD0182
TRX006782,8,140.04,1120.32,CRT01013,PRD0068
TRX006783,1,194.5,194.5,CRT01118,PRD0083
TRX006784,6,302.95,1817.7,CRT00854,PRD0087
TRX006785,3,55.45,166.35000000000002,CRT03302,PRD0142
TRX006786,10,331.95,3319.5,CRT02064,PRD0161
TRX006787,6,100.84,605.04,CRT02643,PRD0170
TRX006788,1,248.47,248.47,CRT02752,PRD0044
TRX006789,9,238.97,2150.73,CRT00968,PRD0026
TRX006790,7,102.2,715.4,CRT02741,PRD0106
TRX006791,9,252.15,2269.35,CRT02683,PRD0059
TRX006792,8,143.73,1149.84,CRT01927,PRD0056
TRX006793,5,24.14,120.7,CRT00484,PRD0127
TRX006794,5,149.36,746.8000000000001,CRT01103,PRD0007
TRX006795,2,344.42,688.84,CRT01431,PRD0112
TRX006796,3,246.16,738.48,CRT03439,PRD0160
TRX006797,4,129.22,516.88,CRT01108,PRD0084
TRX006798,6,148.18,889.08,CRT02367,PRD0066
TRX006799,10,42.58,425.8,CRT00342,PRD0095
TRX006800,10,85.64,856.4,CRT00013,PRD0123
TRX006801,9,124.75,1122.75,CRT02567,PRD0166
TRX006802,10,278.04,2780.4,CRT03482,PRD0163
TRX006803,7,97.82,684.74,CRT01600,PRD0172
TRX006804,3,59.71,179.13,CRT02631,PRD0057
TRX006805,6,111.48,668.88,CRT03206,PRD0061
TRX006806,9,149.12,1342.08,CRT00013,PRD0003
TRX006807,7,267.47,1872.29,CRT02861,PRD0033
TRX006808,10,349.85,3498.5,CRT00977,PRD0196
TRX006809,3,30.96,92.88,CRT01153,PRD0139
TRX006810,7,153.58,1075.0600000000002,CRT02598,PRD0030
TRX006811,4,166.93,667.72,CRT01328,PRD0108
TRX006812,6,260.65,1563.9,CRT02920,PRD0168
TRX006813,7,305.67,2139.69,CRT01160,PRD0039
TRX006814,1,125.96,125.96,CRT03161,PRD0015
TRX006815,1,6.76,6.76,CRT00162,PRD0174
TRX006816,7,327.59,2293.13,CRT01515,PRD0047
TRX006817,3,223.15,669.45,CRT03140,PRD0016
TRX006818,6,229.76,1378.56,CRT01365,PRD0074
TRX006819,6,234.97,1409.82,CRT00941,PRD0046
TRX006820,2,125.96,251.92,CRT00259,PRD0015
TRX006821,6,260.65,1563.9,CRT03168,PRD0168
TRX006822,2,51.02,102.04,CRT01376,PRD0022
TRX006823,8,114.48,915.84,CRT01299,PRD0107
TRX006824,10,80.42,804.2,CRT03037,PRD0140
TRX006825,8,75.69,605.52,CRT02482,PRD0077
TRX006826,6,75.69,454.14,CRT02465,PRD0077
TRX006827,2,163.96,327.92,CRT03122,PRD0118
TRX006828,10,265.13,2651.3,CRT03300,PRD0025
TRX006829,4,99.29,397.16,CRT03454,PRD0053
TRX006830,8,265.13,2121.04,CRT00006,PRD0025
TRX006831,9,63.71,573.39,CRT01565,PRD0153
TRX006832,5,343.3,1716.5,CRT01134,PRD0134
TRX006833,10,316.62,3166.2,CRT01396,PRD0082
TRX006834,6,75.69,454.14,CRT02863,PRD0077
TRX006835,4,228.33,913.32,CRT03208,PRD0005
TRX006836,2,321.66,643.32,CRT00942,PRD0091
TRX006837,3,263.29,789.8700000000001,CRT02166,PRD0157
TRX006838,8,13.65,109.2,CRT00147,PRD0019
TRX006839,4,26.82,107.28,CRT02154,PRD0101
TRX006840,5,82.61,413.05,CRT01286,PRD0167
TRX006841,5,265.13,1325.65,CRT01966,PRD0025
TRX006842,6,175.98,1055.88,CRT00682,PRD0021
TRX006843,9,196.2,1765.8,CRT01469,PRD0117
TRX006844,1,246.16,246.16,CRT00709,PRD0160
TRX006845,2,238.97,477.94,CRT01939,PRD0026
TRX006846,10,237.14,2371.4,CRT01323,PRD0064
TRX006847,8,23.22,185.76,CRT02540,PRD0190
TRX006848,7,241.82,1692.74,CRT01977,PRD0192
TRX006849,3,303.73,911.19,CRT01419,PRD0136
TRX006850,2,95.22,190.44,CRT01360,PRD0029
TRX006851,4,111.48,445.92,CRT01607,PRD0061
TRX006852,5,136.36,681.8000000000001,CRT00054,PRD0098
TRX006853,7,310.43,2173.01,CRT00820,PRD0113
TRX006854,2,343.3,686.6,CRT01518,PRD0134
TRX006855,7,194.99,1364.93,CRT01944,PRD0043
TRX006856,5,103.06,515.3,CRT03142,PRD0013
TRX006857,7,162.15,1135.05,CRT01981,PRD0010
TRX006858,2,99.29,198.58,CRT01654,PRD0053
TRX006859,6,59.71,358.26,CRT03483,PRD0057
TRX006860,3,256.15,768.4499999999999,CRT02312,PRD0040
TRX006861,7,99.1,693.6999999999999,CRT01699,PRD0014
TRX006862,6,175.98,1055.88,CRT02151,PRD0021
TRX006863,4,80.62,322.48,CRT01275,PRD0189
TRX006864,3,144.4,433.2000000000001,CRT01299,PRD0200
TRX006865,3,310.43,931.29,CRT02070,PRD0113
TRX006866,3,175.98,527.9399999999999,CRT00633,PRD0021
TRX006867,5,38.12,190.6,CRT01588,PRD0002
TRX006868,8,267.68,2141.44,CRT00272,PRD0197
TRX006869,1,144.46,144.46,CRT01591,PRD0185
TRX006870,9,80.42,723.78,CRT01320,PRD0140
TRX006871,2,327.59,655.18,CRT02427,PRD0047
TRX006872,1,30.34,30.34,CRT00829,PRD0063
TRX006873,2,78.71,157.42,CRT00078,PRD0024
TRX006874,5,120.9,604.5,CRT00305,PRD0175
TRX006875,9,343.3,3089.7000000000003,CRT01511,PRD0134
TRX006876,2,321.99,643.98,CRT02456,PRD0062
TRX006877,3,321.66,964.98,CRT03459,PRD0091
TRX006878,10,26.82,268.2,CRT01591,PRD0101
TRX006879,8,194.5,1556.0,CRT03372,PRD0083
TRX006880,2,301.5,603.0,CRT01827,PRD0115
TRX006881,10,349.75,3497.5,CRT01957,PRD0055
TRX006882,9,162.15,1459.35,CRT03055,PRD0010
TRX006883,9,144.4,1299.6,CRT01331,PRD0200
TRX006884,5,172.26,861.3,CRT01060,PRD0078
TRX006885,1,175.98,175.98,CRT00276,PRD0021
TRX006886,9,238.5,2146.5,CRT02992,PRD0133
TRX006887,10,26.82,268.2,CRT02664,PRD0101
TRX006888,5,102.2,511.0,CRT03432,PRD0106
TRX006889,4,99.1,396.4,CRT02001,PRD0014
TRX006890,8,256.15,2049.2,CRT03271,PRD0040
TRX006891,5,99.29,496.4500000000001,CRT03293,PRD0053
TRX006892,9,195.42,1758.78,CRT02744,PRD0162
TRX006893,2,63.71,127.42,CRT01265,PRD0153
TRX006894,3,172.26,516.78,CRT01787,PRD0078
TRX006895,7,30.34,212.38,CRT03401,PRD0063
TRX006896,9,238.97,2150.73,CRT00413,PRD0026
TRX006897,2,63.71,127.42,CRT01704,PRD0153
TRX006898,8,10.72,85.76,CRT01018,PRD0092
TRX006899,10,238.5,2385.0,CRT00316,PRD0133
TRX006900,4,42.58,170.32,CRT02618,PRD0095
TRX006901,1,301.82,301.82,CRT01709,PRD0054
TRX006902,1,104.38,104.38,CRT01348,PRD0011
TRX006903,9,318.04,2862.36,CRT00648,PRD0146
TRX006904,1,207.27,207.27,CRT00262,PRD0006
TRX006905,6,194.99,1169.94,CRT01897,PRD0043
TRX006906,9,223.09,2007.81,CRT02791,PRD0199
TRX006907,9,15.96,143.64,CRT02258,PRD0090
TRX006908,10,68.6,686.0,CRT00507,PRD0052
TRX006909,10,146.67,1466.6999999999998,CRT00322,PRD0126
TRX006910,1,85.64,85.64,CRT02495,PRD0123
TRX006911,6,311.57,1869.42,CRT01410,PRD0194
TRX006912,9,15.96,143.64,CRT00483,PRD0090
TRX006913,1,301.87,301.87,CRT00932,PRD0121
TRX006914,9,234.97,2114.73,CRT00570,PRD0046
TRX006915,2,224.09,448.18,CRT02112,PRD0122
TRX006916,5,55.45,277.25,CRT01672,PRD0142
TRX006917,1,98.65,98.65,CRT01793,PRD0079
TRX006918,4,311.57,1246.28,CRT00261,PRD0194
TRX006919,4,85.64,342.56,CRT00187,PRD0123
TRX006920,5,115.19,575.95,CRT02475,PRD0018
TRX006921,1,242.9,242.9,CRT03485,PRD0164
TRX006922,6,151.12,906.72,CRT03094,PRD0081
TRX006923,1,111.48,111.48,CRT02524,PRD0061
TRX006924,9,260.19,2341.71,CRT01283,PRD0001
TRX006925,2,172.26,344.52,CRT03207,PRD0078
TRX006926,1,301.22,301.22,CRT00369,PRD0045
TRX006927,6,197.06,1182.36,CRT01938,PRD0086
TRX006928,7,195.42,1367.9399999999998,CRT02384,PRD0162
TRX006929,4,76.57,306.28,CRT01305,PRD0071
TRX006930,6,80.62,483.72,CRT02918,PRD0189
TRX006931,9,13.28,119.52,CRT00159,PRD0141
TRX006932,7,344.42,2410.94,CRT01523,PRD0112
TRX006933,10,218.35,2183.5,CRT01771,PRD0070
TRX006934,10,13.84,138.4,CRT00011,PRD0186
TRX006935,1,342.98,342.98,CRT02023,PRD0080
TRX006936,3,115.19,345.57,CRT00443,PRD0018
TRX006937,2,260.65,521.3,CRT03044,PRD0168
TRX006938,4,134.36,537.44,CRT01740,PRD0017
TRX006939,2,144.4,288.8,CRT00001,PRD0200
TRX006940,2,301.87,603.74,CRT02011,PRD0121
TRX006941,7,4.55,31.85,CRT03284,PRD0129
TRX006942,7,339.13,2373.91,CRT00175,PRD0060
TRX006943,10,12.47,124.7,CRT02213,PRD0158
TRX006944,5,115.14,575.7,CRT00769,PRD0034
TRX006945,7,234.97,1644.79,CRT02465,PRD0046
TRX006946,1,119.47,119.47,CRT01198,PRD0008
TRX006947,3,241.37,724.11,CRT00963,PRD0187
TRX006948,2,228.33,456.66,CRT00185,PRD0005
TRX006949,3,59.71,179.13,CRT00601,PRD0057
TRX006950,5,252.15,1260.75,CRT02896,PRD0059
TRX006951,7,200.26,1401.82,CRT00975,PRD0105
TRX006952,8,302.86,2422.88,CRT03026,PRD0093
TRX006953,7,111.48,780.36,CRT03472,PRD0061
TRX006954,5,310.43,1552.15,CRT01761,PRD0113
TRX006955,3,289.44,868.3199999999999,CRT03219,PRD0155
TRX006956,9,9.29,83.60999999999999,CRT02139,PRD0128
TRX006957,2,242.9,485.8,CRT03106,PRD0164
TRX006958,3,332.64,997.92,CRT03100,PRD0119
TRX006959,6,233.03,1398.18,CRT00980,PRD0102
TRX006960,10,46.73,467.3,CRT00205,PRD0104
TRX006961,9,179.52,1615.68,CRT01700,PRD0094
TRX006962,4,217.4,869.6,CRT02282,PRD0180
TRX006963,7,164.79,1153.53,CRT03194,PRD0050
TRX006964,3,195.42,586.26,CRT01809,PRD0162
TRX006965,1,207.27,207.27,CRT00564,PRD0006
TRX006966,8,104.38,835.04,CRT00917,PRD0011
TRX006967,5,196.43,982.15,CRT01585,PRD0179
TRX006968,10,246.16,2461.6,CRT00316,PRD0160
TRX006969,9,260.19,2341.71,CRT03478,PRD0001
TRX006970,9,125.96,1133.64,CRT00254,PRD0015
TRX006971,5,136.36,681.8000000000001,CRT03296,PRD0098
TRX006972,10,241.82,2418.2,CRT01898,PRD0192
TRX006973,6,330.57,1983.42,CRT03260,PRD0173
TRX006974,10,212.13,2121.3,CRT02704,PRD0131
TRX006975,2,30.34,60.68,CRT00022,PRD0063
TRX006976,3,200.1,600.3,CRT00231,PRD0182
TRX006977,7,291.12,2037.84,CRT02753,PRD0120
TRX006978,1,195.42,195.42,CRT03301,PRD0162
TRX006979,10,242.9,2429.0,CRT02246,PRD0164
TRX006980,3,241.37,724.11,CRT02636,PRD0187
TRX006981,1,57.82,57.82,CRT00207,PRD0089
TRX006982,4,175.98,703.92,CRT00407,PRD0021
TRX006983,4,241.37,965.48,CRT01302,PRD0187
TRX006984,2,125.96,251.92,CRT00004,PRD0015
TRX006985,5,51.02,255.1,CRT00624,PRD0022
TRX006986,7,13.28,92.96,CRT01624,PRD0141
TRX006987,6,239.52,1437.12,CRT02826,PRD0085
TRX006988,7,104.38,730.66,CRT03434,PRD0011
TRX006989,6,119.47,716.8199999999999,CRT02300,PRD0008
TRX006990,8,96.92,775.36,CRT01103,PRD0124
TRX006991,2,344.9,689.8,CRT01496,PRD0035
TRX006992,7,13.65,95.55,CRT02617,PRD0019
TRX006993,7,275.33,1927.31,CRT00153,PRD0058
TRX006994,6,115.19,691.14,CRT01270,PRD0018
TRX006995,8,11.49,91.92,CRT03315,PRD0195
TRX006996,9,308.05,2772.4500000000003,CRT03018,PRD0072
TRX006997,2,100.84,201.68,CRT01543,PRD0170
TRX006998,4,239.52,958.08,CRT02873,PRD0085
TRX006999,1,143.73,143.73,CRT00477,PRD0056
TRX007000,5,327.59,1637.9499999999998,CRT00154,PRD0047
TRX007001,10,343.3,3433.0,CRT01619,PRD0134
TRX007002,10,46.73,467.3,CRT02834,PRD0104
TRX007003,6,238.5,1431.0,CRT02078,PRD0133
TRX007004,1,208.25,208.25,CRT02382,PRD0147
TRX007005,5,267.68,1338.4,CRT00017,PRD0197
TRX007006,4,13.84,55.36,CRT01694,PRD0186
TRX007007,9,38.5,346.5,CRT03172,PRD0075
TRX007008,10,267.47,2674.7000000000003,CRT02905,PRD0033
TRX007009,7,141.38,989.66,CRT02288,PRD0114
TRX007010,5,51.02,255.1,CRT03071,PRD0022
TRX007011,2,87.81,175.62,CRT02010,PRD0156
TRX007012,7,207.27,1450.89,CRT01093,PRD0006
TRX007013,5,194.99,974.95,CRT02490,PRD0043
TRX007014,6,327.59,1965.54,CRT02447,PRD0047
TRX007015,1,36.18,36.18,CRT00795,PRD0049
TRX007016,9,260.19,2341.71,CRT02261,PRD0001
TRX007017,7,281.86,1973.02,CRT02792,PRD0188
TRX007018,3,69.32,207.96,CRT01827,PRD0012
TRX007019,10,96.92,969.2,CRT01447,PRD0124
TRX007020,6,246.16,1476.96,CRT01944,PRD0160
TRX007021,4,196.2,784.8,CRT00747,PRD0117
TRX007022,3,75.69,227.07,CRT03002,PRD0077
TRX007023,3,151.12,453.36,CRT01207,PRD0081
TRX007024,4,218.35,873.4,CRT02084,PRD0070
TRX007025,1,213.05,213.05,CRT00977,PRD0144
TRX007026,8,213.05,1704.4,CRT01653,PRD0144
TRX007027,3,241.82,725.46,CRT00405,PRD0192
TRX007028,5,85.64,428.2,CRT02928,PRD0123
TRX007029,9,312.35,2811.15,CRT00309,PRD0130
TRX007030,8,10.72,85.76,CRT02186,PRD0092
TRX007031,7,175.98,1231.86,CRT02524,PRD0021
TRX007032,5,321.66,1608.3000000000002,CRT03240,PRD0091
TRX007033,2,190.14,380.28,CRT03421,PRD0193
TRX007034,3,6.76,20.28,CRT00708,PRD0174
TRX007035,7,63.71,445.97,CRT01088,PRD0153
TRX007036,2,30.96,61.92,CRT01885,PRD0139
TRX007037,4,267.28,1069.12,CRT00747,PRD0031
TRX007038,10,233.03,2330.3,CRT02697,PRD0102
TRX007039,6,213.05,1278.3000000000002,CRT02708,PRD0144
TRX007040,6,267.28,1603.6799999999998,CRT00125,PRD0031
TRX007041,8,85.85,686.8,CRT01164,PRD0184
TRX007042,5,125.8,629.0,CRT00539,PRD0159
TRX007043,6,278.04,1668.2400000000002,CRT02712,PRD0163
TRX007044,9,194.83,1753.47,CRT02324,PRD0165
TRX007045,7,100.84,705.88,CRT01412,PRD0170
TRX007046,2,260.49,520.98,CRT02397,PRD0076
TRX007047,9,148.18,1333.62,CRT00241,PRD0066
TRX007048,1,238.5,238.5,CRT03124,PRD0133
TRX007049,6,260.65,1563.9,CRT00747,PRD0168
TRX007050,9,267.28,2405.5199999999995,CRT03086,PRD0031
TRX007051,4,15.79,63.16,CRT02768,PRD0096
TRX007052,10,278.04,2780.4,CRT01260,PRD0163
TRX007053,4,282.78,1131.12,CRT00897,PRD0111
TRX007054,5,238.5,1192.5,CRT02674,PRD0133
TRX007055,1,99.29,99.29,CRT02884,PRD0053
TRX007056,9,223.15,2008.35,CRT01181,PRD0016
TRX007057,4,13.84,55.36,CRT03215,PRD0186
TRX007058,6,36.18,217.08,CRT01473,PRD0049
TRX007059,5,281.93,1409.65,CRT00212,PRD0116
TRX007060,5,125.8,629.0,CRT03018,PRD0159
TRX007061,3,196.43,589.29,CRT03427,PRD0179
TRX007062,8,275.78,2206.24,CRT01524,PRD0097
TRX007063,9,224.09,2016.81,CRT02609,PRD0122
TRX007064,9,57.82,520.38,CRT01568,PRD0089
TRX007065,6,149.36,896.1600000000001,CRT02060,PRD0007
TRX007066,10,38.12,381.2,CRT00767,PRD0002
TRX007067,9,292.23,2630.07,CRT02513,PRD0073
TRX007068,9,4.55,40.95,CRT00880,PRD0129
TRX007069,2,15.79,31.58,CRT01049,PRD0096
TRX007070,10,234.97,2349.7,CRT01897,PRD0046
TRX007071,3,237.14,711.42,CRT00684,PRD0064
TRX007072,1,224.09,224.09,CRT01063,PRD0122
TRX007073,7,78.71,550.9699999999999,CRT00620,PRD0024
TRX007074,10,213.05,2130.5,CRT02801,PRD0144
TRX007075,7,172.26,1205.82,CRT01340,PRD0078
TRX007076,6,140.04,840.24,CRT03435,PRD0068
TRX007077,7,98.65,690.5500000000001,CRT03178,PRD0079
TRX007078,10,278.04,2780.4,CRT03392,PRD0163
TRX007079,4,344.42,1377.68,CRT01043,PRD0112
TRX007080,3,231.76,695.28,CRT03203,PRD0038
TRX007081,6,288.19,1729.14,CRT01891,PRD0176
TRX007082,10,121.08,1210.8,CRT01158,PRD0151
TRX007083,7,98.65,690.5500000000001,CRT00186,PRD0079
TRX007084,3,151.12,453.36,CRT02858,PRD0081
TRX007085,8,242.9,1943.2,CRT03245,PRD0164
TRX007086,7,166.93,1168.51,CRT02467,PRD0108
TRX007087,3,291.12,873.36,CRT01378,PRD0120
TRX007088,3,178.11,534.33,CRT01572,PRD0004
TRX007089,4,281.86,1127.44,CRT01175,PRD0188
TRX007090,7,238.5,1669.5,CRT00281,PRD0133
TRX007091,9,146.67,1320.03,CRT03364,PRD0126
TRX007092,4,148.18,592.72,CRT00559,PRD0066
TRX007093,2,136.36,272.72,CRT01976,PRD0098
TRX007094,3,100.84,302.52,CRT02553,PRD0170
TRX007095,8,327.59,2620.72,CRT00035,PRD0047
TRX007096,6,213.05,1278.3000000000002,CRT00120,PRD0144
TRX007097,4,142.41,569.64,CRT03280,PRD0051
TRX007098,5,209.57,1047.85,CRT03159,PRD0027
TRX007099,2,80.42,160.84,CRT01136,PRD0140
TRX007100,9,267.68,2409.12,CRT00149,PRD0197
TRX007101,4,40.06,160.24,CRT02202,PRD0145
TRX007102,10,156.17,1561.6999999999998,CRT01084,PRD0198
TRX007103,10,342.98,3429.8,CRT00097,PRD0080
TRX007104,6,151.36,908.16,CRT03466,PRD0150
TRX007105,6,190.14,1140.84,CRT00357,PRD0193
TRX007106,8,292.23,2337.84,CRT00818,PRD0073
TRX007107,9,238.97,2150.73,CRT03329,PRD0026
TRX007108,1,82.61,82.61,CRT03489,PRD0167
TRX007109,3,312.35,937.05,CRT01620,PRD0130
TRX007110,3,148.18,444.54,CRT01777,PRD0066
TRX007111,9,54.91,494.19,CRT01358,PRD0125
TRX007112,1,344.9,344.9,CRT02104,PRD0035
TRX007113,2,267.68,535.36,CRT02404,PRD0197
TRX007114,8,38.12,304.96,CRT00499,PRD0002
TRX007115,8,343.3,2746.4,CRT02820,PRD0134
TRX007116,2,263.29,526.58,CRT02465,PRD0157
TRX007117,1,246.16,246.16,CRT01559,PRD0160
TRX007118,7,262.09,1834.63,CRT01362,PRD0023
TRX007119,3,289.44,868.3199999999999,CRT02404,PRD0155
TRX007120,10,69.32,693.1999999999999,CRT00621,PRD0012
TRX007121,5,242.9,1214.5,CRT02219,PRD0164
TRX007122,6,239.52,1437.12,CRT01422,PRD0085
TRX007123,1,129.22,129.22,CRT02174,PRD0084
TRX007124,3,100.84,302.52,CRT03218,PRD0170
TRX007125,7,10.72,75.04,CRT01103,PRD0092
TRX007126,10,310.43,3104.3,CRT03220,PRD0113
TRX007127,5,12.47,62.35,CRT00939,PRD0158
TRX007128,5,311.57,1557.85,CRT03292,PRD0194
TRX007129,8,151.36,1210.88,CRT02390,PRD0150
TRX007130,4,146.67,586.68,CRT03494,PRD0126
TRX007131,6,134.36,806.1600000000001,CRT03126,PRD0017
TRX007132,4,23.22,92.88,CRT02335,PRD0190
TRX007133,5,97.82,489.1,CRT00638,PRD0172
TRX007134,2,260.19,520.38,CRT03154,PRD0001
TRX007135,5,198.63,993.15,CRT02748,PRD0135
TRX007136,4,344.42,1377.68,CRT03151,PRD0112
TRX007137,10,301.62,3016.2,CRT01251,PRD0028
TRX007138,2,63.71,127.42,CRT03367,PRD0153
TRX007139,1,114.48,114.48,CRT00038,PRD0107
TRX007140,4,111.48,445.92,CRT03010,PRD0061
TRX007141,3,11.49,34.47,CRT02659,PRD0195
TRX007142,4,82.61,330.44,CRT02449,PRD0167
TRX007143,2,54.91,109.82,CRT00178,PRD0125
TRX007144,9,63.71,573.39,CRT01119,PRD0153
TRX007145,7,308.17,2157.19,CRT01181,PRD0138
TRX007146,7,198.09,1386.63,CRT03020,PRD0178
TRX007147,8,55.45,443.6,CRT03257,PRD0142
TRX007148,10,310.43,3104.3,CRT03173,PRD0113
TRX007149,1,151.12,151.12,CRT01215,PRD0081
TRX007150,7,238.97,1672.79,CRT02793,PRD0026
TRX007151,7,198.63,1390.41,CRT02403,PRD0135
TRX007152,8,248.47,1987.76,CRT02059,PRD0044
TRX007153,5,103.06,515.3,CRT01541,PRD0013
TRX007154,8,343.3,2746.4,CRT03118,PRD0134
TRX007155,8,102.2,817.6,CRT01190,PRD0106
TRX007156,3,248.8,746.4000000000001,CRT01534,PRD0099
TRX007157,1,198.09,198.09,CRT00154,PRD0178
TRX007158,2,349.85,699.7,CRT02922,PRD0196
TRX007159,2,23.22,46.44,CRT00350,PRD0190
TRX007160,1,164.79,164.79,CRT01551,PRD0050
TRX007161,5,223.09,1115.45,CRT00670,PRD0199
TRX007162,1,97.82,97.82,CRT00452,PRD0172
TRX007163,9,281.86,2536.74,CRT02083,PRD0188
TRX007164,4,311.57,1246.28,CRT00174,PRD0194
TRX007165,9,40.06,360.54,CRT01239,PRD0145
TRX007166,5,125.96,629.8,CRT02602,PRD0015
TRX007167,4,301.62,1206.48,CRT02360,PRD0028
TRX007168,8,156.17,1249.36,CRT02254,PRD0198
TRX007169,9,289.44,2604.96,CRT03198,PRD0155
TRX007170,3,114.48,343.44,CRT02333,PRD0107
TRX007171,7,301.62,2111.34,CRT02903,PRD0028
TRX007172,1,301.62,301.62,CRT00169,PRD0028
TRX007173,2,194.5,389.0,CRT03439,PRD0083
TRX007174,9,121.08,1089.72,CRT01008,PRD0151
TRX007175,8,102.2,817.6,CRT02372,PRD0106
TRX007176,8,267.68,2141.44,CRT00757,PRD0197
TRX007177,8,194.83,1558.64,CRT01065,PRD0165
TRX007178,10,265.13,2651.3,CRT02525,PRD0025
TRX007179,6,75.69,454.14,CRT00712,PRD0077
TRX007180,4,9.29,37.16,CRT03141,PRD0128
TRX007181,4,146.67,586.68,CRT00415,PRD0126
TRX007182,5,213.05,1065.25,CRT00972,PRD0144
TRX007183,3,124.75,374.25,CRT00442,PRD0166
TRX007184,3,224.53,673.59,CRT00111,PRD0032
TRX007185,6,194.5,1167.0,CRT00751,PRD0083
TRX007186,4,63.71,254.84,CRT00160,PRD0153
TRX007187,10,30.96,309.6,CRT02141,PRD0139
TRX007188,4,64.83,259.32,CRT03404,PRD0088
TRX007189,10,275.16,2751.6000000000004,CRT00995,PRD0048
TRX007190,3,233.03,699.09,CRT00253,PRD0102
TRX007191,3,237.14,711.42,CRT01050,PRD0064
TRX007192,5,146.67,733.3499999999999,CRT02148,PRD0126
TRX007193,3,332.64,997.92,CRT00329,PRD0119
TRX007194,6,194.5,1167.0,CRT00775,PRD0083
TRX007195,8,302.86,2422.88,CRT02289,PRD0093
TRX007196,8,349.75,2798.0,CRT03082,PRD0055
TRX007197,8,260.65,2085.2,CRT02159,PRD0168
TRX007198,3,153.58,460.74,CRT00610,PRD0030
TRX007199,8,263.29,2106.32,CRT01910,PRD0157
TRX007200,8,343.3,2746.4,CRT01212,PRD0134
TRX007201,5,331.85,1659.25,CRT02626,PRD0143
TRX007202,6,208.25,1249.5,CRT03183,PRD0147
TRX007203,8,153.95,1231.6,CRT02402,PRD0132
TRX007204,6,349.85,2099.1000000000004,CRT01192,PRD0196
TRX007205,1,301.62,301.62,CRT00160,PRD0028
TRX007206,3,217.4,652.2,CRT01358,PRD0180
TRX007207,2,153.58,307.16,CRT00117,PRD0030
TRX007208,9,198.09,1782.81,CRT01427,PRD0178
TRX007209,9,195.42,1758.78,CRT01705,PRD0162
TRX007210,6,195.42,1172.52,CRT03292,PRD0162
TRX007211,3,74.71,224.13,CRT00046,PRD0183
TRX007212,2,344.9,689.8,CRT00068,PRD0035
TRX007213,2,198.09,396.18,CRT02000,PRD0178
TRX007214,5,36.18,180.9,CRT03301,PRD0049
TRX007215,9,196.2,1765.8,CRT03181,PRD0117
TRX007216,5,224.09,1120.45,CRT01917,PRD0122
TRX007217,7,54.91,384.37,CRT00258,PRD0125
TRX007218,1,88.06,88.06,CRT01355,PRD0065
TRX007219,4,330.57,1322.28,CRT01538,PRD0173
TRX007220,7,281.86,1973.02,CRT00920,PRD0188
TRX007221,4,30.34,121.36,CRT02725,PRD0063
TRX007222,9,200.1,1800.9,CRT03135,PRD0182
TRX007223,4,194.5,778.0,CRT03487,PRD0083
TRX007224,10,68.6,686.0,CRT01754,PRD0052
TRX007225,7,111.48,780.36,CRT02431,PRD0061
TRX007226,9,200.26,1802.34,CRT00439,PRD0105
TRX007227,8,63.71,509.68,CRT03115,PRD0153
TRX007228,9,164.79,1483.11,CRT00763,PRD0050
TRX007229,9,144.46,1300.14,CRT00679,PRD0185
TRX007230,5,146.67,733.3499999999999,CRT02969,PRD0126
TRX007231,3,283.35,850.0500000000001,CRT01074,PRD0154
TRX007232,1,318.04,318.04,CRT02447,PRD0146
TRX007233,5,64.83,324.15,CRT03453,PRD0088
TRX007234,8,262.09,2096.72,CRT03017,PRD0023
TRX007235,6,11.49,68.94,CRT00072,PRD0195
TRX007236,10,78.71,787.0999999999999,CRT01375,PRD0024
TRX007237,9,321.99,2897.91,CRT01605,PRD0062
TRX007238,4,11.49,45.96,CRT02656,PRD0195
TRX007239,6,301.22,1807.32,CRT02963,PRD0045
TRX007240,9,197.06,1773.54,CRT01170,PRD0086
TRX007241,10,228.33,2283.3,CRT00029,PRD0005
TRX007242,5,55.45,277.25,CRT00563,PRD0142
TRX007243,8,228.33,1826.64,CRT01218,PRD0005
TRX007244,8,310.43,2483.44,CRT00039,PRD0113
TRX007245,1,15.79,15.79,CRT01727,PRD0096
TRX007246,7,259.17,1814.19,CRT03449,PRD0169
TRX007247,10,237.14,2371.4,CRT01096,PRD0064
TRX007248,4,218.35,873.4,CRT00456,PRD0070
TRX007249,10,198.63,1986.3,CRT01370,PRD0135
TRX007250,3,263.29,789.8700000000001,CRT01001,PRD0157
TRX007251,9,69.32,623.8799999999999,CRT01608,PRD0012
TRX007252,6,4.55,27.3,CRT00892,PRD0129
TRX007253,4,172.26,689.04,CRT02038,PRD0078
TRX007254,3,198.09,594.27,CRT02198,PRD0178
TRX007255,1,87.81,87.81,CRT02316,PRD0156
TRX007256,3,114.48,343.44,CRT02005,PRD0107
TRX007257,6,13.84,83.03999999999999,CRT02727,PRD0186
TRX007258,5,104.38,521.9,CRT00766,PRD0011
TRX007259,7,144.46,1011.22,CRT00775,PRD0185
TRX007260,2,281.93,563.86,CRT01159,PRD0116
TRX007261,7,308.17,2157.19,CRT00334,PRD0138
TRX007262,8,178.11,1424.88,CRT00054,PRD0004
TRX007263,10,318.04,3180.4,CRT02757,PRD0146
TRX007264,5,288.92,1444.6,CRT02000,PRD0191
TRX007265,7,288.92,2022.44,CRT02252,PRD0191
TRX007266,8,179.52,1436.16,CRT03124,PRD0094
TRX007267,8,78.71,629.68,CRT02937,PRD0024
TRX007268,9,86.2,775.8000000000001,CRT00163,PRD0036
TRX007269,2,40.06,80.12,CRT00855,PRD0145
TRX007270,9,342.98,3086.82,CRT02231,PRD0080
TRX007271,10,40.06,400.6,CRT03357,PRD0145
TRX007272,9,248.47,2236.23,CRT01946,PRD0044
TRX007273,7,305.67,2139.69,CRT01450,PRD0039
TRX007274,4,233.03,932.12,CRT00887,PRD0102
TRX007275,7,125.96,881.7199999999999,CRT00049,PRD0015
TRX007276,2,246.16,492.32,CRT03103,PRD0160
TRX007277,4,86.2,344.8,CRT00409,PRD0036
TRX007278,10,237.14,2371.4,CRT01345,PRD0064
TRX007279,6,153.95,923.7,CRT01555,PRD0132
TRX007280,10,163.96,1639.6,CRT02782,PRD0118
TRX007281,5,288.92,1444.6,CRT02157,PRD0191
TRX007282,6,179.52,1077.12,CRT00023,PRD0094
TRX007283,10,234.97,2349.7,CRT03138,PRD0046
TRX007284,3,10.72,32.160000000000004,CRT01171,PRD0092
TRX007285,2,85.85,171.7,CRT03414,PRD0184
TRX007286,2,301.5,603.0,CRT03193,PRD0115
TRX007287,9,301.87,2716.83,CRT01170,PRD0121
TRX007288,6,308.05,1848.3,CRT03068,PRD0072
TRX007289,8,136.36,1090.88,CRT01970,PRD0098
TRX007290,3,281.93,845.79,CRT02765,PRD0116
TRX007291,4,63.71,254.84,CRT01901,PRD0153
TRX007292,6,99.1,594.5999999999999,CRT01132,PRD0014
TRX007293,1,190.14,190.14,CRT01980,PRD0193
TRX007294,2,242.9,485.8,CRT00652,PRD0164
TRX007295,10,142.41,1424.1,CRT00599,PRD0051
TRX007296,5,321.66,1608.3000000000002,CRT02580,PRD0091
TRX007297,8,116.26,930.08,CRT02699,PRD0137
TRX007298,4,125.96,503.84,CRT01091,PRD0015
TRX007299,8,15.79,126.32,CRT01384,PRD0096
TRX007300,8,248.47,1987.76,CRT00809,PRD0044
TRX007301,10,98.65,986.5,CRT02952,PRD0079
TRX007302,7,144.46,1011.22,CRT01467,PRD0185
TRX007303,3,149.12,447.36,CRT02815,PRD0003
TRX007304,7,331.85,2322.9500000000003,CRT00628,PRD0143
TRX007305,4,197.06,788.24,CRT00030,PRD0086
TRX007306,9,190.14,1711.2599999999998,CRT02430,PRD0193
TRX007307,10,98.65,986.5,CRT01602,PRD0079
TRX007308,7,212.13,1484.91,CRT01239,PRD0131
TRX007309,6,330.57,1983.42,CRT00653,PRD0173
TRX007310,5,175.98,879.9,CRT00896,PRD0021
TRX007311,10,267.47,2674.7000000000003,CRT03442,PRD0033
TRX007312,10,23.22,232.2,CRT03115,PRD0190
TRX007313,8,252.15,2017.2,CRT02433,PRD0059
TRX007314,8,127.91,1023.28,CRT00442,PRD0171
TRX007315,10,88.65,886.5,CRT03176,PRD0042
TRX007316,2,149.36,298.72,CRT00401,PRD0007
TRX007317,8,149.12,1192.96,CRT02805,PRD0003
TRX007318,9,297.0,2673.0,CRT02947,PRD0009
TRX007319,3,342.98,1028.94,CRT00790,PRD0080
TRX007320,3,164.79,494.37,CRT02632,PRD0050
TRX007321,1,344.39,344.39,CRT00022,PRD0149
TRX007322,1,233.03,233.03,CRT00662,PRD0102
TRX007323,9,153.58,1382.22,CRT02452,PRD0030
TRX007324,2,190.14,380.28,CRT00589,PRD0193
TRX007325,1,146.67,146.67,CRT02265,PRD0126
TRX007326,1,223.09,223.09,CRT02128,PRD0199
TRX007327,2,344.42,688.84,CRT02311,PRD0112
TRX007328,5,234.25,1171.25,CRT00237,PRD0103
TRX007329,3,301.22,903.66,CRT03175,PRD0045
TRX007330,9,200.1,1800.9,CRT01836,PRD0182
TRX007331,7,330.57,2313.99,CRT00436,PRD0173
TRX007332,7,246.16,1723.12,CRT02005,PRD0160
TRX007333,10,119.47,1194.7,CRT01711,PRD0008
TRX007334,1,42.58,42.58,CRT00015,PRD0095
TRX007335,7,213.05,1491.35,CRT01282,PRD0144
TRX007336,3,200.26,600.78,CRT00331,PRD0105
TRX007337,6,134.36,806.1600000000001,CRT00373,PRD0017
TRX007338,2,9.29,18.58,CRT00393,PRD0128
TRX007339,6,234.97,1409.82,CRT01528,PRD0046
TRX007340,8,197.06,1576.48,CRT01875,PRD0086
TRX007341,6,76.57,459.42,CRT01164,PRD0071
TRX007342,10,85.85,858.5,CRT01928,PRD0184
TRX007343,6,181.62,1089.72,CRT02557,PRD0109
TRX007344,2,153.58,307.16,CRT03083,PRD0030
TRX007345,5,260.19,1300.95,CRT01992,PRD0001
TRX007346,10,209.57,2095.7,CRT01624,PRD0027
TRX007347,1,103.06,103.06,CRT03405,PRD0013
TRX007348,10,15.96,159.60000000000002,CRT00587,PRD0090
TRX007349,7,228.33,1598.3100000000002,CRT02418,PRD0005
TRX007350,8,252.15,2017.2,CRT01337,PRD0059
TRX007351,2,181.62,363.24,CRT01809,PRD0109
TRX007352,1,142.41,142.41,CRT02481,PRD0051
TRX007353,9,198.63,1787.67,CRT02627,PRD0135
TRX007354,1,64.83,64.83,CRT02706,PRD0088
TRX007355,1,213.05,213.05,CRT03211,PRD0144
TRX007356,5,248.8,1244.0,CRT01676,PRD0099
TRX007357,6,80.42,482.52,CRT02680,PRD0140
TRX007358,9,63.71,573.39,CRT02448,PRD0153
TRX007359,8,88.65,709.2,CRT03004,PRD0042
TRX007360,3,342.98,1028.94,CRT00236,PRD0080
TRX007361,5,99.1,495.5,CRT03427,PRD0014
TRX007362,3,54.91,164.73,CRT02131,PRD0125
TRX007363,3,208.25,624.75,CRT00542,PRD0147
TRX007364,8,76.57,612.56,CRT03181,PRD0071
TRX007365,5,13.65,68.25,CRT01679,PRD0019
TRX007366,10,55.45,554.5,CRT00604,PRD0142
TRX007367,7,178.11,1246.77,CRT01782,PRD0004
TRX007368,7,292.23,2045.61,CRT01161,PRD0073
TRX007369,6,134.36,806.1600000000001,CRT03088,PRD0017
TRX007370,3,234.25,702.75,CRT03032,PRD0103
TRX007371,10,96.92,969.2,CRT02301,PRD0124
TRX007372,5,308.17,1540.85,CRT03485,PRD0138
TRX007373,9,283.35,2550.15,CRT00484,PRD0154
TRX007374,4,331.85,1327.4,CRT02529,PRD0143
TRX007375,1,238.97,238.97,CRT01669,PRD0026
TRX007376,6,288.19,1729.14,CRT00005,PRD0176
TRX007377,2,88.65,177.3,CRT00622,PRD0042
TRX007378,8,162.15,1297.2,CRT00749,PRD0010
TRX007379,2,88.65,177.3,CRT01031,PRD0042
TRX007380,10,149.12,1491.2,CRT00447,PRD0003
TRX007381,8,321.66,2573.28,CRT03244,PRD0091
TRX007382,3,238.97,716.91,CRT03428,PRD0026
TRX007383,6,88.06,528.36,CRT00474,PRD0065
TRX007384,2,267.28,534.56,CRT03310,PRD0031
TRX007385,3,212.13,636.39,CRT00208,PRD0131
TRX007386,4,327.59,1310.36,CRT00311,PRD0047
TRX007387,5,55.45,277.25,CRT00976,PRD0142
TRX007388,4,305.67,1222.68,CRT03456,PRD0039
TRX007389,4,349.75,1399.0,CRT02292,PRD0055
TRX007390,6,95.22,571.3199999999999,CRT02559,PRD0029
TRX007391,4,242.9,971.6,CRT03236,PRD0164
TRX007392,7,349.75,2448.25,CRT03011,PRD0055
TRX007393,8,144.4,1155.2,CRT02618,PRD0200
TRX007394,6,327.31,1963.86,CRT00232,PRD0067
TRX007395,8,228.33,1826.64,CRT03409,PRD0041
TRX007396,8,262.09,2096.72,CRT03348,PRD0023
TRX007397,8,302.95,2423.6,CRT02021,PRD0087
TRX007398,8,301.5,2412.0,CRT02487,PRD0115
TRX007399,4,100.84,403.36,CRT02454,PRD0170
TRX007400,5,310.43,1552.15,CRT02356,PRD0113
TRX007401,3,330.57,991.71,CRT02576,PRD0173
TRX007402,7,262.09,1834.63,CRT02572,PRD0023
TRX007403,6,129.22,775.3199999999999,CRT00447,PRD0084
TRX007404,9,342.98,3086.82,CRT02220,PRD0080
TRX007405,8,265.13,2121.04,CRT03426,PRD0025
TRX007406,6,259.17,1555.02,CRT00970,PRD0169
TRX007407,1,263.29,263.29,CRT02501,PRD0157
TRX007408,4,85.64,342.56,CRT00523,PRD0123
TRX007409,2,260.65,521.3,CRT02984,PRD0168
TRX007410,1,42.58,42.58,CRT00458,PRD0095
TRX007411,5,303.73,1518.65,CRT01537,PRD0136
TRX007412,10,38.12,381.2,CRT01258,PRD0002
TRX007413,8,88.65,709.2,CRT03257,PRD0042
TRX007414,10,260.19,2601.9,CRT02435,PRD0001
TRX007415,2,38.5,77.0,CRT00362,PRD0075
TRX007416,5,200.1,1000.5,CRT01306,PRD0182
TRX007417,1,103.06,103.06,CRT00679,PRD0013
TRX007418,8,178.11,1424.88,CRT03145,PRD0004
TRX007419,8,75.82,606.56,CRT02658,PRD0020
TRX007420,2,98.65,197.3,CRT01762,PRD0079
TRX007421,3,196.2,588.5999999999999,CRT01463,PRD0117
TRX007422,9,260.19,2341.71,CRT03103,PRD0001
TRX007423,1,308.17,308.17,CRT01426,PRD0138
TRX007424,7,275.33,1927.31,CRT01386,PRD0058
TRX007425,2,12.47,24.94,CRT00011,PRD0158
TRX007426,10,327.31,3273.1,CRT03446,PRD0067
TRX007427,10,207.27,2072.7000000000003,CRT00202,PRD0006
TRX007428,1,148.18,148.18,CRT02504,PRD0066
TRX007429,8,153.95,1231.6,CRT02083,PRD0132
TRX007430,5,136.36,681.8000000000001,CRT03273,PRD0098
TRX007431,7,339.13,2373.91,CRT01540,PRD0060
TRX007432,7,196.2,1373.4,CRT01609,PRD0117
TRX007433,7,194.5,1361.5,CRT01393,PRD0083
TRX007434,10,30.96,309.6,CRT02046,PRD0139
TRX007435,8,46.73,373.84,CRT02139,PRD0104
TRX007436,5,163.96,819.8000000000001,CRT00785,PRD0118
TRX007437,8,339.13,2713.04,CRT02688,PRD0060
TRX007438,3,78.71,236.13,CRT02394,PRD0024
TRX007439,2,38.12,76.24,CRT02282,PRD0002
TRX007440,8,242.9,1943.2,CRT03468,PRD0164
TRX007441,2,212.13,424.26,CRT00314,PRD0131
TRX007442,3,190.14,570.42,CRT02390,PRD0193
TRX007443,5,316.62,1583.1,CRT02846,PRD0082
TRX007444,4,301.5,1206.0,CRT03424,PRD0115
TRX007445,6,55.45,332.70000000000005,CRT00260,PRD0142
TRX007446,7,75.82,530.74,CRT01045,PRD0020
TRX007447,7,213.05,1491.35,CRT03029,PRD0144
TRX007448,9,256.15,2305.35,CRT00144,PRD0040
TRX007449,4,148.18,592.72,CRT03308,PRD0066
TRX007450,1,267.47,267.47,CRT02038,PRD0033
TRX007451,4,327.31,1309.24,CRT03346,PRD0067
TRX007452,3,224.53,673.59,CRT00764,PRD0032
TRX007453,6,36.18,217.08,CRT03305,PRD0049
TRX007454,4,267.47,1069.88,CRT00103,PRD0033
TRX007455,7,238.5,1669.5,CRT00868,PRD0133
TRX007456,10,349.85,3498.5,CRT03379,PRD0196
TRX007457,6,281.86,1691.16,CRT01895,PRD0188
TRX007458,3,88.06,264.18,CRT00966,PRD0065
TRX007459,6,260.65,1563.9,CRT02171,PRD0168
TRX007460,6,305.67,1834.02,CRT01372,PRD0039
TRX007461,9,10.72,96.48,CRT00528,PRD0092
TRX007462,8,15.96,127.68,CRT00285,PRD0090
TRX007463,7,111.48,780.36,CRT03041,PRD0061
TRX007464,8,218.35,1746.8,CRT03287,PRD0070
TRX007465,4,349.75,1399.0,CRT01470,PRD0055
TRX007466,6,69.32,415.92,CRT00049,PRD0012
TRX007467,1,80.42,80.42,CRT00196,PRD0140
TRX007468,8,331.85,2654.8,CRT01421,PRD0143
TRX007469,9,252.5,2272.5,CRT03097,PRD0100
TRX007470,2,151.12,302.24,CRT03391,PRD0081
TRX007471,1,281.86,281.86,CRT01462,PRD0188
TRX007472,8,151.36,1210.88,CRT03394,PRD0150
TRX007473,3,303.73,911.19,CRT01377,PRD0136
TRX007474,9,291.12,2620.08,CRT03340,PRD0120
TRX007475,4,162.15,648.6,CRT03070,PRD0010
TRX007476,10,51.02,510.2000000000001,CRT00143,PRD0022
TRX007477,5,78.71,393.55,CRT00819,PRD0024
TRX007478,8,148.18,1185.44,CRT01380,PRD0066
TRX007479,7,224.53,1571.71,CRT00536,PRD0032
TRX007480,5,88.06,440.3,CRT01997,PRD0065
TRX007481,7,233.03,1631.21,CRT02815,PRD0102
TRX007482,2,64.83,129.66,CRT01268,PRD0088
TRX007483,3,171.38,514.14,CRT00212,PRD0037
TRX007484,7,15.96,111.72,CRT02035,PRD0090
TRX007485,2,181.62,363.24,CRT02726,PRD0109
TRX007486,5,166.93,834.6500000000001,CRT02742,PRD0108
TRX007487,10,151.12,1511.2,CRT01052,PRD0081
TRX007488,10,301.22,3012.2000000000003,CRT00127,PRD0045
TRX007489,4,267.68,1070.72,CRT03379,PRD0197
TRX007490,7,143.73,1006.11,CRT01371,PRD0056
TRX007491,4,163.96,655.84,CRT00688,PRD0118
TRX007492,2,311.57,623.14,CRT01072,PRD0194
TRX007493,10,178.11,1781.1,CRT02696,PRD0004
TRX007494,7,200.1,1400.7,CRT02511,PRD0182
TRX007495,3,308.05,924.15,CRT01987,PRD0072
TRX007496,8,318.21,2545.68,CRT01204,PRD0181
TRX007497,6,196.43,1178.58,CRT01059,PRD0179
TRX007498,7,233.03,1631.21,CRT02116,PRD0102
TRX007499,5,55.45,277.25,CRT00586,PRD0142
TRX007500,5,332.64,1663.1999999999998,CRT00665,PRD0119
TRX007501,4,78.71,314.84,CRT02963,PRD0024
TRX007502,10,181.62,1816.2,CRT01349,PRD0109
TRX007503,1,99.1,99.1,CRT01519,PRD0014
TRX007504,10,198.09,1980.9,CRT02920,PRD0178
TRX007505,6,259.17,1555.02,CRT00310,PRD0169
TRX007506,2,124.75,249.5,CRT03391,PRD0166
TRX007507,10,209.57,2095.7,CRT00896,PRD0027
TRX007508,6,224.09,1344.54,CRT02751,PRD0122
TRX007509,7,196.43,1375.01,CRT02330,PRD0179
TRX007510,7,229.76,1608.32,CRT03219,PRD0074
TRX007511,4,13.28,53.12,CRT02586,PRD0141
TRX007512,1,241.82,241.82,CRT03293,PRD0192
TRX007513,1,283.35,283.35,CRT01942,PRD0154
TRX007514,7,238.5,1669.5,CRT01122,PRD0133
TRX007515,4,292.23,1168.92,CRT02358,PRD0073
TRX007516,7,288.19,2017.33,CRT00355,PRD0176
TRX007517,3,162.15,486.4500000000001,CRT01802,PRD0010
TRX007518,2,270.94,541.88,CRT01797,PRD0148
TRX007519,1,76.57,76.57,CRT03102,PRD0071
TRX007520,6,316.62,1899.72,CRT00138,PRD0082
TRX007521,2,88.06,176.12,CRT02573,PRD0065
TRX007522,7,252.5,1767.5,CRT03323,PRD0100
TRX007523,5,224.09,1120.45,CRT02080,PRD0122
TRX007524,1,127.91,127.91,CRT02406,PRD0171
TRX007525,8,51.02,408.16,CRT00344,PRD0022
TRX007526,9,231.76,2085.84,CRT02180,PRD0038
TRX007527,8,15.96,127.68,CRT01427,PRD0090
TRX007528,1,332.64,332.64,CRT02239,PRD0119
TRX007529,5,286.9,1434.5,CRT02536,PRD0110
TRX007530,9,178.11,1602.9900000000002,CRT03177,PRD0004
TRX007531,2,321.99,643.98,CRT02490,PRD0062
TRX007532,2,327.31,654.62,CRT02304,PRD0067
TRX007533,4,194.5,778.0,CRT01999,PRD0083
TRX007534,6,95.22,571.3199999999999,CRT01331,PRD0029
TRX007535,4,120.9,483.6,CRT00773,PRD0175
TRX007536,8,148.18,1185.44,CRT01959,PRD0066
TRX007537,4,6.76,27.04,CRT02818,PRD0174
TRX007538,10,175.98,1759.8,CRT03106,PRD0021
TRX007539,7,144.4,1010.8,CRT02521,PRD0200
TRX007540,6,260.19,1561.14,CRT03369,PRD0001
TRX007541,3,141.38,424.14,CRT00987,PRD0114
TRX007542,8,196.43,1571.44,CRT01614,PRD0179
TRX007543,3,308.05,924.15,CRT03353,PRD0072
TRX007544,10,114.48,1144.8,CRT03112,PRD0107
TRX007545,6,302.86,1817.16,CRT02334,PRD0093
TRX007546,10,23.22,232.2,CRT01277,PRD0190
TRX007547,9,246.16,2215.44,CRT00826,PRD0160
TRX007548,7,51.02,357.14000000000004,CRT00860,PRD0022
TRX007549,8,218.35,1746.8,CRT03323,PRD0070
TRX007550,8,13.84,110.72,CRT03323,PRD0186
TRX007551,8,115.14,921.12,CRT00122,PRD0034
TRX007552,1,78.71,78.71,CRT02414,PRD0024
TRX007553,6,88.65,531.9000000000001,CRT00272,PRD0042
TRX007554,6,260.49,1562.94,CRT02473,PRD0076
TRX007555,5,200.26,1001.3,CRT01281,PRD0105
TRX007556,9,87.81,790.29,CRT02340,PRD0156
TRX007557,10,103.06,1030.6,CRT01749,PRD0013
TRX007558,10,85.85,858.5,CRT00098,PRD0184
TRX007559,1,256.15,256.15,CRT03431,PRD0040
TRX007560,8,10.72,85.76,CRT00935,PRD0092
TRX007561,2,116.26,232.52,CRT03023,PRD0137
TRX007562,3,125.96,377.88,CRT02725,PRD0015
TRX007563,10,198.63,1986.3,CRT01367,PRD0135
TRX007564,10,9.29,92.9,CRT02415,PRD0128
TRX007565,7,198.09,1386.63,CRT02363,PRD0178
TRX007566,10,163.96,1639.6,CRT01748,PRD0118
TRX007567,10,40.06,400.6,CRT02787,PRD0145
TRX007568,2,38.12,76.24,CRT01405,PRD0002
TRX007569,6,156.17,937.02,CRT02493,PRD0198
TRX007570,5,252.5,1262.5,CRT02522,PRD0100
TRX007571,9,98.65,887.85,CRT03467,PRD0079
TRX007572,3,51.02,153.06,CRT02527,PRD0022
TRX007573,8,78.71,629.68,CRT03300,PRD0024
TRX007574,1,164.79,164.79,CRT03207,PRD0050
TRX007575,1,260.65,260.65,CRT01175,PRD0168
TRX007576,3,301.87,905.61,CRT00698,PRD0121
TRX007577,10,9.29,92.9,CRT03385,PRD0128
TRX007578,4,281.93,1127.72,CRT01529,PRD0116
TRX007579,4,330.57,1322.28,CRT01976,PRD0173
TRX007580,2,332.64,665.28,CRT03469,PRD0119
TRX007581,4,179.52,718.08,CRT00948,PRD0094
TRX007582,3,24.14,72.42,CRT01354,PRD0127
TRX007583,7,13.84,96.88,CRT02549,PRD0186
TRX007584,9,80.42,723.78,CRT02720,PRD0140
TRX007585,10,281.86,2818.6000000000004,CRT01339,PRD0188
TRX007586,4,74.71,298.84,CRT02825,PRD0183
TRX007587,8,97.82,782.56,CRT01509,PRD0172
TRX007588,5,301.22,1506.1,CRT03171,PRD0045
TRX007589,7,200.26,1401.82,CRT00443,PRD0105
TRX007590,1,136.36,136.36,CRT00620,PRD0098
TRX007591,3,181.62,544.86,CRT01000,PRD0109
TRX007592,2,46.73,93.46,CRT00078,PRD0104
TRX007593,4,76.57,306.28,CRT02443,PRD0071
TRX007594,7,124.75,873.25,CRT00028,PRD0166
TRX007595,9,234.25,2108.25,CRT01163,PRD0103
TRX007596,9,208.25,1874.25,CRT02936,PRD0147
TRX007597,5,190.14,950.7,CRT02165,PRD0193
TRX007598,2,310.43,620.86,CRT03290,PRD0113
TRX007599,6,85.64,513.84,CRT01779,PRD0123
TRX007600,8,342.98,2743.84,CRT02852,PRD0080
TRX007601,8,212.13,1697.04,CRT00649,PRD0131
TRX007602,2,286.9,573.8,CRT01397,PRD0110
TRX007603,3,283.35,850.0500000000001,CRT00500,PRD0154
TRX007604,10,87.81,878.1,CRT02753,PRD0156
TRX007605,2,311.57,623.14,CRT01300,PRD0194
TRX007606,9,179.52,1615.68,CRT01335,PRD0094
TRX007607,5,80.42,402.1,CRT01058,PRD0140
TRX007608,3,104.38,313.14,CRT01564,PRD0011
TRX007609,6,200.1,1200.6,CRT00395,PRD0182
TRX007610,2,141.38,282.76,CRT03230,PRD0114
TRX007611,10,312.35,3123.5,CRT00048,PRD0130
TRX007612,6,42.58,255.48,CRT03046,PRD0095
TRX007613,7,252.5,1767.5,CRT00967,PRD0100
TRX007614,2,59.71,119.42,CRT00839,PRD0057
TRX007615,8,196.2,1569.6,CRT02720,PRD0117
TRX007616,7,85.64,599.48,CRT02060,PRD0123
TRX007617,6,263.29,1579.7400000000002,CRT00416,PRD0157
TRX007618,6,318.04,1908.24,CRT00636,PRD0146
TRX007619,9,194.83,1753.47,CRT00429,PRD0165
TRX007620,10,263.29,2632.9,CRT02848,PRD0157
TRX007621,3,30.34,91.02,CRT00185,PRD0063
TRX007622,3,116.26,348.78000000000003,CRT02337,PRD0137
TRX007623,4,4.55,18.2,CRT00927,PRD0129
TRX007624,6,142.41,854.46,CRT01906,PRD0051
TRX007625,6,246.16,1476.96,CRT00684,PRD0160
TRX007626,3,143.73,431.19,CRT02775,PRD0056
TRX007627,9,100.84,907.56,CRT00551,PRD0170
TRX007628,6,297.0,1782.0,CRT01455,PRD0009
TRX007629,9,151.12,1360.08,CRT00408,PRD0081
TRX007630,8,200.1,1600.8,CRT02719,PRD0182
TRX007631,1,344.9,344.9,CRT03102,PRD0035
TRX007632,7,197.06,1379.42,CRT00748,PRD0086
TRX007633,4,172.26,689.04,CRT02834,PRD0078
TRX007634,1,289.44,289.44,CRT01585,PRD0155
TRX007635,3,112.37,337.11,CRT01445,PRD0069
TRX007636,3,212.13,636.39,CRT02303,PRD0131
TRX007637,9,339.13,3052.17,CRT01603,PRD0060
TRX007638,3,321.66,964.98,CRT00365,PRD0091
TRX007639,10,76.57,765.6999999999999,CRT03177,PRD0071
TRX007640,4,141.38,565.52,CRT03163,PRD0114
TRX007641,4,308.17,1232.68,CRT00105,PRD0138
TRX007642,6,149.36,896.1600000000001,CRT02260,PRD0007
TRX007643,3,331.95,995.85,CRT02559,PRD0161
TRX007644,9,68.6,617.4,CRT01735,PRD0052
TRX007645,8,112.37,898.96,CRT01858,PRD0069
TRX007646,9,212.13,1909.17,CRT01247,PRD0131
TRX007647,10,46.73,467.3,CRT00585,PRD0104
TRX007648,8,144.46,1155.68,CRT03262,PRD0185
TRX007649,2,46.73,93.46,CRT00278,PRD0104
TRX007650,6,288.92,1733.52,CRT02555,PRD0191
TRX007651,4,9.29,37.16,CRT01564,PRD0128
TRX007652,6,330.57,1983.42,CRT03207,PRD0173
TRX007653,10,344.39,3443.9,CRT01950,PRD0149
TRX007654,7,302.86,2120.02,CRT01115,PRD0093
TRX007655,5,224.09,1120.45,CRT00732,PRD0122
TRX007656,8,263.29,2106.32,CRT02855,PRD0157
TRX007657,3,311.57,934.71,CRT02303,PRD0194
TRX007658,7,292.23,2045.61,CRT02587,PRD0073
TRX007659,9,97.82,880.3799999999999,CRT00617,PRD0172
TRX007660,5,321.66,1608.3000000000002,CRT03113,PRD0091
TRX007661,8,336.37,2690.96,CRT01770,PRD0152
TRX007662,5,144.46,722.3000000000001,CRT01613,PRD0185
TRX007663,7,252.5,1767.5,CRT00935,PRD0100
TRX007664,5,129.22,646.1,CRT02381,PRD0084
TRX007665,6,156.17,937.02,CRT03117,PRD0198
TRX007666,6,282.78,1696.6799999999998,CRT01744,PRD0111
TRX007667,1,260.49,260.49,CRT00394,PRD0076
TRX007668,8,102.2,817.6,CRT00679,PRD0106
TRX007669,3,144.4,433.2000000000001,CRT03378,PRD0200
TRX007670,9,248.47,2236.23,CRT03044,PRD0044
TRX007671,4,321.99,1287.96,CRT03269,PRD0062
TRX007672,2,119.47,238.94,CRT02369,PRD0008
TRX007673,1,259.17,259.17,CRT02421,PRD0169
TRX007674,2,30.96,61.92,CRT01439,PRD0139
TRX007675,9,69.32,623.8799999999999,CRT01196,PRD0012
TRX007676,6,57.82,346.92,CRT02597,PRD0089
TRX007677,1,343.3,343.3,CRT00517,PRD0134
TRX007678,9,195.42,1758.78,CRT03168,PRD0162
TRX007679,9,259.17,2332.53,CRT01620,PRD0169
TRX007680,1,179.52,179.52,CRT00463,PRD0094
TRX007681,9,172.26,1550.34,CRT01505,PRD0078
TRX007682,8,221.23,1769.84,CRT02387,PRD0177
TRX007683,6,308.17,1849.02,CRT01424,PRD0138
TRX007684,7,97.82,684.74,CRT00683,PRD0172
TRX007685,5,237.14,1185.6999999999998,CRT00012,PRD0064
TRX007686,6,207.27,1243.62,CRT00976,PRD0006
TRX007687,1,146.67,146.67,CRT00217,PRD0126
TRX007688,6,248.8,1492.8000000000002,CRT02896,PRD0099
TRX007689,9,114.48,1030.32,CRT03238,PRD0107
TRX007690,2,172.26,344.52,CRT02203,PRD0078
TRX007691,1,224.53,224.53,CRT01250,PRD0032
TRX007692,6,305.67,1834.02,CRT00534,PRD0039
TRX007693,9,213.05,1917.45,CRT01538,PRD0144
TRX007694,1,26.82,26.82,CRT01880,PRD0101
TRX007695,2,59.71,119.42,CRT00087,PRD0057
TRX007696,1,275.16,275.16,CRT03277,PRD0048
TRX007697,9,231.76,2085.84,CRT01140,PRD0038
TRX007698,9,196.2,1765.8,CRT01818,PRD0117
TRX007699,7,301.87,2113.09,CRT03445,PRD0121
TRX007700,8,238.97,1911.76,CRT00128,PRD0026
TRX007701,10,282.78,2827.8,CRT03223,PRD0111
TRX007702,8,116.26,930.08,CRT01694,PRD0137
TRX007703,5,297.0,1485.0,CRT02389,PRD0009
TRX007704,5,231.76,1158.8,CRT02554,PRD0038
TRX007705,8,115.19,921.52,CRT00230,PRD0018
TRX007706,7,144.4,1010.8,CRT00653,PRD0200
TRX007707,2,301.62,603.24,CRT01621,PRD0028
TRX007708,10,194.83,1948.3,CRT02964,PRD0165
TRX007709,4,331.95,1327.8,CRT00683,PRD0161
TRX007710,8,237.14,1897.12,CRT01489,PRD0064
TRX007711,9,224.53,2020.77,CRT02115,PRD0032
TRX007712,9,275.16,2476.44,CRT00794,PRD0048
TRX007713,7,30.96,216.72,CRT02008,PRD0139
TRX007714,7,331.85,2322.9500000000003,CRT02772,PRD0143
TRX007715,4,195.42,781.68,CRT02693,PRD0162
TRX007716,7,59.71,417.97,CRT00762,PRD0057
TRX007717,5,321.66,1608.3000000000002,CRT01393,PRD0091
TRX007718,7,99.29,695.0300000000001,CRT02822,PRD0053
TRX007719,6,308.17,1849.02,CRT02430,PRD0138
TRX007720,4,231.76,927.04,CRT01731,PRD0038
TRX007721,4,311.57,1246.28,CRT00576,PRD0194
TRX007722,4,164.79,659.16,CRT00123,PRD0050
TRX007723,5,275.78,1378.9,CRT00426,PRD0097
TRX007724,8,125.96,1007.68,CRT01324,PRD0015
TRX007725,8,239.52,1916.16,CRT01211,PRD0085
TRX007726,5,85.64,428.2,CRT02483,PRD0123
TRX007727,10,198.09,1980.9,CRT01814,PRD0178
TRX007728,7,163.96,1147.72,CRT01368,PRD0118
TRX007729,4,331.85,1327.4,CRT03173,PRD0143
TRX007730,4,30.34,121.36,CRT00094,PRD0063
TRX007731,8,112.37,898.96,CRT02258,PRD0069
TRX007732,10,321.66,3216.6000000000004,CRT02015,PRD0091
TRX007733,3,156.17,468.51,CRT02210,PRD0198
TRX007734,3,74.71,224.13,CRT01697,PRD0183
TRX007735,7,153.58,1075.0600000000002,CRT00862,PRD0030
TRX007736,3,297.0,891.0,CRT00448,PRD0009
TRX007737,9,262.09,2358.81,CRT01308,PRD0023
TRX007738,2,142.41,284.82,CRT02154,PRD0051
TRX007739,10,305.67,3056.7000000000003,CRT02896,PRD0039
TRX007740,2,11.49,22.98,CRT03010,PRD0195
TRX007741,6,301.82,1810.92,CRT02391,PRD0054
TRX007742,1,241.37,241.37,CRT03184,PRD0187
TRX007743,3,292.23,876.69,CRT00520,PRD0073
TRX007744,4,349.75,1399.0,CRT00528,PRD0055
TRX007745,8,42.58,340.64,CRT02427,PRD0095
TRX007746,5,98.65,493.25,CRT02852,PRD0079
TRX007747,4,283.35,1133.4,CRT00794,PRD0154
TRX007748,9,51.02,459.18,CRT02156,PRD0022
TRX007749,8,310.43,2483.44,CRT03128,PRD0113
TRX007750,4,13.84,55.36,CRT02112,PRD0186
TRX007751,5,291.12,1455.6,CRT00611,PRD0120
TRX007752,6,241.82,1450.92,CRT01006,PRD0192
TRX007753,1,153.58,153.58,CRT02986,PRD0030
TRX007754,6,303.73,1822.38,CRT02420,PRD0136
TRX007755,3,336.37,1009.11,CRT02900,PRD0152
TRX007756,2,149.12,298.24,CRT02736,PRD0003
TRX007757,10,129.22,1292.2,CRT00778,PRD0084
TRX007758,5,207.27,1036.35,CRT01240,PRD0006
TRX007759,1,208.25,208.25,CRT00453,PRD0147
TRX007760,6,175.98,1055.88,CRT01482,PRD0021
TRX007761,1,267.28,267.28,CRT00305,PRD0031
TRX007762,5,6.76,33.8,CRT01226,PRD0174
TRX007763,8,200.1,1600.8,CRT00122,PRD0182
TRX007764,3,181.62,544.86,CRT01390,PRD0109
TRX007765,7,275.16,1926.12,CRT03176,PRD0048
TRX007766,1,331.85,331.85,CRT01930,PRD0143
TRX007767,10,207.27,2072.7000000000003,CRT01607,PRD0006
TRX007768,8,172.26,1378.08,CRT01791,PRD0078
TRX007769,10,59.71,597.1,CRT01362,PRD0057
TRX007770,7,344.42,2410.94,CRT01743,PRD0112
TRX007771,3,76.57,229.71,CRT03359,PRD0071
TRX007772,10,198.63,1986.3,CRT02676,PRD0135
TRX007773,2,281.86,563.72,CRT02825,PRD0188
TRX007774,5,38.5,192.5,CRT02905,PRD0075
TRX007775,6,88.06,528.36,CRT00700,PRD0065
TRX007776,10,281.86,2818.6000000000004,CRT00136,PRD0188
TRX007777,8,196.2,1569.6,CRT00050,PRD0117
TRX007778,8,104.38,835.04,CRT00437,PRD0011
TRX007779,4,311.57,1246.28,CRT01388,PRD0194
TRX007780,7,194.99,1364.93,CRT01240,PRD0043
TRX007781,7,327.31,2291.17,CRT02959,PRD0067
TRX007782,1,38.12,38.12,CRT02883,PRD0002
TRX007783,10,252.5,2525.0,CRT01938,PRD0100
TRX007784,9,283.35,2550.15,CRT03126,PRD0154
TRX007785,6,224.09,1344.54,CRT01954,PRD0122
TRX007786,10,198.63,1986.3,CRT01961,PRD0135
TRX007787,2,144.46,288.92,CRT03367,PRD0185
TRX007788,10,248.47,2484.7,CRT02472,PRD0044
TRX007789,9,312.35,2811.15,CRT03373,PRD0130
TRX007790,2,136.36,272.72,CRT01726,PRD0098
TRX007791,8,97.82,782.56,CRT02779,PRD0172
TRX007792,5,305.67,1528.35,CRT02206,PRD0039
TRX007793,8,40.06,320.48,CRT03231,PRD0145
TRX007794,4,103.06,412.24,CRT02668,PRD0013
TRX007795,7,303.73,2126.11,CRT01870,PRD0136
TRX007796,7,194.5,1361.5,CRT00904,PRD0083
TRX007797,6,207.27,1243.62,CRT01409,PRD0006
TRX007798,4,86.2,344.8,CRT00702,PRD0036
TRX007799,10,344.39,3443.9,CRT01550,PRD0149
TRX007800,8,36.18,289.44,CRT00920,PRD0049
TRX007801,9,141.38,1272.42,CRT00509,PRD0114
TRX007802,9,40.06,360.54,CRT03429,PRD0145
TRX007803,6,267.68,1606.08,CRT03375,PRD0197
TRX007804,9,260.65,2345.85,CRT03438,PRD0168
TRX007805,8,23.22,185.76,CRT03439,PRD0190
TRX007806,5,239.52,1197.6,CRT00496,PRD0085
TRX007807,9,13.84,124.56,CRT00565,PRD0186
TRX007808,10,178.11,1781.1,CRT02493,PRD0004
TRX007809,6,23.22,139.32,CRT00060,PRD0190
TRX007810,6,171.38,1028.28,CRT00372,PRD0037
TRX007811,8,103.06,824.48,CRT02126,PRD0013
TRX007812,2,57.82,115.64,CRT00889,PRD0089
TRX007813,4,23.22,92.88,CRT00539,PRD0190
TRX007814,2,303.73,607.46,CRT01961,PRD0136
TRX007815,10,151.12,1511.2,CRT02347,PRD0081
TRX007816,9,10.72,96.48,CRT02592,PRD0092
TRX007817,5,224.09,1120.45,CRT00540,PRD0122
TRX007818,5,302.95,1514.75,CRT02855,PRD0087
TRX007819,5,281.86,1409.3000000000002,CRT03468,PRD0188
TRX007820,10,302.86,3028.6000000000004,CRT02210,PRD0093
TRX007821,7,85.85,600.9499999999999,CRT00645,PRD0184
TRX007822,2,99.1,198.2,CRT02570,PRD0014
TRX007823,7,112.37,786.59,CRT01239,PRD0069
TRX007824,4,51.02,204.08,CRT00201,PRD0022
TRX007825,10,119.47,1194.7,CRT00641,PRD0008
TRX007826,6,88.65,531.9000000000001,CRT03110,PRD0042
TRX007827,3,100.84,302.52,CRT03476,PRD0170
TRX007828,6,142.41,854.46,CRT01182,PRD0051
TRX007829,8,85.64,685.12,CRT01301,PRD0123
TRX007830,5,10.72,53.6,CRT00173,PRD0092
TRX007831,8,291.12,2328.96,CRT01364,PRD0120
TRX007832,8,196.43,1571.44,CRT02916,PRD0179
TRX007833,8,74.71,597.68,CRT02225,PRD0183
TRX007834,5,75.69,378.45,CRT02528,PRD0077
TRX007835,4,318.04,1272.16,CRT03026,PRD0146
TRX007836,8,282.78,2262.24,CRT00857,PRD0111
TRX007837,3,305.67,917.01,CRT02993,PRD0039
TRX007838,2,275.16,550.32,CRT00402,PRD0048
TRX007839,3,308.17,924.51,CRT00194,PRD0138
TRX007840,4,327.59,1310.36,CRT01389,PRD0047
TRX007841,9,208.25,1874.25,CRT02776,PRD0147
TRX007842,5,97.82,489.1,CRT00966,PRD0172
TRX007843,9,125.96,1133.64,CRT02897,PRD0015
TRX007844,8,291.12,2328.96,CRT00023,PRD0120
TRX007845,8,281.93,2255.44,CRT02342,PRD0116
TRX007846,6,260.49,1562.94,CRT00802,PRD0076
TRX007847,7,312.35,2186.4500000000003,CRT01957,PRD0130
TRX007848,2,153.58,307.16,CRT01068,PRD0030
TRX007849,10,260.19,2601.9,CRT00428,PRD0001
TRX007850,2,140.04,280.08,CRT01966,PRD0068
TRX007851,9,228.33,2054.9700000000003,CRT00520,PRD0005
TRX007852,10,115.19,1151.9,CRT03110,PRD0018
TRX007853,9,344.9,3104.1,CRT00252,PRD0035
TRX007854,8,129.22,1033.76,CRT02712,PRD0084
TRX007855,6,6.76,40.56,CRT00611,PRD0174
TRX007856,6,217.4,1304.4,CRT02314,PRD0180
TRX007857,8,238.97,1911.76,CRT01781,PRD0026
TRX007858,10,153.58,1535.8000000000002,CRT01004,PRD0030
TRX007859,9,327.59,2948.31,CRT01398,PRD0047
TRX007860,4,302.86,1211.44,CRT01999,PRD0093
TRX007861,3,151.36,454.08,CRT02521,PRD0150
TRX007862,3,171.38,514.14,CRT02299,PRD0037
TRX007863,10,87.81,878.1,CRT01352,PRD0156
TRX007864,1,237.14,237.14,CRT01099,PRD0064
TRX007865,1,54.91,54.91,CRT00969,PRD0125
TRX007866,1,88.06,88.06,CRT01667,PRD0065
TRX007867,6,270.94,1625.64,CRT01266,PRD0148
TRX007868,10,166.93,1669.3000000000002,CRT00880,PRD0108
TRX007869,1,57.82,57.82,CRT00255,PRD0089
TRX007870,6,115.14,690.84,CRT00610,PRD0034
TRX007871,5,286.9,1434.5,CRT02192,PRD0110
TRX007872,6,153.58,921.48,CRT00236,PRD0030
TRX007873,2,151.12,302.24,CRT00303,PRD0081
TRX007874,8,267.28,2138.24,CRT03421,PRD0031
TRX007875,4,30.96,123.84,CRT00937,PRD0139
TRX007876,7,46.73,327.11,CRT00272,PRD0104
TRX007877,6,30.96,185.76,CRT02683,PRD0139
TRX007878,9,344.39,3099.51,CRT02357,PRD0149
TRX007879,6,241.82,1450.92,CRT01155,PRD0192
TRX007880,5,267.68,1338.4,CRT00951,PRD0197
TRX007881,1,115.14,115.14,CRT01994,PRD0034
TRX007882,6,349.85,2099.1000000000004,CRT02347,PRD0196
TRX007883,10,282.78,2827.8,CRT02017,PRD0111
TRX007884,2,318.21,636.42,CRT01316,PRD0181
TRX007885,10,68.6,686.0,CRT03447,PRD0052
TRX007886,4,13.28,53.12,CRT02069,PRD0141
TRX007887,5,229.76,1148.8,CRT01579,PRD0074
TRX007888,5,281.93,1409.65,CRT01739,PRD0116
TRX007889,3,301.62,904.86,CRT02817,PRD0028
TRX007890,5,221.23,1106.15,CRT00211,PRD0177
TRX007891,7,248.8,1741.6,CRT02812,PRD0099
TRX007892,3,149.12,447.36,CRT02840,PRD0003
TRX007893,8,141.38,1131.04,CRT00064,PRD0114
TRX007894,2,242.9,485.8,CRT00591,PRD0164
TRX007895,3,194.83,584.49,CRT03418,PRD0165
TRX007896,4,312.35,1249.4,CRT02334,PRD0130
TRX007897,10,198.09,1980.9,CRT00249,PRD0178
TRX007898,4,288.92,1155.68,CRT03035,PRD0191
TRX007899,4,64.83,259.32,CRT01737,PRD0088
TRX007900,1,30.96,30.96,CRT00476,PRD0139
TRX007901,7,68.6,480.19999999999993,CRT02316,PRD0052
TRX007902,6,242.9,1457.4,CRT00524,PRD0164
TRX007903,4,112.37,449.48,CRT00257,PRD0069
TRX007904,4,292.23,1168.92,CRT00707,PRD0073
TRX007905,6,248.47,1490.82,CRT00853,PRD0044
TRX007906,4,282.78,1131.12,CRT02508,PRD0111
TRX007907,6,30.96,185.76,CRT03171,PRD0139
TRX007908,10,179.52,1795.2,CRT02172,PRD0094
TRX007909,8,286.9,2295.2,CRT01620,PRD0110
TRX007910,6,166.93,1001.58,CRT01983,PRD0108
TRX007911,10,149.12,1491.2,CRT01589,PRD0003
TRX007912,9,260.19,2341.71,CRT00128,PRD0001
TRX007913,1,80.42,80.42,CRT03343,PRD0140
TRX007914,10,224.09,2240.9,CRT01661,PRD0122
TRX007915,7,129.22,904.54,CRT00260,PRD0084
TRX007916,3,15.79,47.37,CRT01493,PRD0096
TRX007917,9,10.72,96.48,CRT03127,PRD0092
TRX007918,3,6.76,20.28,CRT00810,PRD0174
TRX007919,2,223.09,446.18,CRT02793,PRD0199
TRX007920,10,115.19,1151.9,CRT03448,PRD0018
TRX007921,7,318.21,2227.47,CRT00649,PRD0181
TRX007922,1,234.25,234.25,CRT01533,PRD0103
TRX007923,9,224.09,2016.81,CRT01363,PRD0122
TRX007924,8,288.92,2311.36,CRT02677,PRD0191
TRX007925,9,267.28,2405.5199999999995,CRT01612,PRD0031
TRX007926,8,321.99,2575.92,CRT01187,PRD0062
TRX007927,6,342.98,2057.88,CRT02019,PRD0080
TRX007928,8,103.06,824.48,CRT01857,PRD0013
TRX007929,9,291.12,2620.08,CRT02176,PRD0120
TRX007930,9,234.25,2108.25,CRT02271,PRD0103
TRX007931,3,156.17,468.51,CRT01472,PRD0198
TRX007932,8,196.43,1571.44,CRT00831,PRD0179
TRX007933,4,308.17,1232.68,CRT02231,PRD0138
TRX007934,8,125.96,1007.68,CRT00729,PRD0015
TRX007935,7,4.55,31.85,CRT02209,PRD0129
TRX007936,4,260.49,1041.96,CRT02001,PRD0076
TRX007937,1,78.71,78.71,CRT03206,PRD0024
TRX007938,10,207.27,2072.7000000000003,CRT02426,PRD0006
TRX007939,8,112.37,898.96,CRT00711,PRD0069
TRX007940,8,6.76,54.08,CRT02110,PRD0174
TRX007941,4,125.96,503.84,CRT02205,PRD0015
TRX007942,10,46.73,467.3,CRT01338,PRD0104
TRX007943,9,239.52,2155.6800000000003,CRT01081,PRD0085
TRX007944,4,327.31,1309.24,CRT00109,PRD0067
TRX007945,7,318.04,2226.28,CRT01794,PRD0146
TRX007946,7,342.98,2400.86,CRT02538,PRD0080
TRX007947,7,46.73,327.11,CRT02024,PRD0104
TRX007948,1,125.8,125.8,CRT01173,PRD0159
TRX007949,10,125.96,1259.6,CRT00817,PRD0015
TRX007950,8,260.65,2085.2,CRT00507,PRD0168
TRX007951,10,4.55,45.5,CRT00555,PRD0129
TRX007952,8,260.49,2083.92,CRT02052,PRD0076
TRX007953,9,144.4,1299.6,CRT01232,PRD0200
TRX007954,6,311.57,1869.42,CRT00083,PRD0194
TRX007955,6,281.93,1691.58,CRT01222,PRD0116
TRX007956,1,229.76,229.76,CRT02827,PRD0074
TRX007957,1,103.06,103.06,CRT00954,PRD0013
TRX007958,5,179.52,897.6,CRT00990,PRD0094
TRX007959,5,200.26,1001.3,CRT02241,PRD0105
TRX007960,6,217.4,1304.4,CRT02799,PRD0180
TRX007961,1,221.23,221.23,CRT00995,PRD0177
TRX007962,8,63.71,509.68,CRT00025,PRD0153
TRX007963,3,144.4,433.2000000000001,CRT00175,PRD0200
TRX007964,10,209.57,2095.7,CRT00491,PRD0027
TRX007965,7,116.26,813.82,CRT03389,PRD0137
TRX007966,3,275.16,825.48,CRT01625,PRD0048
TRX007967,10,38.5,385.0,CRT01072,PRD0075
TRX007968,1,308.17,308.17,CRT01907,PRD0138
TRX007969,2,134.36,268.72,CRT02669,PRD0017
TRX007970,1,342.98,342.98,CRT01738,PRD0080
TRX007971,8,178.11,1424.88,CRT01043,PRD0004
TRX007972,10,281.93,2819.3,CRT01568,PRD0116
TRX007973,4,115.19,460.76,CRT01576,PRD0018
TRX007974,3,96.92,290.76,CRT01084,PRD0124
TRX007975,3,116.26,348.78000000000003,CRT03294,PRD0137
TRX007976,7,344.42,2410.94,CRT01470,PRD0112
TRX007977,6,200.26,1201.56,CRT00705,PRD0105
TRX007978,3,260.19,780.5699999999999,CRT03117,PRD0001
TRX007979,8,13.28,106.24,CRT01494,PRD0141
TRX007980,9,42.58,383.22,CRT03468,PRD0095
TRX007981,3,30.96,92.88,CRT00900,PRD0139
TRX007982,6,87.81,526.86,CRT01158,PRD0156
TRX007983,5,308.17,1540.85,CRT00081,PRD0138
TRX007984,7,136.36,954.52,CRT00855,PRD0098
TRX007985,4,217.4,869.6,CRT01102,PRD0180
TRX007986,1,229.76,229.76,CRT00773,PRD0074
TRX007987,6,119.47,716.8199999999999,CRT00698,PRD0008
TRX007988,10,179.52,1795.2,CRT02062,PRD0094
TRX007989,5,175.98,879.9,CRT01352,PRD0021
TRX007990,2,23.22,46.44,CRT00954,PRD0190
TRX007991,6,42.58,255.48,CRT01494,PRD0095
TRX007992,7,275.33,1927.31,CRT00653,PRD0058
TRX007993,8,59.71,477.68,CRT01626,PRD0057
TRX007994,2,301.22,602.44,CRT00277,PRD0045
TRX007995,2,349.85,699.7,CRT03090,PRD0196
TRX007996,8,281.93,2255.44,CRT01980,PRD0116
TRX007997,8,208.25,1666.0,CRT01254,PRD0147
TRX007998,6,291.12,1746.72,CRT01993,PRD0120
TRX007999,4,321.66,1286.64,CRT01331,PRD0091
TRX008000,10,267.28,2672.8,CRT01124,PRD0031
TRX008001,9,74.71,672.39,CRT00174,PRD0183
TRX008002,8,194.5,1556.0,CRT01299,PRD0083
TRX008003,3,343.3,1029.9,CRT01631,PRD0134
TRX008004,5,148.18,740.9000000000001,CRT00028,PRD0066
TRX008005,6,99.1,594.5999999999999,CRT01289,PRD0014
TRX008006,9,149.36,1344.2400000000002,CRT00386,PRD0007
TRX008007,2,124.75,249.5,CRT01852,PRD0166
TRX008008,10,13.84,138.4,CRT01620,PRD0186
TRX008009,9,104.38,939.42,CRT02361,PRD0011
TRX008010,8,179.52,1436.16,CRT01493,PRD0094
TRX008011,1,242.9,242.9,CRT00822,PRD0164
TRX008012,9,252.5,2272.5,CRT00275,PRD0100
TRX008013,9,270.94,2438.46,CRT01100,PRD0148
TRX008014,5,207.27,1036.35,CRT01015,PRD0006
TRX008015,1,86.2,86.2,CRT01836,PRD0036
TRX008016,8,38.5,308.0,CRT02975,PRD0075
TRX008017,6,153.58,921.48,CRT02942,PRD0030
TRX008018,6,343.3,2059.8,CRT02673,PRD0134
TRX008019,4,141.38,565.52,CRT02142,PRD0114
TRX008020,9,267.47,2407.2300000000005,CRT01221,PRD0033
TRX008021,1,63.71,63.71,CRT00986,PRD0153
TRX008022,6,146.67,880.02,CRT02302,PRD0126
TRX008023,4,13.28,53.12,CRT00869,PRD0141
TRX008024,7,96.92,678.44,CRT03404,PRD0124
TRX008025,6,149.36,896.1600000000001,CRT02639,PRD0007
TRX008026,10,149.12,1491.2,CRT03062,PRD0003
TRX008027,8,198.63,1589.04,CRT03298,PRD0135
TRX008028,3,54.91,164.73,CRT01023,PRD0125
TRX008029,7,198.09,1386.63,CRT00775,PRD0178
TRX008030,9,292.23,2630.07,CRT02482,PRD0073
TRX008031,4,54.91,219.64,CRT02750,PRD0125
TRX008032,10,301.87,3018.7,CRT02771,PRD0121
TRX008033,6,301.82,1810.92,CRT01069,PRD0054
TRX008034,1,302.86,302.86,CRT00425,PRD0093
TRX008035,8,30.96,247.68,CRT01993,PRD0139
TRX008036,1,238.5,238.5,CRT02113,PRD0133
TRX008037,6,281.86,1691.16,CRT00857,PRD0188
TRX008038,2,4.55,9.1,CRT02127,PRD0129
TRX008039,4,6.76,27.04,CRT02919,PRD0174
TRX008040,1,239.52,239.52,CRT03307,PRD0085
TRX008041,7,291.12,2037.84,CRT00905,PRD0120
TRX008042,10,151.36,1513.6,CRT02025,PRD0150
TRX008043,7,321.66,2251.6200000000003,CRT00998,PRD0091
TRX008044,8,321.99,2575.92,CRT02013,PRD0062
TRX008045,3,82.61,247.83,CRT00944,PRD0167
TRX008046,2,115.14,230.28,CRT01435,PRD0034
TRX008047,3,267.28,801.8399999999999,CRT00061,PRD0031
TRX008048,9,238.5,2146.5,CRT02657,PRD0133
TRX008049,2,116.26,232.52,CRT02929,PRD0137
TRX008050,6,63.71,382.26,CRT02449,PRD0153
TRX008051,7,68.6,480.19999999999993,CRT00600,PRD0052
TRX008052,9,312.35,2811.15,CRT00786,PRD0130
TRX008053,4,69.32,277.28,CRT02077,PRD0012
TRX008054,9,134.36,1209.2400000000002,CRT01752,PRD0017
TRX008055,8,59.71,477.68,CRT00450,PRD0057
TRX008056,1,218.35,218.35,CRT02531,PRD0070
TRX008057,3,213.05,639.1500000000001,CRT02533,PRD0144
TRX008058,8,57.82,462.56,CRT00765,PRD0089
TRX008059,9,119.47,1075.23,CRT02015,PRD0008
TRX008060,6,125.8,754.8,CRT02862,PRD0159
TRX008061,4,303.73,1214.92,CRT02249,PRD0136
TRX008062,8,229.76,1838.08,CRT03089,PRD0074
TRX008063,10,318.21,3182.1,CRT02040,PRD0181
TRX008064,9,144.4,1299.6,CRT03269,PRD0200
TRX008065,3,275.16,825.48,CRT00350,PRD0048
TRX008066,2,281.86,563.72,CRT00552,PRD0188
TRX008067,5,267.68,1338.4,CRT03386,PRD0197
TRX008068,10,283.35,2833.5,CRT03492,PRD0154
TRX008069,3,6.76,20.28,CRT02661,PRD0174
TRX008070,5,12.47,62.35,CRT01560,PRD0158
TRX008071,2,246.16,492.32,CRT00215,PRD0160
TRX008072,4,342.98,1371.92,CRT00607,PRD0080
TRX008073,8,301.5,2412.0,CRT03012,PRD0115
TRX008074,2,263.29,526.58,CRT02666,PRD0157
TRX008075,8,224.09,1792.72,CRT01677,PRD0122
TRX008076,4,260.49,1041.96,CRT01055,PRD0076
TRX008077,1,78.71,78.71,CRT02981,PRD0024
TRX008078,7,303.73,2126.11,CRT01218,PRD0136
TRX008079,4,260.49,1041.96,CRT01005,PRD0076
TRX008080,10,85.85,858.5,CRT02485,PRD0184
TRX008081,1,260.65,260.65,CRT01445,PRD0168
TRX008082,9,88.06,792.54,CRT01179,PRD0065
TRX008083,6,252.5,1515.0,CRT02802,PRD0100
TRX008084,9,115.19,1036.71,CRT00462,PRD0018
TRX008085,4,246.16,984.64,CRT02723,PRD0160
TRX008086,1,111.48,111.48,CRT00131,PRD0061
TRX008087,7,153.95,1077.65,CRT00036,PRD0132
TRX008088,9,246.16,2215.44,CRT01057,PRD0160
TRX008089,5,200.26,1001.3,CRT01984,PRD0105
TRX008090,9,96.92,872.28,CRT02969,PRD0124
TRX008091,4,98.65,394.6,CRT01336,PRD0079
TRX008092,7,233.03,1631.21,CRT00225,PRD0102
TRX008093,9,143.73,1293.57,CRT02533,PRD0056
TRX008094,2,163.96,327.92,CRT00783,PRD0118
TRX008095,7,149.36,1045.52,CRT00192,PRD0007
TRX008096,8,69.32,554.56,CRT00096,PRD0012
TRX008097,3,241.82,725.46,CRT03141,PRD0192
TRX008098,4,246.16,984.64,CRT03062,PRD0160
TRX008099,9,26.82,241.38,CRT00374,PRD0101
TRX008100,7,344.9,2414.3,CRT02726,PRD0035
TRX008101,7,208.25,1457.75,CRT00715,PRD0147
TRX008102,6,198.63,1191.78,CRT03024,PRD0135
TRX008103,7,57.82,404.74,CRT01167,PRD0089
TRX008104,1,301.82,301.82,CRT01378,PRD0054
TRX008105,7,207.27,1450.89,CRT01247,PRD0006
TRX008106,8,96.92,775.36,CRT02475,PRD0124
TRX008107,8,344.42,2755.36,CRT01371,PRD0112
TRX008108,6,88.65,531.9000000000001,CRT01158,PRD0042
TRX008109,6,68.6,411.6,CRT01181,PRD0052
TRX008110,10,63.71,637.1,CRT02372,PRD0153
TRX008111,6,237.14,1422.84,CRT01650,PRD0064
TRX008112,8,11.49,91.92,CRT00009,PRD0195
TRX008113,4,270.94,1083.76,CRT03290,PRD0148
TRX008114,6,51.02,306.12,CRT03398,PRD0022
TRX008115,5,318.21,1591.05,CRT00277,PRD0181
TRX008116,2,13.65,27.3,CRT02008,PRD0019
TRX008117,1,190.14,190.14,CRT00765,PRD0193
TRX008118,6,74.71,448.26,CRT00241,PRD0183
TRX008119,8,46.73,373.84,CRT02471,PRD0104
TRX008120,8,331.95,2655.6,CRT01934,PRD0161
TRX008121,3,330.57,991.71,CRT00663,PRD0173
TRX008122,6,190.14,1140.84,CRT02436,PRD0193
TRX008123,1,142.41,142.41,CRT01388,PRD0051
TRX008124,5,303.73,1518.65,CRT00775,PRD0136
TRX008125,1,217.4,217.4,CRT00254,PRD0180
TRX008126,3,224.09,672.27,CRT03271,PRD0122
TRX008127,6,343.3,2059.8,CRT01928,PRD0134
TRX008128,9,318.04,2862.36,CRT00169,PRD0146
TRX008129,10,291.12,2911.2,CRT00717,PRD0120
TRX008130,9,242.9,2186.1,CRT03116,PRD0164
TRX008131,9,223.15,2008.35,CRT00667,PRD0016
TRX008132,2,308.05,616.1,CRT01426,PRD0072
TRX008133,1,281.93,281.93,CRT03265,PRD0116
TRX008134,9,78.71,708.39,CRT02594,PRD0024
TRX008135,6,343.3,2059.8,CRT00118,PRD0134
TRX008136,6,104.38,626.28,CRT00871,PRD0011
TRX008137,9,153.95,1385.55,CRT01086,PRD0132
TRX008138,8,40.06,320.48,CRT01025,PRD0145
TRX008139,3,256.15,768.4499999999999,CRT00928,PRD0040
TRX008140,4,349.75,1399.0,CRT00728,PRD0055
TRX008141,6,281.86,1691.16,CRT00378,PRD0188
TRX008142,8,114.48,915.84,CRT01055,PRD0107
TRX008143,9,288.19,2593.71,CRT02322,PRD0176
TRX008144,5,119.47,597.35,CRT02500,PRD0008
TRX008145,6,224.53,1347.18,CRT01455,PRD0032
TRX008146,8,153.95,1231.6,CRT02596,PRD0132
TRX008147,3,129.22,387.66,CRT02362,PRD0084
TRX008148,1,267.28,267.28,CRT02304,PRD0031
TRX008149,9,96.92,872.28,CRT02736,PRD0124
TRX008150,1,23.22,23.22,CRT01891,PRD0190
TRX008151,3,238.5,715.5,CRT00099,PRD0133
TRX008152,5,209.57,1047.85,CRT01933,PRD0027
TRX008153,2,327.31,654.62,CRT03156,PRD0067
TRX008154,1,327.31,327.31,CRT03324,PRD0067
TRX008155,5,286.9,1434.5,CRT01099,PRD0110
TRX008156,2,267.47,534.94,CRT02478,PRD0033
TRX008157,6,301.5,1809.0,CRT00494,PRD0115
TRX008158,1,6.76,6.76,CRT03012,PRD0174
TRX008159,8,13.84,110.72,CRT01336,PRD0186
TRX008160,5,144.46,722.3000000000001,CRT02039,PRD0185
TRX008161,10,286.9,2869.0,CRT00176,PRD0110
TRX008162,4,175.98,703.92,CRT03102,PRD0021
TRX008163,2,224.09,448.18,CRT02289,PRD0122
TRX008164,7,311.57,2180.99,CRT02264,PRD0194
TRX008165,7,127.91,895.37,CRT03403,PRD0171
TRX008166,1,331.95,331.95,CRT01534,PRD0161
TRX008167,9,42.58,383.22,CRT01002,PRD0095
TRX008168,2,116.26,232.52,CRT01631,PRD0137
TRX008169,7,224.09,1568.63,CRT00660,PRD0122
TRX008170,2,166.93,333.86,CRT00132,PRD0108
TRX008171,2,15.96,31.92,CRT00728,PRD0090
TRX008172,6,172.26,1033.56,CRT01115,PRD0078
TRX008173,6,252.15,1512.9,CRT00544,PRD0059
TRX008174,7,196.2,1373.4,CRT01878,PRD0117
TRX008175,7,281.86,1973.02,CRT02770,PRD0188
TRX008176,2,241.82,483.64,CRT01284,PRD0192
TRX008177,4,275.78,1103.12,CRT00165,PRD0097
TRX008178,5,286.9,1434.5,CRT00567,PRD0110
TRX008179,1,142.41,142.41,CRT01957,PRD0051
TRX008180,5,42.58,212.9,CRT03306,PRD0095
TRX008181,8,125.8,1006.4,CRT01478,PRD0159
TRX008182,6,171.38,1028.28,CRT01185,PRD0037
TRX008183,1,99.29,99.29,CRT01570,PRD0053
TRX008184,1,223.15,223.15,CRT01179,PRD0016
TRX008185,1,171.38,171.38,CRT03053,PRD0037
TRX008186,5,140.04,700.1999999999999,CRT03228,PRD0068
TRX008187,6,162.15,972.9,CRT00559,PRD0010
TRX008188,9,349.75,3147.75,CRT00704,PRD0055
TRX008189,5,331.95,1659.75,CRT01822,PRD0161
TRX008190,1,54.91,54.91,CRT00537,PRD0125
TRX008191,9,217.4,1956.6,CRT02777,PRD0180
TRX008192,10,239.52,2395.2000000000003,CRT00033,PRD0085
TRX008193,3,330.57,991.71,CRT00057,PRD0173
TRX008194,3,260.65,781.9499999999999,CRT01156,PRD0168
TRX008195,8,96.92,775.36,CRT02008,PRD0124
TRX008196,1,26.82,26.82,CRT00378,PRD0101
TRX008197,7,312.35,2186.4500000000003,CRT00716,PRD0130
TRX008198,10,321.66,3216.6000000000004,CRT00035,PRD0091
TRX008199,10,223.09,2230.9,CRT00077,PRD0199
TRX008200,1,200.26,200.26,CRT00691,PRD0105
TRX008201,7,80.62,564.34,CRT01430,PRD0189
TRX008202,5,327.31,1636.55,CRT01544,PRD0067
TRX008203,10,143.73,1437.3,CRT02570,PRD0056
TRX008204,5,234.25,1171.25,CRT00430,PRD0103
TRX008205,10,221.23,2212.3,CRT03154,PRD0177
TRX008206,4,336.37,1345.48,CRT02742,PRD0152
TRX008207,6,311.57,1869.42,CRT01279,PRD0194
TRX008208,7,275.16,1926.12,CRT02856,PRD0048
TRX008209,6,260.19,1561.14,CRT01532,PRD0001
TRX008210,9,85.85,772.65,CRT01495,PRD0184
TRX008211,1,13.84,13.84,CRT02716,PRD0186
TRX008212,4,301.62,1206.48,CRT02134,PRD0028
TRX008213,7,281.86,1973.02,CRT01216,PRD0188
TRX008214,4,223.09,892.36,CRT02849,PRD0199
TRX008215,9,267.68,2409.12,CRT00872,PRD0197
TRX008216,4,129.22,516.88,CRT02620,PRD0084
TRX008217,7,196.43,1375.01,CRT00608,PRD0179
TRX008218,5,260.19,1300.95,CRT02247,PRD0001
TRX008219,8,148.18,1185.44,CRT00738,PRD0066
TRX008220,3,301.87,905.61,CRT00274,PRD0121
TRX008221,3,171.38,514.14,CRT03163,PRD0037
TRX008222,5,321.66,1608.3000000000002,CRT03186,PRD0091
TRX008223,6,238.5,1431.0,CRT02572,PRD0133
TRX008224,6,103.06,618.36,CRT01947,PRD0013
TRX008225,9,80.42,723.78,CRT00905,PRD0140
TRX008226,2,88.65,177.3,CRT01707,PRD0042
TRX008227,8,260.49,2083.92,CRT00823,PRD0076
TRX008228,1,164.79,164.79,CRT00759,PRD0050
TRX008229,9,301.87,2716.83,CRT02509,PRD0121
TRX008230,4,262.09,1048.36,CRT03328,PRD0023
TRX008231,4,259.17,1036.68,CRT00462,PRD0169
TRX008232,6,259.17,1555.02,CRT00445,PRD0169
TRX008233,2,102.2,204.4,CRT01037,PRD0106
TRX008234,5,12.47,62.35,CRT00239,PRD0158
TRX008235,3,15.79,47.37,CRT03403,PRD0096
TRX008236,5,36.18,180.9,CRT02036,PRD0049
TRX008237,5,213.05,1065.25,CRT02595,PRD0144
TRX008238,10,343.3,3433.0,CRT03498,PRD0134
TRX008239,7,316.62,2216.34,CRT02698,PRD0082
TRX008240,7,144.46,1011.22,CRT00319,PRD0185
TRX008241,4,99.1,396.4,CRT02512,PRD0014
TRX008242,10,292.23,2922.3,CRT03352,PRD0073
TRX008243,1,282.78,282.78,CRT02317,PRD0111
TRX008244,1,151.12,151.12,CRT00464,PRD0081
TRX008245,1,55.45,55.45,CRT00183,PRD0142
TRX008246,5,13.28,66.39999999999999,CRT01307,PRD0141
TRX008247,6,275.16,1650.96,CRT01538,PRD0048
TRX008248,4,217.4,869.6,CRT03076,PRD0180
TRX008249,10,311.57,3115.7,CRT01448,PRD0194
TRX008250,9,278.04,2502.36,CRT02910,PRD0163
TRX008251,1,207.27,207.27,CRT02312,PRD0006
TRX008252,5,129.22,646.1,CRT01913,PRD0084
TRX008253,9,85.64,770.76,CRT02554,PRD0123
TRX008254,9,46.73,420.57,CRT03355,PRD0104
TRX008255,7,6.76,47.32,CRT02911,PRD0174
TRX008256,8,311.57,2492.56,CRT01668,PRD0194
TRX008257,3,175.98,527.9399999999999,CRT02227,PRD0021
TRX008258,6,119.47,716.8199999999999,CRT01734,PRD0008
TRX008259,2,55.45,110.9,CRT02887,PRD0142
TRX008260,5,15.96,79.80000000000001,CRT01449,PRD0090
TRX008261,1,144.46,144.46,CRT02179,PRD0185
TRX008262,10,36.18,361.8,CRT02914,PRD0049
TRX008263,7,104.38,730.66,CRT03276,PRD0011
TRX008264,2,260.65,521.3,CRT00641,PRD0168
TRX008265,8,190.14,1521.12,CRT00923,PRD0193
TRX008266,1,86.2,86.2,CRT01353,PRD0036
TRX008267,10,221.23,2212.3,CRT02240,PRD0177
TRX008268,10,212.13,2121.3,CRT00796,PRD0131
TRX008269,9,121.08,1089.72,CRT03054,PRD0151
TRX008270,8,248.8,1990.4,CRT01543,PRD0099
TRX008271,4,166.93,667.72,CRT02761,PRD0108
TRX008272,2,9.29,18.58,CRT01643,PRD0128
TRX008273,8,267.47,2139.76,CRT00520,PRD0033
TRX008274,1,339.13,339.13,CRT01771,PRD0060
TRX008275,10,120.9,1209.0,CRT03259,PRD0175
TRX008276,9,76.57,689.1299999999999,CRT00630,PRD0071
TRX008277,2,231.76,463.52,CRT01109,PRD0038
TRX008278,7,103.06,721.4200000000001,CRT00141,PRD0013
TRX008279,7,195.42,1367.9399999999998,CRT03346,PRD0162
TRX008280,9,209.57,1886.13,CRT02737,PRD0027
TRX008281,9,223.15,2008.35,CRT01202,PRD0016
TRX008282,2,181.62,363.24,CRT01380,PRD0109
TRX008283,4,149.12,596.48,CRT01869,PRD0003
TRX008284,1,181.62,181.62,CRT02495,PRD0109
TRX008285,4,231.76,927.04,CRT03203,PRD0038
TRX008286,9,318.21,2863.89,CRT02537,PRD0181
TRX008287,5,166.93,834.6500000000001,CRT00517,PRD0108
TRX008288,7,246.16,1723.12,CRT00866,PRD0160
TRX008289,10,200.1,2001.0,CRT00872,PRD0182
TRX008290,2,129.22,258.44,CRT00657,PRD0084
TRX008291,3,237.14,711.42,CRT02007,PRD0064
TRX008292,9,221.23,1991.07,CRT03292,PRD0177
TRX008293,2,218.35,436.7,CRT02781,PRD0070
TRX008294,6,330.57,1983.42,CRT00350,PRD0173
TRX008295,1,327.31,327.31,CRT00296,PRD0067
TRX008296,2,151.12,302.24,CRT03428,PRD0081
TRX008297,7,327.59,2293.13,CRT00418,PRD0047
TRX008298,5,302.95,1514.75,CRT01603,PRD0087
TRX008299,6,55.45,332.70000000000005,CRT01798,PRD0142
TRX008300,5,339.13,1695.65,CRT00825,PRD0060
TRX008301,7,200.26,1401.82,CRT01214,PRD0105
TRX008302,7,207.27,1450.89,CRT02410,PRD0006
TRX008303,3,146.67,440.01,CRT01456,PRD0126
TRX008304,6,282.78,1696.6799999999998,CRT03214,PRD0111
TRX008305,8,200.26,1602.08,CRT02150,PRD0105
TRX008306,4,140.04,560.16,CRT02344,PRD0068
TRX008307,2,223.15,446.3,CRT03118,PRD0016
TRX008308,3,344.9,1034.6999999999998,CRT03146,PRD0035
TRX008309,6,238.5,1431.0,CRT01591,PRD0133
TRX008310,4,13.28,53.12,CRT00174,PRD0141
TRX008311,7,75.69,529.8299999999999,CRT02886,PRD0077
TRX008312,2,196.2,392.4,CRT01020,PRD0117
TRX008313,3,74.71,224.13,CRT00127,PRD0183
TRX008314,8,237.14,1897.12,CRT02203,PRD0064
TRX008315,7,288.92,2022.44,CRT00790,PRD0191
TRX008316,10,349.75,3497.5,CRT00529,PRD0055
TRX008317,9,163.96,1475.64,CRT00363,PRD0118
TRX008318,8,331.85,2654.8,CRT03401,PRD0143
TRX008319,7,102.2,715.4,CRT02161,PRD0106
TRX008320,3,30.34,91.02,CRT02431,PRD0063
TRX008321,3,166.93,500.79,CRT00624,PRD0108
TRX008322,10,196.43,1964.3,CRT01115,PRD0179
TRX008323,6,223.09,1338.54,CRT03101,PRD0199
TRX008324,8,259.17,2073.36,CRT02676,PRD0169
TRX008325,10,223.09,2230.9,CRT01729,PRD0199
TRX008326,5,15.96,79.80000000000001,CRT00605,PRD0090
TRX008327,8,119.47,955.76,CRT00498,PRD0008
TRX008328,5,267.28,1336.4,CRT01723,PRD0031
TRX008329,6,36.18,217.08,CRT01358,PRD0049
TRX008330,1,343.3,343.3,CRT00891,PRD0134
TRX008331,9,260.65,2345.85,CRT00772,PRD0168
TRX008332,1,115.14,115.14,CRT01591,PRD0034
TRX008333,10,96.92,969.2,CRT00573,PRD0124
TRX008334,9,344.42,3099.78,CRT01263,PRD0112
TRX008335,10,318.21,3182.1,CRT01013,PRD0181
TRX008336,8,13.65,109.2,CRT00506,PRD0019
TRX008337,2,208.25,416.5,CRT01315,PRD0147
TRX008338,8,330.57,2644.56,CRT01320,PRD0173
TRX008339,4,88.65,354.6,CRT01122,PRD0042
TRX008340,4,224.53,898.12,CRT02839,PRD0032
TRX008341,2,178.11,356.22,CRT02069,PRD0004
TRX008342,6,6.76,40.56,CRT02262,PRD0174
TRX008343,8,80.62,644.96,CRT02975,PRD0189
TRX008344,2,200.26,400.52,CRT00674,PRD0105
TRX008345,7,267.68,1873.76,CRT00684,PRD0197
TRX008346,1,238.97,238.97,CRT02576,PRD0026
TRX008347,5,57.82,289.1,CRT02424,PRD0089
TRX008348,3,120.9,362.7000000000001,CRT02858,PRD0175
TRX008349,7,275.78,1930.46,CRT00709,PRD0097
TRX008350,2,172.26,344.52,CRT01015,PRD0078
TRX008351,5,197.06,985.3,CRT01058,PRD0086
TRX008352,5,181.62,908.1,CRT03071,PRD0109
TRX008353,8,238.5,1908.0,CRT02918,PRD0133
TRX008354,2,140.04,280.08,CRT01067,PRD0068
TRX008355,7,42.58,298.06,CRT02943,PRD0095
TRX008356,6,102.2,613.2,CRT01747,PRD0106
TRX008357,1,270.94,270.94,CRT02098,PRD0148
TRX008358,5,267.68,1338.4,CRT03229,PRD0197
TRX008359,5,40.06,200.3,CRT00042,PRD0145
TRX008360,2,153.58,307.16,CRT01627,PRD0030
TRX008361,6,233.03,1398.18,CRT02816,PRD0102
TRX008362,3,74.71,224.13,CRT00037,PRD0183
TRX008363,7,15.96,111.72,CRT01310,PRD0090
TRX008364,5,234.97,1174.85,CRT02391,PRD0046
TRX008365,5,301.82,1509.1,CRT02681,PRD0054
TRX008366,6,311.57,1869.42,CRT02396,PRD0194
TRX008367,9,241.82,2176.38,CRT00250,PRD0192
TRX008368,3,38.12,114.36,CRT02682,PRD0002
TRX008369,10,171.38,1713.8,CRT01097,PRD0037
TRX008370,7,166.93,1168.51,CRT02759,PRD0108
TRX008371,10,194.83,1948.3,CRT01569,PRD0165
TRX008372,5,301.82,1509.1,CRT00901,PRD0054
TRX008373,6,24.14,144.84,CRT02457,PRD0127
TRX008374,5,278.04,1390.2,CRT00636,PRD0163
TRX008375,2,121.08,242.16,CRT01495,PRD0151
TRX008376,10,349.85,3498.5,CRT02303,PRD0196
TRX008377,2,9.29,18.58,CRT00560,PRD0128
TRX008378,4,229.76,919.04,CRT03072,PRD0074
TRX008379,8,36.18,289.44,CRT02594,PRD0049
TRX008380,9,196.43,1767.87,CRT01450,PRD0179
TRX008381,1,344.9,344.9,CRT00939,PRD0035
TRX008382,5,288.92,1444.6,CRT01584,PRD0191
TRX008383,10,238.97,2389.7,CRT01744,PRD0026
TRX008384,9,331.95,2987.55,CRT01117,PRD0161
TRX008385,8,260.65,2085.2,CRT00597,PRD0168
TRX008386,7,252.5,1767.5,CRT03193,PRD0100
TRX008387,3,331.85,995.55,CRT01986,PRD0143
TRX008388,1,119.47,119.47,CRT00062,PRD0008
TRX008389,10,142.41,1424.1,CRT00282,PRD0051
TRX008390,4,194.99,779.96,CRT01398,PRD0043
TRX008391,9,114.48,1030.32,CRT01900,PRD0107
TRX008392,4,55.45,221.8,CRT00497,PRD0142
TRX008393,8,179.52,1436.16,CRT02117,PRD0094
TRX008394,4,103.06,412.24,CRT00098,PRD0013
TRX008395,10,238.97,2389.7,CRT01292,PRD0026
TRX008396,7,302.86,2120.02,CRT02538,PRD0093
TRX008397,6,151.36,908.16,CRT00552,PRD0150
TRX008398,3,343.3,1029.9,CRT02074,PRD0134
TRX008399,5,238.97,1194.85,CRT00410,PRD0026
TRX008400,3,282.78,848.3399999999999,CRT01130,PRD0111
TRX008401,8,242.9,1943.2,CRT03027,PRD0164
TRX008402,7,278.04,1946.28,CRT03252,PRD0163
TRX008403,1,144.46,144.46,CRT01437,PRD0185
TRX008404,8,228.33,1826.64,CRT00148,PRD0005
TRX008405,5,55.45,277.25,CRT02070,PRD0142
TRX008406,2,12.47,24.94,CRT01106,PRD0158
TRX008407,5,297.0,1485.0,CRT02327,PRD0009
TRX008408,7,318.04,2226.28,CRT02036,PRD0146
TRX008409,5,267.28,1336.4,CRT00815,PRD0031
TRX008410,5,112.37,561.85,CRT00856,PRD0069
TRX008411,1,252.15,252.15,CRT02340,PRD0059
TRX008412,3,194.5,583.5,CRT02844,PRD0083
TRX008413,7,301.87,2113.09,CRT02261,PRD0121
TRX008414,2,12.47,24.94,CRT00604,PRD0158
TRX008415,4,116.26,465.04,CRT02179,PRD0137
TRX008416,6,267.68,1606.08,CRT01039,PRD0197
TRX008417,4,246.16,984.64,CRT02674,PRD0160
TRX008418,5,196.43,982.15,CRT00630,PRD0179
TRX008419,3,267.68,803.04,CRT01511,PRD0197
TRX008420,6,312.35,1874.1,CRT00266,PRD0130
TRX008421,6,252.15,1512.9,CRT02322,PRD0059
TRX008422,6,175.98,1055.88,CRT02183,PRD0021
TRX008423,7,15.79,110.53,CRT00095,PRD0096
TRX008424,2,344.42,688.84,CRT02341,PRD0112
TRX008425,9,127.91,1151.19,CRT01189,PRD0171
TRX008426,4,99.1,396.4,CRT00681,PRD0014
TRX008427,3,12.47,37.41,CRT02534,PRD0158
TRX008428,7,239.52,1676.64,CRT00781,PRD0085
TRX008429,3,263.29,789.8700000000001,CRT01885,PRD0157
TRX008430,2,275.33,550.66,CRT02980,PRD0058
TRX008431,4,6.76,27.04,CRT00153,PRD0174
TRX008432,9,302.86,2725.74,CRT02009,PRD0093
TRX008433,5,102.2,511.0,CRT02981,PRD0106
TRX008434,2,259.17,518.34,CRT00786,PRD0169
TRX008435,6,156.17,937.02,CRT02995,PRD0198
TRX008436,6,112.37,674.22,CRT00225,PRD0069
TRX008437,2,224.09,448.18,CRT02249,PRD0122
TRX008438,1,339.13,339.13,CRT00619,PRD0060
TRX008439,10,311.57,3115.7,CRT00532,PRD0194
TRX008440,6,234.25,1405.5,CRT03325,PRD0103
TRX008441,5,13.84,69.2,CRT00606,PRD0186
TRX008442,3,99.29,297.87,CRT00267,PRD0053
TRX008443,6,198.63,1191.78,CRT02623,PRD0135
TRX008444,3,252.5,757.5,CRT01790,PRD0100
TRX008445,8,234.97,1879.76,CRT03191,PRD0046
TRX008446,6,231.76,1390.56,CRT00395,PRD0038
TRX008447,1,86.2,86.2,CRT01304,PRD0036
TRX008448,6,100.84,605.04,CRT00538,PRD0170
TRX008449,7,190.14,1330.98,CRT01525,PRD0193
TRX008450,9,267.47,2407.2300000000005,CRT01461,PRD0033
TRX008451,9,181.62,1634.58,CRT01749,PRD0109
TRX008452,1,327.31,327.31,CRT01406,PRD0067
TRX008453,9,114.48,1030.32,CRT03128,PRD0107
TRX008454,5,85.85,429.25,CRT00364,PRD0184
TRX008455,9,64.83,583.47,CRT02040,PRD0088
TRX008456,3,149.12,447.36,CRT01858,PRD0003
TRX008457,1,100.84,100.84,CRT00918,PRD0170
TRX008458,8,196.43,1571.44,CRT01881,PRD0179
TRX008459,3,275.16,825.48,CRT01364,PRD0048
TRX008460,8,85.64,685.12,CRT03461,PRD0123
TRX008461,2,80.62,161.24,CRT02626,PRD0189
TRX008462,3,196.2,588.5999999999999,CRT02931,PRD0117
TRX008463,7,332.64,2328.48,CRT02359,PRD0119
TRX008464,4,259.17,1036.68,CRT00150,PRD0169
TRX008465,4,241.82,967.28,CRT01359,PRD0192
TRX008466,5,239.52,1197.6,CRT01996,PRD0085
TRX008467,1,149.36,149.36,CRT01759,PRD0007
TRX008468,3,194.5,583.5,CRT03264,PRD0083
TRX008469,10,9.29,92.9,CRT01548,PRD0128
TRX008470,4,332.64,1330.56,CRT01836,PRD0119
TRX008471,8,88.65,709.2,CRT00856,PRD0042
TRX008472,9,115.19,1036.71,CRT01098,PRD0018
TRX008473,2,80.62,161.24,CRT01146,PRD0189
TRX008474,4,162.15,648.6,CRT02579,PRD0010
TRX008475,3,97.82,293.46,CRT01358,PRD0172
TRX008476,7,36.18,253.26,CRT01407,PRD0049
TRX008477,8,234.25,1874.0,CRT03311,PRD0103
TRX008478,3,30.96,92.88,CRT01398,PRD0139
TRX008479,8,36.18,289.44,CRT01088,PRD0049
TRX008480,4,23.22,92.88,CRT02609,PRD0190
TRX008481,4,252.5,1010.0,CRT02086,PRD0100
TRX008482,3,6.76,20.28,CRT02535,PRD0174
TRX008483,7,260.49,1823.43,CRT00762,PRD0076
TRX008484,3,181.62,544.86,CRT02305,PRD0109
TRX008485,8,164.79,1318.32,CRT00392,PRD0050
TRX008486,8,239.52,1916.16,CRT00494,PRD0085
TRX008487,7,54.91,384.37,CRT03256,PRD0125
TRX008488,8,88.06,704.48,CRT02831,PRD0065
TRX008489,5,198.09,990.45,CRT00627,PRD0178
TRX008490,7,87.81,614.6700000000001,CRT00677,PRD0156
TRX008491,10,223.15,2231.5,CRT00060,PRD0016
TRX008492,6,181.62,1089.72,CRT02416,PRD0109
TRX008493,9,178.11,1602.9900000000002,CRT00160,PRD0004
TRX008494,9,78.71,708.39,CRT00571,PRD0024
TRX008495,2,242.9,485.8,CRT00886,PRD0164
TRX008496,10,88.65,886.5,CRT00760,PRD0042
TRX008497,5,59.71,298.55,CRT03405,PRD0057
TRX008498,7,195.42,1367.9399999999998,CRT00985,PRD0162
TRX008499,9,148.18,1333.62,CRT01700,PRD0066
TRX008500,8,10.72,85.76,CRT01789,PRD0092
TRX008501,8,238.97,1911.76,CRT03080,PRD0026
TRX008502,5,153.95,769.75,CRT02704,PRD0132
TRX008503,10,248.8,2488.0,CRT02451,PRD0099
TRX008504,3,234.25,702.75,CRT00392,PRD0103
TRX008505,10,302.86,3028.6000000000004,CRT01649,PRD0093
TRX008506,5,144.4,722.0,CRT02153,PRD0200
TRX008507,5,13.84,69.2,CRT00537,PRD0186
TRX008508,10,229.76,2297.6,CRT02662,PRD0074
TRX008509,10,302.95,3029.5,CRT02059,PRD0087
TRX008510,4,54.91,219.64,CRT02080,PRD0125
TRX008511,2,302.86,605.72,CRT02146,PRD0093
TRX008512,4,85.85,343.4,CRT02014,PRD0184
TRX008513,7,343.3,2403.1,CRT01844,PRD0134
TRX008514,8,339.13,2713.04,CRT02281,PRD0060
TRX008515,6,190.14,1140.84,CRT01798,PRD0193
TRX008516,8,112.37,898.96,CRT00698,PRD0069
TRX008517,3,112.37,337.11,CRT02574,PRD0069
TRX008518,7,301.5,2110.5,CRT00070,PRD0115
TRX008519,7,349.85,2448.9500000000003,CRT00768,PRD0196
TRX008520,9,207.27,1865.43,CRT01512,PRD0006
TRX008521,5,112.37,561.85,CRT01435,PRD0069
TRX008522,10,217.4,2174.0,CRT02582,PRD0180
TRX008523,1,275.16,275.16,CRT02608,PRD0048
TRX008524,6,146.67,880.02,CRT02472,PRD0126
TRX008525,4,209.57,838.28,CRT00219,PRD0027
TRX008526,7,331.85,2322.9500000000003,CRT01218,PRD0143
TRX008527,7,134.36,940.52,CRT00689,PRD0017
TRX008528,8,262.09,2096.72,CRT00565,PRD0023
TRX008529,9,234.25,2108.25,CRT01179,PRD0103
TRX008530,4,288.19,1152.76,CRT01904,PRD0176
TRX008531,3,241.82,725.46,CRT00660,PRD0192
TRX008532,1,275.33,275.33,CRT00338,PRD0058
TRX008533,4,125.96,503.84,CRT01127,PRD0015
TRX008534,2,301.22,602.44,CRT00163,PRD0045
TRX008535,7,112.37,786.59,CRT02834,PRD0069
TRX008536,2,267.47,534.94,CRT00946,PRD0033
TRX008537,4,30.34,121.36,CRT03103,PRD0063
TRX008538,2,270.94,541.88,CRT03148,PRD0148
TRX008539,8,238.5,1908.0,CRT01925,PRD0133
TRX008540,8,229.76,1838.08,CRT00007,PRD0074
TRX008541,10,195.42,1954.2,CRT01244,PRD0162
TRX008542,1,103.06,103.06,CRT02412,PRD0013
TRX008543,6,321.66,1929.96,CRT03238,PRD0091
TRX008544,4,343.3,1373.2,CRT02949,PRD0134
TRX008545,5,102.2,511.0,CRT02156,PRD0106
TRX008546,1,349.85,349.85,CRT02310,PRD0196
TRX008547,4,267.47,1069.88,CRT01976,PRD0033
TRX008548,9,336.37,3027.33,CRT02141,PRD0152
TRX008549,9,98.65,887.85,CRT00209,PRD0079
TRX008550,4,30.34,121.36,CRT01394,PRD0063
TRX008551,4,120.9,483.6,CRT02442,PRD0175
TRX008552,4,85.64,342.56,CRT00575,PRD0123
TRX008553,2,55.45,110.9,CRT01601,PRD0142
TRX008554,6,13.65,81.9,CRT01527,PRD0019
TRX008555,2,82.61,165.22,CRT00855,PRD0167
TRX008556,9,38.5,346.5,CRT00795,PRD0075
TRX008557,1,339.13,339.13,CRT02954,PRD0060
TRX008558,2,339.13,678.26,CRT03476,PRD0060
TRX008559,7,153.58,1075.0600000000002,CRT00724,PRD0030
TRX008560,7,331.95,2323.65,CRT03053,PRD0161
TRX008561,5,297.0,1485.0,CRT02133,PRD0009
TRX008562,9,195.42,1758.78,CRT01349,PRD0162
TRX008563,1,301.62,301.62,CRT02764,PRD0028
TRX008564,3,24.14,72.42,CRT03360,PRD0127
TRX008565,4,283.35,1133.4,CRT00751,PRD0154
TRX008566,7,221.23,1548.61,CRT01693,PRD0177
TRX008567,3,302.86,908.58,CRT03151,PRD0093
TRX008568,9,207.27,1865.43,CRT00292,PRD0006
TRX008569,1,208.25,208.25,CRT01177,PRD0147
TRX008570,2,286.9,573.8,CRT00400,PRD0110
TRX008571,10,111.48,1114.8,CRT02209,PRD0061
TRX008572,4,69.32,277.28,CRT01899,PRD0012
TRX008573,9,194.83,1753.47,CRT02840,PRD0165
TRX008574,9,292.23,2630.07,CRT02896,PRD0073
TRX008575,10,97.82,978.2,CRT01409,PRD0172
TRX008576,6,344.9,2069.4,CRT01392,PRD0035
TRX008577,4,281.86,1127.44,CRT00367,PRD0188
TRX008578,2,12.47,24.94,CRT01520,PRD0158
TRX008579,2,270.94,541.88,CRT01067,PRD0148
TRX008580,6,59.71,358.26,CRT02720,PRD0057
TRX008581,5,223.09,1115.45,CRT00003,PRD0199
TRX008582,4,38.12,152.48,CRT00261,PRD0002
TRX008583,10,13.28,132.79999999999998,CRT00543,PRD0141
TRX008584,8,196.2,1569.6,CRT01771,PRD0117
TRX008585,9,144.4,1299.6,CRT00549,PRD0200
TRX008586,2,64.83,129.66,CRT03151,PRD0088
TRX008587,6,275.33,1651.98,CRT02510,PRD0058
TRX008588,8,260.65,2085.2,CRT00534,PRD0168
TRX008589,4,12.47,49.88,CRT02356,PRD0158
TRX008590,5,281.93,1409.65,CRT02973,PRD0116
TRX008591,2,13.65,27.3,CRT02559,PRD0019
TRX008592,6,246.16,1476.96,CRT00784,PRD0160
TRX008593,10,115.19,1151.9,CRT03142,PRD0018
TRX008594,2,282.78,565.56,CRT01614,PRD0111
TRX008595,1,119.47,119.47,CRT02101,PRD0008
TRX008596,7,213.05,1491.35,CRT02997,PRD0144
TRX008597,7,238.5,1669.5,CRT01850,PRD0133
TRX008598,1,76.57,76.57,CRT01139,PRD0071
TRX008599,9,301.5,2713.5,CRT03283,PRD0115
TRX008600,7,196.2,1373.4,CRT02577,PRD0117
TRX008601,3,103.06,309.18,CRT02452,PRD0013
TRX008602,4,207.27,829.08,CRT01422,PRD0006
TRX008603,7,13.84,96.88,CRT03135,PRD0186
TRX008604,6,15.79,94.74,CRT01726,PRD0096
TRX008605,1,74.71,74.71,CRT00333,PRD0183
TRX008606,5,115.19,575.95,CRT00153,PRD0018
TRX008607,7,331.95,2323.65,CRT02645,PRD0161
TRX008608,1,153.95,153.95,CRT02532,PRD0132
TRX008609,3,318.21,954.63,CRT02890,PRD0181
TRX008610,7,88.06,616.4200000000001,CRT00585,PRD0065
TRX008611,3,316.62,949.86,CRT02222,PRD0082
TRX008612,3,115.19,345.57,CRT03271,PRD0018
TRX008613,5,318.21,1591.05,CRT01830,PRD0181
TRX008614,8,115.19,921.52,CRT02998,PRD0018
TRX008615,9,311.57,2804.13,CRT02847,PRD0194
TRX008616,10,262.09,2620.9,CRT00866,PRD0023
TRX008617,3,246.16,738.48,CRT00263,PRD0160
TRX008618,3,344.39,1033.17,CRT00447,PRD0149
TRX008619,6,318.04,1908.24,CRT02124,PRD0146
TRX008620,2,327.59,655.18,CRT03348,PRD0047
TRX008621,9,331.95,2987.55,CRT00409,PRD0161
TRX008622,3,331.85,995.55,CRT03214,PRD0143
TRX008623,7,42.58,298.06,CRT02432,PRD0095
TRX008624,2,228.33,456.66,CRT01234,PRD0041
TRX008625,4,301.87,1207.48,CRT02077,PRD0121
TRX008626,6,308.17,1849.02,CRT02029,PRD0138
TRX008627,1,302.95,302.95,CRT01867,PRD0087
TRX008628,7,86.2,603.4,CRT00865,PRD0036
TRX008629,3,302.86,908.58,CRT02425,PRD0093
TRX008630,2,286.9,573.8,CRT01225,PRD0110
TRX008631,1,115.19,115.19,CRT01742,PRD0018
TRX008632,9,248.8,2239.2000000000003,CRT02571,PRD0099
TRX008633,5,252.15,1260.75,CRT00059,PRD0059
TRX008634,1,238.97,238.97,CRT02507,PRD0026
TRX008635,2,283.35,566.7,CRT02562,PRD0154
TRX008636,6,267.28,1603.6799999999998,CRT02456,PRD0031
TRX008637,8,289.44,2315.52,CRT01320,PRD0155
TRX008638,10,96.92,969.2,CRT02436,PRD0124
TRX008639,10,221.23,2212.3,CRT02877,PRD0177
TRX008640,8,55.45,443.6,CRT01869,PRD0142
TRX008641,1,26.82,26.82,CRT02674,PRD0101
TRX008642,7,223.09,1561.63,CRT02141,PRD0199
TRX008643,3,119.47,358.41,CRT01239,PRD0008
TRX008644,10,275.33,2753.3,CRT02904,PRD0058
TRX008645,9,97.82,880.3799999999999,CRT00485,PRD0172
TRX008646,2,310.43,620.86,CRT01569,PRD0113
TRX008647,1,267.47,267.47,CRT01079,PRD0033
TRX008648,10,102.2,1022.0,CRT01776,PRD0106
TRX008649,10,301.87,3018.7,CRT01980,PRD0121
TRX008650,8,344.42,2755.36,CRT03334,PRD0112
TRX008651,6,4.55,27.3,CRT01203,PRD0129
TRX008652,3,331.85,995.55,CRT00783,PRD0143
TRX008653,7,281.93,1973.51,CRT00955,PRD0116
TRX008654,9,303.73,2733.57,CRT01524,PRD0136
TRX008655,7,111.48,780.36,CRT02228,PRD0061
TRX008656,7,292.23,2045.61,CRT02674,PRD0073
TRX008657,6,231.76,1390.56,CRT02584,PRD0038
TRX008658,1,194.83,194.83,CRT03104,PRD0165
TRX008659,9,51.02,459.18,CRT02028,PRD0022
TRX008660,4,281.93,1127.72,CRT02128,PRD0116
TRX008661,7,332.64,2328.48,CRT01558,PRD0119
TRX008662,9,234.25,2108.25,CRT02196,PRD0103
TRX008663,2,125.96,251.92,CRT00500,PRD0015
TRX008664,7,248.47,1739.29,CRT02161,PRD0044
TRX008665,9,88.06,792.54,CRT01481,PRD0065
TRX008666,3,190.14,570.42,CRT03460,PRD0193
TRX008667,2,318.04,636.08,CRT01066,PRD0146
TRX008668,5,80.42,402.1,CRT02676,PRD0140
TRX008669,1,13.65,13.65,CRT02010,PRD0019
TRX008670,8,241.82,1934.56,CRT01388,PRD0192
TRX008671,4,327.59,1310.36,CRT00076,PRD0047
TRX008672,8,302.95,2423.6,CRT00014,PRD0087
TRX008673,4,330.57,1322.28,CRT02737,PRD0173
TRX008674,1,342.98,342.98,CRT01601,PRD0080
TRX008675,9,104.38,939.42,CRT02402,PRD0011
TRX008676,8,111.48,891.84,CRT01744,PRD0061
TRX008677,2,13.84,27.68,CRT01958,PRD0186
TRX008678,5,288.19,1440.95,CRT02400,PRD0176
TRX008679,4,223.09,892.36,CRT02978,PRD0199
TRX008680,10,74.71,747.0999999999999,CRT00995,PRD0183
TRX008681,1,115.19,115.19,CRT00966,PRD0018
TRX008682,4,97.82,391.28,CRT03338,PRD0172
TRX008683,10,248.47,2484.7,CRT00678,PRD0044
TRX008684,1,286.9,286.9,CRT02129,PRD0110
TRX008685,10,310.43,3104.3,CRT01765,PRD0113
TRX008686,3,96.92,290.76,CRT01058,PRD0124
TRX008687,1,198.09,198.09,CRT01439,PRD0178
TRX008688,1,125.8,125.8,CRT00849,PRD0159
TRX008689,6,15.79,94.74,CRT02937,PRD0096
TRX008690,7,119.47,836.29,CRT01817,PRD0008
TRX008691,3,278.04,834.1200000000001,CRT02205,PRD0163
TRX008692,7,149.36,1045.52,CRT00722,PRD0007
TRX008693,1,275.16,275.16,CRT02566,PRD0048
TRX008694,8,88.65,709.2,CRT01878,PRD0042
TRX008695,1,224.53,224.53,CRT01867,PRD0032
TRX008696,3,63.71,191.13,CRT03491,PRD0153
TRX008697,5,156.17,780.8499999999999,CRT01026,PRD0198
TRX008698,8,349.75,2798.0,CRT02045,PRD0055
TRX008699,5,246.16,1230.8,CRT00098,PRD0160
TRX008700,9,332.64,2993.76,CRT01016,PRD0119
TRX008701,6,197.06,1182.36,CRT00035,PRD0086
TRX008702,8,241.82,1934.56,CRT02118,PRD0192
TRX008703,10,223.15,2231.5,CRT02321,PRD0016
TRX008704,9,196.43,1767.87,CRT01802,PRD0179
TRX008705,9,42.58,383.22,CRT01381,PRD0095
TRX008706,9,98.65,887.85,CRT00035,PRD0079
TRX008707,10,69.32,693.1999999999999,CRT03377,PRD0012
TRX008708,3,213.05,639.1500000000001,CRT00414,PRD0144
TRX008709,2,321.66,643.32,CRT03107,PRD0091
TRX008710,4,121.08,484.32,CRT00110,PRD0151
TRX008711,3,267.28,801.8399999999999,CRT01395,PRD0031
TRX008712,8,55.45,443.6,CRT03365,PRD0142
TRX008713,4,212.13,848.52,CRT00137,PRD0131
TRX008714,9,267.28,2405.5199999999995,CRT01401,PRD0031
TRX008715,2,223.15,446.3,CRT01936,PRD0016
TRX008716,6,260.49,1562.94,CRT03157,PRD0076
TRX008717,3,151.36,454.08,CRT00064,PRD0150
TRX008718,3,78.71,236.13,CRT01906,PRD0024
TRX008719,10,207.27,2072.7000000000003,CRT00947,PRD0006
TRX008720,4,256.15,1024.6,CRT02918,PRD0040
TRX008721,3,252.5,757.5,CRT01255,PRD0100
TRX008722,3,4.55,13.65,CRT00366,PRD0129
TRX008723,10,318.04,3180.4,CRT00776,PRD0146
TRX008724,8,13.65,109.2,CRT01947,PRD0019
TRX008725,3,11.49,34.47,CRT01889,PRD0195
TRX008726,6,198.63,1191.78,CRT01945,PRD0135
TRX008727,5,349.85,1749.25,CRT03063,PRD0196
TRX008728,1,104.38,104.38,CRT02816,PRD0011
TRX008729,2,289.44,578.88,CRT01155,PRD0155
TRX008730,5,30.96,154.8,CRT01068,PRD0139
TRX008731,10,64.83,648.3,CRT02852,PRD0088
TRX008732,4,100.84,403.36,CRT01929,PRD0170
TRX008733,9,149.36,1344.2400000000002,CRT02166,PRD0007
TRX008734,5,231.76,1158.8,CRT02580,PRD0038
TRX008735,8,97.82,782.56,CRT00917,PRD0172
TRX008736,6,85.64,513.84,CRT02992,PRD0123
TRX008737,5,97.82,489.1,CRT03482,PRD0172
TRX008738,4,88.65,354.6,CRT01937,PRD0042
TRX008739,2,239.52,479.04,CRT01456,PRD0085
TRX008740,9,6.76,60.84,CRT03030,PRD0174
TRX008741,9,228.33,2054.9700000000003,CRT00051,PRD0005
TRX008742,7,218.35,1528.45,CRT03240,PRD0070
TRX008743,5,224.09,1120.45,CRT01565,PRD0122
TRX008744,6,151.12,906.72,CRT01297,PRD0081
TRX008745,10,291.12,2911.2,CRT00045,PRD0120
TRX008746,5,260.65,1303.25,CRT00003,PRD0168
TRX008747,8,342.98,2743.84,CRT00161,PRD0080
TRX008748,9,308.17,2773.53,CRT01208,PRD0138
TRX008749,1,164.79,164.79,CRT01367,PRD0050
TRX008750,1,213.05,213.05,CRT02376,PRD0144
TRX008751,8,156.17,1249.36,CRT00357,PRD0198
TRX008752,10,164.79,1647.9,CRT03111,PRD0050
TRX008753,3,30.96,92.88,CRT02725,PRD0139
TRX008754,5,69.32,346.6,CRT01246,PRD0012
TRX008755,7,248.8,1741.6,CRT00712,PRD0099
TRX008756,4,344.39,1377.56,CRT03190,PRD0149
TRX008757,7,237.14,1659.98,CRT03327,PRD0064
TRX008758,7,242.9,1700.3,CRT01356,PRD0164
TRX008759,10,263.29,2632.9,CRT00340,PRD0157
TRX008760,9,281.93,2537.37,CRT00914,PRD0116
TRX008761,4,6.76,27.04,CRT01979,PRD0174
TRX008762,8,99.1,792.8,CRT02890,PRD0014
TRX008763,6,153.95,923.7,CRT03426,PRD0132
TRX008764,6,344.42,2066.52,CRT02328,PRD0112
TRX008765,6,256.15,1536.9,CRT03141,PRD0040
TRX008766,1,171.38,171.38,CRT01030,PRD0037
TRX008767,5,339.13,1695.65,CRT01571,PRD0060
TRX008768,6,259.17,1555.02,CRT00182,PRD0169
TRX008769,9,246.16,2215.44,CRT02665,PRD0160
TRX008770,4,316.62,1266.48,CRT03199,PRD0082
TRX008771,9,198.09,1782.81,CRT03193,PRD0178
TRX008772,8,87.81,702.48,CRT02288,PRD0156
TRX008773,6,252.15,1512.9,CRT01858,PRD0059
TRX008774,1,221.23,221.23,CRT00567,PRD0177
TRX008775,1,181.62,181.62,CRT03074,PRD0109
TRX008776,8,102.2,817.6,CRT02813,PRD0106
TRX008777,8,305.67,2445.36,CRT00110,PRD0039
TRX008778,1,288.19,288.19,CRT02209,PRD0176
TRX008779,10,344.9,3449.0,CRT00715,PRD0035
TRX008780,10,179.52,1795.2,CRT01304,PRD0094
TRX008781,1,291.12,291.12,CRT02408,PRD0120
TRX008782,4,38.12,152.48,CRT00167,PRD0002
TRX008783,2,281.93,563.86,CRT00950,PRD0116
TRX008784,8,231.76,1854.08,CRT01035,PRD0038
TRX008785,3,200.26,600.78,CRT03324,PRD0105
TRX008786,2,198.09,396.18,CRT00883,PRD0178
TRX008787,2,74.71,149.42,CRT02106,PRD0183
TRX008788,4,260.65,1042.6,CRT03284,PRD0168
TRX008789,6,95.22,571.3199999999999,CRT01377,PRD0029
TRX008790,10,38.5,385.0,CRT00960,PRD0075
TRX008791,9,23.22,208.98,CRT01201,PRD0190
TRX008792,1,344.39,344.39,CRT01477,PRD0149
TRX008793,5,308.05,1540.25,CRT03159,PRD0072
TRX008794,4,144.4,577.6,CRT01404,PRD0200
TRX008795,4,262.09,1048.36,CRT03208,PRD0023
TRX008796,4,54.91,219.64,CRT00577,PRD0125
TRX008797,2,262.09,524.18,CRT03290,PRD0023
TRX008798,6,281.93,1691.58,CRT01323,PRD0116
TRX008799,7,239.52,1676.64,CRT02756,PRD0085
TRX008800,10,228.33,2283.3,CRT00442,PRD0005
TRX008801,7,194.99,1364.93,CRT01133,PRD0043
TRX008802,5,30.34,151.7,CRT01205,PRD0063
TRX008803,1,330.57,330.57,CRT02091,PRD0173
TRX008804,2,87.81,175.62,CRT03053,PRD0156
TRX008805,1,275.16,275.16,CRT00480,PRD0048
TRX008806,2,252.5,505.0,CRT03264,PRD0100
TRX008807,5,310.43,1552.15,CRT02689,PRD0113
TRX008808,7,88.65,620.5500000000001,CRT00645,PRD0042
TRX008809,1,331.85,331.85,CRT02993,PRD0143
TRX008810,2,256.15,512.3,CRT00438,PRD0040
TRX008811,10,288.19,2881.9,CRT00028,PRD0176
TRX008812,4,259.17,1036.68,CRT00826,PRD0169
TRX008813,4,305.67,1222.68,CRT03262,PRD0039
TRX008814,6,288.92,1733.52,CRT02267,PRD0191
TRX008815,3,114.48,343.44,CRT01033,PRD0107
TRX008816,1,149.36,149.36,CRT02776,PRD0007
TRX008817,7,30.96,216.72,CRT00906,PRD0139
TRX008818,3,194.5,583.5,CRT01076,PRD0083
TRX008819,3,64.83,194.49,CRT03153,PRD0088
TRX008820,7,46.73,327.11,CRT01063,PRD0104
TRX008821,1,194.5,194.5,CRT01011,PRD0083
TRX008822,10,217.4,2174.0,CRT02750,PRD0180
TRX008823,4,349.75,1399.0,CRT01304,PRD0055
TRX008824,2,302.95,605.9,CRT00780,PRD0087
TRX008825,7,15.79,110.53,CRT01530,PRD0096
TRX008826,5,331.85,1659.25,CRT00598,PRD0143
TRX008827,3,75.82,227.46,CRT02969,PRD0020
TRX008828,7,327.59,2293.13,CRT02863,PRD0047
TRX008829,7,283.35,1983.4500000000005,CRT01871,PRD0154
TRX008830,4,209.57,838.28,CRT01094,PRD0027
TRX008831,4,151.12,604.48,CRT01712,PRD0081
TRX008832,2,51.02,102.04,CRT00287,PRD0022
TRX008833,7,327.31,2291.17,CRT00481,PRD0067
TRX008834,2,196.43,392.86,CRT01166,PRD0179
TRX008835,5,281.93,1409.65,CRT01217,PRD0116
TRX008836,1,275.78,275.78,CRT00356,PRD0097
TRX008837,9,119.47,1075.23,CRT02456,PRD0008
TRX008838,3,99.29,297.87,CRT03017,PRD0053
TRX008839,4,234.25,937.0,CRT02086,PRD0103
TRX008840,2,260.19,520.38,CRT00012,PRD0001
TRX008841,1,175.98,175.98,CRT00872,PRD0021
TRX008842,2,151.36,302.72,CRT00448,PRD0150
TRX008843,8,301.82,2414.56,CRT00647,PRD0054
TRX008844,2,246.16,492.32,CRT00320,PRD0160
TRX008845,8,229.76,1838.08,CRT03042,PRD0074
TRX008846,2,86.2,172.4,CRT03253,PRD0036
TRX008847,10,262.09,2620.9,CRT02727,PRD0023
TRX008848,10,30.34,303.4,CRT00829,PRD0063
TRX008849,5,194.99,974.95,CRT02726,PRD0043
TRX008850,6,260.49,1562.94,CRT00502,PRD0076
TRX008851,8,99.1,792.8,CRT03395,PRD0014
TRX008852,5,194.5,972.5,CRT01732,PRD0083
TRX008853,1,75.69,75.69,CRT01490,PRD0077
TRX008854,6,175.98,1055.88,CRT00948,PRD0021
TRX008855,2,172.26,344.52,CRT02249,PRD0078
TRX008856,10,149.36,1493.6,CRT02561,PRD0007
TRX008857,10,256.15,2561.5,CRT02162,PRD0040
TRX008858,6,260.49,1562.94,CRT01945,PRD0076
TRX008859,1,115.19,115.19,CRT02494,PRD0018
TRX008860,9,224.09,2016.81,CRT01125,PRD0122
TRX008861,2,342.98,685.96,CRT01137,PRD0080
TRX008862,10,151.36,1513.6,CRT00634,PRD0150
TRX008863,1,263.29,263.29,CRT02341,PRD0157
TRX008864,1,112.37,112.37,CRT00597,PRD0069
TRX008865,6,55.45,332.70000000000005,CRT02946,PRD0142
TRX008866,7,301.82,2112.74,CRT00490,PRD0054
TRX008867,8,11.49,91.92,CRT03008,PRD0195
TRX008868,4,200.1,800.4,CRT00355,PRD0182
TRX008869,6,86.2,517.2,CRT00405,PRD0036
TRX008870,3,342.98,1028.94,CRT01759,PRD0080
TRX008871,7,311.57,2180.99,CRT01713,PRD0194
TRX008872,4,260.49,1041.96,CRT02153,PRD0076
TRX008873,6,121.08,726.48,CRT01571,PRD0151
TRX008874,10,144.46,1444.6,CRT00192,PRD0185
TRX008875,6,80.62,483.72,CRT03207,PRD0189
TRX008876,2,11.49,22.98,CRT01852,PRD0195
TRX008877,8,223.09,1784.72,CRT02229,PRD0199
TRX008878,7,252.5,1767.5,CRT01272,PRD0100
TRX008879,4,115.19,460.76,CRT02098,PRD0018
TRX008880,6,301.82,1810.92,CRT00905,PRD0054
TRX008881,3,207.27,621.8100000000001,CRT01590,PRD0006
TRX008882,5,252.15,1260.75,CRT00943,PRD0059
TRX008883,2,246.16,492.32,CRT00807,PRD0160
TRX008884,4,349.75,1399.0,CRT01282,PRD0055
TRX008885,1,308.17,308.17,CRT00752,PRD0138
TRX008886,3,59.71,179.13,CRT02704,PRD0057
TRX008887,3,140.04,420.12,CRT01042,PRD0068
TRX008888,9,141.38,1272.42,CRT03059,PRD0114
TRX008889,7,198.63,1390.41,CRT02562,PRD0135
TRX008890,8,12.47,99.76,CRT02987,PRD0158
TRX008891,2,207.27,414.54,CRT01036,PRD0006
TRX008892,1,327.59,327.59,CRT02917,PRD0047
TRX008893,7,38.12,266.84,CRT02955,PRD0002
TRX008894,7,115.19,806.3299999999999,CRT00417,PRD0018
TRX008895,6,301.87,1811.22,CRT02033,PRD0121
TRX008896,7,194.5,1361.5,CRT02459,PRD0083
TRX008897,1,349.85,349.85,CRT03430,PRD0196
TRX008898,3,267.28,801.8399999999999,CRT01609,PRD0031
TRX008899,5,87.81,439.05,CRT00910,PRD0156
TRX008900,10,241.82,2418.2,CRT02966,PRD0192
TRX008901,3,311.57,934.71,CRT02111,PRD0194
TRX008902,4,260.49,1041.96,CRT00129,PRD0076
TRX008903,6,163.96,983.76,CRT00810,PRD0118
TRX008904,8,200.1,1600.8,CRT01787,PRD0182
TRX008905,8,308.17,2465.36,CRT00106,PRD0138
TRX008906,8,30.96,247.68,CRT00684,PRD0139
TRX008907,5,212.13,1060.65,CRT01855,PRD0131
TRX008908,2,318.04,636.08,CRT01475,PRD0146
TRX008909,5,283.35,1416.75,CRT03059,PRD0154
TRX008910,10,344.39,3443.9,CRT00241,PRD0149
TRX008911,1,331.95,331.95,CRT00704,PRD0161
TRX008912,6,98.65,591.9000000000001,CRT02890,PRD0079
TRX008913,8,114.48,915.84,CRT01825,PRD0107
TRX008914,2,166.93,333.86,CRT02104,PRD0108
TRX008915,8,153.95,1231.6,CRT00638,PRD0132
TRX008916,6,120.9,725.4000000000001,CRT03278,PRD0175
TRX008917,4,80.62,322.48,CRT01796,PRD0189
TRX008918,3,88.06,264.18,CRT01772,PRD0065
TRX008919,3,303.73,911.19,CRT03114,PRD0136
TRX008920,8,321.66,2573.28,CRT02843,PRD0091
TRX008921,10,349.85,3498.5,CRT01949,PRD0196
TRX008922,10,163.96,1639.6,CRT01235,PRD0118
TRX008923,8,68.6,548.8,CRT00610,PRD0052
TRX008924,6,263.29,1579.7400000000002,CRT01902,PRD0157
TRX008925,3,301.87,905.61,CRT00688,PRD0121
TRX008926,7,115.19,806.3299999999999,CRT00999,PRD0018
TRX008927,2,116.26,232.52,CRT01942,PRD0137
TRX008928,6,200.1,1200.6,CRT00644,PRD0182
TRX008929,9,149.36,1344.2400000000002,CRT02395,PRD0007
TRX008930,8,262.09,2096.72,CRT01098,PRD0023
TRX008931,9,231.76,2085.84,CRT00428,PRD0038
TRX008932,10,331.95,3319.5,CRT02421,PRD0161
TRX008933,9,125.8,1132.2,CRT01431,PRD0159
TRX008934,10,97.82,978.2,CRT02912,PRD0172
TRX008935,2,121.08,242.16,CRT00745,PRD0151
TRX008936,7,23.22,162.54,CRT01147,PRD0190
TRX008937,9,36.18,325.62,CRT00793,PRD0049
TRX008938,4,242.9,971.6,CRT02843,PRD0164
TRX008939,2,146.67,293.34,CRT02745,PRD0126
TRX008940,8,310.43,2483.44,CRT00176,PRD0113
TRX008941,2,231.76,463.52,CRT01792,PRD0038
TRX008942,6,151.36,908.16,CRT03023,PRD0150
TRX008943,2,42.58,85.16,CRT01247,PRD0095
TRX008944,2,302.86,605.72,CRT02400,PRD0093
TRX008945,2,178.11,356.22,CRT00658,PRD0004
TRX008946,5,129.22,646.1,CRT00978,PRD0084
TRX008947,3,278.04,834.1200000000001,CRT01336,PRD0163
TRX008948,5,13.84,69.2,CRT00307,PRD0186
TRX008949,2,327.31,654.62,CRT01678,PRD0067
TRX008950,3,238.5,715.5,CRT02599,PRD0133
TRX008951,5,140.04,700.1999999999999,CRT03268,PRD0068
TRX008952,9,55.45,499.05,CRT02074,PRD0142
TRX008953,5,111.48,557.4,CRT01392,PRD0061
TRX008954,6,171.38,1028.28,CRT03263,PRD0037
TRX008955,5,288.92,1444.6,CRT03455,PRD0191
TRX008956,7,68.6,480.19999999999993,CRT00786,PRD0052
TRX008957,8,85.64,685.12,CRT02848,PRD0123
TRX008958,4,172.26,689.04,CRT00478,PRD0078
TRX008959,2,281.93,563.86,CRT02117,PRD0116
TRX008960,4,252.15,1008.6,CRT00900,PRD0059
TRX008961,8,260.65,2085.2,CRT01317,PRD0168
TRX008962,2,267.68,535.36,CRT02779,PRD0197
TRX008963,8,121.08,968.64,CRT00917,PRD0151
TRX008964,5,15.79,78.94999999999999,CRT03172,PRD0096
TRX008965,2,80.42,160.84,CRT00185,PRD0140
TRX008966,10,311.57,3115.7,CRT02057,PRD0194
TRX008967,1,259.17,259.17,CRT02051,PRD0169
TRX008968,7,209.57,1466.99,CRT00102,PRD0027
TRX008969,7,112.37,786.59,CRT00130,PRD0069
TRX008970,10,26.82,268.2,CRT00169,PRD0101
TRX008971,6,311.57,1869.42,CRT02085,PRD0194
TRX008972,5,262.09,1310.4499999999998,CRT01191,PRD0023
TRX008973,6,311.57,1869.42,CRT00798,PRD0194
TRX008974,1,344.39,344.39,CRT00060,PRD0149
TRX008975,9,144.4,1299.6,CRT03171,PRD0200
TRX008976,6,241.37,1448.22,CRT02915,PRD0187
TRX008977,8,330.57,2644.56,CRT02394,PRD0173
TRX008978,1,312.35,312.35,CRT01192,PRD0130
TRX008979,4,15.96,63.84,CRT00334,PRD0090
TRX008980,5,349.75,1748.75,CRT00298,PRD0055
TRX008981,1,302.86,302.86,CRT02081,PRD0093
TRX008982,2,238.5,477.0,CRT02323,PRD0133
TRX008983,2,59.71,119.42,CRT01017,PRD0057
TRX008984,8,121.08,968.64,CRT01007,PRD0151
TRX008985,7,163.96,1147.72,CRT02277,PRD0118
TRX008986,2,327.59,655.18,CRT01365,PRD0047
TRX008987,8,198.63,1589.04,CRT02577,PRD0135
TRX008988,1,242.9,242.9,CRT01802,PRD0164
TRX008989,7,331.85,2322.9500000000003,CRT01809,PRD0143
TRX008990,2,282.78,565.56,CRT02168,PRD0111
TRX008991,4,194.83,779.32,CRT03288,PRD0165
TRX008992,1,239.52,239.52,CRT02938,PRD0085
TRX008993,2,200.1,400.2,CRT02153,PRD0182
TRX008994,2,234.25,468.5,CRT01603,PRD0103
TRX008995,3,136.36,409.08,CRT01298,PRD0098
TRX008996,8,13.65,109.2,CRT00598,PRD0019
TRX008997,4,241.82,967.28,CRT03188,PRD0192
TRX008998,9,127.91,1151.19,CRT01299,PRD0171
TRX008999,4,104.38,417.52,CRT02713,PRD0011
TRX009000,2,57.82,115.64,CRT01716,PRD0089
TRX009001,9,179.52,1615.68,CRT02223,PRD0094
TRX009002,2,311.57,623.14,CRT01999,PRD0194
TRX009003,8,175.98,1407.84,CRT02640,PRD0021
TRX009004,3,116.26,348.78000000000003,CRT00443,PRD0137
TRX009005,1,54.91,54.91,CRT01815,PRD0125
TRX009006,4,9.29,37.16,CRT00390,PRD0128
TRX009007,6,140.04,840.24,CRT02074,PRD0068
TRX009008,8,316.62,2532.96,CRT00628,PRD0082
TRX009009,10,125.96,1259.6,CRT00251,PRD0015
TRX009010,7,270.94,1896.58,CRT02609,PRD0148
TRX009011,6,297.0,1782.0,CRT01620,PRD0009
TRX009012,7,349.75,2448.25,CRT01886,PRD0055
TRX009013,5,144.4,722.0,CRT02312,PRD0200
TRX009014,1,23.22,23.22,CRT02320,PRD0190
TRX009015,1,141.38,141.38,CRT02210,PRD0114
TRX009016,2,344.42,688.84,CRT00259,PRD0112
TRX009017,10,115.19,1151.9,CRT00482,PRD0018
TRX009018,2,144.46,288.92,CRT01851,PRD0185
TRX009019,6,275.33,1651.98,CRT00657,PRD0058
TRX009020,5,146.67,733.3499999999999,CRT02130,PRD0126
TRX009021,3,196.43,589.29,CRT03010,PRD0179
TRX009022,7,100.84,705.88,CRT03146,PRD0170
TRX009023,1,331.95,331.95,CRT01618,PRD0161
TRX009024,8,30.34,242.72,CRT03242,PRD0063
TRX009025,9,76.57,689.1299999999999,CRT02628,PRD0071
TRX009026,3,153.58,460.74,CRT01852,PRD0030
TRX009027,5,144.4,722.0,CRT03206,PRD0200
TRX009028,2,278.04,556.08,CRT00920,PRD0163
TRX009029,2,181.62,363.24,CRT01151,PRD0109
TRX009030,7,9.29,65.03,CRT00347,PRD0128
TRX009031,5,275.78,1378.9,CRT00931,PRD0097
TRX009032,4,198.63,794.52,CRT03241,PRD0135
TRX009033,5,195.42,977.1,CRT01490,PRD0162
TRX009034,3,331.85,995.55,CRT02662,PRD0143
TRX009035,5,97.82,489.1,CRT00560,PRD0172
TRX009036,2,153.95,307.9,CRT03483,PRD0132
TRX009037,2,301.5,603.0,CRT03438,PRD0115
TRX009038,5,282.78,1413.9,CRT00367,PRD0111
TRX009039,8,153.95,1231.6,CRT00638,PRD0132
TRX009040,6,162.15,972.9,CRT00762,PRD0010
TRX009041,5,301.62,1508.1,CRT00104,PRD0028
TRX009042,7,198.09,1386.63,CRT01849,PRD0178
TRX009043,7,260.49,1823.43,CRT01197,PRD0076
TRX009044,3,9.29,27.87,CRT01521,PRD0128
TRX009045,5,288.92,1444.6,CRT01878,PRD0191
TRX009046,9,42.58,383.22,CRT02714,PRD0095
TRX009047,3,124.75,374.25,CRT02024,PRD0166
TRX009048,3,112.37,337.11,CRT02135,PRD0069
TRX009049,4,310.43,1241.72,CRT03451,PRD0113
TRX009050,1,221.23,221.23,CRT02921,PRD0177
TRX009051,7,318.04,2226.28,CRT00280,PRD0146
TRX009052,5,103.06,515.3,CRT03309,PRD0013
TRX009053,3,200.26,600.78,CRT01178,PRD0105
TRX009054,2,156.17,312.34,CRT00040,PRD0198
TRX009055,2,179.52,359.04,CRT02874,PRD0094
TRX009056,7,119.47,836.29,CRT02583,PRD0008
TRX009057,9,196.43,1767.87,CRT02161,PRD0179
TRX009058,5,125.8,629.0,CRT03210,PRD0159
TRX009059,7,143.73,1006.11,CRT03382,PRD0056
TRX009060,1,241.37,241.37,CRT02521,PRD0187
TRX009061,4,281.86,1127.44,CRT02206,PRD0188
TRX009062,9,136.36,1227.2400000000002,CRT00585,PRD0098
TRX009063,10,281.93,2819.3,CRT00369,PRD0116
TRX009064,6,78.71,472.26,CRT01639,PRD0024
TRX009065,2,129.22,258.44,CRT00165,PRD0084
TRX009066,6,223.15,1338.9,CRT01105,PRD0016
TRX009067,10,241.37,2413.7,CRT01961,PRD0187
TRX009068,3,68.6,205.8,CRT01489,PRD0052
TRX009069,4,75.69,302.76,CRT01481,PRD0077
TRX009070,5,312.35,1561.75,CRT00728,PRD0130
TRX009071,7,311.57,2180.99,CRT02881,PRD0194
TRX009072,7,144.4,1010.8,CRT01308,PRD0200
TRX009073,6,97.82,586.92,CRT02199,PRD0172
TRX009074,3,36.18,108.54,CRT02300,PRD0049
TRX009075,2,336.37,672.74,CRT02606,PRD0152
TRX009076,8,10.72,85.76,CRT01885,PRD0092
TRX009077,5,331.95,1659.75,CRT00073,PRD0161
TRX009078,7,344.9,2414.3,CRT02527,PRD0035
TRX009079,5,283.35,1416.75,CRT03365,PRD0154
TRX009080,6,120.9,725.4000000000001,CRT00042,PRD0175
TRX009081,4,136.36,545.44,CRT02927,PRD0098
TRX009082,4,241.82,967.28,CRT01115,PRD0192
TRX009083,2,278.04,556.08,CRT00443,PRD0163
TRX009084,7,198.63,1390.41,CRT01381,PRD0135
TRX009085,5,85.85,429.25,CRT02612,PRD0184
TRX009086,10,97.82,978.2,CRT00426,PRD0172
TRX009087,6,283.35,1700.1,CRT02015,PRD0154
TRX009088,1,11.49,11.49,CRT02756,PRD0195
TRX009089,7,171.38,1199.66,CRT00280,PRD0037
TRX009090,1,252.5,252.5,CRT00871,PRD0100
TRX009091,6,40.06,240.36,CRT03002,PRD0145
TRX009092,5,275.78,1378.9,CRT00440,PRD0097
TRX009093,2,252.15,504.3,CRT02008,PRD0059
TRX009094,2,198.63,397.26,CRT01661,PRD0135
TRX009095,4,11.49,45.96,CRT00471,PRD0195
TRX009096,8,252.5,2020.0,CRT03032,PRD0100
TRX009097,2,260.19,520.38,CRT01224,PRD0001
TRX009098,4,179.52,718.08,CRT00852,PRD0094
TRX009099,5,310.43,1552.15,CRT01494,PRD0113
TRX009100,7,265.13,1855.91,CRT02009,PRD0025
TRX009101,4,153.58,614.32,CRT02416,PRD0030
TRX009102,2,36.18,72.36,CRT01149,PRD0049
TRX009103,1,327.31,327.31,CRT01873,PRD0067
TRX009104,8,13.65,109.2,CRT00354,PRD0019
TRX009105,9,115.19,1036.71,CRT01759,PRD0018
TRX009106,10,312.35,3123.5,CRT00431,PRD0130
TRX009107,1,289.44,289.44,CRT00992,PRD0155
TRX009108,8,124.75,998.0,CRT00214,PRD0166
TRX009109,9,282.78,2545.0199999999995,CRT00475,PRD0111
TRX009110,7,267.47,1872.29,CRT00743,PRD0033
TRX009111,10,115.14,1151.4,CRT01614,PRD0034
TRX009112,6,275.78,1654.6799999999998,CRT01402,PRD0097
TRX009113,8,11.49,91.92,CRT03171,PRD0195
TRX009114,7,103.06,721.4200000000001,CRT03265,PRD0013
TRX009115,1,316.62,316.62,CRT02783,PRD0082
TRX009116,2,316.62,633.24,CRT01859,PRD0082
TRX009117,9,318.04,2862.36,CRT00720,PRD0146
TRX009118,9,153.58,1382.22,CRT02652,PRD0030
TRX009119,4,302.95,1211.8,CRT00490,PRD0087
TRX009120,1,74.71,74.71,CRT01540,PRD0183
TRX009121,5,259.17,1295.85,CRT00760,PRD0169
TRX009122,2,286.9,573.8,CRT01221,PRD0110
TRX009123,6,248.47,1490.82,CRT02523,PRD0044
TRX009124,5,301.5,1507.5,CRT01404,PRD0115
TRX009125,5,144.4,722.0,CRT00859,PRD0200
TRX009126,8,10.72,85.76,CRT01237,PRD0092
TRX009127,5,316.62,1583.1,CRT02795,PRD0082
TRX009128,8,151.12,1208.96,CRT00212,PRD0081
TRX009129,4,124.75,499.0,CRT00025,PRD0166
TRX009130,4,102.2,408.8,CRT01169,PRD0106
TRX009131,5,349.85,1749.25,CRT01127,PRD0196
TRX009132,4,283.35,1133.4,CRT03059,PRD0154
TRX009133,6,260.19,1561.14,CRT02630,PRD0001
TRX009134,10,149.12,1491.2,CRT03399,PRD0003
TRX009135,8,116.26,930.08,CRT00317,PRD0137
TRX009136,4,151.36,605.44,CRT02216,PRD0150
TRX009137,7,38.12,266.84,CRT01022,PRD0002
TRX009138,10,336.37,3363.7,CRT02330,PRD0152
TRX009139,8,332.64,2661.12,CRT00301,PRD0119
TRX009140,1,267.68,267.68,CRT01171,PRD0197
TRX009141,2,15.96,31.92,CRT01351,PRD0090
TRX009142,7,278.04,1946.28,CRT01315,PRD0163
TRX009143,9,136.36,1227.2400000000002,CRT02047,PRD0098
TRX009144,6,87.81,526.86,CRT01989,PRD0156
TRX009145,3,102.2,306.6,CRT01250,PRD0106
TRX009146,6,234.25,1405.5,CRT02765,PRD0103
TRX009147,4,208.25,833.0,CRT00405,PRD0147
TRX009148,2,85.85,171.7,CRT01330,PRD0184
TRX009149,8,55.45,443.6,CRT00862,PRD0142
TRX009150,6,302.95,1817.7,CRT03348,PRD0087
TRX009151,1,195.42,195.42,CRT02148,PRD0162
TRX009152,5,196.2,981.0,CRT02311,PRD0117
TRX009153,1,267.47,267.47,CRT02935,PRD0033
TRX009154,10,252.5,2525.0,CRT03189,PRD0100
TRX009155,4,259.17,1036.68,CRT01651,PRD0169
TRX009156,8,121.08,968.64,CRT00636,PRD0151
TRX009157,1,119.47,119.47,CRT00099,PRD0008
TRX009158,2,190.14,380.28,CRT00555,PRD0193
TRX009159,2,196.43,392.86,CRT02081,PRD0179
TRX009160,9,327.59,2948.31,CRT03489,PRD0047
TRX009161,6,26.82,160.92000000000002,CRT02276,PRD0101
TRX009162,10,332.64,3326.4,CRT01435,PRD0119
TRX009163,7,198.63,1390.41,CRT01201,PRD0135
TRX009164,9,30.96,278.64,CRT00873,PRD0139
TRX009165,10,248.8,2488.0,CRT00620,PRD0099
TRX009166,8,111.48,891.84,CRT00288,PRD0061
TRX009167,5,57.82,289.1,CRT02826,PRD0089
TRX009168,1,316.62,316.62,CRT00898,PRD0082
TRX009169,10,116.26,1162.6,CRT02860,PRD0137
TRX009170,6,96.92,581.52,CRT02391,PRD0124
TRX009171,3,218.35,655.05,CRT00268,PRD0070
TRX009172,10,127.91,1279.1,CRT03127,PRD0171
TRX009173,1,246.16,246.16,CRT02183,PRD0160
TRX009174,6,198.63,1191.78,CRT02438,PRD0135
TRX009175,6,301.82,1810.92,CRT03357,PRD0054
TRX009176,1,112.37,112.37,CRT01132,PRD0069
TRX009177,10,237.14,2371.4,CRT03121,PRD0064
TRX009178,6,209.57,1257.42,CRT01172,PRD0027
TRX009179,8,42.58,340.64,CRT03053,PRD0095
TRX009180,10,292.23,2922.3,CRT02222,PRD0073
TRX009181,3,143.73,431.19,CRT01049,PRD0056
TRX009182,9,289.44,2604.96,CRT02899,PRD0155
TRX009183,2,233.03,466.06,CRT00150,PRD0102
TRX009184,9,26.82,241.38,CRT01307,PRD0101
TRX009185,5,15.96,79.80000000000001,CRT00436,PRD0090
TRX009186,8,163.96,1311.68,CRT00662,PRD0118
TRX009187,3,252.5,757.5,CRT01961,PRD0100
TRX009188,7,281.93,1973.51,CRT00005,PRD0116
TRX009189,7,260.19,1821.33,CRT01717,PRD0001
TRX009190,9,85.85,772.65,CRT00749,PRD0184
TRX009191,1,297.0,297.0,CRT00925,PRD0009
TRX009192,7,321.99,2253.9300000000003,CRT01704,PRD0062
TRX009193,4,63.71,254.84,CRT00730,PRD0153
TRX009194,10,121.08,1210.8,CRT00471,PRD0151
TRX009195,10,103.06,1030.6,CRT03001,PRD0013
TRX009196,3,64.83,194.49,CRT03054,PRD0088
TRX009197,5,86.2,431.0,CRT00922,PRD0036
TRX009198,2,85.64,171.28,CRT00908,PRD0123
TRX009199,7,349.85,2448.9500000000003,CRT00948,PRD0196
TRX009200,2,69.32,138.64,CRT00407,PRD0012
TRX009201,2,238.97,477.94,CRT02643,PRD0026
TRX009202,10,344.39,3443.9,CRT00805,PRD0149
TRX009203,6,238.5,1431.0,CRT01110,PRD0133
TRX009204,5,318.21,1591.05,CRT00740,PRD0181
TRX009205,1,218.35,218.35,CRT00076,PRD0070
TRX009206,7,288.92,2022.44,CRT01442,PRD0191
TRX009207,3,38.5,115.5,CRT02791,PRD0075
TRX009208,8,57.82,462.56,CRT01465,PRD0089
TRX009209,9,36.18,325.62,CRT01408,PRD0049
TRX009210,10,85.64,856.4,CRT02434,PRD0123
TRX009211,1,213.05,213.05,CRT03012,PRD0144
TRX009212,9,149.36,1344.2400000000002,CRT02308,PRD0007
TRX009213,9,223.09,2007.81,CRT02124,PRD0199
TRX009214,1,121.08,121.08,CRT03379,PRD0151
TRX009215,7,194.83,1363.8100000000002,CRT03220,PRD0165
TRX009216,9,87.81,790.29,CRT01994,PRD0156
TRX009217,4,119.47,477.88,CRT00606,PRD0008
TRX009218,2,75.69,151.38,CRT01879,PRD0077
TRX009219,2,140.04,280.08,CRT03004,PRD0068
TRX009220,3,302.95,908.85,CRT03285,PRD0087
TRX009221,2,112.37,224.74,CRT01783,PRD0069
TRX009222,8,312.35,2498.8,CRT02679,PRD0130
TRX009223,10,349.75,3497.5,CRT03050,PRD0055
TRX009224,6,342.98,2057.88,CRT02641,PRD0080
TRX009225,10,15.79,157.89999999999998,CRT01228,PRD0096
TRX009226,3,265.13,795.39,CRT02995,PRD0025
TRX009227,9,112.37,1011.33,CRT00830,PRD0069
TRX009228,3,344.42,1033.26,CRT02911,PRD0112
TRX009229,3,275.78,827.3399999999999,CRT01151,PRD0097
TRX009230,4,24.14,96.56,CRT02621,PRD0127
TRX009231,4,332.64,1330.56,CRT01588,PRD0119
TRX009232,2,228.33,456.66,CRT02961,PRD0005
TRX009233,3,40.06,120.18,CRT00432,PRD0145
TRX009234,6,308.05,1848.3,CRT00931,PRD0072
TRX009235,7,260.65,1824.55,CRT00688,PRD0168
TRX009236,8,88.65,709.2,CRT02247,PRD0042
TRX009237,8,40.06,320.48,CRT01487,PRD0145
TRX009238,3,283.35,850.0500000000001,CRT01935,PRD0154
TRX009239,6,301.87,1811.22,CRT01960,PRD0121
TRX009240,1,88.65,88.65,CRT00420,PRD0042
TRX009241,4,301.62,1206.48,CRT00370,PRD0028
TRX009242,9,302.95,2726.55,CRT01344,PRD0087
TRX009243,6,248.47,1490.82,CRT02913,PRD0044
TRX009244,7,68.6,480.19999999999993,CRT00949,PRD0052
TRX009245,2,153.58,307.16,CRT02523,PRD0030
TRX009246,7,80.62,564.34,CRT02902,PRD0189
TRX009247,3,80.42,241.26,CRT00711,PRD0140
TRX009248,8,224.53,1796.24,CRT03315,PRD0032
TRX009249,2,23.22,46.44,CRT02068,PRD0190
TRX009250,5,46.73,233.65,CRT02661,PRD0104
TRX009251,2,179.52,359.04,CRT03155,PRD0094
TRX009252,4,217.4,869.6,CRT01776,PRD0180
TRX009253,5,82.61,413.05,CRT00720,PRD0167
TRX009254,3,278.04,834.1200000000001,CRT01645,PRD0163
TRX009255,8,252.5,2020.0,CRT02282,PRD0100
TRX009256,8,86.2,689.6,CRT01258,PRD0036
TRX009257,4,140.04,560.16,CRT01792,PRD0068
TRX009258,3,281.93,845.79,CRT02564,PRD0116
TRX009259,4,175.98,703.92,CRT00751,PRD0021
TRX009260,6,327.59,1965.54,CRT00994,PRD0047
TRX009261,8,234.97,1879.76,CRT01663,PRD0046
TRX009262,4,42.58,170.32,CRT00049,PRD0095
TRX009263,8,283.35,2266.8,CRT00879,PRD0154
TRX009264,5,80.42,402.1,CRT00814,PRD0140
TRX009265,3,198.09,594.27,CRT00030,PRD0178
TRX009266,2,38.12,76.24,CRT00044,PRD0002
TRX009267,5,30.96,154.8,CRT03197,PRD0139
TRX009268,3,30.34,91.02,CRT03298,PRD0063
TRX009269,1,212.13,212.13,CRT01222,PRD0131
TRX009270,10,142.41,1424.1,CRT01795,PRD0051
TRX009271,5,217.4,1087.0,CRT02230,PRD0180
TRX009272,3,228.33,684.99,CRT01467,PRD0041
TRX009273,1,15.96,15.96,CRT00082,PRD0090
TRX009274,8,301.82,2414.56,CRT01908,PRD0054
TRX009275,10,305.67,3056.7000000000003,CRT01386,PRD0039
TRX009276,4,198.09,792.36,CRT01221,PRD0178
TRX009277,8,256.15,2049.2,CRT02757,PRD0040
TRX009278,5,265.13,1325.65,CRT03395,PRD0025
TRX009279,2,146.67,293.34,CRT03234,PRD0126
TRX009280,6,198.09,1188.54,CRT00238,PRD0178
TRX009281,9,234.25,2108.25,CRT02966,PRD0103
TRX009282,8,114.48,915.84,CRT03019,PRD0107
TRX009283,2,229.76,459.52,CRT00815,PRD0074
TRX009284,10,24.14,241.4,CRT00298,PRD0127
TRX009285,10,311.57,3115.7,CRT00122,PRD0194
TRX009286,5,238.97,1194.85,CRT02284,PRD0026
TRX009287,3,312.35,937.05,CRT01576,PRD0130
TRX009288,6,196.43,1178.58,CRT00469,PRD0179
TRX009289,1,146.67,146.67,CRT00940,PRD0126
TRX009290,6,149.12,894.72,CRT00979,PRD0003
TRX009291,10,302.86,3028.6000000000004,CRT00069,PRD0093
TRX009292,3,64.83,194.49,CRT02476,PRD0088
TRX009293,6,332.64,1995.84,CRT01732,PRD0119
TRX009294,4,331.95,1327.8,CRT02071,PRD0161
TRX009295,1,4.55,4.55,CRT02465,PRD0129
TRX009296,10,38.5,385.0,CRT00349,PRD0075
TRX009297,6,281.86,1691.16,CRT00753,PRD0188
TRX009298,6,303.73,1822.38,CRT00948,PRD0136
TRX009299,9,15.79,142.11,CRT03493,PRD0096
TRX009300,8,239.52,1916.16,CRT00841,PRD0085
TRX009301,8,153.95,1231.6,CRT01928,PRD0132
TRX009302,10,181.62,1816.2,CRT00264,PRD0109
TRX009303,10,196.43,1964.3,CRT02175,PRD0179
TRX009304,4,212.13,848.52,CRT02502,PRD0131
TRX009305,7,172.26,1205.82,CRT01084,PRD0078
TRX009306,5,229.76,1148.8,CRT03342,PRD0074
TRX009307,3,55.45,166.35000000000002,CRT03233,PRD0142
TRX009308,8,321.99,2575.92,CRT00505,PRD0062
TRX009309,4,318.04,1272.16,CRT00970,PRD0146
TRX009310,8,30.96,247.68,CRT03333,PRD0139
TRX009311,10,75.82,758.1999999999999,CRT00099,PRD0020
TRX009312,6,136.36,818.1600000000001,CRT02556,PRD0098
TRX009313,8,80.42,643.36,CRT01954,PRD0140
TRX009314,3,125.8,377.4,CRT00529,PRD0159
TRX009315,4,302.86,1211.44,CRT01365,PRD0093
TRX009316,9,343.3,3089.7000000000003,CRT00896,PRD0134
TRX009317,2,64.83,129.66,CRT03267,PRD0088
TRX009318,7,149.36,1045.52,CRT01425,PRD0007
TRX009319,2,88.65,177.3,CRT00642,PRD0042
TRX009320,3,153.58,460.74,CRT01307,PRD0030
TRX009321,10,194.83,1948.3,CRT03472,PRD0165
TRX009322,3,256.15,768.4499999999999,CRT02947,PRD0040
TRX009323,2,311.57,623.14,CRT02778,PRD0194
TRX009324,4,311.57,1246.28,CRT00650,PRD0194
TRX009325,6,197.06,1182.36,CRT00049,PRD0086
TRX009326,2,102.2,204.4,CRT02914,PRD0106
TRX009327,2,96.92,193.84,CRT02429,PRD0124
TRX009328,2,99.29,198.58,CRT02358,PRD0053
TRX009329,4,190.14,760.56,CRT00604,PRD0193
TRX009330,4,102.2,408.8,CRT00349,PRD0106
TRX009331,1,344.42,344.42,CRT01868,PRD0112
TRX009332,2,9.29,18.58,CRT02177,PRD0128
TRX009333,1,301.5,301.5,CRT00125,PRD0115
TRX009334,8,301.22,2409.76,CRT01070,PRD0045
TRX009335,6,10.72,64.32000000000001,CRT01841,PRD0092
TRX009336,4,74.71,298.84,CRT00348,PRD0183
TRX009337,6,179.52,1077.12,CRT01336,PRD0094
TRX009338,1,85.85,85.85,CRT00176,PRD0184
TRX009339,3,198.63,595.89,CRT00042,PRD0135
TRX009340,5,330.57,1652.85,CRT01912,PRD0173
TRX009341,7,303.73,2126.11,CRT01571,PRD0136
TRX009342,10,134.36,1343.6,CRT02285,PRD0017
TRX009343,5,38.5,192.5,CRT00197,PRD0075
TRX009344,9,275.16,2476.44,CRT03255,PRD0048
TRX009345,5,13.65,68.25,CRT02727,PRD0019
TRX009346,2,233.03,466.06,CRT00112,PRD0102
TRX009347,3,336.37,1009.11,CRT01174,PRD0152
TRX009348,4,194.83,779.32,CRT02774,PRD0165
TRX009349,3,239.52,718.5600000000001,CRT01369,PRD0085
TRX009350,3,218.35,655.05,CRT02810,PRD0070
TRX009351,3,292.23,876.69,CRT02526,PRD0073
TRX009352,4,134.36,537.44,CRT00246,PRD0017
TRX009353,3,116.26,348.78000000000003,CRT01262,PRD0137
TRX009354,1,207.27,207.27,CRT01433,PRD0006
TRX009355,9,327.31,2945.79,CRT01903,PRD0067
TRX009356,8,342.98,2743.84,CRT00110,PRD0080
TRX009357,4,302.95,1211.8,CRT01187,PRD0087
TRX009358,9,74.71,672.39,CRT01666,PRD0183
TRX009359,6,312.35,1874.1,CRT01096,PRD0130
TRX009360,8,151.12,1208.96,CRT00210,PRD0081
TRX009361,1,198.63,198.63,CRT01733,PRD0135
TRX009362,10,119.47,1194.7,CRT00478,PRD0008
TRX009363,5,312.35,1561.75,CRT03344,PRD0130
TRX009364,4,301.22,1204.88,CRT01971,PRD0045
TRX009365,10,339.13,3391.3,CRT00044,PRD0060
TRX009366,2,129.22,258.44,CRT02795,PRD0084
TRX009367,4,13.65,54.6,CRT00757,PRD0019
TRX009368,8,339.13,2713.04,CRT01616,PRD0060
TRX009369,1,141.38,141.38,CRT00664,PRD0114
TRX009370,9,303.73,2733.57,CRT02726,PRD0136
TRX009371,6,197.06,1182.36,CRT02291,PRD0086
TRX009372,9,95.22,856.98,CRT00601,PRD0029
TRX009373,8,196.2,1569.6,CRT00328,PRD0117
TRX009374,9,40.06,360.54,CRT00715,PRD0145
TRX009375,4,115.19,460.76,CRT02846,PRD0018
TRX009376,8,208.25,1666.0,CRT01983,PRD0147
TRX009377,10,327.59,3275.9,CRT02602,PRD0047
TRX009378,3,327.31,981.93,CRT01655,PRD0067
TRX009379,2,30.34,60.68,CRT00265,PRD0063
TRX009380,4,97.82,391.28,CRT01365,PRD0172
TRX009381,2,75.69,151.38,CRT00499,PRD0077
TRX009382,7,267.28,1870.96,CRT00420,PRD0031
TRX009383,9,148.18,1333.62,CRT02815,PRD0066
TRX009384,3,141.38,424.14,CRT00889,PRD0114
TRX009385,3,151.12,453.36,CRT03046,PRD0081
TRX009386,7,200.1,1400.7,CRT02485,PRD0182
TRX009387,1,57.82,57.82,CRT00978,PRD0089
TRX009388,9,88.65,797.85,CRT01427,PRD0042
TRX009389,1,303.73,303.73,CRT00392,PRD0136
TRX009390,10,194.5,1945.0,CRT01736,PRD0083
TRX009391,10,291.12,2911.2,CRT01994,PRD0120
TRX009392,4,68.6,274.4,CRT01916,PRD0052
TRX009393,8,140.04,1120.32,CRT03475,PRD0068
TRX009394,2,291.12,582.24,CRT00240,PRD0120
TRX009395,6,38.12,228.72,CRT02920,PRD0002
TRX009396,2,344.42,688.84,CRT01592,PRD0112
TRX009397,10,218.35,2183.5,CRT01073,PRD0070
TRX009398,4,12.47,49.88,CRT01425,PRD0158
TRX009399,2,275.33,550.66,CRT03442,PRD0058
TRX009400,8,292.23,2337.84,CRT00507,PRD0073
TRX009401,9,87.81,790.29,CRT00790,PRD0156
TRX009402,5,212.13,1060.65,CRT01056,PRD0131
TRX009403,5,256.15,1280.75,CRT02999,PRD0040
TRX009404,10,179.52,1795.2,CRT03258,PRD0094
TRX009405,9,234.25,2108.25,CRT00462,PRD0103
TRX009406,9,248.47,2236.23,CRT01262,PRD0044
TRX009407,4,104.38,417.52,CRT00325,PRD0011
TRX009408,9,270.94,2438.46,CRT01391,PRD0148
TRX009409,1,13.65,13.65,CRT00505,PRD0019
TRX009410,4,238.5,954.0,CRT00634,PRD0133
TRX009411,8,270.94,2167.52,CRT03190,PRD0148
TRX009412,5,80.62,403.1,CRT00945,PRD0189
TRX009413,8,80.62,644.96,CRT00288,PRD0189
TRX009414,4,75.69,302.76,CRT03341,PRD0077
TRX009415,9,260.49,2344.41,CRT03199,PRD0076
TRX009416,2,116.26,232.52,CRT02326,PRD0137
TRX009417,2,11.49,22.98,CRT00060,PRD0195
TRX009418,4,76.57,306.28,CRT00951,PRD0071
TRX009419,4,98.65,394.6,CRT02597,PRD0079
TRX009420,8,125.8,1006.4,CRT01562,PRD0159
TRX009421,1,228.33,228.33,CRT02949,PRD0041
TRX009422,5,13.28,66.39999999999999,CRT03092,PRD0141
TRX009423,10,231.76,2317.6,CRT01316,PRD0038
TRX009424,5,23.22,116.1,CRT00080,PRD0190
TRX009425,7,228.33,1598.3100000000002,CRT02361,PRD0041
TRX009426,3,85.85,257.54999999999995,CRT01473,PRD0184
TRX009427,5,321.66,1608.3000000000002,CRT02190,PRD0091
TRX009428,6,310.43,1862.58,CRT01106,PRD0113
TRX009429,6,291.12,1746.72,CRT00787,PRD0120
TRX009430,5,99.1,495.5,CRT00457,PRD0014
TRX009431,1,343.3,343.3,CRT01432,PRD0134
TRX009432,8,38.12,304.96,CRT02281,PRD0002
TRX009433,8,75.82,606.56,CRT02110,PRD0020
TRX009434,1,265.13,265.13,CRT01051,PRD0025
TRX009435,1,301.87,301.87,CRT01951,PRD0121
TRX009436,6,111.48,668.88,CRT03397,PRD0061
TRX009437,4,46.73,186.92,CRT02370,PRD0104
TRX009438,6,342.98,2057.88,CRT00947,PRD0080
TRX009439,6,11.49,68.94,CRT01208,PRD0195
TRX009440,9,228.33,2054.9700000000003,CRT02423,PRD0005
TRX009441,9,57.82,520.38,CRT02046,PRD0089
TRX009442,3,349.85,1049.5500000000002,CRT01228,PRD0196
TRX009443,4,151.36,605.44,CRT01338,PRD0150
TRX009444,5,194.5,972.5,CRT00460,PRD0083
TRX009445,9,111.48,1003.32,CRT00373,PRD0061
TRX009446,2,336.37,672.74,CRT02336,PRD0152
TRX009447,2,289.44,578.88,CRT01119,PRD0155
TRX009448,9,344.42,3099.78,CRT03256,PRD0112
TRX009449,1,301.5,301.5,CRT02036,PRD0115
TRX009450,9,30.96,278.64,CRT02946,PRD0139
TRX009451,3,238.5,715.5,CRT00598,PRD0133
TRX009452,10,234.25,2342.5,CRT01505,PRD0103
TRX009453,4,85.64,342.56,CRT03083,PRD0123
TRX009454,9,24.14,217.26,CRT03477,PRD0127
TRX009455,6,143.73,862.3799999999999,CRT02461,PRD0056
TRX009456,1,275.78,275.78,CRT02564,PRD0097
TRX009457,3,302.95,908.85,CRT02809,PRD0087
TRX009458,9,69.32,623.8799999999999,CRT03098,PRD0012
TRX009459,5,242.9,1214.5,CRT00894,PRD0164
TRX009460,8,198.63,1589.04,CRT01947,PRD0135
TRX009461,8,291.12,2328.96,CRT02770,PRD0120
TRX009462,10,252.5,2525.0,CRT03180,PRD0100
TRX009463,9,85.85,772.65,CRT01798,PRD0184
TRX009464,3,252.15,756.45,CRT01475,PRD0059
TRX009465,6,281.86,1691.16,CRT00749,PRD0188
TRX009466,9,55.45,499.05,CRT01328,PRD0142
TRX009467,8,238.5,1908.0,CRT00206,PRD0133
TRX009468,6,9.29,55.74,CRT00034,PRD0128
TRX009469,4,344.42,1377.68,CRT01840,PRD0112
TRX009470,8,149.12,1192.96,CRT01092,PRD0003
TRX009471,2,76.57,153.14,CRT00906,PRD0071
TRX009472,6,248.8,1492.8000000000002,CRT01790,PRD0099
TRX009473,7,164.79,1153.53,CRT00808,PRD0050
TRX009474,5,349.75,1748.75,CRT02874,PRD0055
TRX009475,2,64.83,129.66,CRT01952,PRD0088
TRX009476,6,301.5,1809.0,CRT00310,PRD0115
TRX009477,4,111.48,445.92,CRT01976,PRD0061
TRX009478,4,74.71,298.84,CRT02002,PRD0183
TRX009479,1,125.8,125.8,CRT01718,PRD0159
TRX009480,8,308.17,2465.36,CRT02169,PRD0138
TRX009481,1,311.57,311.57,CRT01986,PRD0194
TRX009482,7,166.93,1168.51,CRT00301,PRD0108
TRX009483,7,283.35,1983.4500000000005,CRT01053,PRD0154
TRX009484,7,221.23,1548.61,CRT00177,PRD0177
TRX009485,8,344.39,2755.12,CRT02000,PRD0149
TRX009486,1,12.47,12.47,CRT02542,PRD0158
TRX009487,7,80.62,564.34,CRT01852,PRD0189
TRX009488,4,148.18,592.72,CRT02884,PRD0066
TRX009489,4,26.82,107.28,CRT03129,PRD0101
TRX009490,2,301.5,603.0,CRT03411,PRD0115
TRX009491,2,153.95,307.9,CRT01376,PRD0132
TRX009492,10,172.26,1722.6,CRT03367,PRD0078
TRX009493,2,112.37,224.74,CRT02189,PRD0069
TRX009494,7,156.17,1093.1899999999998,CRT02918,PRD0198
TRX009495,2,282.78,565.56,CRT02749,PRD0111
TRX009496,2,57.82,115.64,CRT03429,PRD0089
TRX009497,10,246.16,2461.6,CRT00976,PRD0160
TRX009498,6,111.48,668.88,CRT00942,PRD0061
TRX009499,6,15.96,95.76,CRT01530,PRD0090
TRX009500,4,13.65,54.6,CRT01572,PRD0019
TRX009501,1,102.2,102.2,CRT03328,PRD0106
TRX009502,10,121.08,1210.8,CRT01765,PRD0151
TRX009503,4,26.82,107.28,CRT00411,PRD0101
TRX009504,8,349.85,2798.8,CRT02010,PRD0196
TRX009505,4,349.75,1399.0,CRT01848,PRD0055
TRX009506,2,242.9,485.8,CRT01115,PRD0164
TRX009507,4,76.57,306.28,CRT01511,PRD0071
TRX009508,5,224.09,1120.45,CRT00519,PRD0122
TRX009509,1,151.12,151.12,CRT02995,PRD0081
TRX009510,4,237.14,948.56,CRT00589,PRD0064
TRX009511,8,194.99,1559.92,CRT03493,PRD0043
TRX009512,8,297.0,2376.0,CRT00698,PRD0009
TRX009513,10,224.53,2245.3,CRT02544,PRD0032
TRX009514,2,88.06,176.12,CRT02403,PRD0065
TRX009515,8,153.58,1228.64,CRT02599,PRD0030
TRX009516,1,162.15,162.15,CRT03032,PRD0010
TRX009517,4,330.57,1322.28,CRT01258,PRD0173
TRX009518,8,4.55,36.4,CRT01151,PRD0129
TRX009519,10,124.75,1247.5,CRT03076,PRD0166
TRX009520,4,172.26,689.04,CRT02665,PRD0078
TRX009521,1,98.65,98.65,CRT00007,PRD0079
TRX009522,7,224.09,1568.63,CRT00073,PRD0122
TRX009523,2,9.29,18.58,CRT01920,PRD0128
TRX009524,9,301.82,2716.38,CRT01320,PRD0054
TRX009525,10,301.22,3012.2000000000003,CRT02777,PRD0045
TRX009526,3,289.44,868.3199999999999,CRT02604,PRD0155
TRX009527,1,327.59,327.59,CRT03480,PRD0047
TRX009528,1,142.41,142.41,CRT01588,PRD0051
TRX009529,5,316.62,1583.1,CRT02079,PRD0082
TRX009530,6,148.18,889.08,CRT02143,PRD0066
TRX009531,9,144.4,1299.6,CRT00012,PRD0200
TRX009532,3,231.76,695.28,CRT01824,PRD0038
TRX009533,1,175.98,175.98,CRT02689,PRD0021
TRX009534,8,308.05,2464.4,CRT01989,PRD0072
TRX009535,3,149.36,448.08,CRT00315,PRD0007
TRX009536,2,275.16,550.32,CRT00883,PRD0048
TRX009537,7,321.66,2251.6200000000003,CRT01422,PRD0091
TRX009538,3,38.12,114.36,CRT00010,PRD0002
TRX009539,5,286.9,1434.5,CRT02029,PRD0110
TRX009540,8,88.65,709.2,CRT02996,PRD0042
TRX009541,5,6.76,33.8,CRT00324,PRD0174
TRX009542,3,129.22,387.66,CRT01988,PRD0084
TRX009543,5,252.15,1260.75,CRT02595,PRD0059
TRX009544,7,197.06,1379.42,CRT00533,PRD0086
TRX009545,9,318.21,2863.89,CRT00823,PRD0181
TRX009546,5,163.96,819.8000000000001,CRT02400,PRD0118
TRX009547,8,69.32,554.56,CRT00706,PRD0012
TRX009548,4,15.79,63.16,CRT01599,PRD0096
TRX009549,3,68.6,205.8,CRT02911,PRD0052
TRX009550,6,143.73,862.3799999999999,CRT02357,PRD0056
TRX009551,6,302.95,1817.7,CRT03308,PRD0087
TRX009552,1,74.71,74.71,CRT02021,PRD0183
TRX009553,7,265.13,1855.91,CRT01610,PRD0025
TRX009554,6,344.39,2066.34,CRT02508,PRD0149
TRX009555,3,134.36,403.08,CRT00157,PRD0017
TRX009556,10,134.36,1343.6,CRT00032,PRD0017
TRX009557,10,86.2,862.0,CRT02784,PRD0036
TRX009558,1,278.04,278.04,CRT01179,PRD0163
TRX009559,6,297.0,1782.0,CRT01902,PRD0009
TRX009560,4,121.08,484.32,CRT02950,PRD0151
TRX009561,7,318.04,2226.28,CRT00288,PRD0146
TRX009562,8,242.9,1943.2,CRT02991,PRD0164
TRX009563,10,316.62,3166.2,CRT03185,PRD0082
TRX009564,2,30.34,60.68,CRT01489,PRD0063
TRX009565,3,76.57,229.71,CRT03500,PRD0071
TRX009566,1,12.47,12.47,CRT01360,PRD0158
TRX009567,8,331.85,2654.8,CRT00143,PRD0143
TRX009568,3,331.85,995.55,CRT00081,PRD0143
TRX009569,1,13.28,13.28,CRT02089,PRD0141
TRX009570,10,9.29,92.9,CRT02945,PRD0128
TRX009571,6,318.21,1909.26,CRT02064,PRD0181
TRX009572,8,297.0,2376.0,CRT00971,PRD0009
TRX009573,9,12.47,112.23,CRT00767,PRD0158
TRX009574,10,111.48,1114.8,CRT01521,PRD0061
TRX009575,1,30.34,30.34,CRT03117,PRD0063
TRX009576,4,301.87,1207.48,CRT02531,PRD0121
TRX009577,6,194.99,1169.94,CRT00856,PRD0043
TRX009578,6,38.5,231.0,CRT01560,PRD0075
TRX009579,1,100.84,100.84,CRT03254,PRD0170
TRX009580,9,129.22,1162.98,CRT01832,PRD0084
TRX009581,2,213.05,426.1,CRT00299,PRD0144
TRX009582,10,151.12,1511.2,CRT00324,PRD0081
TRX009583,10,175.98,1759.8,CRT02115,PRD0021
TRX009584,7,301.22,2108.54,CRT02261,PRD0045
TRX009585,9,30.34,273.06,CRT02431,PRD0063
TRX009586,5,151.36,756.8000000000001,CRT01155,PRD0150
TRX009587,5,283.35,1416.75,CRT00496,PRD0154
TRX009588,6,207.27,1243.62,CRT02007,PRD0006
TRX009589,7,163.96,1147.72,CRT02817,PRD0118
TRX009590,6,12.47,74.82000000000001,CRT00526,PRD0158
TRX009591,8,275.78,2206.24,CRT00064,PRD0097
TRX009592,9,12.47,112.23,CRT02226,PRD0158
TRX009593,2,149.12,298.24,CRT02818,PRD0003
TRX009594,8,223.09,1784.72,CRT02327,PRD0199
TRX009595,5,221.23,1106.15,CRT00240,PRD0177
TRX009596,5,99.1,495.5,CRT00713,PRD0014
TRX009597,3,97.82,293.46,CRT02670,PRD0172
TRX009598,1,278.04,278.04,CRT00973,PRD0163
TRX009599,6,97.82,586.92,CRT01439,PRD0172
TRX009600,5,13.65,68.25,CRT01563,PRD0019
TRX009601,1,181.62,181.62,CRT01313,PRD0109
TRX009602,6,74.71,448.26,CRT02012,PRD0183
TRX009603,2,344.42,688.84,CRT02091,PRD0112
TRX009604,6,75.69,454.14,CRT00992,PRD0077
TRX009605,6,74.71,448.26,CRT03117,PRD0183
TRX009606,7,195.42,1367.9399999999998,CRT00957,PRD0162
TRX009607,8,291.12,2328.96,CRT01416,PRD0120
TRX009608,5,224.09,1120.45,CRT01546,PRD0122
TRX009609,1,289.44,289.44,CRT02507,PRD0155
TRX009610,10,78.71,787.0999999999999,CRT00335,PRD0024
TRX009611,3,74.71,224.13,CRT01927,PRD0183
TRX009612,1,146.67,146.67,CRT00935,PRD0126
TRX009613,2,40.06,80.12,CRT02254,PRD0145
TRX009614,7,119.47,836.29,CRT00057,PRD0008
TRX009615,8,308.05,2464.4,CRT00488,PRD0072
TRX009616,6,265.13,1590.78,CRT02695,PRD0025
TRX009617,10,13.65,136.5,CRT03186,PRD0019
TRX009618,10,278.04,2780.4,CRT02411,PRD0163
TRX009619,4,278.04,1112.16,CRT00533,PRD0163
TRX009620,1,301.22,301.22,CRT00483,PRD0045
TRX009621,1,13.84,13.84,CRT00779,PRD0186
TRX009622,2,194.5,389.0,CRT01564,PRD0083
TRX009623,4,64.83,259.32,CRT03229,PRD0088
TRX009624,5,26.82,134.1,CRT01012,PRD0101
TRX009625,2,125.8,251.6,CRT00004,PRD0159
TRX009626,5,248.8,1244.0,CRT03364,PRD0099
TRX009627,1,275.78,275.78,CRT01369,PRD0097
TRX009628,6,166.93,1001.58,CRT00118,PRD0108
TRX009629,9,4.55,40.95,CRT01214,PRD0129
TRX009630,1,85.64,85.64,CRT03106,PRD0123
TRX009631,7,153.58,1075.0600000000002,CRT01740,PRD0030
TRX009632,8,127.91,1023.28,CRT02411,PRD0171
TRX009633,1,55.45,55.45,CRT03167,PRD0142
TRX009634,10,121.08,1210.8,CRT01637,PRD0151
TRX009635,2,23.22,46.44,CRT02764,PRD0190
TRX009636,5,100.84,504.2000000000001,CRT01255,PRD0170
TRX009637,5,200.1,1000.5,CRT03399,PRD0182
TRX009638,7,288.92,2022.44,CRT01441,PRD0191
TRX009639,6,100.84,605.04,CRT00560,PRD0170
TRX009640,5,156.17,780.8499999999999,CRT03257,PRD0198
TRX009641,9,178.11,1602.9900000000002,CRT01206,PRD0004
TRX009642,5,85.85,429.25,CRT01591,PRD0184
TRX009643,1,13.28,13.28,CRT00030,PRD0141
TRX009644,1,301.87,301.87,CRT00306,PRD0121
TRX009645,1,134.36,134.36,CRT02170,PRD0017
TRX009646,1,190.14,190.14,CRT03474,PRD0193
TRX009647,5,301.22,1506.1,CRT01961,PRD0045
TRX009648,1,278.04,278.04,CRT00489,PRD0163
TRX009649,1,125.96,125.96,CRT02455,PRD0015
TRX009650,5,305.67,1528.35,CRT00376,PRD0039
TRX009651,7,281.93,1973.51,CRT00407,PRD0116
TRX009652,5,267.47,1337.35,CRT01466,PRD0033
TRX009653,6,209.57,1257.42,CRT00244,PRD0027
TRX009654,5,310.43,1552.15,CRT00619,PRD0113
TRX009655,10,80.62,806.2,CRT02211,PRD0189
TRX009656,8,289.44,2315.52,CRT01146,PRD0155
TRX009657,7,301.82,2112.74,CRT01976,PRD0054
TRX009658,9,343.3,3089.7000000000003,CRT01005,PRD0134
TRX009659,4,80.62,322.48,CRT03032,PRD0189
TRX009660,5,124.75,623.75,CRT01392,PRD0166
TRX009661,9,15.79,142.11,CRT03092,PRD0096
TRX009662,8,303.73,2429.84,CRT00213,PRD0136
TRX009663,6,281.86,1691.16,CRT02106,PRD0188
TRX009664,3,42.58,127.74,CRT00767,PRD0095
TRX009665,6,292.23,1753.38,CRT00926,PRD0073
TRX009666,7,344.42,2410.94,CRT01430,PRD0112
TRX009667,1,172.26,172.26,CRT00189,PRD0078
TRX009668,5,213.05,1065.25,CRT00448,PRD0144
TRX009669,9,142.41,1281.69,CRT00849,PRD0051
TRX009670,10,38.12,381.2,CRT00502,PRD0002
TRX009671,10,342.98,3429.8,CRT00304,PRD0080
TRX009672,3,99.1,297.29999999999995,CRT00315,PRD0014
TRX009673,5,85.85,429.25,CRT03077,PRD0184
TRX009674,7,23.22,162.54,CRT03176,PRD0190
TRX009675,7,171.38,1199.66,CRT00702,PRD0037
TRX009676,3,194.5,583.5,CRT03165,PRD0083
TRX009677,6,349.85,2099.1000000000004,CRT01988,PRD0196
TRX009678,8,209.57,1676.56,CRT03466,PRD0027
TRX009679,7,149.36,1045.52,CRT02196,PRD0007
TRX009680,1,234.97,234.97,CRT00241,PRD0046
TRX009681,2,69.32,138.64,CRT00314,PRD0012
TRX009682,4,172.26,689.04,CRT00103,PRD0078
TRX009683,9,144.4,1299.6,CRT03166,PRD0200
TRX009684,1,38.5,38.5,CRT03313,PRD0075
TRX009685,8,125.96,1007.68,CRT02504,PRD0015
TRX009686,10,237.14,2371.4,CRT00041,PRD0064
TRX009687,6,198.63,1191.78,CRT02574,PRD0135
TRX009688,2,115.14,230.28,CRT01524,PRD0034
TRX009689,2,78.71,157.42,CRT01138,PRD0024
TRX009690,9,302.95,2726.55,CRT03346,PRD0087
TRX009691,2,82.61,165.22,CRT02702,PRD0167
TRX009692,3,103.06,309.18,CRT02557,PRD0013
TRX009693,2,134.36,268.72,CRT03408,PRD0017
TRX009694,7,265.13,1855.91,CRT00905,PRD0025
TRX009695,6,318.04,1908.24,CRT01337,PRD0146
TRX009696,3,330.57,991.71,CRT00162,PRD0173
TRX009697,6,331.85,1991.1,CRT03064,PRD0143
TRX009698,1,87.81,87.81,CRT02293,PRD0156
TRX009699,9,120.9,1088.1,CRT03129,PRD0175
TRX009700,2,85.64,171.28,CRT03425,PRD0123
TRX009701,6,224.09,1344.54,CRT01467,PRD0122
TRX009702,10,301.22,3012.2000000000003,CRT00766,PRD0045
TRX009703,6,69.32,415.92,CRT02220,PRD0012
TRX009704,10,88.06,880.6,CRT01340,PRD0065
TRX009705,1,196.2,196.2,CRT03383,PRD0117
TRX009706,5,151.36,756.8000000000001,CRT00375,PRD0150
TRX009707,4,283.35,1133.4,CRT00309,PRD0154
TRX009708,2,196.2,392.4,CRT00829,PRD0117
TRX009709,6,85.85,515.0999999999999,CRT01281,PRD0184
TRX009710,1,69.32,69.32,CRT02518,PRD0012
TRX009711,8,12.47,99.76,CRT02795,PRD0158
TRX009712,2,301.22,602.44,CRT03441,PRD0045
TRX009713,8,125.8,1006.4,CRT03375,PRD0159
TRX009714,5,242.9,1214.5,CRT01082,PRD0164
TRX009715,2,112.37,224.74,CRT02959,PRD0069
TRX009716,7,302.95,2120.65,CRT00909,PRD0087
TRX009717,5,153.95,769.75,CRT01225,PRD0132
TRX009718,8,26.82,214.56,CRT03364,PRD0101
TRX009719,8,224.09,1792.72,CRT00291,PRD0122
TRX009720,7,100.84,705.88,CRT03498,PRD0170
TRX009721,4,51.02,204.08,CRT01872,PRD0022
TRX009722,2,228.33,456.66,CRT00572,PRD0005
TRX009723,1,196.2,196.2,CRT01113,PRD0117
TRX009724,4,172.26,689.04,CRT00356,PRD0078
TRX009725,3,51.02,153.06,CRT02378,PRD0022
TRX009726,4,63.71,254.84,CRT02892,PRD0153
TRX009727,2,330.57,661.14,CRT02339,PRD0173
TRX009728,10,162.15,1621.5,CRT00642,PRD0010
TRX009729,8,275.33,2202.64,CRT01586,PRD0058
TRX009730,7,149.36,1045.52,CRT00014,PRD0007
TRX009731,8,267.47,2139.76,CRT01372,PRD0033
TRX009732,1,99.1,99.1,CRT01465,PRD0014
TRX009733,3,121.08,363.24,CRT02833,PRD0151
TRX009734,6,259.17,1555.02,CRT03273,PRD0169
TRX009735,5,125.8,629.0,CRT03262,PRD0159
TRX009736,7,38.12,266.84,CRT02742,PRD0002
TRX009737,2,265.13,530.26,CRT03335,PRD0025
TRX009738,7,12.47,87.29,CRT02996,PRD0158
TRX009739,9,87.81,790.29,CRT00967,PRD0156
TRX009740,5,80.62,403.1,CRT00269,PRD0189
TRX009741,5,198.09,990.45,CRT03244,PRD0178
TRX009742,5,283.35,1416.75,CRT03078,PRD0154
TRX009743,7,142.41,996.87,CRT03094,PRD0051
TRX009744,10,151.36,1513.6,CRT01431,PRD0150
TRX009745,7,195.42,1367.9399999999998,CRT01911,PRD0162
TRX009746,5,260.65,1303.25,CRT01788,PRD0168
TRX009747,6,288.19,1729.14,CRT02956,PRD0176
TRX009748,9,13.28,119.52,CRT02766,PRD0141
TRX009749,10,30.96,309.6,CRT01028,PRD0139
TRX009750,3,252.5,757.5,CRT01635,PRD0100
TRX009751,5,175.98,879.9,CRT00282,PRD0021
TRX009752,5,119.47,597.35,CRT00559,PRD0008
TRX009753,2,289.44,578.88,CRT00211,PRD0155
TRX009754,9,259.17,2332.53,CRT00727,PRD0169
TRX009755,4,349.75,1399.0,CRT00053,PRD0055
TRX009756,3,310.43,931.29,CRT01445,PRD0113
TRX009757,9,99.29,893.61,CRT03265,PRD0053
TRX009758,2,141.38,282.76,CRT02822,PRD0114
TRX009759,2,76.57,153.14,CRT01062,PRD0071
TRX009760,4,194.83,779.32,CRT01980,PRD0165
TRX009761,8,149.12,1192.96,CRT03477,PRD0003
TRX009762,3,116.26,348.78000000000003,CRT03408,PRD0137
TRX009763,5,100.84,504.2000000000001,CRT00440,PRD0170
TRX009764,5,327.31,1636.55,CRT01097,PRD0067
TRX009765,8,200.1,1600.8,CRT00952,PRD0182
TRX009766,10,26.82,268.2,CRT00734,PRD0101
TRX009767,3,194.5,583.5,CRT00188,PRD0083
TRX009768,10,209.57,2095.7,CRT02542,PRD0027
TRX009769,8,80.62,644.96,CRT03076,PRD0189
TRX009770,6,99.29,595.74,CRT02639,PRD0053
TRX009771,10,342.98,3429.8,CRT01917,PRD0080
TRX009772,2,332.64,665.28,CRT03317,PRD0119
TRX009773,5,301.22,1506.1,CRT00528,PRD0045
TRX009774,5,96.92,484.6,CRT01177,PRD0124
TRX009775,9,286.9,2582.1,CRT02231,PRD0110
TRX009776,10,82.61,826.1,CRT02953,PRD0167
TRX009777,5,301.5,1507.5,CRT02117,PRD0115
TRX009778,1,297.0,297.0,CRT02630,PRD0009
TRX009779,1,68.6,68.6,CRT00573,PRD0052
TRX009780,10,224.09,2240.9,CRT00899,PRD0122
TRX009781,5,349.75,1748.75,CRT02750,PRD0055
TRX009782,7,321.99,2253.9300000000003,CRT00061,PRD0062
TRX009783,6,343.3,2059.8,CRT01399,PRD0134
TRX009784,9,153.95,1385.55,CRT02419,PRD0132
TRX009785,5,252.15,1260.75,CRT02804,PRD0059
TRX009786,7,308.05,2156.35,CRT02250,PRD0072
TRX009787,4,13.84,55.36,CRT00308,PRD0186
TRX009788,10,144.4,1444.0,CRT00434,PRD0200
TRX009789,3,57.82,173.46,CRT02348,PRD0089
TRX009790,5,302.95,1514.75,CRT02144,PRD0087
TRX009791,9,237.14,2134.26,CRT02710,PRD0064
TRX009792,9,305.67,2751.03,CRT01914,PRD0039
TRX009793,8,63.71,509.68,CRT00282,PRD0153
TRX009794,9,114.48,1030.32,CRT00514,PRD0107
TRX009795,1,321.66,321.66,CRT00872,PRD0091
TRX009796,8,121.08,968.64,CRT03001,PRD0151
TRX009797,4,301.87,1207.48,CRT01502,PRD0121
TRX009798,8,288.19,2305.52,CRT01074,PRD0176
TRX009799,7,195.42,1367.9399999999998,CRT01181,PRD0162
TRX009800,8,256.15,2049.2,CRT02054,PRD0040
TRX009801,7,75.82,530.74,CRT01007,PRD0020
TRX009802,5,281.86,1409.3000000000002,CRT03061,PRD0188
TRX009803,10,311.57,3115.7,CRT01760,PRD0194
TRX009804,8,252.5,2020.0,CRT00626,PRD0100
TRX009805,4,200.26,801.04,CRT00227,PRD0105
TRX009806,8,24.14,193.12,CRT01809,PRD0127
TRX009807,9,265.13,2386.17,CRT02054,PRD0025
TRX009808,1,156.17,156.17,CRT01470,PRD0198
TRX009809,6,198.63,1191.78,CRT00082,PRD0135
TRX009810,4,260.49,1041.96,CRT01419,PRD0076
TRX009811,5,46.73,233.65,CRT00909,PRD0104
TRX009812,3,196.2,588.5999999999999,CRT02710,PRD0117
TRX009813,6,149.12,894.72,CRT01216,PRD0003
TRX009814,2,311.57,623.14,CRT00345,PRD0194
TRX009815,10,190.14,1901.4,CRT00353,PRD0193
TRX009816,2,172.26,344.52,CRT00154,PRD0078
TRX009817,9,224.09,2016.81,CRT00319,PRD0122
TRX009818,8,15.96,127.68,CRT02854,PRD0090
TRX009819,2,172.26,344.52,CRT01299,PRD0078
TRX009820,7,265.13,1855.91,CRT00687,PRD0025
TRX009821,3,98.65,295.95000000000005,CRT02625,PRD0079
TRX009822,9,301.62,2714.58,CRT00288,PRD0028
TRX009823,10,213.05,2130.5,CRT02542,PRD0144
TRX009824,8,342.98,2743.84,CRT00865,PRD0080
TRX009825,5,38.12,190.6,CRT00103,PRD0002
TRX009826,8,231.76,1854.08,CRT02479,PRD0038
TRX009827,7,291.12,2037.84,CRT00179,PRD0120
TRX009828,8,238.97,1911.76,CRT02140,PRD0026
TRX009829,7,195.42,1367.9399999999998,CRT03329,PRD0162
TRX009830,7,151.12,1057.84,CRT01484,PRD0081
TRX009831,7,286.9,2008.3,CRT02884,PRD0110
TRX009832,1,85.85,85.85,CRT00840,PRD0184
TRX009833,10,144.4,1444.0,CRT00498,PRD0200
TRX009834,2,303.73,607.46,CRT02498,PRD0136
TRX009835,10,275.78,2757.8,CRT02247,PRD0097
TRX009836,2,162.15,324.3,CRT01769,PRD0010
TRX009837,10,342.98,3429.8,CRT00186,PRD0080
TRX009838,4,260.49,1041.96,CRT00205,PRD0076
TRX009839,6,260.65,1563.9,CRT00572,PRD0168
TRX009840,3,151.36,454.08,CRT03499,PRD0150
TRX009841,7,194.83,1363.8100000000002,CRT00706,PRD0165
TRX009842,5,339.13,1695.65,CRT02082,PRD0060
TRX009843,3,224.53,673.59,CRT01928,PRD0032
TRX009844,6,217.4,1304.4,CRT02073,PRD0180
TRX009845,10,194.83,1948.3,CRT02116,PRD0165
TRX009846,10,252.5,2525.0,CRT03353,PRD0100
TRX009847,4,209.57,838.28,CRT00281,PRD0027
TRX009848,2,115.19,230.38,CRT02827,PRD0018
TRX009849,8,281.86,2254.88,CRT00114,PRD0188
TRX009850,7,88.06,616.4200000000001,CRT00047,PRD0065
TRX009851,10,349.75,3497.5,CRT01043,PRD0055
TRX009852,8,190.14,1521.12,CRT03279,PRD0193
TRX009853,1,112.37,112.37,CRT02847,PRD0069
TRX009854,9,112.37,1011.33,CRT00843,PRD0069
TRX009855,6,344.39,2066.34,CRT02626,PRD0149
TRX009856,7,82.61,578.27,CRT01738,PRD0167
TRX009857,8,260.19,2081.52,CRT00347,PRD0001
TRX009858,6,88.06,528.36,CRT02880,PRD0065
TRX009859,10,260.65,2606.5,CRT02667,PRD0168
TRX009860,2,260.65,521.3,CRT01942,PRD0168
TRX009861,1,321.99,321.99,CRT00160,PRD0062
TRX009862,6,98.65,591.9000000000001,CRT02623,PRD0079
TRX009863,7,103.06,721.4200000000001,CRT03097,PRD0013
TRX009864,4,86.2,344.8,CRT02652,PRD0036
TRX009865,10,292.23,2922.3,CRT03095,PRD0073
TRX009866,7,100.84,705.88,CRT00545,PRD0170
TRX009867,8,140.04,1120.32,CRT03457,PRD0068
TRX009868,1,267.28,267.28,CRT01242,PRD0031
TRX009869,5,146.67,733.3499999999999,CRT02504,PRD0126
TRX009870,5,200.1,1000.5,CRT03423,PRD0182
TRX009871,8,217.4,1739.2,CRT03468,PRD0180
TRX009872,8,327.31,2618.48,CRT02527,PRD0067
TRX009873,8,283.35,2266.8,CRT00905,PRD0154
TRX009874,2,231.76,463.52,CRT02037,PRD0038
TRX009875,5,78.71,393.55,CRT00998,PRD0024
TRX009876,1,349.75,349.75,CRT03424,PRD0055
TRX009877,6,85.85,515.0999999999999,CRT01634,PRD0184
TRX009878,8,178.11,1424.88,CRT01834,PRD0004
TRX009879,8,85.64,685.12,CRT03036,PRD0123
TRX009880,1,124.75,124.75,CRT03225,PRD0166
TRX009881,3,234.97,704.91,CRT02201,PRD0046
TRX009882,6,238.5,1431.0,CRT00270,PRD0133
TRX009883,1,36.18,36.18,CRT03354,PRD0049
TRX009884,2,238.97,477.94,CRT01193,PRD0026
TRX009885,6,213.05,1278.3000000000002,CRT01182,PRD0144
TRX009886,6,265.13,1590.78,CRT00580,PRD0025
TRX009887,5,301.87,1509.35,CRT00418,PRD0121
TRX009888,5,221.23,1106.15,CRT01654,PRD0177
TRX009889,10,144.46,1444.6,CRT00583,PRD0185
TRX009890,5,281.93,1409.65,CRT01850,PRD0116
TRX009891,1,85.85,85.85,CRT03036,PRD0184
TRX009892,10,198.09,1980.9,CRT01553,PRD0178
TRX009893,10,234.97,2349.7,CRT02607,PRD0046
TRX009894,9,51.02,459.18,CRT01651,PRD0022
TRX009895,6,278.04,1668.2400000000002,CRT02728,PRD0163
TRX009896,8,200.1,1600.8,CRT02096,PRD0182
TRX009897,6,4.55,27.3,CRT00197,PRD0129
TRX009898,3,223.15,669.45,CRT00794,PRD0016
TRX009899,6,330.57,1983.42,CRT00392,PRD0173
TRX009900,7,195.42,1367.9399999999998,CRT01455,PRD0162
TRX009901,4,166.93,667.72,CRT01494,PRD0108
TRX009902,8,125.8,1006.4,CRT01934,PRD0159
TRX009903,5,234.25,1171.25,CRT01792,PRD0103
TRX009904,5,301.82,1509.1,CRT02728,PRD0054
TRX009905,9,200.1,1800.9,CRT01645,PRD0182
TRX009906,5,97.82,489.1,CRT02922,PRD0172
TRX009907,6,116.26,697.5600000000001,CRT00455,PRD0137
TRX009908,6,9.29,55.74,CRT00710,PRD0128
TRX009909,6,288.19,1729.14,CRT02086,PRD0176
TRX009910,8,275.78,2206.24,CRT02654,PRD0097
TRX009911,7,63.71,445.97,CRT02219,PRD0153
TRX009912,7,267.28,1870.96,CRT01345,PRD0031
TRX009913,4,120.9,483.6,CRT01684,PRD0175
TRX009914,4,162.15,648.6,CRT02713,PRD0010
TRX009915,6,153.58,921.48,CRT01875,PRD0030
TRX009916,5,13.84,69.2,CRT01699,PRD0186
TRX009917,3,197.06,591.1800000000001,CRT02932,PRD0086
TRX009918,1,114.48,114.48,CRT00142,PRD0107
TRX009919,6,234.97,1409.82,CRT03075,PRD0046
TRX009920,1,248.47,248.47,CRT01959,PRD0044
TRX009921,10,54.91,549.0999999999999,CRT00372,PRD0125
TRX009922,6,141.38,848.28,CRT03161,PRD0114
TRX009923,4,116.26,465.04,CRT00638,PRD0137
TRX009924,1,151.36,151.36,CRT01004,PRD0150
TRX009925,8,134.36,1074.88,CRT00053,PRD0017
TRX009926,3,51.02,153.06,CRT02530,PRD0022
TRX009927,8,178.11,1424.88,CRT01922,PRD0004
TRX009928,8,297.0,2376.0,CRT02746,PRD0009
TRX009929,3,116.26,348.78000000000003,CRT01630,PRD0137
TRX009930,9,75.69,681.21,CRT03396,PRD0077
TRX009931,3,330.57,991.71,CRT00111,PRD0173
TRX009932,8,267.47,2139.76,CRT00595,PRD0033
TRX009933,7,316.62,2216.34,CRT00900,PRD0082
TRX009934,10,223.09,2230.9,CRT03039,PRD0199
TRX009935,6,46.73,280.38,CRT00680,PRD0104
TRX009936,9,96.92,872.28,CRT02689,PRD0124
TRX009937,9,195.42,1758.78,CRT00747,PRD0162
TRX009938,8,278.04,2224.32,CRT01384,PRD0163
TRX009939,1,303.73,303.73,CRT00652,PRD0136
TRX009940,9,292.23,2630.07,CRT03396,PRD0073
TRX009941,10,42.58,425.8,CRT00426,PRD0095
TRX009942,5,11.49,57.45,CRT02048,PRD0195
TRX009943,3,87.81,263.43,CRT02763,PRD0156
TRX009944,7,120.9,846.3000000000001,CRT01346,PRD0175
TRX009945,7,6.76,47.32,CRT02342,PRD0174
TRX009946,1,129.22,129.22,CRT01339,PRD0084
TRX009947,4,283.35,1133.4,CRT01234,PRD0154
TRX009948,7,111.48,780.36,CRT01596,PRD0061
TRX009949,7,200.26,1401.82,CRT01395,PRD0105
TRX009950,10,114.48,1144.8,CRT01653,PRD0107
TRX009951,9,256.15,2305.35,CRT01362,PRD0040
TRX009952,1,336.37,336.37,CRT01549,PRD0152
TRX009953,3,248.8,746.4000000000001,CRT02390,PRD0099
TRX009954,8,146.67,1173.36,CRT00233,PRD0126
TRX009955,7,30.34,212.38,CRT02170,PRD0063
TRX009956,5,339.13,1695.65,CRT00415,PRD0060
TRX009957,5,231.76,1158.8,CRT02024,PRD0038
TRX009958,9,9.29,83.60999999999999,CRT03439,PRD0128
TRX009959,3,228.33,684.99,CRT03261,PRD0041
TRX009960,10,78.71,787.0999999999999,CRT02440,PRD0024
TRX009961,5,217.4,1087.0,CRT03289,PRD0180
TRX009962,4,311.57,1246.28,CRT03302,PRD0194
TRX009963,6,303.73,1822.38,CRT00314,PRD0136
TRX009964,1,336.37,336.37,CRT00193,PRD0152
TRX009965,1,282.78,282.78,CRT00405,PRD0111
TRX009966,8,327.31,2618.48,CRT01424,PRD0067
TRX009967,10,267.68,2676.8,CRT01044,PRD0197
TRX009968,7,142.41,996.87,CRT00509,PRD0051
TRX009969,2,229.76,459.52,CRT00255,PRD0074
TRX009970,7,282.78,1979.46,CRT01682,PRD0111
TRX009971,6,102.2,613.2,CRT00034,PRD0106
TRX009972,4,234.25,937.0,CRT00692,PRD0103
TRX009973,8,42.58,340.64,CRT00163,PRD0095
TRX009974,8,38.12,304.96,CRT03294,PRD0002
TRX009975,8,99.29,794.32,CRT02847,PRD0053
TRX009976,9,342.98,3086.82,CRT01830,PRD0080
TRX009977,5,64.83,324.15,CRT00904,PRD0088
TRX009978,3,85.85,257.54999999999995,CRT02737,PRD0184
TRX009979,5,55.45,277.25,CRT00988,PRD0142
TRX009980,8,114.48,915.84,CRT00742,PRD0107
TRX009981,2,181.62,363.24,CRT02619,PRD0109
TRX009982,7,311.57,2180.99,CRT00394,PRD0194
TRX009983,5,339.13,1695.65,CRT01884,PRD0060
TRX009984,10,55.45,554.5,CRT00778,PRD0142
TRX009985,2,124.75,249.5,CRT00480,PRD0166
TRX009986,10,15.96,159.60000000000002,CRT01897,PRD0090
TRX009987,2,40.06,80.12,CRT01025,PRD0145
TRX009988,7,238.97,1672.79,CRT00231,PRD0026
TRX009989,4,146.67,586.68,CRT00083,PRD0126
TRX009990,7,30.34,212.38,CRT01055,PRD0063
TRX009991,10,125.96,1259.6,CRT00375,PRD0015
TRX009992,6,259.17,1555.02,CRT01488,PRD0169
TRX009993,1,248.47,248.47,CRT02833,PRD0044
TRX009994,8,74.71,597.68,CRT00262,PRD0183
TRX009995,3,344.42,1033.26,CRT00055,PRD0112
TRX009996,6,301.87,1811.22,CRT03004,PRD0121
TRX009997,10,175.98,1759.8,CRT00164,PRD0021
TRX009998,3,87.81,263.43,CRT00354,PRD0156
TRX009999,6,55.45,332.70000000000005,CRT03191,PRD0142
TRX010000,1,342.98,342.98,CRT01320,PRD0080
TRX010001,2,75.82,151.64,CRT02519,PRD0020
TRX010002,7,212.13,1484.91,CRT02673,PRD0131
TRX010003,10,275.78,2757.8,CRT02501,PRD0097
TRX010004,2,339.13,678.26,CRT03463,PRD0060
TRX010005,6,217.4,1304.4,CRT02445,PRD0180
TRX010006,7,134.36,940.52,CRT01415,PRD0017
TRX010007,10,125.8,1258.0,CRT02780,PRD0159
TRX010008,8,99.29,794.32,CRT00809,PRD0053
TRX010009,9,260.19,2341.71,CRT03038,PRD0001
TRX010010,1,242.9,242.9,CRT02151,PRD0164
TRX010011,8,178.11,1424.88,CRT01155,PRD0004
TRX010012,10,172.26,1722.6,CRT01085,PRD0078
TRX010013,9,143.73,1293.57,CRT00318,PRD0056
TRX010014,3,275.33,825.99,CRT00011,PRD0058
TRX010015,4,95.22,380.88,CRT00060,PRD0029
TRX010016,1,12.47,12.47,CRT00415,PRD0158
TRX010017,8,291.12,2328.96,CRT02664,PRD0120
TRX010018,1,241.37,241.37,CRT03193,PRD0187
TRX010019,1,76.57,76.57,CRT01473,PRD0071
TRX010020,9,302.86,2725.74,CRT02691,PRD0093
TRX010021,2,349.75,699.5,CRT00545,PRD0055
TRX010022,4,228.33,913.32,CRT01770,PRD0041
TRX010023,4,99.1,396.4,CRT02830,PRD0014
TRX010024,5,246.16,1230.8,CRT02756,PRD0160
TRX010025,10,127.91,1279.1,CRT02995,PRD0171
TRX010026,1,75.82,75.82,CRT00428,PRD0020
TRX010027,3,265.13,795.39,CRT01654,PRD0025
TRX010028,4,127.91,511.64,CRT01932,PRD0171
TRX010029,8,234.97,1879.76,CRT01124,PRD0046
TRX010030,5,242.9,1214.5,CRT02678,PRD0164
TRX010031,4,198.09,792.36,CRT03025,PRD0178
TRX010032,3,12.47,37.41,CRT00479,PRD0158
TRX010033,7,241.37,1689.59,CRT02697,PRD0187
TRX010034,10,267.47,2674.7000000000003,CRT03171,PRD0033
TRX010035,3,302.95,908.85,CRT03177,PRD0087
TRX010036,5,96.92,484.6,CRT01154,PRD0124
TRX010037,10,207.27,2072.7000000000003,CRT00345,PRD0006
TRX010038,5,207.27,1036.35,CRT00820,PRD0006
TRX010039,2,162.15,324.3,CRT01303,PRD0010
TRX010040,9,88.65,797.85,CRT01970,PRD0042
TRX010041,1,24.14,24.14,CRT01774,PRD0127
TRX010042,2,234.97,469.94,CRT01195,PRD0046
TRX010043,7,111.48,780.36,CRT00909,PRD0061
TRX010044,10,291.12,2911.2,CRT01318,PRD0120
TRX010045,6,292.23,1753.38,CRT03287,PRD0073
TRX010046,10,331.85,3318.5,CRT00160,PRD0143
TRX010047,10,13.28,132.79999999999998,CRT02351,PRD0141
TRX010048,2,278.04,556.08,CRT02095,PRD0163
TRX010049,2,213.05,426.1,CRT00563,PRD0144
TRX010050,3,146.67,440.01,CRT02571,PRD0126
TRX010051,10,208.25,2082.5,CRT00067,PRD0147
TRX010052,5,200.26,1001.3,CRT01035,PRD0105
TRX010053,7,13.65,95.55,CRT01025,PRD0019
TRX010054,5,241.37,1206.85,CRT02655,PRD0187
TRX010055,1,234.25,234.25,CRT02950,PRD0103
TRX010056,4,104.38,417.52,CRT01295,PRD0011
TRX010057,2,331.85,663.7,CRT00981,PRD0143
TRX010058,2,241.37,482.74,CRT02707,PRD0187
TRX010059,9,221.23,1991.07,CRT01640,PRD0177
TRX010060,3,78.71,236.13,CRT00129,PRD0024
TRX010061,9,301.5,2713.5,CRT00227,PRD0115
TRX010062,8,267.28,2138.24,CRT00357,PRD0031
TRX010063,10,224.09,2240.9,CRT01613,PRD0122
TRX010064,2,248.47,496.94,CRT00215,PRD0044
TRX010065,5,64.83,324.15,CRT01751,PRD0088
TRX010066,7,85.85,600.9499999999999,CRT00429,PRD0184
TRX010067,6,234.25,1405.5,CRT01345,PRD0103
TRX010068,10,248.8,2488.0,CRT00923,PRD0099
TRX010069,6,275.33,1651.98,CRT02284,PRD0058
TRX010070,2,6.76,13.52,CRT01861,PRD0174
TRX010071,2,288.92,577.84,CRT02245,PRD0191
TRX010072,3,194.99,584.97,CRT00805,PRD0043
TRX010073,1,78.71,78.71,CRT02327,PRD0024
TRX010074,4,115.14,460.56,CRT00215,PRD0034
TRX010075,4,234.97,939.88,CRT00342,PRD0046
TRX010076,10,301.87,3018.7,CRT01114,PRD0121
TRX010077,1,99.29,99.29,CRT03426,PRD0053
TRX010078,6,297.0,1782.0,CRT01856,PRD0009
TRX010079,10,288.19,2881.9,CRT02718,PRD0176
TRX010080,7,149.12,1043.84,CRT03111,PRD0003
TRX010081,7,321.66,2251.6200000000003,CRT01038,PRD0091
TRX010082,7,308.17,2157.19,CRT00256,PRD0138
TRX010083,10,267.68,2676.8,CRT01056,PRD0197
TRX010084,5,208.25,1041.25,CRT02964,PRD0147
TRX010085,3,288.19,864.5699999999999,CRT02470,PRD0176
TRX010086,4,288.19,1152.76,CRT02352,PRD0176
TRX010087,10,102.2,1022.0,CRT01342,PRD0106
TRX010088,5,246.16,1230.8,CRT00567,PRD0160
TRX010089,4,344.42,1377.68,CRT00605,PRD0112
TRX010090,9,321.99,2897.91,CRT00909,PRD0062
TRX010091,4,42.58,170.32,CRT02632,PRD0095
TRX010092,8,97.82,782.56,CRT02399,PRD0172
TRX010093,6,68.6,411.6,CRT01410,PRD0052
TRX010094,5,10.72,53.6,CRT00517,PRD0092
TRX010095,3,301.22,903.66,CRT01579,PRD0045
TRX010096,9,75.69,681.21,CRT01943,PRD0077
TRX010097,9,97.82,880.3799999999999,CRT02919,PRD0172
TRX010098,5,267.68,1338.4,CRT03490,PRD0197
TRX010099,7,76.57,535.99,CRT01571,PRD0071
TRX010100,4,149.12,596.48,CRT01501,PRD0003
TRX010101,8,198.63,1589.04,CRT00477,PRD0135
TRX010102,8,15.96,127.68,CRT01559,PRD0090
TRX010103,4,190.14,760.56,CRT03124,PRD0193
TRX010104,5,301.62,1508.1,CRT02392,PRD0028
TRX010105,9,127.91,1151.19,CRT00504,PRD0171
TRX010106,6,286.9,1721.4,CRT03310,PRD0110
TRX010107,1,267.28,267.28,CRT03009,PRD0031
TRX010108,4,6.76,27.04,CRT02473,PRD0174
TRX010109,1,171.38,171.38,CRT03301,PRD0037
TRX010110,3,308.17,924.51,CRT00729,PRD0138
TRX010111,8,166.93,1335.44,CRT01920,PRD0108
TRX010112,8,265.13,2121.04,CRT03223,PRD0025
TRX010113,3,124.75,374.25,CRT01666,PRD0166
TRX010114,2,194.99,389.98,CRT02421,PRD0043
TRX010115,8,97.82,782.56,CRT01254,PRD0172
TRX010116,10,129.22,1292.2,CRT00439,PRD0084
TRX010117,4,241.82,967.28,CRT03126,PRD0192
TRX010118,2,115.14,230.28,CRT01510,PRD0034
TRX010119,7,344.42,2410.94,CRT01764,PRD0112
TRX010120,3,99.29,297.87,CRT01664,PRD0053
TRX010121,6,57.82,346.92,CRT00183,PRD0089
TRX010122,1,197.06,197.06,CRT03136,PRD0086
TRX010123,6,55.45,332.70000000000005,CRT02430,PRD0142
TRX010124,6,248.47,1490.82,CRT02791,PRD0044
TRX010125,4,88.65,354.6,CRT01810,PRD0042
TRX010126,3,127.91,383.73,CRT03277,PRD0171
TRX010127,7,200.1,1400.7,CRT03478,PRD0182
TRX010128,8,40.06,320.48,CRT02070,PRD0145
TRX010129,10,292.23,2922.3,CRT00819,PRD0073
TRX010130,10,163.96,1639.6,CRT00202,PRD0118
TRX010131,3,260.65,781.9499999999999,CRT01172,PRD0168
TRX010132,5,141.38,706.9,CRT01297,PRD0114
TRX010133,5,238.5,1192.5,CRT00824,PRD0133
TRX010134,9,119.47,1075.23,CRT00022,PRD0008
TRX010135,4,151.12,604.48,CRT02759,PRD0081
TRX010136,8,238.5,1908.0,CRT02406,PRD0133
TRX010137,3,342.98,1028.94,CRT03303,PRD0080
TRX010138,7,198.09,1386.63,CRT02114,PRD0178
TRX010139,9,181.62,1634.58,CRT00507,PRD0109
TRX010140,8,156.17,1249.36,CRT00701,PRD0198
TRX010141,8,13.65,109.2,CRT01464,PRD0019
TRX010142,10,228.33,2283.3,CRT00294,PRD0041
TRX010143,4,212.13,848.52,CRT03167,PRD0131
TRX010144,9,99.29,893.61,CRT02087,PRD0053
TRX010145,9,144.4,1299.6,CRT01573,PRD0200
TRX010146,10,200.26,2002.6,CRT03331,PRD0105
TRX010147,5,318.04,1590.2,CRT02718,PRD0146
TRX010148,10,281.93,2819.3,CRT01100,PRD0116
TRX010149,2,144.4,288.8,CRT02387,PRD0200
TRX010150,3,13.65,40.95,CRT02583,PRD0019
TRX010151,9,311.57,2804.13,CRT01441,PRD0194
TRX010152,7,153.95,1077.65,CRT00203,PRD0132
TRX010153,8,267.68,2141.44,CRT01658,PRD0197
TRX010154,3,246.16,738.48,CRT02084,PRD0160
TRX010155,9,76.57,689.1299999999999,CRT01622,PRD0071
TRX010156,8,267.28,2138.24,CRT02488,PRD0031
TRX010157,8,99.29,794.32,CRT01205,PRD0053
TRX010158,5,78.71,393.55,CRT00556,PRD0024
TRX010159,8,120.9,967.2,CRT02977,PRD0175
TRX010160,9,151.36,1362.2400000000002,CRT02054,PRD0150
TRX010161,7,179.52,1256.64,CRT03020,PRD0094
TRX010162,10,116.26,1162.6,CRT00845,PRD0137
TRX010163,2,42.58,85.16,CRT02735,PRD0095
TRX010164,1,55.45,55.45,CRT00909,PRD0142
TRX010165,5,321.99,1609.95,CRT02958,PRD0062
TRX010166,1,331.85,331.85,CRT01669,PRD0143
TRX010167,8,281.86,2254.88,CRT03012,PRD0188
TRX010168,7,12.47,87.29,CRT02624,PRD0158
TRX010169,3,142.41,427.23,CRT00456,PRD0051
TRX010170,10,23.22,232.2,CRT02551,PRD0190
TRX010171,7,13.65,95.55,CRT00631,PRD0019
TRX010172,10,308.17,3081.7000000000003,CRT02472,PRD0138
TRX010173,7,318.04,2226.28,CRT00615,PRD0146
TRX010174,6,281.93,1691.58,CRT02253,PRD0116
TRX010175,3,13.84,41.52,CRT01688,PRD0186
TRX010176,5,270.94,1354.7,CRT00373,PRD0148
TRX010177,2,194.83,389.66,CRT00263,PRD0165
TRX010178,6,195.42,1172.52,CRT01627,PRD0162
TRX010179,8,55.45,443.6,CRT01299,PRD0142
TRX010180,4,301.5,1206.0,CRT03105,PRD0115
TRX010181,2,68.6,137.2,CRT01491,PRD0052
TRX010182,9,125.96,1133.64,CRT00423,PRD0015
TRX010183,1,164.79,164.79,CRT01722,PRD0050
TRX010184,3,301.5,904.5,CRT01481,PRD0115
TRX010185,1,256.15,256.15,CRT00201,PRD0040
TRX010186,5,175.98,879.9,CRT01031,PRD0021
TRX010187,1,63.71,63.71,CRT02159,PRD0153
TRX010188,5,194.5,972.5,CRT01902,PRD0083
TRX010189,2,200.1,400.2,CRT00400,PRD0182
TRX010190,1,98.65,98.65,CRT00939,PRD0079
TRX010191,8,281.93,2255.44,CRT01934,PRD0116
TRX010192,2,86.2,172.4,CRT02020,PRD0036
TRX010193,10,342.98,3429.8,CRT00815,PRD0080
TRX010194,2,197.06,394.12,CRT01312,PRD0086
TRX010195,3,248.8,746.4000000000001,CRT03290,PRD0099
TRX010196,10,136.36,1363.6,CRT02925,PRD0098
TRX010197,5,141.38,706.9,CRT03344,PRD0114
TRX010198,4,292.23,1168.92,CRT00028,PRD0073
TRX010199,4,344.42,1377.68,CRT02046,PRD0112
TRX010200,8,125.96,1007.68,CRT02823,PRD0015
TRX010201,1,82.61,82.61,CRT00656,PRD0167
TRX010202,3,321.99,965.97,CRT03145,PRD0062
TRX010203,7,136.36,954.52,CRT02615,PRD0098
TRX010204,6,144.4,866.4000000000001,CRT03483,PRD0200
TRX010205,8,125.96,1007.68,CRT03444,PRD0015
TRX010206,9,218.35,1965.15,CRT02782,PRD0070
TRX010207,2,289.44,578.88,CRT00049,PRD0155
TRX010208,5,144.4,722.0,CRT03490,PRD0200
TRX010209,10,228.33,2283.3,CRT03117,PRD0005
TRX010210,7,286.9,2008.3,CRT00646,PRD0110
TRX010211,4,181.62,726.48,CRT01392,PRD0109
TRX010212,6,339.13,2034.78,CRT01735,PRD0060
TRX010213,6,302.95,1817.7,CRT00272,PRD0087
TRX010214,1,248.8,248.8,CRT01479,PRD0099
TRX010215,2,209.57,419.14,CRT00089,PRD0027
TRX010216,10,228.33,2283.3,CRT00251,PRD0041
TRX010217,4,224.09,896.36,CRT01626,PRD0122
TRX010218,6,303.73,1822.38,CRT03105,PRD0136
TRX010219,4,248.8,995.2,CRT00068,PRD0099
TRX010220,2,316.62,633.24,CRT00757,PRD0082
TRX010221,2,292.23,584.46,CRT03493,PRD0073
TRX010222,1,207.27,207.27,CRT01401,PRD0006
TRX010223,2,13.65,27.3,CRT00680,PRD0019
TRX010224,6,134.36,806.1600000000001,CRT03105,PRD0017
TRX010225,9,224.09,2016.81,CRT00138,PRD0122
TRX010226,5,327.31,1636.55,CRT01199,PRD0067
TRX010227,6,102.2,613.2,CRT00038,PRD0106
TRX010228,7,260.19,1821.33,CRT00116,PRD0001
TRX010229,8,59.71,477.68,CRT02042,PRD0057
TRX010230,4,151.36,605.44,CRT00731,PRD0150
TRX010231,2,194.5,389.0,CRT01447,PRD0083
TRX010232,4,142.41,569.64,CRT01606,PRD0051
TRX010233,8,96.92,775.36,CRT00889,PRD0124
TRX010234,1,336.37,336.37,CRT00979,PRD0152
TRX010235,1,99.29,99.29,CRT02022,PRD0053
TRX010236,2,163.96,327.92,CRT02985,PRD0118
TRX010237,8,149.12,1192.96,CRT03021,PRD0003
TRX010238,5,260.19,1300.95,CRT01542,PRD0001
TRX010239,10,318.04,3180.4,CRT01972,PRD0146
TRX010240,4,288.92,1155.68,CRT02739,PRD0191
TRX010241,2,75.82,151.64,CRT01517,PRD0020
TRX010242,8,241.37,1930.96,CRT00846,PRD0187
TRX010243,6,87.81,526.86,CRT01944,PRD0156
TRX010244,7,200.1,1400.7,CRT01890,PRD0182
TRX010245,1,142.41,142.41,CRT03353,PRD0051
TRX010246,8,302.86,2422.88,CRT00114,PRD0093
TRX010247,4,224.09,896.36,CRT01392,PRD0122
TRX010248,1,30.34,30.34,CRT03254,PRD0063
TRX010249,3,146.67,440.01,CRT00911,PRD0126
TRX010250,2,331.95,663.9,CRT00547,PRD0161
TRX010251,8,301.87,2414.96,CRT01225,PRD0121
TRX010252,4,241.82,967.28,CRT02550,PRD0192
TRX010253,8,112.37,898.96,CRT02862,PRD0069
TRX010254,4,200.1,800.4,CRT01926,PRD0182
TRX010255,4,301.22,1204.88,CRT00381,PRD0045
TRX010256,10,238.5,2385.0,CRT02113,PRD0133
TRX010257,8,207.27,1658.16,CRT02584,PRD0006
TRX010258,1,321.66,321.66,CRT00788,PRD0091
TRX010259,2,281.86,563.72,CRT01618,PRD0188
TRX010260,1,75.69,75.69,CRT00554,PRD0077
TRX010261,2,343.3,686.6,CRT02654,PRD0134
TRX010262,5,172.26,861.3,CRT00631,PRD0078
TRX010263,10,171.38,1713.8,CRT03015,PRD0037
TRX010264,3,119.47,358.41,CRT00561,PRD0008
TRX010265,7,303.73,2126.11,CRT02005,PRD0136
TRX010266,3,78.71,236.13,CRT02878,PRD0024
TRX010267,2,331.95,663.9,CRT00778,PRD0161
TRX010268,9,63.71,573.39,CRT02283,PRD0153
TRX010269,10,10.72,107.2,CRT01045,PRD0092
TRX010270,3,302.95,908.85,CRT02704,PRD0087
TRX010271,3,301.22,903.66,CRT02860,PRD0045
TRX010272,5,344.9,1724.5,CRT00209,PRD0035
TRX010273,1,292.23,292.23,CRT02907,PRD0073
TRX010274,1,246.16,246.16,CRT02515,PRD0160
TRX010275,7,141.38,989.66,CRT01584,PRD0114
TRX010276,2,64.83,129.66,CRT02261,PRD0088
TRX010277,4,224.53,898.12,CRT02885,PRD0032
TRX010278,9,301.82,2716.38,CRT01588,PRD0054
TRX010279,7,292.23,2045.61,CRT00582,PRD0073
TRX010280,6,267.68,1606.08,CRT02256,PRD0197
TRX010281,5,175.98,879.9,CRT01246,PRD0021
TRX010282,10,259.17,2591.7000000000003,CRT00719,PRD0169
TRX010283,7,312.35,2186.4500000000003,CRT01713,PRD0130
TRX010284,7,292.23,2045.61,CRT02183,PRD0073
TRX010285,1,116.26,116.26,CRT02194,PRD0137
TRX010286,3,96.92,290.76,CRT01308,PRD0124
TRX010287,6,224.53,1347.18,CRT01585,PRD0032
TRX010288,2,288.19,576.38,CRT00002,PRD0176
TRX010289,5,179.52,897.6,CRT03008,PRD0094
TRX010290,4,78.71,314.84,CRT01522,PRD0024
TRX010291,6,116.26,697.5600000000001,CRT02857,PRD0137
TRX010292,9,321.99,2897.91,CRT01466,PRD0062
TRX010293,1,96.92,96.92,CRT01734,PRD0124
TRX010294,5,82.61,413.05,CRT01272,PRD0167
TRX010295,8,179.52,1436.16,CRT01445,PRD0094
TRX010296,2,252.5,505.0,CRT03049,PRD0100
TRX010297,2,146.67,293.34,CRT00594,PRD0126
TRX010298,9,171.38,1542.42,CRT01910,PRD0037
TRX010299,1,260.65,260.65,CRT02328,PRD0168
TRX010300,1,194.5,194.5,CRT03229,PRD0083
TRX010301,5,242.9,1214.5,CRT01978,PRD0164
TRX010302,6,163.96,983.76,CRT02949,PRD0118
TRX010303,1,233.03,233.03,CRT00602,PRD0102
TRX010304,2,316.62,633.24,CRT00163,PRD0082
TRX010305,6,282.78,1696.6799999999998,CRT00652,PRD0111
TRX010306,4,166.93,667.72,CRT00273,PRD0108
TRX010307,2,4.55,9.1,CRT01300,PRD0129
TRX010308,2,282.78,565.56,CRT02889,PRD0111
TRX010309,10,121.08,1210.8,CRT01048,PRD0151
TRX010310,6,149.36,896.1600000000001,CRT02849,PRD0007
TRX010311,10,336.37,3363.7,CRT02169,PRD0152
TRX010312,7,112.37,786.59,CRT00979,PRD0069
TRX010313,1,301.87,301.87,CRT01898,PRD0121
TRX010314,3,228.33,684.99,CRT03199,PRD0041
TRX010315,8,218.35,1746.8,CRT02047,PRD0070
TRX010316,7,260.49,1823.43,CRT00607,PRD0076
TRX010317,10,311.57,3115.7,CRT00550,PRD0194
TRX010318,4,330.57,1322.28,CRT03350,PRD0173
TRX010319,5,242.9,1214.5,CRT00866,PRD0164
TRX010320,8,82.61,660.88,CRT00607,PRD0167
TRX010321,8,252.15,2017.2,CRT03351,PRD0059
TRX010322,10,194.99,1949.9,CRT00857,PRD0043
TRX010323,7,80.42,562.94,CRT00236,PRD0140
TRX010324,7,305.67,2139.69,CRT00539,PRD0039
TRX010325,1,97.82,97.82,CRT01310,PRD0172
TRX010326,6,349.75,2098.5,CRT02282,PRD0055
TRX010327,5,221.23,1106.15,CRT01160,PRD0177
TRX010328,9,104.38,939.42,CRT02988,PRD0011
TRX010329,6,75.69,454.14,CRT00208,PRD0077
TRX010330,7,267.28,1870.96,CRT02164,PRD0031
TRX010331,3,342.98,1028.94,CRT02553,PRD0080
TRX010332,6,248.8,1492.8000000000002,CRT03463,PRD0099
TRX010333,8,239.52,1916.16,CRT00993,PRD0085
TRX010334,6,331.95,1991.7,CRT02787,PRD0161
TRX010335,1,120.9,120.9,CRT02391,PRD0175
TRX010336,5,332.64,1663.1999999999998,CRT00117,PRD0119
TRX010337,3,195.42,586.26,CRT02994,PRD0162
TRX010338,3,246.16,738.48,CRT02034,PRD0160
TRX010339,5,270.94,1354.7,CRT02847,PRD0148
TRX010340,7,46.73,327.11,CRT02830,PRD0104
TRX010341,5,153.95,769.75,CRT00997,PRD0132
TRX010342,1,172.26,172.26,CRT02742,PRD0078
TRX010343,7,96.92,678.44,CRT02184,PRD0124
