cart_id,date,cart_price,client_id
CRT00519,2026-04-12 07:24:58,4507.13,CLI0349
CRT00992,2026-03-31 01:20:13,1606.03,CLI0335
CRT00421,2026-04-29 16:12:53,6573.8,CLI0246
CRT01364,2026-01-14 15:52:09,5839.25,CLI0249
CRT02032,2026-07-07 02:10:57,988.74,CLI0057
CRT00120,2026-02-18 12:29:39,1793.4,CLI0418
CRT02277,2026-04-03 01:35:54,5102.299999999999,CLI0392
CRT02301,2026-05-30 17:48:12,3114.98,CLI0261
CRT01556,2026-07-15 12:27:12,3991.82,CLI0268
CRT03179,2026-04-27 20:04:57,4591.84,CLI0398
CRT01242,2026-02-01 04:22:05,2870.76,CLI0327
CRT00488,2026-06-02 21:30:10,2829.07,CLI0233
CRT03089,2026-02-13 10:45:45,4585.99,CLI0161
CRT01605,2026-01-22 04:20:26,4535.86,CLI0347
CRT00032,2026-01-09 18:16:51,2775.53,CLI0366
CRT00555,2026-05-24 21:13:26,3247.4,CLI0372
CRT01753,2026-06-11 11:32:53,2422.2,CLI0225
CRT03014,2026-07-11 05:01:01,5123.43,CLI0029
CRT00738,2026-02-09 19:31:40,4736.43,CLI0331
CRT03159,2026-03-20 18:16:49,4599.93,CLI0155
CRT01838,2026-07-04 05:23:25,1665.2,CLI0434
CRT01796,2026-03-14 06:53:40,1882.61,CLI0422
CRT00611,2026-02-16 20:48:15,4147.82,CLI0231
CRT00530,2026-05-21 22:21:21,3303.33,CLI0411
CRT02296,2026-06-07 21:23:01,2201.19,CLI0391
CRT01972,2026-01-31 20:27:40,13128.26,CLI0117
CRT01609,2026-02-20 12:19:45,3642.23,CLI0187
CRT03006,2026-01-01 07:24:04,4161.92,CLI0186
CRT00491,2026-02-21 19:01:52,7208.9,CLI0009
CRT02748,2026-04-03 12:08:34,4406.719999999999,CLI0046
CRT02305,2026-07-12 23:29:10,3887.46,CLI0199
CRT03233,2026-01-03 06:30:19,3633.47,CLI0153
CRT00239,2026-05-01 18:03:10,1373.21,CLI0435
CRT02938,2026-05-07 06:36:31,895.36,CLI0048
CRT01694,2026-05-13 06:47:30,2630.78,CLI0361
CRT03369,2026-06-29 14:43:46,3563.3,CLI0318
CRT02121,2026-03-08 13:40:19,745.6,CLI0166
CRT00632,2026-05-28 20:58:03,1704.5700000000002,CLI0102
CRT02480,2026-07-05 21:46:30,1321.32,CLI0122
CRT01775,2026-02-14 21:35:28,5414.35,CLI0134
CRT02307,2026-05-13 16:54:12,243.55,CLI0256
CRT00908,2026-02-22 23:45:20,3554.94,CLI0068
CRT02443,2026-02-19 02:18:00,402.04,CLI0421
CRT02061,2026-04-28 04:42:38,2974.2,CLI0365
CRT02033,2026-04-06 09:27:26,4502.76,CLI0431
CRT02046,2026-03-25 18:48:12,3181.71,CLI0054
CRT02905,2026-02-17 00:07:51,9444.0,CLI0106
CRT00237,2026-01-14 00:25:26,1314.89,CLI0314
CRT00104,2026-05-11 13:37:31,3420.65,CLI0004
CRT02566,2026-01-16 06:39:10,1689.65,CLI0103
CRT00811,2026-03-22 00:47:24,3751.68,CLI0110
CRT02329,2026-04-02 03:00:02,4693.49,CLI0039
CRT01749,2026-01-03 14:18:28,4692.539999999999,CLI0199
CRT02378,2026-05-13 00:24:07,2548.26,CLI0189
CRT01133,2026-02-25 05:03:28,1942.77,CLI0047
CRT02702,2026-05-16 17:47:16,3478.11,CLI0402
CRT03211,2026-04-08 00:55:14,1492.15,CLI0293
CRT02785,2026-02-01 14:45:45,3739.73,CLI0358
CRT00370,2026-01-23 02:40:00,3683.14,CLI0020
CRT03083,2026-01-20 05:32:55,7032.67,CLI0311
CRT02549,2026-05-17 23:58:29,4011.09,CLI0257
CRT01345,2026-07-23 05:25:58,11416.45,CLI0058
CRT03407,2026-04-07 23:15:20,2278.23,CLI0100
CRT03229,2026-01-20 07:39:23,4893.34,CLI0321
CRT00217,2026-05-03 15:21:18,1489.05,CLI0354
CRT00877,2026-03-07 06:12:04,5202.07,CLI0023
CRT00131,2026-02-27 11:10:50,5778.679999999999,CLI0182
CRT02625,2026-07-26 08:29:47,4957.65,CLI0224
CRT01546,2026-02-25 05:37:37,4436.5,CLI0053
CRT01311,2026-01-17 07:22:40,4778.89,CLI0113
CRT02210,2026-07-26 00:52:28,5436.57,CLI0222
CRT00610,2026-04-13 10:10:51,3521.28,CLI0187
CRT00377,2026-01-31 19:28:21,3787.41,CLI0345
CRT01574,2026-07-11 10:05:56,4339.02,CLI0434
CRT00467,2026-07-03 04:18:29,1497.22,CLI0309
CRT02231,2026-04-27 13:58:41,6952.62,CLI0006
CRT01948,2026-06-28 15:52:57,575.06,CLI0230
CRT00686,2026-03-05 05:56:40,6281.889999999999,CLI0203
CRT01719,2026-03-22 21:54:12,1322.86,CLI0043
CRT02376,2026-06-18 19:05:33,584.63,CLI0150
CRT00790,2026-05-23 20:19:16,5078.87,CLI0092
CRT02598,2026-07-26 11:51:07,7802.360000000001,CLI0024
CRT01520,2026-01-31 10:05:35,6637.59,CLI0015
CRT01850,2026-04-06 21:29:36,6018.05,CLI0202
CRT02766,2026-02-06 13:47:30,453.96,CLI0065
CRT00302,2026-07-11 19:26:19,5960.91,CLI0346
CRT00085,2026-04-25 06:27:56,4351.87,CLI0305
CRT03360,2026-02-15 21:37:43,4822.4,CLI0207
CRT00337,2026-06-19 10:57:52,856.06,CLI0316
CRT00117,2026-04-18 14:43:51,2515.8,CLI0133
CRT00492,2026-06-25 15:17:03,4389.31,CLI0259
CRT00019,2026-04-05 06:47:35,65.03,CLI0196
CRT02711,2026-06-17 05:52:10,794.32,CLI0106
CRT01990,2026-02-21 15:59:14,3146.53,CLI0435
CRT03026,2026-02-05 19:12:13,5467.59,CLI0381
CRT01193,2026-05-29 06:09:21,5101.74,CLI0243
CRT02389,2026-02-21 00:16:15,5076.860000000001,CLI0142
CRT03353,2026-02-24 05:29:02,5906.83,CLI0221
CRT01849,2026-06-24 04:26:29,1493.91,CLI0349
CRT00666,2026-03-11 19:58:18,1100.64,CLI0277
CRT00727,2026-01-04 06:05:36,3778.14,CLI0167
CRT02897,2026-05-25 02:12:48,6129.58,CLI0024
CRT01248,2026-01-20 23:15:26,132.79999999999998,CLI0339
CRT03150,2026-02-02 23:05:38,7782.700000000001,CLI0231
CRT02987,2026-01-01 05:24:42,2551.2500000000005,CLI0404
CRT02806,2026-06-08 17:46:38,856.9,CLI0238
CRT01537,2026-07-12 06:05:06,4976.74,CLI0307
CRT02190,2026-06-23 00:50:30,2991.08,CLI0099
CRT03059,2026-05-25 17:36:53,7255.530000000001,CLI0023
CRT01993,2026-05-10 06:14:07,7464.969999999999,CLI0147
CRT00446,2026-05-05 08:26:15,4936.29,CLI0390
CRT01811,2026-07-11 01:39:25,5520.79,CLI0364
CRT00354,2026-07-23 04:07:40,2552.44,CLI0196
CRT01746,2026-06-13 13:12:40,2008.5,CLI0159
CRT00181,2026-03-06 17:16:20,190.14,CLI0281
CRT01892,2026-01-13 20:03:39,7003.71,CLI0292
CRT00079,2026-01-09 16:37:07,2177.8500000000004,CLI0128
CRT02875,2026-07-19 21:26:29,1518.5699999999997,CLI0381
CRT01015,2026-05-15 20:56:25,4780.96,CLI0133
CRT02899,2026-04-12 18:01:24,5355.9,CLI0380
CRT01367,2026-02-04 16:39:56,2226.91,CLI0192
CRT01253,2026-04-10 12:06:41,967.2,CLI0196
CRT03054,2026-06-02 00:23:58,2009.79,CLI0109
CRT00553,2026-01-04 02:29:53,3048.880000000001,CLI0266
CRT01009,2026-01-15 03:58:46,2986.76,CLI0314
CRT01871,2026-07-26 11:17:25,3073.17,CLI0377
CRT00845,2026-04-13 18:16:14,9234.06,CLI0044
CRT01813,2026-04-08 11:00:50,7343.65,CLI0318
CRT02140,2026-05-23 16:26:50,3556.8,CLI0217
CRT01093,2026-04-02 11:22:32,1871.46,CLI0316
CRT02166,2026-06-21 16:12:30,5209.160000000001,CLI0016
CRT01911,2026-04-12 04:14:53,6046.98,CLI0003
CRT03122,2026-03-23 20:41:15,3746.95,CLI0110
CRT02040,2026-07-02 22:51:19,7405.13,CLI0290
CRT03280,2026-02-25 03:44:49,9199.67,CLI0270
CRT03448,2026-06-10 16:47:24,5795.6,CLI0291
CRT02287,2026-03-03 13:27:29,2320.12,CLI0234
CRT00113,2026-07-26 21:50:47,2604.96,CLI0030
CRT01475,2026-02-07 20:34:46,5184.56,CLI0342
CRT00702,2026-03-14 09:48:03,5118.71,CLI0053
CRT03109,2026-01-19 08:07:15,895.2,CLI0205
CRT00208,2026-07-09 04:13:11,3097.87,CLI0219
CRT00715,2026-07-17 16:07:39,14078.15,CLI0198
CRT02859,2026-05-03 02:14:01,2773.17,CLI0219
CRT01154,2026-02-05 06:51:11,1993.7,CLI0244
CRT02651,2026-07-03 07:40:05,5315.2,CLI0424
CRT03194,2026-04-11 07:00:52,3926.25,CLI0285
CRT00219,2026-02-03 02:08:06,1540.76,CLI0058
CRT01728,2026-02-01 11:24:39,2396.74,CLI0308
CRT02820,2026-03-10 03:57:26,5193.75,CLI0275
CRT01974,2026-07-20 12:56:02,5834.96,CLI0175
CRT02136,2026-06-12 18:13:12,2297.04,CLI0043
CRT02923,2026-06-06 10:44:12,6692.299999999999,CLI0210
CRT02827,2026-07-10 12:03:32,2396.14,CLI0216
CRT01211,2026-04-23 23:12:48,3345.7,CLI0339
CRT00248,2026-01-31 18:06:31,409.08,CLI0162
CRT01457,2026-07-02 19:29:25,2856.81,CLI0083
CRT02588,2026-07-26 03:38:50,1034.6999999999998,CLI0170
CRT03253,2026-06-25 10:14:02,219.72,CLI0102
CRT03107,2026-01-27 10:34:57,681.44,CLI0080
CRT01676,2026-06-12 02:44:32,6865.97,CLI0255
CRT00454,2026-05-20 20:45:32,3178.36,CLI0297
CRT02532,2026-06-26 13:24:18,2748.51,CLI0326
CRT00365,2026-02-24 15:26:41,3571.48,CLI0397
CRT01739,2026-02-07 13:12:58,3735.5,CLI0402
CRT00789,2026-05-26 22:46:02,1814.73,CLI0128
CRT01226,2026-03-11 12:11:44,2940.92,CLI0334
CRT01672,2026-05-08 18:18:18,3627.4,CLI0173
CRT02736,2026-07-07 09:48:30,5066.139999999999,CLI0323
CRT03068,2026-05-09 05:28:05,5104.16,CLI0052
CRT00798,2026-06-03 16:07:46,8458.74,CLI0274
CRT03260,2026-01-28 22:06:39,3846.99,CLI0319
CRT00093,2026-06-16 14:54:34,4103.11,CLI0138
CRT02737,2026-06-28 23:30:16,4015.8,CLI0325
CRT00687,2026-07-08 23:31:11,5358.27,CLI0367
CRT02129,2026-01-08 14:50:11,1438.3000000000002,CLI0248
CRT01328,2026-03-14 15:09:15,6589.6,CLI0304
CRT02393,2026-05-26 17:52:30,4404.73,CLI0169
CRT00064,2026-03-13 17:53:57,5564.969999999999,CLI0160
CRT01688,2026-03-18 15:45:42,2574.37,CLI0412
CRT01355,2026-01-30 02:34:47,3717.31,CLI0264
CRT01321,2026-04-23 08:52:14,1491.2,CLI0085
CRT00439,2026-05-09 00:23:08,3392.78,CLI0187
CRT02455,2026-04-28 08:00:48,3763.45,CLI0109
CRT01924,2026-06-10 19:36:33,3064.81,CLI0224
CRT00405,2026-01-26 07:11:15,7149.48,CLI0129
CRT00413,2026-05-30 05:32:54,10655.13,CLI0356
CRT02155,2026-07-12 16:28:58,2286.09,CLI0134
CRT03163,2026-05-19 15:30:16,3835.14,CLI0425
CRT01232,2026-06-23 06:33:02,7112.280000000001,CLI0173
CRT01201,2026-07-09 04:03:41,7110.4800000000005,CLI0008
CRT03214,2026-04-02 06:47:32,5722.75,CLI0399
CRT00834,2026-01-11 11:37:33,3647.96,CLI0269
CRT00322,2026-02-27 23:04:31,2179.76,CLI0425
CRT00036,2026-02-12 07:42:52,3029.45,CLI0089
CRT01446,2026-06-17 23:31:19,3220.15,CLI0176
CRT02634,2026-04-10 15:25:35,8540.71,CLI0098
CRT02828,2026-02-11 07:14:42,1138.81,CLI0017
CRT01877,2026-06-03 15:24:12,4089.46,CLI0289
CRT00161,2026-05-09 21:25:58,4307.42,CLI0197
CRT02807,2026-04-02 00:12:52,1930.44,CLI0030
CRT03057,2026-03-03 09:48:00,2575.36,CLI0017
CRT00875,2026-06-28 00:40:10,4276.45,CLI0356
CRT00200,2026-05-27 17:59:23,753.3100000000001,CLI0428
CRT00199,2026-01-23 04:01:14,4856.1900000000005,CLI0344
CRT01535,2026-07-16 22:51:57,5692.41,CLI0100
CRT00990,2026-02-23 01:46:51,2803.0200000000004,CLI0286
CRT01100,2026-03-01 08:08:53,10853.04,CLI0241
CRT02109,2026-04-17 00:52:33,2979.4,CLI0093
CRT03117,2026-03-29 22:00:15,8988.16,CLI0163
CRT03494,2026-06-29 19:54:14,1937.06,CLI0380
CRT00455,2026-04-07 23:47:58,1582.18,CLI0090
CRT01393,2026-07-07 14:48:16,8173.58,CLI0355
CRT02302,2026-07-06 02:57:50,2848.6800000000003,CLI0108
CRT02299,2026-01-14 22:55:04,2036.29,CLI0127
CRT00268,2026-03-07 22:14:25,2486.11,CLI0055
CRT03285,2026-03-23 07:12:51,1038.07,CLI0163
CRT00721,2026-01-11 20:00:34,2512.25,CLI0373
CRT02469,2026-04-25 13:55:18,919.8,CLI0300
CRT02847,2026-05-02 03:45:08,8043.56,CLI0102
CRT03142,2026-06-02 07:13:45,3580.9700000000003,CLI0401
CRT01553,2026-03-31 11:20:38,3214.34,CLI0246
CRT01060,2026-05-04 18:12:23,6284.44,CLI0410
CRT01285,2026-06-26 13:04:49,1540.85,CLI0323
CRT01930,2026-05-01 00:42:52,1494.83,CLI0249
CRT03042,2026-01-15 07:58:12,4956.280000000001,CLI0317
CRT00855,2026-06-21 15:03:29,1242.44,CLI0058
CRT03126,2026-01-14 07:42:00,4745.45,CLI0110
CRT01117,2026-05-04 13:58:27,5171.139999999999,CLI0082
CRT01895,2026-01-25 16:55:03,3305.67,CLI0212
CRT00366,2026-01-27 07:29:05,639.8100000000001,CLI0428
CRT01214,2026-03-09 04:13:23,5648.86,CLI0329
CRT01438,2026-01-06 10:40:26,3118.9,CLI0322
CRT03327,2026-01-24 09:36:18,2703.82,CLI0116
CRT01702,2026-02-08 10:55:57,889.08,CLI0124
CRT00275,2026-07-17 16:24:08,3786.8,CLI0064
CRT03193,2026-04-21 08:48:17,4880.59,CLI0293
CRT02945,2026-02-06 02:37:23,3452.0000000000005,CLI0036
CRT01824,2026-03-09 22:18:58,1519.74,CLI0145
CRT01068,2026-01-02 11:19:20,2432.56,CLI0060
CRT01936,2026-05-07 21:04:06,5938.49,CLI0213
CRT00430,2026-05-29 21:04:37,3744.97,CLI0016
CRT02538,2026-06-20 23:29:45,5535.87,CLI0358
CRT02758,2026-03-11 22:07:01,5379.12,CLI0283
CRT00126,2026-03-17 03:33:13,3134.61,CLI0093
CRT00823,2026-05-05 20:58:47,7347.469999999999,CLI0089
CRT01541,2026-05-17 21:07:07,4818.68,CLI0050
CRT02675,2026-01-25 12:56:47,18.2,CLI0029
CRT03336,2026-06-01 19:12:39,8072.28,CLI0107
CRT00075,2026-07-01 18:27:06,4707.48,CLI0160
CRT02928,2026-06-18 21:14:09,7073.05,CLI0276
CRT00947,2026-01-11 08:56:47,6163.83,CLI0234
CRT02059,2026-02-11 05:15:19,7007.02,CLI0422
CRT01052,2026-03-22 01:09:05,7457.92,CLI0362
CRT03378,2026-03-20 08:41:16,4219.360000000001,CLI0379
CRT00210,2026-02-05 23:33:49,3559.33,CLI0005
CRT02992,2026-04-20 10:08:20,2947.8,CLI0296
CRT01344,2026-01-14 07:03:11,4473.58,CLI0142
CRT00066,2026-02-04 10:56:24,629.68,CLI0117
CRT01340,2026-05-16 03:29:01,6054.54,CLI0061
CRT01555,2026-04-24 21:45:35,3377.55,CLI0419
CRT00786,2026-07-05 08:24:39,6856.870000000001,CLI0052
CRT02310,2026-05-07 17:14:56,1430.79,CLI0367
CRT01864,2026-03-07 06:28:52,7377.69,CLI0205
CRT02312,2026-07-22 21:15:43,5348.31,CLI0327
CRT00110,2026-06-17 23:43:09,6290.1,CLI0134
CRT02671,2026-06-16 00:19:57,3934.31,CLI0377
CRT03281,2026-03-13 22:07:59,2496.32,CLI0288
CRT03186,2026-03-09 11:11:31,6424.13,CLI0338
CRT02641,2026-03-17 07:58:12,6908.97,CLI0418
CRT01177,2026-07-19 10:10:24,7921.7,CLI0385
CRT00919,2026-07-10 23:11:12,11.49,CLI0227
CRT02637,2026-06-19 21:54:15,4935.0,CLI0267
CRT00758,2026-06-08 13:15:20,2913.71,CLI0010
CRT00096,2026-06-03 00:18:29,1705.86,CLI0089
CRT02541,2026-03-05 21:55:24,3783.45,CLI0131
CRT02176,2026-03-19 08:03:06,3207.0,CLI0321
CRT03031,2026-02-09 02:11:04,1231.86,CLI0057
CRT02740,2026-05-11 22:01:31,282.78,CLI0421
CRT03250,2026-04-30 18:03:05,2718.57,CLI0151
CRT02826,2026-02-04 14:21:53,3473.94,CLI0021
CRT01937,2026-07-07 20:10:53,5312.94,CLI0306
CRT03334,2026-04-09 06:50:30,6600.02,CLI0240
CRT03264,2026-01-09 18:37:04,2946.64,CLI0086
CRT01006,2026-02-01 09:59:28,6726.46,CLI0069
CRT03469,2026-03-16 20:35:13,3349.35,CLI0050
CRT01872,2026-06-04 04:46:48,2849.8500000000004,CLI0351
CRT01484,2026-02-26 10:07:08,2414.46,CLI0270
CRT02518,2026-01-19 12:07:57,2618.32,CLI0247
CRT02692,2026-05-31 20:51:41,2632.78,CLI0012
CRT00911,2026-03-21 19:04:16,6038.849999999999,CLI0071
CRT03362,2026-05-13 15:47:08,9808.12,CLI0253
CRT01636,2026-04-28 01:18:36,4007.54,CLI0227
CRT03475,2026-02-27 23:17:22,4936.36,CLI0070
CRT03177,2026-01-09 10:33:18,5547.21,CLI0413
CRT00983,2026-05-20 00:12:33,3379.37,CLI0256
CRT02390,2026-04-25 02:19:44,3183.2900000000004,CLI0074
CRT00961,2026-01-07 06:30:45,3015.0,CLI0231
CRT03496,2026-03-16 03:38:29,3294.35,CLI0149
CRT02700,2026-04-14 00:43:08,4623.71,CLI0095
CRT01036,2026-05-03 17:16:33,1384.3000000000002,CLI0345
CRT01999,2026-07-25 15:36:46,8050.73,CLI0071
CRT00136,2026-05-29 22:35:50,5597.9800000000005,CLI0299
CRT00960,2026-04-16 11:46:36,1935.78,CLI0202
CRT00941,2026-07-08 13:50:56,1561.1799999999998,CLI0312
CRT02286,2026-02-23 11:06:26,63.71,CLI0174
CRT02701,2026-05-23 19:31:49,2764.66,CLI0202
CRT00044,2026-05-22 11:52:26,5124.24,CLI0204
CRT01075,2026-02-19 10:26:00,1135.66,CLI0103
CRT02313,2026-01-10 07:32:38,6656.74,CLI0333
CRT02926,2026-07-07 10:10:59,3103.31,CLI0113
CRT02967,2026-03-17 03:44:03,1514.75,CLI0279
CRT01554,2026-04-03 05:03:40,1064.05,CLI0354
CRT00061,2026-05-02 09:46:43,5461.59,CLI0382
CRT00130,2026-01-23 08:05:31,1753.87,CLI0336
CRT01256,2026-02-21 22:13:13,1801.96,CLI0252
CRT02233,2026-06-08 03:41:14,401.9,CLI0318
CRT01949,2026-02-11 10:29:10,5162.03,CLI0011
CRT01431,2026-07-24 02:23:21,5587.38,CLI0189
CRT02029,2026-05-19 21:34:20,3875.84,CLI0408
CRT00279,2026-04-21 21:18:12,6987.15,CLI0284
CRT03140,2026-05-27 14:10:05,6091.83,CLI0355
CRT01931,2026-05-30 08:50:01,2030.71,CLI0231
CRT03337,2026-03-22 11:21:11,2862.36,CLI0264
CRT01542,2026-02-06 00:28:10,4487.78,CLI0181
CRT00904,2026-02-28 15:11:40,4118.52,CLI0352
CRT02754,2026-07-06 11:09:40,3667.17,CLI0270
CRT00909,2026-05-29 19:42:36,11510.77,CLI0071
CRT01733,2026-04-23 14:52:06,2139.51,CLI0141
CRT00796,2026-04-13 18:22:31,5194.46,CLI0282
CRT03050,2026-04-03 21:57:41,6043.24,CLI0040
CRT00815,2026-01-10 16:45:41,5984.35,CLI0049
CRT02292,2026-02-18 06:58:44,3562.98,CLI0407
CRT00645,2026-07-01 09:44:18,4032.65,CLI0150
CRT01774,2026-05-03 04:51:39,6720.68,CLI0232
CRT01111,2026-07-02 03:53:42,3720.05,CLI0419
CRT03331,2026-01-20 02:44:09,5881.88,CLI0356
CRT03472,2026-05-11 01:55:49,5556.66,CLI0346
CRT03414,2026-05-29 18:56:07,1590.8,CLI0022
CRT00057,2026-02-06 22:30:34,5898.62,CLI0207
CRT02958,2026-03-28 03:05:36,4072.26,CLI0377
CRT02973,2026-07-03 04:05:33,3946.01,CLI0352
CRT00157,2026-01-05 00:09:00,2870.47,CLI0098
CRT00822,2026-03-25 17:34:06,7021.610000000001,CLI0371
CRT00383,2026-01-23 10:14:59,516.88,CLI0311
CRT00397,2026-04-16 23:31:03,2234.37,CLI0109
CRT00272,2026-03-28 03:55:25,6693.34,CLI0367
CRT01997,2026-07-12 19:17:02,4499.28,CLI0078
CRT02902,2026-05-11 13:59:11,3538.35,CLI0385
CRT02384,2026-03-21 15:44:09,3861.67,CLI0106
CRT00250,2026-04-14 15:00:46,5358.48,CLI0053
CRT01493,2026-03-14 12:33:29,10058.01,CLI0007
CRT00991,2026-02-07 02:00:17,1948.88,CLI0095
CRT00087,2026-03-30 05:57:12,3322.57,CLI0180
CRT02125,2026-07-12 18:21:55,3398.28,CLI0261
CRT01262,2026-01-09 02:39:17,10205.3,CLI0053
CRT03413,2026-03-21 06:56:18,1354.0,CLI0142
CRT03141,2026-01-03 20:25:19,6881.280000000001,CLI0422
CRT01312,2026-03-28 14:38:12,2642.33,CLI0219
CRT03299,2026-07-25 15:06:45,1691.16,CLI0425
CRT01030,2026-03-18 18:26:52,2364.67,CLI0158
CRT01290,2026-05-06 14:09:16,3000.96,CLI0123
CRT01019,2026-05-07 06:33:00,2898.8,CLI0255
CRT00526,2026-02-28 16:15:36,1627.02,CLI0383
CRT02070,2026-04-06 11:06:07,3252.1800000000003,CLI0061
CRT00372,2026-01-19 20:56:01,7487.92,CLI0286
CRT00741,2026-07-21 23:28:15,891.0,CLI0286
CRT01096,2026-02-03 03:22:58,6528.97,CLI0291
CRT02506,2026-04-12 13:45:08,2769.03,CLI0185
CRT02743,2026-01-07 21:58:36,5630.62,CLI0195
CRT02495,2026-02-02 03:20:27,7108.72,CLI0105
CRT03290,2026-06-01 13:56:21,4667.88,CLI0168
CRT01326,2026-01-02 06:31:56,1144.63,CLI0004
CRT02300,2026-03-13 04:36:15,1542.48,CLI0408
CRT02670,2026-07-11 07:07:24,5556.82,CLI0412
CRT02273,2026-01-19 13:01:48,2412.46,CLI0006
CRT03344,2026-02-12 11:10:58,3784.5,CLI0217
CRT03356,2026-03-11 13:27:47,2993.76,CLI0226
CRT03474,2026-05-24 18:02:00,1673.25,CLI0074
CRT01979,2026-04-28 04:02:19,3341.38,CLI0410
CRT03493,2026-02-13 18:37:25,6236.67,CLI0124
CRT02207,2026-03-26 11:18:57,1730.5,CLI0085
CRT02569,2026-06-09 03:58:32,1949.9,CLI0321
CRT01887,2026-04-30 15:55:25,5168.35,CLI0149
CRT00425,2026-03-13 05:05:50,2037.08,CLI0042
CRT03075,2026-07-16 05:51:48,7679.72,CLI0073
CRT02794,2026-02-14 02:44:06,3777.21,CLI0116
CRT02308,2026-03-24 13:36:45,5862.42,CLI0092
CRT01822,2026-05-08 10:13:51,4626.85,CLI0066
CRT01110,2026-01-27 14:46:14,4081.68,CLI0261
CRT00683,2026-07-23 00:15:46,6142.65,CLI0119
CRT02014,2026-06-06 05:20:49,1070.95,CLI0271
CRT03189,2026-01-09 00:33:55,5594.25,CLI0213
CRT01151,2026-04-08 14:46:59,5981.91,CLI0365
CRT02797,2026-04-08 06:12:25,1800.34,CLI0254
CRT03422,2026-06-20 05:55:13,1246.77,CLI0286
CRT00809,2026-02-04 10:59:22,3250.58,CLI0266
CRT01102,2026-04-11 06:40:32,2428.62,CLI0187
CRT03404,2026-05-08 01:07:30,6769.02,CLI0183
CRT02426,2026-02-15 10:42:34,2813.6000000000004,CLI0052
CRT01558,2026-07-10 04:19:04,2699.08,CLI0015
CRT03352,2026-01-22 12:54:15,5875.84,CLI0282
CRT01435,2026-03-12 04:04:43,7508.799999999999,CLI0085
CRT01962,2026-02-21 05:41:28,557.5699999999999,CLI0089
CRT01269,2026-05-28 00:08:05,2716.06,CLI0201
CRT01695,2026-05-08 07:45:12,2479.11,CLI0296
CRT00807,2026-01-01 01:15:43,3529.6200000000003,CLI0204
CRT02753,2026-02-01 06:23:53,8549.54,CLI0401
CRT00805,2026-05-21 09:15:03,8455.99,CLI0393
CRT02898,2026-06-27 06:55:28,2704.49,CLI0407
CRT03454,2026-04-01 15:34:15,4945.139999999999,CLI0240
CRT03241,2026-01-06 18:51:34,2476.37,CLI0275
CRT00858,2026-06-17 00:52:52,622.01,CLI0305
CRT03183,2026-06-15 14:24:39,9011.97,CLI0421
CRT02360,2026-07-19 19:34:24,5517.49,CLI0391
CRT02331,2026-06-14 02:50:44,1332.56,CLI0280
CRT02120,2026-02-06 15:01:49,3294.46,CLI0164
CRT02786,2026-06-07 06:55:27,705.88,CLI0008
CRT01196,2026-03-15 17:38:58,4546.14,CLI0014
CRT01430,2026-04-26 22:36:29,6623.37,CLI0150
CRT01768,2026-06-10 11:07:28,1809.72,CLI0103
CRT00520,2026-05-22 20:18:00,6401.39,CLI0212
CRT01730,2026-07-11 08:35:24,260.28000000000003,CLI0413
CRT03086,2026-07-16 11:16:12,5365.009999999999,CLI0074
CRT00694,2026-03-10 15:02:00,586.92,CLI0415
CRT00630,2026-01-06 14:59:30,6451.72,CLI0177
CRT01590,2026-01-29 18:55:21,3699.25,CLI0239
CRT00584,2026-02-22 08:20:42,2781.4700000000003,CLI0136
CRT01466,2026-04-06 16:19:36,10066.05,CLI0076
CRT02680,2026-01-09 04:19:31,1567.36,CLI0126
CRT02490,2026-04-08 18:59:10,3580.0600000000004,CLI0312
CRT01645,2026-05-02 20:28:15,7430.02,CLI0241
CRT03044,2026-01-20 17:03:18,8519.11,CLI0310
CRT02919,2026-03-30 23:02:07,1289.6799999999998,CLI0333
CRT00084,2026-04-06 17:47:46,4569.3,CLI0124
CRT00585,2026-03-05 22:31:20,7462.18,CLI0104
CRT00256,2026-04-04 01:58:33,7242.79,CLI0175
CRT01803,2026-02-04 11:46:08,4527.38,CLI0241
CRT01853,2026-07-01 17:28:15,8946.14,CLI0426
CRT01359,2026-07-19 04:00:35,1443.61,CLI0118
CRT01479,2026-03-20 00:54:10,4205.7,CLI0060
CRT00447,2026-03-09 13:27:02,5261.6900000000005,CLI0033
CRT02440,2026-03-03 07:16:52,1124.65,CLI0192
CRT00846,2026-07-18 04:44:48,5712.94,CLI0223
CRT01027,2026-01-03 23:19:27,1648.82,CLI0109
CRT01179,2026-06-06 03:13:12,5581.72,CLI0268
CRT02887,2026-02-09 01:35:42,1216.37,CLI0370
CRT02131,2026-05-22 21:20:30,4306.79,CLI0138
CRT00378,2026-06-14 22:30:48,6500.1,CLI0004
CRT02528,2026-05-25 05:54:41,6033.9,CLI0198
CRT00259,2026-05-02 23:55:36,2587.37,CLI0308
CRT03223,2026-02-06 10:17:02,8604.45,CLI0055
CRT03325,2026-05-03 17:50:38,5761.77,CLI0296
CRT03188,2026-03-03 00:09:04,5306.02,CLI0345
CRT02208,2026-06-10 22:45:58,6290.22,CLI0033
CRT02593,2026-04-26 22:30:48,3909.68,CLI0189
CRT01525,2026-01-31 13:35:16,1438.18,CLI0356
CRT02652,2026-07-07 08:11:40,1801.73,CLI0435
CRT02451,2026-02-24 03:51:18,4963.88,CLI0119
CRT02568,2026-04-15 16:02:47,4833.04,CLI0133
CRT02533,2026-01-15 23:41:55,2015.33,CLI0357
CRT02064,2026-05-02 01:11:13,7752.959999999999,CLI0234
CRT02871,2026-01-29 03:31:39,4612.41,CLI0156
CRT01783,2026-03-09 06:08:39,2730.3,CLI0102
CRT00533,2026-07-25 03:18:59,8103.900000000001,CLI0003
CRT00028,2026-05-14 15:14:30,6108.22,CLI0420
CRT02076,2026-07-09 17:47:47,1814.08,CLI0420
CRT02359,2026-06-25 14:41:10,3919.93,CLI0218
CRT01588,2026-04-15 04:06:30,8613.39,CLI0117
CRT01122,2026-06-27 08:35:53,8484.73,CLI0279
CRT00619,2026-06-11 18:49:25,5024.93,CLI0069
CRT02529,2026-07-15 15:53:06,4328.360000000001,CLI0100
CRT00978,2026-07-16 16:14:51,6012.43,CLI0374
CRT02706,2026-01-31 06:34:40,4350.33,CLI0338
CRT00813,2026-05-11 20:15:18,3158.31,CLI0284
CRT01727,2026-01-24 08:40:05,1737.14,CLI0255
CRT00170,2026-02-27 04:46:37,2730.34,CLI0117
CRT01812,2026-03-06 18:22:11,2620.9,CLI0003
CRT01839,2026-03-31 03:24:25,2785.32,CLI0064
CRT01779,2026-05-27 08:10:23,1503.5,CLI0194
CRT03249,2026-05-22 23:44:09,3121.28,CLI0363
CRT00999,2026-07-21 20:28:05,4455.38,CLI0294
CRT03338,2026-04-27 23:51:30,1707.01,CLI0363
CRT00147,2026-04-26 09:57:31,4939.87,CLI0003
CRT03308,2026-01-08 08:09:22,5001.59,CLI0053
CRT02559,2026-04-17 23:49:49,4108.52,CLI0269
CRT01507,2026-04-29 20:40:37,628.62,CLI0285
CRT00974,2026-06-18 05:27:52,915.84,CLI0290
CRT03079,2026-03-16 13:07:07,4958.219999999999,CLI0174
CRT01101,2026-06-07 09:23:43,2798.0,CLI0074
CRT01216,2026-05-02 10:58:20,4419.89,CLI0205
CRT00580,2026-05-27 09:47:48,6761.61,CLI0112
CRT01008,2026-02-23 07:36:40,6459.45,CLI0269
CRT01704,2026-01-17 23:04:50,4586.72,CLI0164
CRT00783,2026-01-11 02:33:45,4941.0,CLI0271
CRT00593,2026-04-12 08:05:10,2559.93,CLI0144
CRT03288,2026-01-31 04:31:05,1240.06,CLI0216
CRT02122,2026-01-31 01:53:19,3812.06,CLI0424
CRT00976,2026-07-02 01:52:05,5897.780000000001,CLI0394
CRT00336,2026-01-14 22:46:08,3265.56,CLI0306
CRT01933,2026-04-11 01:51:14,2536.99,CLI0425
CRT01781,2026-06-06 22:48:53,7167.0,CLI0332
CRT00591,2026-03-12 17:52:10,1840.35,CLI0295
CRT02095,2026-06-15 04:30:24,3282.28,CLI0288
CRT00140,2026-02-08 05:00:04,10739.25,CLI0028
CRT03118,2026-02-24 17:20:19,4146.7,CLI0249
CRT01883,2026-02-27 23:34:43,4173.92,CLI0347
CRT01710,2026-03-04 11:18:23,2821.28,CLI0015
CRT02879,2026-01-28 04:45:02,6757.030000000001,CLI0045
CRT01294,2026-03-28 02:02:27,1786.59,CLI0019
CRT00987,2026-06-03 21:50:56,2333.4,CLI0041
CRT03318,2026-04-08 09:49:37,2213.06,CLI0406
CRT01557,2026-07-01 11:05:35,767.46,CLI0089
CRT00442,2026-04-25 05:47:49,7872.34,CLI0072
CRT01589,2026-03-22 04:30:02,4321.610000000001,CLI0390
CRT03213,2026-06-12 22:59:32,200.3,CLI0233
CRT02507,2026-05-01 16:04:12,3126.18,CLI0086
CRT03218,2026-03-08 01:53:02,2490.13,CLI0395
CRT00420,2026-06-23 12:04:18,6483.099999999999,CLI0069
CRT03112,2026-05-17 16:55:29,3167.5199999999995,CLI0329
CRT00305,2026-02-07 01:55:55,1116.3,CLI0196
CRT00479,2026-06-03 20:31:12,523.86,CLI0208
CRT00975,2026-02-07 06:30:44,1841.42,CLI0084
CRT02341,2026-03-30 14:42:08,5146.66,CLI0145
CRT03390,2026-03-16 08:18:42,4794.57,CLI0349
CRT02813,2026-01-22 19:15:49,6290.7,CLI0102
CRT02605,2026-02-19 05:12:44,6743.13,CLI0311
CRT00779,2026-06-13 02:12:36,109.6,CLI0411
CRT00261,2026-01-25 23:59:24,3282.75,CLI0059
CRT00549,2026-02-10 03:09:42,3548.3900000000003,CLI0001
CRT01174,2026-05-29 17:31:55,2035.8,CLI0058
CRT02575,2026-07-14 03:40:13,2815.7000000000003,CLI0345
CRT02353,2026-04-23 16:22:58,283.93,CLI0108
CRT00260,2026-07-03 16:28:34,2215.44,CLI0187
CRT02408,2026-04-05 02:47:11,5743.01,CLI0063
CRT03123,2026-06-03 13:50:44,542.4,CLI0017
CRT00135,2026-01-14 23:05:51,3551.01,CLI0241
CRT00352,2026-06-09 08:52:38,4474.299999999999,CLI0315
CRT02468,2026-01-05 22:09:21,389.0,CLI0172
CRT01825,2026-07-14 09:36:11,2532.0800000000004,CLI0425
CRT00667,2026-02-04 19:38:05,6144.900000000001,CLI0228
CRT01954,2026-07-03 23:55:08,5725.62,CLI0432
CRT02932,2026-04-24 08:01:59,2740.05,CLI0106
CRT02192,2026-03-06 20:23:35,2915.6,CLI0315
CRT03323,2026-04-25 04:27:19,5323.66,CLI0327
CRT02196,2026-04-15 09:58:38,6439.55,CLI0433
CRT00861,2026-02-07 16:02:12,1240.68,CLI0320
CRT02053,2026-06-23 19:09:37,4760.9400000000005,CLI0190
CRT03053,2026-01-28 02:22:41,7873.91,CLI0278
CRT00771,2026-05-27 23:21:55,2969.31,CLI0017
CRT00685,2026-05-24 15:54:52,3661.48,CLI0211
CRT01646,2026-05-10 02:01:45,9667.160000000002,CLI0081
CRT01696,2026-07-10 17:00:49,1028.28,CLI0339
CRT00655,2026-05-21 01:57:35,3091.25,CLI0243
CRT00462,2026-05-09 05:03:34,5830.4800000000005,CLI0004
CRT02222,2026-02-02 02:15:26,6530.33,CLI0401
CRT00311,2026-04-02 16:28:42,7434.48,CLI0017
CRT01808,2026-01-14 12:07:08,1328.94,CLI0031
CRT00750,2026-03-24 17:03:13,7399.039999999999,CLI0179
CRT01521,2026-01-18 21:48:17,4261.18,CLI0253
CRT01718,2026-01-06 02:00:51,1425.38,CLI0401
CRT02485,2026-03-15 00:51:45,5436.96,CLI0332
CRT02147,2026-05-11 10:14:32,4106.37,CLI0300
CRT02209,2026-01-08 17:28:30,3320.94,CLI0050
CRT01221,2026-07-24 16:20:27,4868.54,CLI0148
CRT01857,2026-04-26 11:49:47,4463.41,CLI0319
CRT03341,2026-04-26 22:35:27,1441.7399999999998,CLI0198
CRT03073,2026-01-24 08:25:52,6953.1900000000005,CLI0321
CRT02943,2026-02-15 14:21:08,815.26,CLI0084
CRT03063,2026-05-09 07:05:43,5245.05,CLI0204
CRT02338,2026-06-30 21:59:31,2737.0200000000004,CLI0098
CRT01716,2026-05-21 06:24:26,2572.09,CLI0338
CRT02206,2026-03-05 07:10:05,3396.37,CLI0039
CRT02093,2026-01-07 20:49:32,6001.6,CLI0363
CRT01902,2026-04-11 01:38:52,6472.06,CLI0432
CRT01034,2026-01-08 06:23:40,1330.56,CLI0316
CRT00767,2026-01-18 01:35:37,6103.45,CLI0338
CRT03371,2026-07-07 09:46:02,1606.5899999999997,CLI0113
CRT03139,2026-04-22 12:54:50,5216.46,CLI0357
CRT02674,2026-04-20 06:07:29,7075.110000000001,CLI0193
CRT01469,2026-05-08 05:17:35,2866.7200000000003,CLI0208
CRT01566,2026-06-18 18:41:42,4930.54,CLI0407
CRT00866,2026-06-08 05:22:36,6210.719999999999,CLI0125
CRT01488,2026-03-23 21:57:38,6386.91,CLI0252
CRT00617,2026-07-26 00:21:16,1368.3,CLI0243
CRT03348,2026-04-28 06:48:34,6704.18,CLI0009
CRT01217,2026-07-11 19:23:18,2558.79,CLI0244
CRT01394,2026-02-03 13:02:56,3730.77,CLI0112
CRT00449,2026-07-22 13:09:09,3578.3600000000006,CLI0266
CRT03088,2026-01-25 16:33:32,1992.72,CLI0256
CRT02941,2026-02-16 23:34:37,779.96,CLI0374
CRT03025,2026-02-16 17:06:13,5061.28,CLI0392
CRT02104,2026-06-30 21:06:03,4172.9400000000005,CLI0126
CRT02406,2026-01-18 07:54:36,4008.93,CLI0342
CRT00102,2026-05-14 22:42:17,3064.2,CLI0347
CRT00938,2026-06-26 11:49:44,2409.76,CLI0251
CRT00753,2026-04-26 10:45:54,5862.96,CLI0080
CRT02979,2026-02-15 15:36:21,1749.81,CLI0078
CRT01432,2026-04-28 03:10:43,1191.64,CLI0097
CRT01968,2026-02-10 06:21:40,1429.26,CLI0347
CRT01132,2026-06-15 02:14:18,1993.61,CLI0254
CRT02363,2026-02-09 12:01:26,4032.46,CLI0072
CRT01440,2026-05-02 12:37:22,124.56,CLI0068
CRT02832,2026-07-12 14:33:32,554.56,CLI0167
CRT01489,2026-05-11 02:02:26,5186.2,CLI0310
CRT00913,2026-05-25 05:45:15,3249.5800000000004,CLI0336
CRT00192,2026-07-19 09:34:31,2522.04,CLI0103
CRT01700,2026-05-14 07:18:19,10294.35,CLI0031
CRT02227,2026-03-17 13:53:18,4267.780000000001,CLI0027
CRT00160,2026-02-03 03:44:22,6748.5,CLI0160
CRT01567,2026-01-16 17:04:43,3937.53,CLI0304
CRT00775,2026-04-04 08:02:10,6586.950000000001,CLI0026
CRT03065,2026-04-02 04:42:56,1648.45,CLI0372
CRT02729,2026-07-06 22:39:27,3400.7800000000007,CLI0066
CRT00387,2026-02-04 14:14:08,127.42,CLI0113
CRT03389,2026-01-05 20:39:12,1294.02,CLI0024
CRT02138,2026-05-19 06:07:24,968.64,CLI0192
CRT00453,2026-03-12 09:35:13,771.19,CLI0325
CRT01890,2026-03-18 09:03:11,3220.42,CLI0351
CRT03326,2026-03-24 17:34:29,587.32,CLI0144
CRT00074,2026-02-10 02:23:20,439.05,CLI0406
CRT02732,2026-02-11 14:33:56,2977.7700000000004,CLI0333
CRT01167,2026-02-27 06:45:52,1321.54,CLI0182
CRT01235,2026-04-16 03:33:25,2244.08,CLI0007
CRT02682,2026-06-26 21:42:19,332.12,CLI0155
CRT00223,2026-06-06 13:49:34,3125.6000000000004,CLI0093
CRT00173,2026-04-04 23:41:07,3993.33,CLI0064
CRT00737,2026-01-16 12:56:38,4026.1,CLI0031
CRT01875,2026-05-06 16:13:05,3151.37,CLI0103
CRT03449,2026-02-16 13:41:18,4030.61,CLI0280
CRT02934,2026-06-11 14:23:54,3331.06,CLI0298
CRT01385,2026-06-01 05:25:25,1047.2,CLI0114
CRT02513,2026-05-18 05:33:47,3454.02,CLI0305
CRT01016,2026-04-01 04:43:21,8480.2,CLI0320
CRT00565,2026-06-27 16:07:14,7371.049999999999,CLI0129
CRT01309,2026-01-28 04:09:25,3114.48,CLI0419
CRT01447,2026-03-25 17:42:00,6318.36,CLI0403
CRT00871,2026-05-18 07:42:50,8124.78,CLI0379
CRT00048,2026-04-17 05:26:53,5386.9,CLI0058
CRT02960,2026-05-25 16:10:38,1839.62,CLI0389
CRT02643,2026-06-03 10:19:04,4494.64,CLI0076
CRT01843,2026-05-30 07:43:59,2716.83,CLI0340
CRT01756,2026-01-21 17:54:07,2757.14,CLI0141
CRT02770,2026-06-05 15:13:40,4648.639999999999,CLI0348
CRT00148,2026-07-14 06:08:19,7225.42,CLI0108
CRT02211,2026-07-24 22:48:10,4781.82,CLI0304
CRT02409,2026-01-27 18:21:52,3682.58,CLI0387
CRT00119,2026-07-01 20:49:38,2492.56,CLI0299
CRT02846,2026-03-05 15:37:30,5886.47,CLI0359
CRT01323,2026-07-22 23:01:03,10596.759999999998,CLI0052
CRT01403,2026-06-30 23:03:41,3412.19,CLI0238
CRT02865,2026-01-11 00:01:10,4546.56,CLI0094
CRT03069,2026-05-31 13:54:44,1854.08,CLI0013
CRT03017,2026-04-19 13:31:57,6698.98,CLI0357
CRT01766,2026-04-24 23:20:30,2211.96,CLI0323
CRT02463,2026-06-11 14:08:50,4090.8,CLI0167
CRT02565,2026-02-24 06:45:31,4777.66,CLI0291
CRT00071,2026-04-15 17:38:19,4191.57,CLI0422
CRT02600,2026-05-05 14:34:10,4069.72,CLI0311
CRT01896,2026-07-04 20:41:51,5842.719999999999,CLI0339
CRT03217,2026-03-04 13:45:59,208.98,CLI0431
CRT00335,2026-02-09 11:44:47,4134.48,CLI0021
CRT01369,2026-03-11 07:21:44,2153.14,CLI0184
CRT02911,2026-07-01 09:46:34,2970.88,CLI0152
CRT03008,2026-02-04 04:00:38,6413.85,CLI0243
CRT02747,2026-03-26 23:18:29,3326.4,CLI0034
CRT02603,2026-06-29 03:39:26,3511.08,CLI0338
CRT01058,2026-02-21 03:22:17,6108.18,CLI0399
CRT01607,2026-06-01 03:42:12,3987.62,CLI0356
CRT00349,2026-05-24 23:38:25,4083.8,CLI0244
CRT03393,2026-03-19 12:13:17,4524.15,CLI0052
CRT02017,2026-07-21 22:30:27,5358.99,CLI0320
CRT01319,2026-04-17 06:07:06,1493.74,CLI0388
CRT01504,2026-04-07 03:13:13,2063.62,CLI0388
CRT00778,2026-01-21 17:02:29,4503.9,CLI0252
CRT01423,2026-04-01 09:44:03,3263.84,CLI0165
CRT00996,2026-04-17 06:29:23,2958.62,CLI0056
CRT02461,2026-05-26 06:14:33,5548.88,CLI0406
CRT01339,2026-03-02 06:59:13,4853.39,CLI0286
CRT03477,2026-07-04 00:14:05,1940.82,CLI0160
CRT02547,2026-02-12 15:32:30,1843.03,CLI0217
CRT02502,2026-03-05 11:02:08,4045.82,CLI0311
CRT01583,2026-05-10 17:17:01,5292.030000000001,CLI0110
CRT02023,2026-07-04 04:35:15,1959.36,CLI0372
CRT00088,2026-03-08 03:17:27,388.4,CLI0429
CRT01565,2026-01-28 01:11:38,5719.88,CLI0101
CRT01669,2026-05-27 03:33:29,7495.34,CLI0166
CRT00382,2026-07-21 10:58:18,3519.28,CLI0149
CRT01088,2026-06-22 01:50:13,5970.06,CLI0242
CRT00504,2026-07-16 13:52:49,3464.93,CLI0405
CRT02205,2026-02-27 15:25:50,2037.66,CLI0378
CRT00293,2026-02-25 07:18:50,9838.79,CLI0324
CRT01964,2026-04-17 17:58:33,916.98,CLI0407
CRT03298,2026-05-01 03:27:47,2061.26,CLI0036
CRT02077,2026-02-01 19:56:06,3800.92,CLI0002
CRT00294,2026-06-09 10:34:46,4058.26,CLI0108
CRT01412,2026-06-22 13:15:08,2379.97,CLI0264
CRT01832,2026-05-01 09:28:28,2543.39,CLI0019
CRT02939,2026-02-17 06:24:43,1759.3200000000002,CLI0236
CRT02663,2026-01-25 04:45:57,2921.1400000000003,CLI0202
CRT00207,2026-04-03 11:23:07,1157.01,CLI0149
CRT01442,2026-03-16 06:53:00,2697.76,CLI0011
CRT02592,2026-06-29 09:02:56,2215.16,CLI0144
CRT02921,2026-06-30 19:59:54,3230.7,CLI0043
CRT00128,2026-07-26 20:21:13,6569.53,CLI0372
CRT02412,2026-02-23 18:25:30,2154.42,CLI0130
CRT02096,2026-05-24 03:06:01,4333.27,CLI0330
CRT00939,2026-03-05 15:34:00,1915.2000000000005,CLI0235
CRT00733,2026-07-17 03:15:28,1907.15,CLI0191
CRT01969,2026-05-09 01:09:50,780.36,CLI0424
CRT01711,2026-05-05 20:22:57,1550.92,CLI0238
CRT01750,2026-03-19 03:17:09,2593.28,CLI0131
CRT03359,2026-03-17 06:53:51,5098.89,CLI0100
CRT00826,2026-07-26 20:58:54,4492.29,CLI0375
CRT01615,2026-04-02 17:19:27,7091.219999999999,CLI0205
CRT01691,2026-06-09 18:45:50,1295.85,CLI0129
CRT01942,2026-01-16 19:14:06,1420.39,CLI0366
CRT02589,2026-04-27 14:37:45,1598.64,CLI0002
CRT03225,2026-05-07 13:09:29,2851.3,CLI0040
CRT01490,2026-04-03 14:28:28,5172.61,CLI0342
CRT01820,2026-02-06 09:28:51,3313.0200000000004,CLI0222
CRT00426,2026-02-20 09:35:02,5635.61,CLI0276
CRT00691,2026-07-24 22:19:35,2574.17,CLI0392
CRT03045,2026-03-22 23:45:50,2914.6400000000003,CLI0245
CRT00398,2026-02-06 05:51:36,439.28,CLI0263
CRT03100,2026-04-04 18:39:31,5227.25,CLI0226
CRT01734,2026-05-31 02:02:10,8364.53,CLI0131
CRT01837,2026-05-07 04:05:44,3828.69,CLI0235
CRT00490,2026-02-03 03:57:10,6425.79,CLI0198
CRT03060,2026-01-13 11:27:12,1344.2400000000002,CLI0024
CRT01464,2026-07-01 01:15:46,600.0,CLI0288
CRT00033,2026-05-13 20:48:25,5933.81,CLI0293
CRT00412,2026-06-18 11:07:45,1686.66,CLI0316
CRT03486,2026-04-14 17:36:42,4397.49,CLI0154
CRT02520,2026-02-09 06:54:14,2160.96,CLI0101
CRT03081,2026-07-18 14:06:47,3663.88,CLI0365
CRT00949,2026-01-11 20:18:18,4100.14,CLI0377
CRT01129,2026-04-14 02:32:03,750.0999999999999,CLI0158
CRT03114,2026-01-28 14:27:08,4244.1,CLI0375
CRT00581,2026-07-11 06:55:25,403.1,CLI0094
CRT02398,2026-06-06 06:22:34,2989.28,CLI0201
CRT02810,2026-03-31 06:46:40,701.01,CLI0003
CRT03332,2026-01-16 07:44:09,6605.900000000001,CLI0254
CRT01300,2026-01-19 01:20:33,5789.99,CLI0120
CRT02116,2026-02-13 02:08:41,3872.97,CLI0348
CRT01653,2026-07-09 21:15:41,5230.68,CLI0415
CRT01156,2026-04-17 05:37:00,4817.629999999999,CLI0431
CRT02614,2026-04-22 01:03:50,4052.61,CLI0055
CRT03487,2026-03-02 19:54:19,2482.78,CLI0095
CRT03248,2026-01-24 12:41:25,1666.99,CLI0103
CRT00575,2026-06-29 09:35:17,6339.99,CLI0005
CRT02503,2026-05-28 16:19:15,2467.25,CLI0147
CRT01659,2026-06-15 11:21:47,4115.66,CLI0121
CRT01112,2026-05-23 23:38:44,3973.81,CLI0167
CRT00628,2026-04-03 13:07:06,6370.66,CLI0134
CRT01647,2026-03-09 18:00:40,5241.91,CLI0201
CRT00020,2026-01-12 09:35:10,1637.3200000000002,CLI0229
CRT02456,2026-06-18 10:08:17,5413.86,CLI0034
CRT00698,2026-03-11 22:40:25,6545.639999999999,CLI0232
CRT00329,2026-07-08 18:42:30,1378.1999999999998,CLI0089
CRT01606,2026-04-12 14:35:10,5210.389999999999,CLI0074
CRT00332,2026-02-03 05:51:33,1910.76,CLI0136
CRT02188,2026-03-08 20:44:58,2956.8,CLI0066
CRT02081,2026-07-20 13:44:14,2932.62,CLI0173
CRT00234,2026-04-21 09:03:01,4263.4400000000005,CLI0049
CRT02228,2026-01-25 22:28:31,942.5,CLI0206
CRT03092,2026-01-19 06:31:26,4452.33,CLI0046
CRT01208,2026-06-02 05:36:44,5385.62,CLI0075
CRT00050,2026-07-14 03:38:53,5921.81,CLI0299
CRT00675,2026-03-08 05:40:10,761.4399999999999,CLI0212
CRT00995,2026-01-23 01:47:06,9661.98,CLI0170
CRT03191,2026-05-13 21:50:36,4986.72,CLI0431
CRT01492,2026-04-09 13:34:27,2889.13,CLI0190
CRT02553,2026-07-24 12:32:20,7263.709999999999,CLI0398
CRT01286,2026-01-22 23:02:21,1609.99,CLI0250
CRT02685,2026-07-19 16:52:54,5815.450000000001,CLI0046
CRT03271,2026-01-19 07:50:04,8073.75,CLI0126
CRT02246,2026-04-22 18:40:56,5271.8,CLI0300
CRT00710,2026-03-10 14:17:15,3151.17,CLI0029
CRT02075,2026-02-25 06:39:56,877.6800000000001,CLI0146
CRT00361,2026-05-12 02:59:53,1130.72,CLI0165
CRT00625,2026-03-07 17:21:00,771.62,CLI0111
CRT01973,2026-05-05 09:23:13,1800.92,CLI0115
CRT00444,2026-02-07 17:36:13,3167.19,CLI0338
CRT01829,2026-06-12 16:01:10,482.52,CLI0337
CRT02257,2026-06-13 07:19:39,82.61,CLI0103
CRT01341,2026-04-03 19:39:02,4791.09,CLI0317
CRT02015,2026-04-14 16:14:42,9789.22,CLI0359
CRT02117,2026-03-25 06:36:24,8560.28,CLI0315
CRT03384,2026-01-20 06:12:57,2005.7,CLI0136
CRT02581,2026-03-10 17:41:31,917.01,CLI0390
CRT02156,2026-03-04 11:42:37,1077.38,CLI0140
CRT00010,2026-06-19 22:45:31,7384.23,CLI0422
CRT00812,2026-06-26 10:02:50,1608.53,CLI0396
CRT03254,2026-01-27 21:14:59,433.7,CLI0202
CRT02153,2026-05-10 11:35:20,5490.34,CLI0313
CRT00502,2026-01-12 19:17:24,4185.04,CLI0190
CRT01665,2026-04-18 09:42:26,1502.49,CLI0264
CRT00001,2026-03-26 07:29:01,2764.4,CLI0052
CRT00273,2026-04-17 01:41:34,3701.53,CLI0388
CRT03395,2026-03-07 17:42:45,4261.46,CLI0280
CRT00480,2026-01-05 10:19:12,3558.15,CLI0327
CRT01651,2026-01-12 04:40:03,1733.0,CLI0303
CRT01059,2026-05-10 00:54:28,1908.68,CLI0228
CRT02661,2026-03-14 10:16:50,1560.7,CLI0373
CRT00843,2026-05-27 01:47:43,6092.25,CLI0244
CRT01377,2026-02-13 21:02:55,6860.72,CLI0314
CRT02709,2026-03-22 04:28:47,1745.52,CLI0410
CRT02472,2026-01-06 22:26:26,16103.4,CLI0120
CRT01243,2026-06-04 04:43:47,785.85,CLI0045
CRT02936,2026-07-05 15:47:52,2000.21,CLI0374
CRT00274,2026-06-22 21:26:16,4302.0,CLI0325
CRT02119,2026-04-10 03:35:42,2421.68,CLI0153
CRT00749,2026-02-17 19:47:33,7205.210000000001,CLI0291
CRT00582,2026-07-08 07:16:10,2572.19,CLI0256
CRT02219,2026-01-22 02:12:34,7663.320000000001,CLI0064
CRT00973,2026-02-13 12:12:14,3007.98,CLI0394
CRT00501,2026-05-14 15:18:59,1650.96,CLI0221
CRT01531,2026-04-03 15:16:26,2489.02,CLI0140
CRT02433,2026-06-28 01:44:19,6051.58,CLI0227
CRT02283,2026-03-09 03:41:03,1482.35,CLI0091
CRT00624,2026-02-11 02:11:09,2186.46,CLI0354
CRT03032,2026-01-09 21:59:50,3963.14,CLI0329
CRT02994,2026-02-16 14:01:05,3581.15,CLI0066
CRT02698,2026-02-02 03:37:13,4080.58,CLI0293
CRT01485,2026-01-06 03:02:36,3673.38,CLI0101
CRT02160,2026-06-05 17:20:59,3613.1,CLI0002
CRT00669,2026-06-11 23:09:02,5111.33,CLI0234
CRT01310,2026-06-02 22:24:51,1060.04,CLI0255
CRT03267,2026-04-01 14:30:06,1964.21,CLI0272
CRT03485,2026-01-15 04:26:06,4472.4400000000005,CLI0201
CRT01264,2026-04-25 00:40:59,1787.64,CLI0398
CRT02052,2026-04-25 02:50:33,4288.95,CLI0110
CRT01150,2026-06-10 11:34:57,342.98,CLI0202
CRT03206,2026-02-22 03:23:43,2945.17,CLI0166
CRT01760,2026-03-08 18:26:06,5197.219999999999,CLI0358
CRT00046,2026-07-21 22:41:05,4853.02,CLI0007
CRT00956,2026-04-29 23:31:25,983.76,CLI0073
CRT02266,2026-02-26 00:08:04,1014.57,CLI0254
CRT01395,2026-03-03 23:34:47,2416.71,CLI0152
CRT02465,2026-02-14 23:07:57,4974.04,CLI0171
CRT00201,2026-01-24 18:37:50,4024.88,CLI0077
CRT02003,2026-01-03 18:50:09,1118.33,CLI0395
CRT00107,2026-01-28 17:32:22,2036.7,CLI0351
CRT02514,2026-07-06 06:23:49,5154.63,CLI0284
CRT01648,2026-04-07 22:27:43,2322.9500000000003,CLI0303
CRT02127,2026-03-23 16:55:25,2132.2200000000003,CLI0032
CRT01591,2026-05-07 13:09:09,3731.65,CLI0070
CRT00609,2026-07-12 13:33:19,2472.36,CLI0359
CRT02267,2026-02-27 08:23:02,5341.98,CLI0328
CRT01910,2026-05-17 00:39:08,4339.700000000001,CLI0223
CRT00364,2026-02-23 22:55:11,4473.81,CLI0034
CRT02146,2026-06-11 07:44:46,6687.56,CLI0180
CRT02497,2026-07-23 07:26:27,2201.28,CLI0426
CRT02470,2026-06-13 08:27:44,1018.57,CLI0262
CRT00620,2026-07-04 11:29:43,6421.389999999999,CLI0274
CRT00290,2026-07-11 18:39:07,2390.3,CLI0359
CRT02920,2026-04-05 11:49:00,4348.44,CLI0310
CRT00418,2026-07-09 23:19:55,3825.46,CLI0365
CRT01552,2026-02-03 00:37:57,3443.9,CLI0060
CRT02488,2026-01-14 09:02:30,2853.74,CLI0277
CRT03003,2026-05-29 15:21:31,9409.33,CLI0043
CRT00972,2026-04-08 01:35:54,3608.17,CLI0282
CRT02985,2026-04-05 09:39:46,3885.21,CLI0339
CRT02293,2026-04-07 13:37:34,329.07,CLI0273
CRT02582,2026-07-13 12:16:15,6225.9,CLI0243
CRT01165,2026-05-11 15:26:30,4549.96,CLI0233
CRT02352,2026-06-28 15:12:27,10472.72,CLI0395
CRT03149,2026-05-14 00:08:01,3008.08,CLI0135
CRT03143,2026-07-05 21:03:43,5356.9400000000005,CLI0040
CRT03452,2026-03-22 18:20:36,120.18,CLI0356
CRT01282,2026-01-11 13:59:13,6454.26,CLI0284
CRT02326,2026-03-11 13:55:18,1317.7,CLI0163
CRT01458,2026-02-16 06:23:04,3027.6400000000003,CLI0147
CRT00216,2026-03-11 14:02:36,4000.88,CLI0234
CRT00676,2026-01-03 00:00:12,2818.9100000000003,CLI0156
CRT02665,2026-01-14 11:04:15,3336.34,CLI0413
CRT00517,2026-04-19 20:33:32,3579.92,CLI0275
CRT00934,2026-04-16 08:06:10,2042.59,CLI0139
CRT00605,2026-03-02 09:48:31,2753.33,CLI0135
CRT00156,2026-03-24 19:20:03,1218.16,CLI0008
CRT02130,2026-03-01 00:40:40,2131.53,CLI0325
CRT02411,2026-04-26 06:00:05,5037.4,CLI0210
CRT01433,2026-04-11 06:30:37,4892.27,CLI0042
CRT02224,2026-06-06 22:47:55,5038.4,CLI0155
CRT02948,2026-05-15 04:59:55,2863.8,CLI0371
CRT03294,2026-03-14 04:46:18,1574.86,CLI0237
CRT01090,2026-04-20 14:16:09,2260.4300000000003,CLI0045
CRT01632,2026-03-29 19:40:48,678.44,CLI0278
CRT02927,2026-03-07 00:34:09,4424.6,CLI0091
CRT03256,2026-02-12 07:29:38,4681.77,CLI0160
CRT00309,2026-01-16 10:44:44,5831.51,CLI0075
CRT00639,2026-02-12 23:19:22,1002.96,CLI0075
CRT00303,2026-04-19 00:27:53,4375.53,CLI0147
CRT02194,2026-06-22 23:40:00,1342.52,CLI0329
CRT00037,2026-02-19 04:35:39,2762.85,CLI0414
CRT01612,2026-05-08 10:08:25,4384.98,CLI0372
CRT03071,2026-02-11 05:31:02,4267.5,CLI0149
CRT03302,2026-01-21 20:15:35,1672.95,CLI0205
CRT01078,2026-02-08 05:44:03,2974.47,CLI0140
CRT03300,2026-03-19 10:00:02,3588.88,CLI0371
CRT03027,2026-03-18 17:07:08,2467.38,CLI0358
CRT02616,2026-03-13 08:01:25,549.91,CLI0393
CRT02584,2026-06-24 12:29:27,4008.58,CLI0190
CRT01087,2026-02-03 01:03:20,5570.01,CLI0026
CRT01005,2026-03-16 17:08:30,5545.29,CLI0034
CRT00977,2026-03-20 11:16:09,7139.0,CLI0215
CRT01978,2026-01-13 15:56:26,5020.73,CLI0362
CRT01449,2026-05-21 16:12:40,1019.68,CLI0432
CRT02924,2026-01-15 22:47:25,6278.35,CLI0167
CRT00955,2026-01-14 18:49:20,3804.53,CLI0314
CRT03428,2026-01-02 15:40:03,2373.03,CLI0157
CRT01539,2026-06-25 10:57:42,574.92,CLI0424
CRT00324,2026-07-13 21:25:20,6086.860000000001,CLI0189
CRT01244,2026-06-18 23:35:22,2034.62,CLI0193
CRT01273,2026-02-27 00:07:13,1635.87,CLI0277
CRT02704,2026-07-02 23:43:39,7367.3,CLI0276
CRT01831,2026-02-28 06:40:04,4842.110000000001,CLI0028
CRT02904,2026-06-05 09:53:05,8624.66,CLI0206
CRT02405,2026-05-18 10:37:38,3085.86,CLI0322
CRT00597,2026-03-30 14:20:05,4962.74,CLI0258
CRT03324,2026-05-16 08:45:25,6029.87,CLI0268
CRT02049,2026-04-19 15:00:08,404.74,CLI0365
CRT00545,2026-01-09 21:49:39,5921.43,CLI0100
CRT01991,2026-07-16 00:14:23,789.2,CLI0213
CRT03479,2026-02-21 04:10:35,125.96,CLI0353
CRT01519,2026-06-15 08:54:39,1744.96,CLI0353
CRT02262,2026-05-25 12:13:15,1747.08,CLI0297
CRT02388,2026-07-03 16:42:36,1483.69,CLI0258
CRT01011,2026-01-23 17:36:34,4008.46,CLI0271
CRT01198,2026-07-20 10:06:58,1729.4499999999998,CLI0040
CRT02601,2026-06-06 02:57:45,2475.13,CLI0379
CRT00942,2026-03-22 14:21:02,3923.23,CLI0369
CRT01797,2026-02-16 14:52:26,1506.9,CLI0215
CRT00764,2026-03-14 11:44:43,3301.98,CLI0314
CRT03227,2026-05-06 00:47:57,4350.07,CLI0052
CRT01810,2026-06-21 21:46:51,3509.03,CLI0311
CRT01664,2026-04-19 20:40:55,1206.0300000000002,CLI0337
CRT01131,2026-04-08 11:55:14,3268.46,CLI0395
CRT03155,2026-04-07 07:52:09,4860.78,CLI0308
CRT00367,2026-06-29 15:50:47,6999.02,CLI0276
CRT01257,2026-02-15 23:30:04,400.2,CLI0202
CRT03154,2026-05-20 06:02:51,2826.14,CLI0357
CRT00556,2026-03-30 10:04:02,4624.6,CLI0179
CRT03161,2026-04-27 15:04:30,4179.38,CLI0333
CRT01254,2026-03-08 09:38:10,5314.4400000000005,CLI0031
CRT00570,2026-03-08 02:27:34,2967.9700000000003,CLI0060
CRT01914,2026-07-10 21:54:50,9751.08,CLI0337
CRT02633,2026-06-01 19:30:02,3940.04,CLI0032
CRT02159,2026-02-04 23:32:10,2167.11,CLI0355
CRT02078,2026-01-18 01:37:36,4591.57,CLI0179
CRT02431,2026-07-02 01:15:14,3715.64,CLI0111
CRT01658,2026-03-04 09:00:55,4565.55,CLI0339
CRT00853,2026-04-21 11:46:30,2234.4700000000003,CLI0398
CRT01689,2026-05-19 11:24:31,1188.0,CLI0340
CRT01405,2026-06-26 12:07:14,154.95,CLI0198
CRT00141,2026-03-29 14:53:53,2326.24,CLI0103
CRT03252,2026-03-06 06:17:50,3509.6400000000003,CLI0099
CRT00821,2026-07-07 02:48:38,1832.58,CLI0112
CRT03272,2026-04-06 13:32:34,1279.46,CLI0337
CRT03245,2026-02-26 03:02:17,5887.08,CLI0071
CRT01491,2026-07-03 15:34:11,2632.61,CLI0076
CRT00943,2026-07-10 20:49:24,5606.93,CLI0314
CRT02022,2026-03-27 14:11:57,5336.95,CLI0276
CRT00583,2026-07-08 08:48:46,6640.04,CLI0121
CRT01053,2026-04-16 03:09:36,2546.3900000000003,CLI0140
CRT02089,2026-03-01 14:23:45,1162.08,CLI0199
CRT02442,2026-01-04 12:16:26,874.88,CLI0015
CRT01835,2026-04-24 12:58:49,3692.75,CLI0021
CRT01988,2026-06-15 13:14:35,3950.230000000001,CLI0079
CRT00489,2026-02-28 13:46:12,5182.93,CLI0036
CRT02322,2026-04-30 18:39:03,7126.6,CLI0022
CRT02760,2026-07-12 14:11:00,1780.41,CLI0163
CRT00189,2026-06-08 04:17:11,2715.89,CLI0369
CRT00317,2026-04-10 15:10:00,3563.21,CLI0196
CRT02776,2026-04-15 11:23:11,4446.49,CLI0157
CRT00496,2026-05-17 18:19:32,7158.02,CLI0402
CRT01212,2026-02-23 21:02:07,4307.14,CLI0086
CRT01386,2026-01-02 15:12:38,9419.52,CLI0294
CRT01613,2026-07-02 21:11:13,8127.950000000001,CLI0392
CRT02306,2026-05-11 13:37:35,1986.14,CLI0385
CRT00603,2026-04-03 22:18:38,4087.12,CLI0167
CRT01077,2026-04-23 04:17:00,3629.89,CLI0396
CRT00647,2026-04-24 13:13:20,4714.639999999999,CLI0139
CRT01528,2026-01-15 05:19:14,6818.18,CLI0298
CRT02535,2026-05-03 01:15:22,4472.599999999999,CLI0125
CRT00540,2026-03-15 21:45:11,1368.13,CLI0267
CRT01944,2026-05-22 02:18:44,4279.9,CLI0162
CRT02715,2026-05-20 06:14:52,1409.82,CLI0187
CRT00018,2026-02-17 13:30:30,1532.5800000000002,CLI0199
CRT00558,2026-04-14 20:55:54,5580.7300000000005,CLI0233
CRT00350,2026-01-30 12:35:51,5916.48,CLI0005
CRT01925,2026-01-23 10:57:21,4578.139999999999,CLI0098
CRT01380,2026-06-01 17:14:21,3556.98,CLI0111
CRT00744,2026-04-07 13:02:25,1722.6,CLI0353
CRT01654,2026-07-15 22:45:40,3988.9,CLI0014
CRT01318,2026-03-12 05:08:32,7612.33,CLI0062
CRT01623,2026-01-18 18:08:11,4574.05,CLI0426
CRT00850,2026-05-24 22:25:39,1660.4599999999998,CLI0101
CRT03210,2026-05-20 02:52:04,2193.38,CLI0363
CRT01357,2026-05-29 11:52:05,3296.6800000000003,CLI0304
CRT01115,2026-04-16 08:41:10,12062.19,CLI0303
CRT03274,2026-01-03 11:35:58,4988.08,CLI0063
CRT01400,2026-04-29 05:02:49,1663.04,CLI0233
CRT01145,2026-04-05 19:59:03,2759.16,CLI0032
CRT02362,2026-05-26 01:10:21,917.92,CLI0012
CRT03055,2026-03-21 06:50:07,2403.83,CLI0388
CRT02090,2026-05-19 01:40:05,1265.83,CLI0174
CRT01870,2026-07-25 15:44:30,4547.21,CLI0252
CRT01215,2026-02-12 16:53:39,6525.33,CLI0027
CRT02345,2026-02-28 08:15:43,655.18,CLI0204
CRT03396,2026-04-04 16:42:09,5257.56,CLI0130
CRT00095,2026-02-03 23:34:12,1995.08,CLI0243
CRT00824,2026-01-25 21:40:18,5415.57,CLI0420
CRT01268,2026-06-29 12:00:31,661.4100000000001,CLI0078
CRT00006,2026-04-11 20:49:03,3852.08,CLI0026
CRT02098,2026-07-13 01:55:30,2274.12,CLI0296
CRT00271,2026-07-20 06:56:19,2155.39,CLI0423
CRT00806,2026-04-26 16:17:34,2532.96,CLI0185
CRT00155,2026-07-07 13:35:03,3696.31,CLI0103
CRT01057,2026-04-06 01:21:41,4830.71,CLI0058
CRT00325,2026-07-09 21:58:07,1566.32,CLI0280
CRT00528,2026-02-24 18:30:29,5486.58,CLI0052
CRT01089,2026-04-09 01:57:31,697.5600000000001,CLI0055
CRT02364,2026-06-11 21:57:16,4624.28,CLI0291
CRT01683,2026-01-18 20:37:22,4330.17,CLI0140
CRT00914,2026-01-18 20:17:31,4246.29,CLI0163
CRT03343,2026-01-18 10:06:56,4862.06,CLI0097
CRT00629,2026-05-23 09:22:59,2395.2000000000003,CLI0287
CRT00373,2026-02-28 09:25:01,4577.42,CLI0421
CRT02822,2026-02-05 12:52:45,2352.05,CLI0083
CRT01213,2026-03-30 01:58:40,2412.0,CLI0376
CRT01416,2026-06-15 20:20:41,3887.64,CLI0090
CRT02825,2026-02-18 10:22:22,4556.82,CLI0057
CRT00564,2026-07-23 20:55:52,4984.81,CLI0276
CRT00451,2026-01-11 23:36:43,2253.9300000000003,CLI0024
CRT02403,2026-04-11 01:35:23,1976.49,CLI0049
CRT00041,2026-06-02 09:23:21,6065.48,CLI0428
CRT02289,2026-07-24 22:41:24,4914.51,CLI0270
CRT02346,2026-07-11 07:38:28,4366.9,CLI0371
CRT00191,2026-02-20 22:10:23,1205.76,CLI0255
CRT00406,2026-05-29 17:44:17,3522.6000000000004,CLI0372
CRT01758,2026-03-27 15:22:40,3047.56,CLI0431
CRT02734,2026-04-19 05:12:55,4365.31,CLI0347
CRT02493,2026-01-18 07:00:26,3530.94,CLI0252
CRT02955,2026-06-10 21:49:55,3777.11,CLI0074
CRT03402,2026-02-07 14:56:21,482.74,CLI0011
CRT00391,2026-01-03 20:09:11,2478.97,CLI0192
CRT00626,2026-06-11 03:30:22,4643.84,CLI0430
CRT02659,2026-07-13 14:14:56,3133.98,CLI0179
CRT03047,2026-01-14 13:31:30,2219.4300000000003,CLI0085
CRT00281,2026-05-29 06:19:20,2933.88,CLI0355
CRT00025,2026-05-19 15:04:22,1687.4,CLI0414
CRT03319,2026-02-13 05:00:56,5185.74,CLI0358
CRT02477,2026-05-08 10:47:57,4145.88,CLI0192
CRT00903,2026-06-06 22:46:28,5071.66,CLI0348
CRT02151,2026-02-05 20:15:38,4552.94,CLI0426
CRT01523,2026-05-25 15:52:36,5231.17,CLI0247
CRT01627,2026-01-25 02:47:09,2213.03,CLI0320
CRT03038,2026-02-28 15:25:31,5321.2300000000005,CLI0364
CRT01611,2026-03-01 15:27:46,4413.070000000001,CLI0063
CRT00176,2026-01-13 21:37:26,5515.29,CLI0320
CRT01293,2026-04-26 00:35:51,512.59,CLI0274
CRT02684,2026-06-27 23:58:33,327.49,CLI0398
CRT00083,2026-06-24 01:06:45,6546.14,CLI0064
CRT00936,2026-02-22 02:24:28,5405.35,CLI0388
CRT01460,2026-03-02 04:15:24,3305.67,CLI0083
CRT01564,2026-04-21 01:32:52,6546.029999999999,CLI0388
CRT01042,2026-05-25 11:29:13,2923.62,CLI0154
CRT00125,2026-06-18 20:19:30,5235.799999999999,CLI0431
CRT02562,2026-06-30 04:53:27,4961.139999999999,CLI0096
CRT01860,2026-06-14 10:18:07,2464.4,CLI0411
CRT01387,2026-01-11 17:08:09,4467.14,CLI0023
CRT00614,2026-03-02 20:13:09,3110.83,CLI0412
CRT01873,2026-06-20 03:29:57,1458.74,CLI0184
CRT00507,2026-05-03 08:27:55,7298.12,CLI0131
CRT03125,2026-04-21 17:14:10,584.97,CLI0405
CRT01209,2026-05-07 15:02:05,1273.0,CLI0429
CRT01604,2026-05-14 23:58:37,1927.17,CLI0225
CRT02161,2026-01-03 06:19:05,7307.06,CLI0003
CRT03216,2026-02-19 19:29:38,601.0799999999999,CLI0153
CRT03263,2026-01-17 16:21:44,5337.58,CLI0324
CRT02872,2026-01-04 20:05:21,4580.14,CLI0343
CRT01992,2026-05-02 12:25:37,3015.77,CLI0126
CRT00143,2026-07-03 06:33:59,6128.700000000001,CLI0162
CRT01144,2026-02-02 10:42:39,4098.570000000001,CLI0434
CRT02133,2026-05-23 23:43:20,6249.83,CLI0391
CRT02534,2026-04-19 08:59:07,2697.69,CLI0198
CRT02844,2026-03-05 10:14:09,3113.7200000000003,CLI0096
CRT01795,2026-06-03 07:50:54,3152.98,CLI0106
CRT02539,2026-03-08 22:02:35,907.1,CLI0076
CRT01183,2026-05-29 11:22:39,1141.6799999999998,CLI0409
CRT02229,2026-04-16 08:29:14,9667.08,CLI0386
CRT00644,2026-03-23 23:46:31,1866.75,CLI0161
CRT02526,2026-05-31 02:35:36,2262.91,CLI0329
CRT00278,2026-05-16 01:46:06,3015.16,CLI0003
CRT03379,2026-03-22 02:31:43,6112.93,CLI0088
CRT02778,2026-01-20 08:44:22,5125.61,CLI0041
CRT03483,2026-05-02 00:53:51,6073.09,CLI0054
CRT01888,2026-07-25 17:23:21,2862.46,CLI0041
CRT02779,2026-02-12 20:56:47,2813.84,CLI0048
CRT02430,2026-04-02 06:28:42,4323.98,CLI0226
CRT00171,2026-07-07 00:47:52,3704.51,CLI0109
CRT02007,2026-01-10 23:21:18,6159.24,CLI0389
CRT00754,2026-03-09 19:43:09,1255.41,CLI0420
CRT03275,2026-01-03 11:58:25,4276.18,CLI0353
CRT00962,2026-06-01 07:21:07,1196.5,CLI0233
CRT00650,2026-01-06 04:33:09,2705.59,CLI0095
CRT01396,2026-01-05 17:28:06,5843.959999999999,CLI0047
CRT00635,2026-03-25 18:35:04,2337.8,CLI0182
CRT00998,2026-06-19 21:39:43,6712.32,CLI0313
CRT00725,2026-02-25 04:06:41,3281.66,CLI0342
CRT02738,2026-07-02 13:32:57,1177.0,CLI0099
CRT01619,2026-02-01 09:07:38,4558.65,CLI0056
CRT00341,2026-02-26 06:41:40,3231.67,CLI0270
CRT00787,2026-04-09 06:53:52,3444.3,CLI0273
CRT02482,2026-03-13 11:33:40,9534.51,CLI0069
CRT00774,2026-06-01 09:19:06,2409.76,CLI0360
CRT01473,2026-03-17 17:15:16,1869.52,CLI0362
CRT02084,2026-06-12 16:46:55,4352.32,CLI0259
CRT01952,2026-02-26 21:23:45,6487.39,CLI0260
CRT01119,2026-06-27 21:30:59,9964.51,CLI0417
CRT02880,2026-07-10 21:54:43,1962.18,CLI0323
CRT00532,2026-04-10 23:09:05,4935.98,CLI0083
CRT02991,2026-01-18 04:07:12,2895.4,CLI0418
CRT01747,2026-06-25 04:26:37,2779.24,CLI0416
CRT01863,2026-04-08 03:22:10,2697.48,CLI0309
CRT00596,2026-05-19 01:11:08,2136.6000000000004,CLI0245
CRT01366,2026-02-15 14:06:08,1847.52,CLI0233
CRT01411,2026-03-27 01:59:44,1330.98,CLI0318
CRT02000,2026-04-15 16:42:09,9151.84,CLI0212
CRT00276,2026-06-18 21:27:22,4440.64,CLI0235
CRT01703,2026-04-22 14:56:13,906.28,CLI0433
CRT00291,2026-06-29 19:56:42,2019.3,CLI0154
CRT02619,2026-06-12 17:54:42,895.1400000000001,CLI0274
CRT01854,2026-06-10 09:48:20,2132.29,CLI0233
CRT01065,2026-05-13 04:49:55,1833.8,CLI0421
CRT02629,2026-07-10 04:13:38,492.32,CLI0097
CRT01581,2026-02-13 19:33:22,2848.12,CLI0145
CRT00546,2026-05-13 08:26:05,2460.36,CLI0262
CRT02048,2026-01-26 05:20:09,1780.57,CLI0233
CRT02185,2026-06-24 21:57:12,3131.73,CLI0345
CRT01454,2026-07-17 01:43:22,5054.4,CLI0148
CRT02678,2026-06-01 15:47:41,3928.71,CLI0174
CRT02630,2026-04-05 04:38:20,2289.61,CLI0294
CRT00994,2026-06-04 10:51:57,4220.79,CLI0430
CRT03464,2026-06-21 00:13:00,1429.57,CLI0207
CRT01314,2026-02-05 11:42:31,2525.0,CLI0280
CRT01882,2026-03-29 16:52:35,3820.77,CLI0263
CRT01325,2026-05-05 02:56:20,4663.0,CLI0009
CRT03321,2026-03-23 05:23:18,2120.65,CLI0065
CRT00433,2026-05-20 19:38:56,2632.9,CLI0134
CRT00740,2026-03-01 11:31:55,2051.61,CLI0250
CRT00388,2026-07-24 19:52:09,3454.16,CLI0408
CRT01013,2026-06-30 10:27:22,6985.54,CLI0404
CRT03028,2026-07-04 12:16:55,1358.06,CLI0211
CRT03446,2026-02-21 10:57:40,4883.48,CLI0284
CRT03427,2026-01-14 17:46:51,1682.83,CLI0064
CRT01926,2026-04-29 05:23:40,1396.88,CLI0395
CRT01233,2026-05-21 00:23:06,2673.0,CLI0161
CRT00763,2026-05-22 05:36:42,4725.51,CLI0393
CRT03152,2026-01-10 07:57:35,4442.71,CLI0050
CRT02697,2026-04-22 10:51:47,9658.1,CLI0360
CRT02325,2026-04-05 18:06:53,1783.67,CLI0210
CRT02404,2026-02-10 09:58:04,4689.01,CLI0123
CRT02216,2026-07-18 21:50:38,1269.13,CLI0038
CRT01759,2026-01-26 05:50:16,2400.77,CLI0420
CRT00788,2026-05-15 23:54:58,560.5,CLI0099
CRT01414,2026-04-30 22:32:31,63.84,CLI0188
CRT02649,2026-03-16 13:42:55,1664.64,CLI0254
CRT01002,2026-03-18 11:45:12,1201.38,CLI0394
CRT03236,2026-03-30 17:37:07,2244.05,CLI0176
CRT00550,2026-07-19 14:32:34,7309.38,CLI0142
CRT01401,2026-04-14 06:44:01,5841.03,CLI0361
CRT00012,2026-01-07 07:32:05,4077.3,CLI0050
CRT02297,2026-05-18 10:42:39,8494.58,CLI0097
CRT02392,2026-03-05 19:08:45,4414.12,CLI0414
CRT00345,2026-02-26 07:46:04,3414.49,CLI0179
CRT02031,2026-04-19 18:23:47,4682.43,CLI0372
CRT00662,2026-06-10 04:36:09,3037.7300000000005,CLI0227
CRT00785,2026-05-13 03:32:09,2946.6000000000004,CLI0111
CRT02134,2026-02-02 11:05:26,2530.77,CLI0403
CRT01762,2026-07-06 19:56:31,1583.93,CLI0309
CRT00282,2026-02-02 03:46:13,5594.08,CLI0375
CRT01998,2026-07-21 08:18:28,1491.2,CLI0216
CRT00080,2026-04-03 07:14:57,3241.12,CLI0026
CRT02135,2026-04-15 16:14:15,3677.86,CLI0291
CRT02396,2026-06-15 16:36:49,3440.61,CLI0148
CRT02105,2026-01-22 19:25:32,454.08,CLI0228
CRT02765,2026-02-09 23:56:28,3401.6800000000003,CLI0366
CRT01363,2026-05-01 21:18:09,2712.1,CLI0038
CRT01790,2026-06-22 17:59:29,3916.66,CLI0424
CRT03197,2026-02-02 23:09:57,2914.67,CLI0220
CRT01603,2026-01-27 14:25:52,8903.16,CLI0345
CRT02531,2026-07-01 17:47:24,3356.52,CLI0261
CRT00838,2026-07-12 21:40:05,3747.51,CLI0229
CRT00700,2026-02-08 01:48:25,555.4,CLI0010
CRT00465,2026-02-24 05:28:12,2454.83,CLI0144
CRT00227,2026-04-23 01:40:25,6575.63,CLI0211
CRT00109,2026-03-25 10:04:51,3792.68,CLI0328
CRT01608,2026-02-13 02:21:21,766.2899999999998,CLI0380
CRT00847,2026-02-04 17:30:35,5086.26,CLI0391
CRT02245,2026-02-02 11:20:50,2020.83,CLI0031
CRT02933,2026-03-10 07:25:28,3852.87,CLI0167
CRT03182,2026-04-29 15:02:04,208.11,CLI0407
CRT00245,2026-04-28 16:10:20,1262.5,CLI0041
CRT02621,2026-05-28 21:52:12,1476.16,CLI0115
CRT01349,2026-02-23 15:49:33,5006.52,CLI0146
CRT02741,2026-04-18 05:35:18,2465.87,CLI0084
CRT01881,2026-01-24 01:28:20,1932.66,CLI0219
CRT03463,2026-04-11 04:35:06,3956.39,CLI0387
CRT02841,2026-05-05 03:00:28,767.5799999999999,CLI0145
CRT02900,2026-05-17 18:41:43,2017.51,CLI0351
CRT01399,2026-05-30 00:53:19,5908.56,CLI0383
CRT03246,2026-06-27 04:36:31,2103.48,CLI0373
CRT02203,2026-02-19 12:11:10,3699.39,CLI0201
CRT02756,2026-05-16 12:42:11,3330.53,CLI0049
CRT00363,2026-01-02 22:49:33,1512.0400000000002,CLI0274
CRT02965,2026-02-01 00:46:19,4108.469999999999,CLI0279
CRT02653,2026-07-08 01:54:49,3552.9,CLI0359
CRT02030,2026-03-03 11:03:58,2231.6000000000004,CLI0133
CRT02771,2026-04-28 06:39:59,5929.9,CLI0362
CRT02527,2026-01-10 04:31:55,5243.29,CLI0210
CRT01283,2026-02-18 10:52:53,3587.99,CLI0339
CRT02298,2026-02-08 11:55:49,394.6,CLI0405
CRT00497,2026-01-31 03:23:34,2676.14,CLI0386
CRT00851,2026-05-15 08:57:55,2111.6,CLI0377
CRT01690,2026-04-17 14:38:50,1379.42,CLI0103
CRT00926,2026-03-01 00:56:58,2273.76,CLI0119
CRT02429,2026-03-11 05:35:19,2206.2,CLI0347
CRT02650,2026-03-27 05:33:34,1776.4300000000003,CLI0031
CRT01199,2026-02-03 22:25:13,3152.32,CLI0130
CRT02413,2026-04-29 00:58:21,97.82,CLI0023
CRT01158,2026-01-03 02:36:43,3225.8,CLI0069
CRT01577,2026-05-10 20:45:41,4367.22,CLI0124
CRT00964,2026-06-27 23:36:50,2545.78,CLI0166
CRT01827,2026-03-22 17:53:12,5084.38,CLI0085
CRT00091,2026-02-24 08:03:32,3268.6800000000003,CLI0400
CRT02499,2026-07-05 17:00:20,2312.57,CLI0219
CRT01074,2026-02-23 11:40:58,5684.84,CLI0328
CRT01987,2026-07-07 03:36:54,1051.8300000000002,CLI0256
CRT01067,2026-04-10 19:01:04,3845.46,CLI0236
CRT02496,2026-06-01 19:58:58,6071.32,CLI0089
CRT02357,2026-06-18 12:54:46,6535.44,CLI0256
CRT00541,2026-07-18 06:22:53,3433.0,CLI0030
CRT02819,2026-04-20 06:37:58,4961.299999999999,CLI0187
CRT00450,2026-05-01 16:33:11,3784.92,CLI0199
CRT00901,2026-02-05 03:11:47,2508.11,CLI0337
CRT02042,2026-03-31 10:53:36,1167.48,CLI0120
CRT00043,2026-04-10 20:15:23,1943.71,CLI0045
CRT01275,2026-05-26 19:29:23,2098.9,CLI0063
CRT03046,2026-04-14 13:51:08,1110.73,CLI0329
CRT01809,2026-05-01 12:53:59,5942.62,CLI0121
CRT01670,2026-05-06 03:38:34,5878.56,CLI0414
CRT03151,2026-06-13 21:03:29,4370.12,CLI0231
CRT02254,2026-03-02 18:27:47,5185.009999999999,CLI0030
CRT02055,2026-07-19 14:22:24,2976.73,CLI0266
CRT01754,2026-07-16 23:27:46,2329.97,CLI0416
CRT03242,2026-07-14 05:32:48,1353.4,CLI0263
CRT02270,2026-07-09 13:41:11,2022.22,CLI0414
CRT03048,2026-04-19 07:05:23,1145.58,CLI0332
CRT01330,2026-02-02 07:30:21,4968.55,CLI0355
CRT00723,2026-06-13 10:52:46,4298.849999999999,CLI0247
CRT02551,2026-04-16 03:14:08,4554.7,CLI0376
CRT00419,2026-03-12 13:05:18,572.4,CLI0224
CRT00690,2026-03-03 18:48:33,2100.66,CLI0321
CRT02236,2026-02-19 03:55:56,1128.14,CLI0301
CRT02612,2026-03-04 07:42:20,3819.93,CLI0124
CRT02867,2026-03-15 17:11:13,584.24,CLI0109
CRT02757,2026-05-27 10:16:01,7430.33,CLI0359
CRT03144,2026-02-07 11:47:12,1831.79,CLI0316
CRT02595,2026-04-16 06:50:33,3243.01,CLI0264
CRT00115,2026-02-05 00:55:36,4215.7300000000005,CLI0349
CRT02193,2026-01-01 15:33:02,4534.8,CLI0233
CRT03333,2026-06-21 07:52:09,5400.75,CLI0007
CRT01776,2026-03-25 10:15:35,6794.39,CLI0424
CRT00951,2026-02-18 10:36:05,2352.03,CLI0026
CRT03366,2026-05-28 09:41:28,2128.16,CLI0019
CRT02964,2026-03-10 22:50:45,3476.0,CLI0355
CRT02793,2026-07-15 19:03:38,4346.65,CLI0346
CRT00857,2026-03-24 12:32:37,8580.1,CLI0098
CRT02791,2026-06-05 01:32:31,3877.56,CLI0351
CRT00640,2026-03-28 15:21:28,856.9899999999999,CLI0414
CRT03278,2026-01-17 14:02:20,1121.8000000000002,CLI0288
CRT03002,2026-02-28 14:00:13,7216.58,CLI0275
CRT00800,2026-04-06 15:00:46,1456.1,CLI0167
CRT02511,2026-07-15 13:53:13,3300.84,CLI0011
CRT00622,2026-05-24 20:40:27,2600.9,CLI0129
CRT00931,2026-05-02 05:00:24,9575.79,CLI0252
CRT02567,2026-07-14 06:59:10,2832.87,CLI0415
CRT03212,2026-07-07 04:45:11,4240.33,CLI0381
CRT03172,2026-06-16 00:35:53,2442.78,CLI0046
CRT00464,2026-05-12 23:25:41,3034.4,CLI0040
CRT00728,2026-03-12 21:17:17,5223.57,CLI0407
CRT00854,2026-05-28 03:15:43,4227.219999999999,CLI0351
CRT02666,2026-06-17 05:57:35,4253.52,CLI0235
CRT01671,2026-06-22 07:29:48,2337.84,CLI0354
CRT00344,2026-04-14 03:20:51,632.25,CLI0275
CRT00179,2026-01-30 15:10:27,5553.4,CLI0354
CRT01675,2026-04-22 07:20:44,4080.47,CLI0187
CRT01547,2026-02-26 06:51:36,3658.12,CLI0258
CRT01667,2026-01-06 11:31:26,3905.22,CLI0302
CRT02063,2026-06-27 07:44:31,1407.2599999999998,CLI0061
CRT01050,2026-04-10 06:49:20,2921.64,CLI0311
CRT00034,2026-06-08 05:22:06,845.0600000000001,CLI0347
CRT01505,2026-04-15 23:15:29,8646.029999999999,CLI0004
CRT03168,2026-04-22 13:53:32,5954.0,CLI0278
CRT01550,2026-05-22 04:08:57,6428.45,CLI0365
CRT02250,2026-03-21 21:57:59,4977.79,CLI0241
CRT02062,2026-05-12 19:15:55,3445.08,CLI0361
CRT02223,2026-04-24 01:59:41,2732.97,CLI0411
CRT02645,2026-03-23 11:14:47,4262.0,CLI0307
CRT03473,2026-02-22 18:47:47,441.82,CLI0360
CRT00882,2026-06-19 09:52:41,4015.86,CLI0199
CRT01426,2026-03-30 16:28:18,4508.969999999999,CLI0191
CRT00948,2026-05-18 14:24:13,7110.540000000001,CLI0266
CRT01692,2026-06-21 19:56:10,2195.9500000000003,CLI0233
CRT02259,2026-06-20 17:19:14,3702.37,CLI0097
CRT00925,2026-03-01 21:42:46,4408.45,CLI0314
CRT01194,2026-01-14 23:53:45,2497.73,CLI0294
CRT02373,2026-01-07 06:47:50,357.62,CLI0251
CRT01761,2026-04-01 15:19:24,3361.87,CLI0034
CRT02191,2026-06-23 19:24:13,3091.41,CLI0355
CRT00638,2026-04-29 22:59:59,5033.02,CLI0147
CRT00023,2026-02-08 03:31:15,7092.83,CLI0032
CRT03127,2026-07-14 15:23:53,5305.219999999999,CLI0012
CRT01784,2026-04-13 22:30:03,1357.1699999999998,CLI0026
CRT01736,2026-01-29 11:31:22,4982.96,CLI0359
CRT02662,2026-02-19 19:57:08,5591.61,CLI0357
CRT02356,2026-07-08 00:21:08,3717.08,CLI0157
CRT00331,2026-03-13 20:15:54,2011.19,CLI0220
CRT03018,2026-06-29 03:51:34,5154.83,CLI0028
CRT00678,2026-03-15 17:04:58,3826.38,CLI0177
CRT00381,2026-05-09 03:51:51,6327.33,CLI0184
CRT01076,2026-05-17 11:37:11,1922.04,CLI0142
CRT01069,2026-06-25 21:38:14,3968.11,CLI0023
CRT02683,2026-06-17 13:40:00,6192.97,CLI0089
CRT01652,2026-04-04 12:42:07,5831.45,CLI0429
CRT02397,2026-06-29 10:49:47,601.44,CLI0178
CRT03247,2026-03-12 17:32:00,968.64,CLI0138
CRT01134,2026-07-13 23:09:39,8470.55,CLI0298
CRT00672,2026-03-30 17:32:11,979.36,CLI0159
CRT00602,2026-05-29 03:40:05,4090.36,CLI0195
CRT02320,2026-04-24 18:53:22,74.24000000000001,CLI0152
CRT01140,2026-05-26 11:05:17,5063.81,CLI0154
CRT02543,2026-01-30 03:21:38,2031.18,CLI0007
CRT00801,2026-06-12 15:40:38,764.7,CLI0392
CRT00920,2026-03-12 05:31:57,6730.61,CLI0379
CRT01298,2026-06-23 19:32:08,1127.73,CLI0235
CRT01072,2026-06-18 11:22:37,3586.33,CLI0393
CRT02544,2026-07-02 13:59:37,5280.0,CLI0330
CRT02903,2026-07-19 14:12:30,6415.65,CLI0288
CRT01104,2026-03-25 16:30:12,1699.98,CLI0404
CRT01079,2026-01-30 00:33:19,945.29,CLI0141
CRT00194,2026-06-30 14:55:07,4461.85,CLI0184
CRT02261,2026-06-27 12:03:23,7316.14,CLI0308
CRT01600,2026-07-25 17:19:07,1721.45,CLI0431
CRT00708,2026-04-29 01:09:19,7180.0,CLI0191
CRT02318,2026-05-21 03:05:09,2581.02,CLI0131
CRT00896,2026-05-09 10:02:39,6829.1,CLI0121
CRT02914,2026-03-16 01:25:23,3359.5,CLI0122
CRT01497,2026-04-24 10:30:31,439.05,CLI0412
CRT02587,2026-01-15 12:57:45,3820.03,CLI0313
CRT02792,2026-04-25 06:08:09,3267.55,CLI0311
CRT02162,2026-05-23 17:48:11,3766.23,CLI0212
CRT00959,2026-05-20 04:55:34,2078.81,CLI0357
CRT00562,2026-03-29 04:15:36,2910.41,CLI0151
CRT02530,2026-07-17 12:41:28,4632.490000000001,CLI0131
CRT03296,2026-05-16 01:25:27,2196.1000000000004,CLI0274
CRT03314,2026-01-14 09:27:17,3658.84,CLI0353
CRT02735,2026-02-22 02:34:08,634.2599999999999,CLI0275
CRT02473,2026-02-01 11:14:41,5795.38,CLI0389
CRT03455,2026-04-18 14:56:13,2113.12,CLI0239
CRT00197,2026-05-04 12:02:12,1390.65,CLI0353
CRT01200,2026-03-12 09:21:19,5819.86,CLI0144
CRT01534,2026-01-20 18:42:33,4183.72,CLI0328
CRT03421,2026-03-16 22:42:42,5088.04,CLI0268
CRT02564,2026-01-29 16:24:29,8032.889999999999,CLI0258
CRT02886,2026-02-21 19:25:34,1827.31,CLI0390
CRT02065,2026-02-10 20:21:12,159.60000000000002,CLI0383
CRT02010,2026-04-18 14:38:11,3950.46,CLI0152
CRT01967,2026-03-08 12:59:58,390.66,CLI0184
CRT01148,2026-01-08 08:33:53,3277.66,CLI0145
CRT02861,2026-03-19 04:00:25,3687.6,CLI0027
CRT02414,2026-06-13 16:49:02,3257.51,CLI0038
CRT02695,2026-06-01 06:35:36,5568.49,CLI0407
CRT02448,2026-06-10 06:54:04,5294.61,CLI0288
CRT03351,2026-03-09 04:18:29,2925.78,CLI0181
CRT01265,2026-02-08 23:46:12,401.44,CLI0255
CRT02705,2026-07-12 07:33:12,4139.71,CLI0064
CRT00752,2026-01-18 19:20:17,911.91,CLI0083
CRT01125,2026-05-05 04:09:44,3565.21,CLI0429
CRT00797,2026-06-18 05:45:32,674.64,CLI0173
CRT00697,2026-04-27 22:29:27,2016.81,CLI0327
CRT03401,2026-05-13 23:17:39,5926.9400000000005,CLI0352
CRT00907,2026-04-25 19:44:31,295.95000000000005,CLI0169
CRT02113,2026-02-06 06:39:02,7058.89,CLI0147
CRT03265,2026-05-31 14:55:14,3410.18,CLI0130
CRT02248,2026-05-30 19:42:08,2368.46,CLI0160
CRT01496,2026-04-24 15:07:54,1265.63,CLI0373
CRT00212,2026-06-09 09:46:07,4385.17,CLI0225
CRT01308,2026-06-01 02:19:43,6594.19,CLI0428
CRT01981,2026-07-20 03:42:32,1410.21,CLI0313
CRT03056,2026-02-21 23:14:34,2413.57,CLI0283
CRT01886,2026-05-15 03:03:26,3478.15,CLI0332
CRT01169,2026-05-08 08:37:11,5120.650000000001,CLI0296
CRT00235,2026-03-30 23:21:10,3583.37,CLI0247
CRT00265,2026-01-28 01:40:00,1208.28,CLI0360
CRT00323,2026-07-01 23:34:46,3050.01,CLI0361
CRT01955,2026-02-03 10:40:55,3029.01,CLI0240
CRT00394,2026-04-11 19:33:25,4669.45,CLI0306
CRT00554,2026-05-21 10:21:29,2995.31,CLI0047
CRT01798,2026-02-07 01:02:51,2972.67,CLI0406
CRT02981,2026-06-23 15:28:57,1895.94,CLI0093
CRT02009,2026-07-02 18:55:28,4884.17,CLI0324
CRT01640,2026-02-04 11:22:34,3044.23,CLI0221
CRT02276,2026-06-11 21:19:27,5346.82,CLI0100
CRT02394,2026-04-29 20:58:34,3118.92,CLI0236
CRT02863,2026-07-02 15:13:17,4493.77,CLI0180
CRT01631,2026-05-10 09:31:36,1567.38,CLI0252
CRT03113,2026-01-22 06:33:48,4606.8,CLI0056
CRT03481,2026-01-31 18:55:34,3464.55,CLI0310
CRT01157,2026-06-21 04:34:15,1562.2,CLI0148
CRT00636,2026-07-18 16:16:20,5476.08,CLI0250
CRT03320,2026-04-28 04:21:55,1603.11,CLI0299
CRT01406,2026-01-09 10:47:54,4944.14,CLI0272
CRT01029,2026-07-22 02:28:11,2793.37,CLI0131
CRT02183,2026-05-07 06:12:24,4308.030000000001,CLI0257
CRT01365,2026-02-25 22:11:19,6292.23,CLI0075
CRT00030,2026-03-02 17:20:24,3434.52,CLI0294
CRT00527,2026-06-29 05:53:26,313.91,CLI0401
CRT02995,2026-03-23 17:59:36,5673.08,CLI0181
CRT02688,2026-04-05 00:25:20,4332.24,CLI0228
CRT02288,2026-04-06 06:14:20,3585.92,CLI0415
CRT02876,2026-06-04 13:31:45,1271.88,CLI0271
CRT03239,2026-03-07 04:25:37,576.81,CLI0380
CRT02019,2026-07-20 23:37:13,3690.63,CLI0416
CRT00661,2026-07-08 10:20:47,1409.82,CLI0127
CRT01080,2026-05-24 18:42:58,140.04,CLI0319
CRT01867,2026-04-10 14:39:02,2120.64,CLI0084
CRT03306,2026-06-14 04:25:13,669.35,CLI0253
CRT00139,2026-03-18 15:02:26,3301.92,CLI0272
CRT01220,2026-04-22 00:25:54,1386.9399999999998,CLI0272
CRT00243,2026-05-21 23:25:20,2033.82,CLI0115
CRT02304,2026-02-12 18:31:05,1538.3200000000002,CLI0034
CRT00706,2026-02-25 12:26:55,3781.13,CLI0253
CRT00572,2026-06-29 08:22:17,9772.52,CLI0347
CRT00816,2026-02-09 05:02:21,2023.22,CLI0183
CRT03220,2026-01-06 23:14:34,7242.63,CLI0322
CRT03072,2026-04-29 02:52:02,1055.54,CLI0350
CRT00431,2026-07-16 21:28:57,6944.34,CLI0208
CRT00089,2026-01-08 14:04:27,3674.03,CLI0146
CRT03037,2026-05-09 11:08:32,4301.7,CLI0293
CRT02990,2026-07-04 17:25:09,1753.47,CLI0229
CRT00731,2026-06-26 17:18:14,3562.05,CLI0402
CRT00696,2026-03-16 04:01:04,3999.18,CLI0070
CRT02699,2026-01-17 19:34:12,1282.04,CLI0167
CRT02066,2026-01-31 21:54:12,4778.17,CLI0190
CRT00437,2026-04-29 18:14:43,1792.8200000000002,CLI0069
CRT02025,2026-01-24 18:37:45,2568.24,CLI0110
CRT00571,2026-06-12 08:01:25,1192.71,CLI0196
CRT00734,2026-02-10 18:12:05,1113.78,CLI0128
CRT03293,2026-05-28 00:10:09,4071.63,CLI0402
CRT01255,2026-04-23 02:31:36,4278.37,CLI0092
CRT03484,2026-05-10 16:09:31,2402.27,CLI0427
CRT01453,2026-05-04 13:32:25,3005.08,CLI0117
CRT00318,2026-06-25 11:23:00,1939.03,CLI0404
CRT01673,2026-07-15 12:21:44,1863.75,CLI0416
CRT01331,2026-06-13 09:51:53,7383.87,CLI0074
CRT01471,2026-07-09 19:53:04,129.66,CLI0003
CRT00351,2026-03-03 23:23:02,4552.38,CLI0229
CRT01085,2026-03-21 22:19:41,5072.79,CLI0037
CRT00229,2026-01-04 19:06:28,5013.900000000001,CLI0161
CRT03311,2026-02-13 03:12:16,3500.08,CLI0116
CRT00803,2026-03-03 20:30:12,3158.14,CLI0312
CRT02836,2026-03-30 18:12:16,3762.71,CLI0080
CRT03066,2026-06-22 03:32:43,583.5,CLI0360
CRT00056,2026-02-14 10:01:39,766.56,CLI0020
CRT03375,2026-07-07 00:06:47,6787.18,CLI0148
CRT02554,2026-02-06 09:47:41,6809.639999999999,CLI0417
CRT00159,2026-06-27 12:32:14,4703.02,CLI0116
CRT02966,2026-01-12 03:44:36,11492.79,CLI0423
CRT00621,2026-05-05 10:55:26,2532.63,CLI0403
CRT01816,2026-02-15 09:28:36,4525.31,CLI0298
CRT00137,2026-05-01 07:04:59,3487.13,CLI0037
CRT02087,2026-07-24 22:44:49,6495.79,CLI0046
CRT00735,2026-06-25 22:31:27,94.74,CLI0047
CRT02590,2026-02-05 00:56:05,3091.73,CLI0372
CRT01026,2026-05-24 23:12:38,5195.68,CLI0180
CRT02882,2026-02-18 07:01:27,1939.04,CLI0336
CRT01468,2026-02-01 00:54:26,1962.0,CLI0155
CRT00612,2026-05-28 08:19:18,3807.52,CLI0068
CRT02833,2026-07-05 14:09:27,3685.86,CLI0257
CRT01278,2026-01-24 13:18:07,614.32,CLI0332
CRT03238,2026-02-10 18:59:46,3349.26,CLI0003
CRT00105,2026-06-15 21:37:06,7678.25,CLI0288
CRT01413,2026-01-29 13:56:34,5060.05,CLI0027
CRT01307,2026-06-06 06:12:52,3139.3500000000004,CLI0234
CRT02177,2026-05-07 13:12:59,2818.2000000000003,CLI0120
CRT00100,2026-04-28 09:10:29,3515.42,CLI0179
CRT02573,2026-01-08 21:19:21,2850.82,CLI0176
CRT00506,2026-04-19 04:52:28,3399.48,CLI0051
CRT01427,2026-05-09 19:10:33,3574.68,CLI0249
CRT01889,2026-02-08 04:39:09,2017.74,CLI0154
CRT02669,2026-02-23 07:56:31,2898.9700000000003,CLI0075
CRT00595,2026-05-15 15:24:26,4440.8,CLI0028
CRT00780,2026-05-23 15:08:39,1033.13,CLI0185
CRT01470,2026-03-23 05:40:54,7832.56,CLI0235
CRT00233,2026-06-26 22:30:33,4688.12,CLI0268
CRT03391,2026-05-09 06:05:28,3574.46,CLI0269
CRT01626,2026-03-19 22:38:42,1550.52,CLI0079
CRT03000,2026-05-08 19:36:54,2118.7300000000005,CLI0282
CRT00003,2026-07-06 19:39:55,3452.26,CLI0370
CRT00900,2026-03-29 14:18:11,5265.0,CLI0078
CRT03350,2026-05-16 16:28:48,2665.88,CLI0339
CRT02340,2026-01-03 10:54:12,4123.46,CLI0134
CRT00338,2026-07-22 20:51:01,1735.87,CLI0252
CRT01725,2026-06-20 21:07:56,5967.75,CLI0268
CRT02909,2026-07-01 19:07:02,660.92,CLI0258
CRT00441,2026-02-12 18:43:08,445.82,CLI0351
CRT01802,2026-01-22 00:22:32,5099.12,CLI0235
CRT00500,2026-06-23 23:38:16,4147.1900000000005,CLI0397
CRT02602,2026-04-20 17:20:06,5311.2,CLI0179
CRT00989,2026-06-08 22:53:16,2388.99,CLI0143
CRT00878,2026-03-14 07:18:25,5404.64,CLI0031
CRT02556,2026-03-20 00:14:01,1684.5600000000002,CLI0358
CRT01054,2026-03-02 13:31:44,2349.7,CLI0255
CRT02487,2026-03-04 07:29:36,3718.06,CLI0176
CRT01618,2026-07-16 16:33:09,5170.55,CLI0076
CRT02068,2026-05-27 10:32:37,4072.84,CLI0190
CRT03457,2026-07-16 15:19:30,2800.5,CLI0014
CRT00509,2026-04-15 09:23:11,5027.45,CLI0279
CRT02578,2026-01-11 03:31:33,2641.57,CLI0405
CRT02978,2026-01-12 22:00:33,4421.06,CLI0044
CRT02618,2026-02-01 04:56:33,3369.8099999999995,CLI0344
CRT02800,2026-01-31 10:33:39,3769.71,CLI0393
CRT02212,2026-03-06 08:59:54,859.56,CLI0172
CRT02780,2026-01-22 10:24:27,6171.8,CLI0030
CRT03429,2026-06-19 00:01:24,2678.82,CLI0181
CRT00051,2026-05-25 03:40:37,3727.46,CLI0055
CRT00833,2026-01-14 11:05:48,5556.379999999999,CLI0196
CRT01389,2026-04-19 19:20:15,3812.72,CLI0018
CRT00658,2026-03-09 22:30:15,838.96,CLI0054
CRT03398,2026-03-27 18:51:13,3166.52,CLI0364
CRT01420,2026-01-30 23:37:50,1475.64,CLI0277
CRT01587,2026-02-24 18:43:23,2317.6,CLI0218
CRT01540,2026-06-25 13:11:56,3839.18,CLI0139
CRT02608,2026-01-23 10:58:18,2201.36,CLI0408
CRT02295,2026-03-04 01:40:54,85.76,CLI0326
CRT01801,2026-05-30 23:33:54,1746.72,CLI0190
CRT01181,2026-06-19 02:50:34,11144.84,CLI0380
CRT03489,2026-06-07 04:29:07,3861.76,CLI0337
CRT00653,2026-02-12 14:27:21,5051.1900000000005,CLI0108
CRT03052,2026-03-14 05:55:33,12641.93,CLI0123
CRT02703,2026-05-13 21:17:20,182.04,CLI0033
CRT01598,2026-04-15 10:34:48,3142.1800000000003,CLI0284
CRT02997,2026-07-23 23:10:40,4019.75,CLI0309
CRT02672,2026-07-05 20:57:35,6929.820000000001,CLI0186
CRT00921,2026-02-18 03:53:14,1091.63,CLI0399
CRT02906,2026-05-27 07:55:48,363.24,CLI0082
CRT00443,2026-05-25 20:36:02,7562.71,CLI0092
CRT01584,2026-06-28 21:27:31,7245.81,CLI0188
CRT03289,2026-02-13 21:53:50,3091.7,CLI0232
CRT03383,2026-01-06 06:27:47,4094.71,CLI0172
CRT01789,2026-07-17 16:31:08,1950.2,CLI0223
CRT02383,2026-02-22 04:43:50,2845.6600000000003,CLI0200
CRT02716,2026-06-18 00:00:11,3098.06,CLI0217
CRT02607,2026-02-02 18:07:44,4678.12,CLI0017
CRT01840,2026-03-14 06:34:38,2157.6400000000003,CLI0105
CRT02730,2026-01-20 20:01:09,662.5500000000001,CLI0217
CRT01971,2026-01-30 22:29:05,5321.93,CLI0221
CRT00165,2026-05-15 12:18:00,2815.82,CLI0306
CRT02428,2026-01-20 00:24:29,782.73,CLI0087
CRT03491,2026-02-17 05:09:31,1804.17,CLI0012
CRT02382,2026-07-10 02:30:12,4640.24,CLI0245
CRT03007,2026-04-03 20:19:47,242.16,CLI0009
CRT00792,2026-06-13 20:59:31,1388.09,CLI0393
CRT03258,2026-04-19 21:42:42,8111.16,CLI0229
CRT01893,2026-01-12 18:41:34,242.16,CLI0040
CRT00172,2026-05-10 06:09:09,2604.04,CLI0302
CRT01404,2026-06-10 02:34:26,4439.6900000000005,CLI0001
CRT01668,2026-05-27 14:12:37,5640.62,CLI0194
CRT01127,2026-05-23 03:33:19,3472.32,CLI0167
CRT00263,2026-06-12 10:37:50,3279.06,CLI0182
CRT02339,2026-07-12 19:46:28,3984.79,CLI0071
CRT02079,2026-05-04 20:51:52,6517.530000000001,CLI0214
CRT02644,2026-07-11 01:15:01,331.95,CLI0075
CRT01684,2026-05-16 17:18:14,1868.7200000000005,CLI0411
CRT00561,2026-01-19 18:19:11,708.26,CLI0287
CRT03403,2026-06-18 05:09:24,4418.41,CLI0113
CRT03418,2026-01-29 00:18:12,2561.35,CLI0148
CRT03425,2026-04-27 01:29:27,2520.81,CLI0008
CRT01370,2026-02-02 01:10:06,6682.69,CLI0172
CRT00559,2026-03-08 06:22:22,3026.2000000000003,CLI0003
CRT01467,2026-02-11 19:25:45,6101.51,CLI0277
CRT01227,2026-03-10 03:34:41,1439.43,CLI0139
CRT00793,2026-06-22 16:42:05,1802.06,CLI0184
CRT03322,2026-05-30 15:02:51,1428.99,CLI0386
CRT02051,2026-02-03 17:20:23,3039.47,CLI0218
CRT02354,2026-01-08 13:38:32,13.84,CLI0286
CRT00499,2026-05-19 00:02:37,4536.79,CLI0309
CRT00965,2026-07-23 05:58:15,1129.49,CLI0365
CRT01147,2026-04-02 03:59:38,1002.88,CLI0421
CRT01823,2026-04-03 15:39:32,196.2,CLI0383
CRT02878,2026-05-30 13:58:58,1440.5100000000002,CLI0108
CRT00538,2026-07-05 13:59:34,2164.96,CLI0020
CRT02640,2026-03-22 05:16:06,4798.97,CLI0236
CRT02521,2026-01-04 18:13:47,2532.24,CLI0003
CRT03064,2026-07-12 14:13:22,2550.0,CLI0162
CRT00144,2026-01-21 17:45:08,6441.209999999999,CLI0399
CRT00895,2026-06-10 11:00:26,4458.620000000001,CLI0182
CRT02195,2026-03-24 15:44:54,7609.3,CLI0027
CRT00590,2026-03-22 17:55:32,1717.05,CLI0318
CRT03030,2026-01-04 10:26:27,3036.65,CLI0356
CRT01706,2026-03-15 23:31:18,1648.48,CLI0422
CRT01830,2026-02-18 05:24:40,6705.21,CLI0028
CRT02975,2026-01-27 10:15:37,3633.65,CLI0115
CRT01731,2026-02-25 05:15:10,7822.91,CLI0217
CRT01514,2026-07-22 00:05:20,4234.84,CLI0014
CRT00369,2026-04-28 12:04:38,5444.17,CLI0013
CRT02949,2026-07-12 00:25:45,4880.49,CLI0373
CRT03167,2026-06-02 05:55:19,4429.93,CLI0284
CRT02241,2026-04-01 15:19:42,2785.43,CLI0132
CRT02335,2026-03-27 07:09:34,9806.0,CLI0103
CRT00880,2026-01-14 16:55:43,10799.27,CLI0139
CRT01249,2026-03-12 15:32:45,736.38,CLI0233
CRT02892,2026-01-31 15:52:43,3498.14,CLI0368
CRT01708,2026-04-14 08:40:58,2428.1000000000004,CLI0121
CRT02124,2026-03-02 17:56:55,8418.94,CLI0301
CRT01980,2026-07-20 22:13:48,6282.099999999999,CLI0055
CRT02337,2026-07-10 09:59:34,2679.91,CLI0155
CRT00346,2026-03-26 12:03:13,53.64,CLI0340
CRT00333,2026-03-07 00:12:19,1469.47,CLI0300
CRT00836,2026-05-09 08:02:20,433.44,CLI0168
CRT02483,2026-07-21 01:26:31,1151.98,CLI0330
CRT02114,2026-07-16 03:15:47,3512.74,CLI0131
CRT02854,2026-01-05 22:26:41,4473.66,CLI0219
CRT02515,2026-04-08 16:52:51,4054.94,CLI0132
CRT02265,2026-07-22 01:32:10,449.94999999999993,CLI0233
CRT03022,2026-01-21 08:55:18,1360.08,CLI0073
CRT02606,2026-05-27 18:22:23,4621.129999999999,CLI0267
CRT01512,2026-05-07 20:21:46,3989.21,CLI0156
CRT00757,2026-07-07 06:45:18,3321.6000000000004,CLI0195
CRT00633,2026-06-16 19:36:14,3870.65,CLI0333
CRT01152,2026-04-22 19:50:49,988.74,CLI0196
CRT01023,2026-01-31 07:32:55,2456.45,CLI0408
CRT01443,2026-01-06 08:27:31,3062.38,CLI0033
CRT01599,2026-02-18 02:32:03,830.62,CLI0220
CRT03119,2026-03-13 16:33:02,1437.3,CLI0059
CRT02391,2026-04-13 22:01:18,6276.31,CLI0423
CRT01234,2026-01-03 02:28:26,1603.5800000000002,CLI0345
CRT03380,2026-02-17 12:05:36,2820.8,CLI0086
CRT00969,2026-07-01 13:59:03,1083.19,CLI0269
CRT01136,2026-02-08 16:29:32,2285.74,CLI0339
CRT02447,2026-03-25 11:44:54,3770.68,CLI0418
CRT02691,2026-05-11 08:11:22,3866.58,CLI0343
CRT00563,2026-05-12 09:22:56,2979.53,CLI0412
CRT03023,2026-01-04 20:43:23,4752.31,CLI0040
CRT00312,2026-06-07 20:27:27,45.5,CLI0053
CRT01884,2026-07-02 05:38:45,1929.3,CLI0352
CRT03381,2026-02-06 00:27:49,550.9699999999999,CLI0234
CRT01108,2026-07-16 12:41:33,3227.8,CLI0145
CRT01071,2026-01-27 18:57:13,325.62,CLI0024
CRT03200,2026-04-22 08:24:33,3261.7200000000003,CLI0082
CRT01422,2026-02-23 08:12:28,5300.380000000001,CLI0360
CRT02239,2026-02-19 20:52:12,2529.49,CLI0405
CRT02648,2026-06-11 07:51:12,3851.4,CLI0245
CRT02996,2026-05-04 15:04:16,1482.45,CLI0218
CRT01180,2026-05-01 22:57:42,2564.0,CLI0126
CRT01533,2026-03-16 19:16:57,1174.66,CLI0149
CRT01266,2026-01-01 01:22:39,3542.64,CLI0328
CRT00665,2026-05-02 17:00:35,6267.12,CLI0167
CRT01772,2026-02-03 21:37:38,890.46,CLI0391
CRT02249,2026-02-07 05:22:01,3675.86,CLI0398
CRT01037,2026-01-10 23:30:26,2142.64,CLI0409
CRT01960,2026-03-14 03:08:17,3492.58,CLI0107
CRT00623,2026-04-12 03:36:12,3138.36,CLI0025
CRT02165,2026-01-20 19:36:41,2030.71,CLI0334
CRT00266,2026-05-07 05:06:48,1916.68,CLI0085
CRT00327,2026-04-25 06:27:35,3391.26,CLI0151
CRT02491,2026-02-16 16:06:21,4525.92,CLI0165
CRT03202,2026-01-31 22:59:24,1437.3,CLI0259
CRT02983,2026-03-15 12:41:03,1944.37,CLI0320
CRT00511,2026-05-14 04:17:24,3085.1800000000003,CLI0296
CRT01191,2026-07-20 20:31:26,2226.84,CLI0373
CRT01239,2026-06-08 03:20:50,3733.94,CLI0013
CRT00466,2026-02-10 13:11:17,4541.81,CLI0096
CRT02577,2026-01-02 21:12:22,3886.95,CLI0385
CRT02795,2026-02-04 18:42:09,2601.63,CLI0188
CRT00543,2026-02-21 23:54:59,2034.2,CLI0006
CRT01039,2026-04-28 19:33:01,3980.25,CLI0322
CRT03377,2026-06-09 17:21:29,2176.71,CLI0359
CRT03495,2026-05-02 17:29:35,837.4100000000001,CLI0103
CRT00673,2026-02-28 03:15:38,2703.38,CLI0277
CRT00652,2026-06-29 02:54:54,6244.07,CLI0381
CRT01815,2026-05-24 01:29:50,2175.56,CLI0068
CRT00916,2026-03-23 05:17:53,5958.01,CLI0095
CRT02789,2026-03-30 08:53:31,69.2,CLI0384
CRT01274,2026-06-26 17:33:05,3168.27,CLI0197
CRT01510,2026-05-06 01:32:15,2399.49,CLI0284
CRT01276,2026-03-27 11:01:32,1634.9299999999998,CLI0184
CRT03240,2026-06-05 01:04:33,6517.38,CLI0099
CRT00270,2026-02-25 16:38:25,1765.64,CLI0202
CRT02427,2026-05-17 14:13:49,5615.03,CLI0064
CRT01126,2026-06-02 16:51:14,5009.6,CLI0304
CRT02459,2026-03-19 21:48:14,3689.98,CLI0211
CRT02027,2026-07-13 23:08:40,280.08,CLI0175
CRT00339,2026-04-02 02:39:12,268.72,CLI0282
CRT03450,2026-04-22 03:29:48,661.14,CLI0401
CRT01874,2026-04-05 18:39:54,7503.07,CLI0427
CRT02893,2026-05-04 15:15:19,146.67,CLI0035
CRT02458,2026-01-18 07:57:27,3808.440000000001,CLI0023
CRT02874,2026-07-09 13:09:27,4572.639999999999,CLI0185
CRT00784,2026-03-19 02:50:15,4910.05,CLI0428
CRT02929,2026-07-04 13:54:27,1661.87,CLI0055
CRT02069,2026-05-14 05:34:53,3802.27,CLI0021
CRT00078,2026-02-21 02:05:53,2973.07,CLI0099
CRT01570,2026-01-25 04:30:25,2467.83,CLI0387
CRT03136,2026-02-20 12:43:00,3867.29,CLI0085
CRT00224,2026-04-02 22:15:31,1231.6,CLI0399
CRT01241,2026-02-25 21:49:22,646.1,CLI0428
CRT03342,2026-02-21 14:34:15,1914.5,CLI0263
CRT00967,2026-01-30 16:21:43,2959.85,CLI0047
CRT00883,2026-06-18 13:06:54,2042.66,CLI0340
CRT03138,2026-06-26 05:51:01,3169.05,CLI0275
CRT00097,2026-03-06 22:08:56,3923.05,CLI0115
CRT01508,2026-02-05 07:15:17,1385.55,CLI0387
CRT02676,2026-02-15 01:54:37,5665.9800000000005,CLI0243
CRT02317,2026-02-10 13:37:14,2807.78,CLI0293
CRT02441,2026-01-05 15:21:10,4425.41,CLI0047
CRT00814,2026-05-27 05:37:58,3870.57,CLI0293
CRT01778,2026-02-16 14:19:36,1447.2,CLI0189
CRT01425,2026-01-14 02:18:25,2308.51,CLI0142
CRT03431,2026-03-14 18:16:37,1217.98,CLI0180
CRT03020,2026-06-02 05:45:32,6637.39,CLI0245
CRT03399,2026-06-19 21:41:25,3107.78,CLI0397
CRT00186,2026-06-09 22:03:01,5905.620000000001,CLI0139
CRT02057,2026-04-19 16:01:22,3690.71,CLI0326
CRT02712,2026-05-24 09:20:54,2989.46,CLI0045
CRT00249,2026-06-17 00:38:49,2796.26,CLI0382
CRT01448,2026-06-20 19:18:09,4030.74,CLI0304
CRT00682,2026-03-16 21:44:10,4571.7,CLI0409
CRT03430,2026-03-06 05:00:51,2978.53,CLI0026
CRT03251,2026-05-12 14:33:41,2096.33,CLI0224
CRT01162,2026-06-14 15:08:27,1973.51,CLI0071
CRT00330,2026-04-07 01:28:46,2027.17,CLI0062
CRT02454,2026-01-04 14:10:11,2735.8900000000003,CLI0162
CRT02399,2026-03-05 06:32:17,1460.82,CLI0213
CRT02818,2026-04-06 10:53:47,688.52,CLI0203
CRT01335,2026-07-03 18:12:01,3101.62,CLI0093
CRT01661,2026-01-30 12:17:29,4587.88,CLI0157
CRT00641,2026-06-06 20:48:45,2386.55,CLI0324
CRT00912,2026-04-21 05:17:05,2733.08,CLI0070
CRT00703,2026-07-03 15:57:44,2183.3900000000003,CLI0065
CRT01230,2026-06-22 21:26:05,496.4500000000001,CLI0376
CRT00286,2026-07-15 09:02:17,669.45,CLI0355
CRT01582,2026-07-05 03:35:34,5101.07,CLI0003
CRT03078,2026-07-21 04:46:36,1790.3,CLI0230
CRT00214,2026-03-29 06:39:29,2260.3,CLI0418
CRT01950,2026-02-19 17:05:04,4692.7,CLI0372
CRT00007,2026-05-06 05:35:31,2498.14,CLI0282
CRT00045,2026-05-14 16:40:51,3495.68,CLI0142
CRT02801,2026-05-04 10:41:15,2732.94,CLI0154
CRT01989,2026-02-05 04:28:39,5190.43,CLI0172
CRT00604,2026-02-17 19:58:21,6266.45,CLI0133
CRT01744,2026-07-21 08:43:34,8375.09,CLI0354
CRT03416,2026-04-21 16:34:01,1287.4699999999998,CLI0063
CRT00340,2026-07-01 11:34:22,3395.4300000000003,CLI0402
CRT00542,2026-05-07 15:58:56,3233.9,CLI0328
CRT01543,2026-05-13 10:14:45,5340.160000000001,CLI0071
CRT02961,2026-02-11 11:11:29,4269.38,CLI0418
CRT02851,2026-02-28 04:23:09,3561.52,CLI0077
CRT02178,2026-03-13 17:56:37,451.9,CLI0019
CRT03270,2026-02-17 13:01:30,2881.53,CLI0405
CRT03273,2026-07-19 11:26:55,5755.51,CLI0075
CRT00586,2026-02-09 03:53:03,2259.09,CLI0183
CRT00677,2026-07-14 04:57:45,1947.55,CLI0268
CRT00544,2026-05-13 10:24:47,4750.110000000001,CLI0412
CRT01592,2026-03-15 20:17:04,2232.84,CLI0361
CRT02912,2026-01-31 06:13:47,2002.74,CLI0283
CRT02745,2026-05-17 04:00:16,4753.3,CLI0064
CRT03305,2026-06-28 16:33:02,2190.59,CLI0153
CRT00230,2026-07-10 20:59:42,2352.52,CLI0393
CRT00862,2026-03-01 07:16:13,4339.56,CLI0023
CRT00495,2026-06-03 01:25:16,4053.14,CLI0315
CRT00146,2026-06-12 02:06:43,589.29,CLI0161
CRT00206,2026-02-14 01:26:10,5250.07,CLI0417
CRT03439,2026-04-19 14:31:52,1601.25,CLI0198
CRT01682,2026-06-01 12:15:50,3707.25,CLI0049
CRT02953,2026-02-03 09:02:30,5999.150000000001,CLI0023
CRT02309,2026-06-27 17:35:46,6120.25,CLI0270
CRT02642,2026-06-24 16:35:40,2787.78,CLI0256
CRT02968,2026-04-17 05:09:50,3544.32,CLI0262
CRT00319,2026-01-14 00:28:19,3936.19,CLI0283
CRT03192,2026-03-27 06:12:16,164.73,CLI0163
CRT01826,2026-03-22 15:51:57,989.23,CLI0265
CRT02252,2026-05-13 21:21:05,3588.06,CLI0005
CRT00475,2026-02-04 22:55:15,6637.679999999999,CLI0083
CRT02673,2026-06-23 05:22:26,3841.07,CLI0053
CRT01415,2026-04-04 13:20:29,4842.76,CLI0021
CRT01320,2026-04-05 20:08:56,10432.75,CLI0357
CRT01717,2026-01-11 17:41:20,6423.09,CLI0330
CRT01720,2026-01-17 14:49:07,2307.6800000000003,CLI0153
CRT01361,2026-07-08 15:01:19,1061.8,CLI0122
CRT01742,2026-06-05 01:16:02,933.35,CLI0331
CRT02395,2026-07-08 03:19:01,4956.4800000000005,CLI0021
CRT00193,2026-05-14 07:20:33,1062.85,CLI0426
CRT02910,2026-03-19 08:01:19,2918.28,CLI0133
CRT00659,2026-01-22 23:50:30,6917.66,CLI0080
CRT00313,2026-07-10 23:33:39,1331.66,CLI0115
CRT00607,2026-02-17 18:09:34,4564.62,CLI0188
CRT01098,2026-04-27 11:18:03,5909.18,CLI0050
CRT00168,2026-02-18 06:00:11,1869.47,CLI0385
CRT00098,2026-03-20 23:24:05,4294.860000000001,CLI0413
CRT01348,2026-06-15 13:15:35,215.1,CLI0028
CRT02884,2026-05-20 22:32:14,5045.110000000001,CLI0039
CRT01780,2026-01-06 20:20:07,3250.2000000000003,CLI0011
CRT00751,2026-06-03 20:11:22,10183.78,CLI0141
CRT01601,2026-04-05 06:31:40,2058.73,CLI0348
CRT00776,2026-07-03 02:34:49,3252.82,CLI0311
CRT02500,2026-02-12 07:11:31,4232.93,CLI0160
CRT01336,2026-01-23 22:50:07,3536.03,CLI0314
CRT00408,2026-06-17 08:32:20,4357.9,CLI0344
CRT01017,2026-05-25 18:04:23,649.2499999999999,CLI0315
CRT03166,2026-04-06 06:26:26,6177.139999999999,CLI0220
CRT03204,2026-07-15 22:50:23,567.55,CLI0432
CRT01407,2026-07-12 09:49:21,3110.8,CLI0219
CRT03228,2026-01-19 17:42:48,1736.46,CLI0212
CRT02486,2026-07-07 12:03:40,3008.5800000000004,CLI0118
CRT03158,2026-04-04 00:35:22,417.97,CLI0190
CRT03291,2026-05-28 00:46:27,829.62,CLI0122
CRT03199,2026-03-23 18:50:00,7461.8,CLI0207
CRT02883,2026-04-25 03:35:28,3442.63,CLI0361
CRT02950,2026-01-26 13:45:28,2572.65,CLI0309
CRT00664,2026-01-09 12:59:31,934.18,CLI0015
CRT02728,2026-04-02 10:05:58,7090.14,CLI0303
CRT00887,2026-05-05 21:44:23,4892.88,CLI0162
CRT02424,2026-02-11 06:12:39,1155.5,CLI0431
CRT00452,2026-01-27 18:58:57,368.76,CLI0166
CRT00247,2026-05-08 16:16:38,899.48,CLI0046
CRT00401,2026-02-16 20:39:16,371.14,CLI0059
CRT00557,2026-06-05 07:04:56,1810.58,CLI0116
CRT01880,2026-04-22 22:57:45,2502.9300000000003,CLI0096
CRT02591,2026-02-01 19:19:10,2573.46,CLI0309
CRT00997,2026-06-22 10:21:14,2613.29,CLI0083
CRT01003,2026-04-08 02:27:49,986.5,CLI0189
CRT02664,2026-07-12 21:07:52,3996.57,CLI0166
CRT01383,2026-03-05 09:01:23,4525.1,CLI0377
CRT02963,2026-01-15 19:47:21,5306.03,CLI0125
CRT01814,2026-06-21 13:30:14,6141.75,CLI0203
CRT00390,2026-06-23 23:35:26,1303.57,CLI0153
CRT00134,2026-04-29 04:17:17,3705.44,CLI0151
CRT00236,2026-02-08 20:19:43,7700.51,CLI0198
CRT01526,2026-07-07 20:56:40,1462.2600000000002,CLI0263
CRT01299,2026-07-09 21:05:36,8133.150000000001,CLI0077
CRT02585,2026-03-03 13:09:04,4555.29,CLI0162
CRT01548,2026-05-24 22:20:03,1258.94,CLI0408
CRT02321,2026-02-28 21:15:41,7822.360000000001,CLI0181
CRT01763,2026-03-25 16:30:09,3940.06,CLI0378
CRT03411,2026-03-31 12:03:30,1432.08,CLI0348
CRT02690,2026-05-06 23:21:10,4016.13,CLI0063
CRT00154,2026-01-10 19:26:03,5427.589999999999,CLI0003
CRT00535,2026-04-22 03:12:32,2841.98,CLI0308
CRT03009,2026-03-31 13:08:18,2610.78,CLI0031
CRT00615,2026-04-08 07:08:18,6462.86,CLI0222
CRT03156,2026-02-23 06:57:35,4446.32,CLI0179
CRT00198,2026-01-01 00:27:51,1991.23,CLI0121
CRT01770,2026-02-10 09:05:16,6248.84,CLI0057
CRT01176,2026-07-07 19:09:57,1405.5,CLI0374
CRT02525,2026-05-06 11:12:25,5065.46,CLI0197
CRT02952,2026-01-04 23:27:53,1609.64,CLI0424
CRT02106,2026-03-24 14:37:44,5319.370000000001,CLI0311
CRT01915,2026-05-05 11:01:28,693.1999999999999,CLI0372
CRT00228,2026-03-08 23:50:48,3762.58,CLI0033
CRT00062,2026-01-06 12:18:04,5859.58,CLI0191
CRT02522,2026-07-05 13:37:34,3762.87,CLI0374
CRT00021,2026-04-30 09:35:24,461.85,CLI0226
CRT00205,2026-01-13 03:38:02,1890.14,CLI0238
CRT01985,2026-02-10 10:38:09,2759.2,CLI0186
CRT02668,2026-05-04 10:35:52,6543.92,CLI0357
CRT00124,2026-03-18 06:11:20,2891.44,CLI0260
CRT00070,2026-04-24 07:41:47,5673.6900000000005,CLI0097
CRT02001,2026-07-23 13:10:18,5975.35,CLI0265
CRT01352,2026-01-27 01:54:35,4048.45,CLI0023
CRT02400,2026-07-07 15:43:53,7199.16,CLI0317
CRT01354,2026-01-08 17:39:37,416.32,CLI0403
CRT00832,2026-06-12 23:01:02,6605.8,CLI0006
CRT00876,2026-05-30 19:10:48,8502.19,CLI0193
CRT01677,2026-05-18 07:47:39,3024.58,CLI0431
CRT03146,2026-02-08 16:41:57,2195.3,CLI0008
CRT01360,2026-02-28 03:34:13,3123.84,CLI0167
CRT00149,2026-07-15 05:46:06,3419.45,CLI0296
CRT01437,2026-02-22 18:57:27,1540.84,CLI0078
CRT03080,2026-04-21 01:27:24,2946.87,CLI0320
CRT00438,2026-01-24 14:26:47,989.3,CLI0262
CRT00729,2026-04-12 08:51:02,2276.61,CLI0062
CRT01421,2026-07-08 21:07:17,7697.77,CLI0245
CRT03093,2026-07-17 16:46:30,3176.98,CLI0364
CRT01855,2026-06-18 00:12:40,4966.5,CLI0305
CRT01272,2026-07-06 02:33:08,3037.81,CLI0433
CRT01622,2026-07-08 01:55:27,5352.92,CLI0051
CRT03019,2026-05-29 02:41:09,2516.64,CLI0340
CRT02773,2026-03-15 10:02:32,1760.21,CLI0258
CRT01375,2026-03-17 21:58:39,4326.59,CLI0113
CRT01900,2026-07-09 16:51:10,1863.32,CLI0059
CRT03346,2026-04-29 03:54:07,7622.78,CLI0076
CRT01182,2026-06-12 19:37:53,6454.070000000001,CLI0351
CRT03115,2026-04-21 07:15:45,2119.96,CLI0394
CRT01986,2026-04-24 18:25:08,5269.3,CLI0363
CRT03443,2026-05-29 05:04:02,2735.57,CLI0412
CRT02693,2026-05-03 09:57:57,857.5,CLI0294
CRT02013,2026-01-03 10:11:11,3247.19,CLI0177
CRT02803,2026-06-11 20:42:39,318.21,CLI0378
CRT00860,2026-06-07 16:06:01,1736.03,CLI0180
CRT02137,2026-07-20 05:11:00,2416.5999999999995,CLI0105
CRT01858,2026-07-07 20:43:20,3475.6400000000003,CLI0375
CRT02199,2026-07-14 01:34:57,5793.83,CLI0265
CRT00076,2026-02-04 19:05:19,2172.07,CLI0207
CRT03221,2026-01-27 04:02:20,456.66,CLI0297
CRT01161,2026-02-04 03:04:57,3565.83,CLI0224
CRT00315,2026-07-20 10:28:21,2316.82,CLI0262
CRT03261,2026-04-20 07:16:17,1725.75,CLI0197
CRT00232,2026-03-28 18:53:59,5010.05,CLI0343
CRT02182,2026-03-13 20:43:13,2298.61,CLI0057
CRT01105,2026-01-08 02:22:47,1806.2,CLI0250
CRT01186,2026-04-27 18:39:55,5811.17,CLI0241
CRT01062,2026-07-07 19:03:52,6774.39,CLI0248
CRT02809,2026-04-01 03:54:06,1927.61,CLI0153
CRT00560,2026-05-10 03:52:34,1447.62,CLI0209
CRT03082,2026-02-23 22:13:24,6179.39,CLI0123
CRT00415,2026-03-22 15:35:39,2823.13,CLI0414
CRT01434,2026-01-20 03:58:54,4630.4,CLI0148
CRT01966,2026-01-13 00:39:36,4563.83,CLI0286
CRT02201,2026-04-18 19:23:04,1482.91,CLI0143
CRT02450,2026-04-20 04:23:54,1712.8100000000002,CLI0203
CRT00985,2026-05-31 17:19:12,2401.7,CLI0112
CRT00873,2026-03-08 19:58:52,956.9,CLI0385
CRT03309,2026-01-03 05:03:04,3308.22,CLI0025
CRT00138,2026-01-31 13:53:46,8168.21,CLI0257
CRT01655,2026-04-08 03:32:39,1361.75,CLI0175
CRT03458,2026-07-13 05:07:06,1579.6,CLI0046
CRT01544,2026-07-19 17:39:16,1700.87,CLI0191
CRT02002,2026-04-24 05:18:02,4060.27,CLI0016
CRT01722,2026-04-12 05:07:03,1160.64,CLI0047
CRT01204,2026-04-05 06:23:09,3576.0,CLI0229
CRT01190,2026-06-02 11:04:15,1948.67,CLI0356
CRT00298,2026-07-01 04:12:06,2625.81,CLI0166
CRT01295,2026-07-21 01:33:31,1369.72,CLI0173
CRT02371,2026-01-27 20:07:50,702.75,CLI0088
CRT03209,2026-01-08 22:30:15,2830.9500000000003,CLI0079
CRT00389,2026-06-12 05:14:44,1834.75,CLI0152
CRT02220,2026-04-07 11:24:22,4484.67,CLI0018
CRT01024,2026-06-07 15:05:46,1466.9199999999998,CLI0410
CRT02775,2026-06-12 03:09:55,4600.990000000001,CLI0157
CRT01732,2026-02-14 07:47:43,3000.5,CLI0055
CRT02067,2026-01-29 04:24:02,4401.44,CLI0210
CRT03471,2026-02-01 21:17:06,2644.32,CLI0032
CRT01279,2026-03-29 02:55:45,5318.42,CLI0274
CRT00885,2026-04-09 08:24:59,2813.02,CLI0333
CRT03438,2026-06-23 23:11:38,3396.21,CLI0416
CRT03165,2026-02-15 16:42:18,2243.26,CLI0059
CRT02452,2026-03-24 06:19:16,5484.83,CLI0183
CRT01166,2026-04-26 14:00:25,2062.1600000000003,CLI0283
CRT03243,2026-04-04 04:10:45,2531.55,CLI0111
CRT00038,2026-04-19 02:51:11,2425.25,CLI0022
CRT02008,2026-05-28 02:06:17,1945.31,CLI0078
CRT00699,2026-02-18 11:40:27,2216.78,CLI0252
CRT02434,2026-06-12 19:02:14,1744.41,CLI0429
CRT00946,2026-01-28 16:26:33,3069.09,CLI0267
CRT01313,2026-01-31 20:58:13,4354.35,CLI0167
CRT01284,2026-04-10 03:53:14,3539.35,CLI0357
CRT03478,2026-05-05 22:42:24,6157.37,CLI0413
CRT01486,2026-04-25 03:10:52,748.5,CLI0276
CRT02476,2026-01-16 05:00:29,805.12,CLI0041
CRT00986,2026-04-15 16:05:17,4306.75,CLI0233
CRT00292,2026-07-02 20:09:19,1981.69,CLI0161
CRT01575,2026-03-31 12:49:23,7608.37,CLI0297
CRT03016,2026-07-07 00:57:33,1737.08,CLI0194
CRT00081,2026-04-05 16:54:06,9449.42,CLI0141
CRT00830,2026-07-17 08:15:16,3256.63,CLI0062
CRT00306,2026-01-15 07:16:41,2884.7200000000003,CLI0344
CRT00264,2026-05-14 13:36:46,3241.38,CLI0281
CRT03392,2026-02-07 03:25:08,6322.76,CLI0387
CRT01159,2026-01-05 05:14:33,3795.52,CLI0332
CRT02328,2026-03-09 23:29:47,3971.96,CLI0120
CRT02144,2026-05-04 09:57:02,4533.45,CLI0031
CRT00486,2026-06-18 18:35:52,1593.18,CLI0320
CRT00321,2026-07-19 16:07:53,3408.61,CLI0318
CRT01516,2026-06-12 17:12:16,1562.94,CLI0328
CRT00736,2026-07-14 22:45:37,2294.81,CLI0174
CRT02510,2026-07-23 17:32:56,4010.02,CLI0420
CRT02862,2026-04-04 10:12:53,4741.98,CLI0138
CRT02479,2026-06-14 01:22:48,4484.01,CLI0105
CRT01643,2026-05-06 20:09:45,293.47,CLI0346
CRT02561,2026-02-15 13:38:26,4292.76,CLI0088
CRT02072,2026-01-08 05:12:06,1390.2,CLI0249
CRT01549,2026-05-15 19:22:22,1116.94,CLI0354
CRT01777,2026-01-22 15:05:28,2866.72,CLI0102
CRT03410,2026-02-14 09:39:34,2850.23,CLI0270
CRT00922,2026-02-17 00:57:13,1673.35,CLI0068
CRT03074,2026-07-26 23:49:09,1559.1799999999998,CLI0111
CRT00663,2026-05-15 06:12:41,3066.27,CLI0068
CRT00435,2026-04-11 08:07:49,823.8199999999999,CLI0188
CRT02971,2026-04-01 23:51:39,566.7,CLI0076
CRT01382,2026-07-06 15:35:13,2439.57,CLI0008
CRT02243,2026-02-17 08:51:10,3099.51,CLI0228
CRT00879,2026-06-28 22:29:57,2831.1400000000003,CLI0405
CRT01207,2026-03-29 03:04:22,1266.4299999999998,CLI0017
CRT01729,2026-05-30 14:11:51,2894.6000000000004,CLI0169
CRT03160,2026-02-01 18:10:22,280.08,CLI0420
CRT01506,2026-04-17 06:22:03,5479.33,CLI0140
CRT01561,2026-02-23 04:44:27,1450.89,CLI0065
CRT02361,2026-03-25 21:22:13,3103.29,CLI0154
CRT03201,2026-07-01 04:35:58,157.89999999999998,CLI0051
CRT02444,2026-01-25 06:06:44,417.52,CLI0113
CRT03358,2026-07-07 15:23:09,3280.96,CLI0196
CRT02546,2026-05-13 06:52:29,2828.7700000000004,CLI0042
CRT02839,2026-06-02 00:17:32,1687.3200000000002,CLI0220
CRT01297,2026-06-17 19:02:46,3635.32,CLI0414
CRT01051,2026-01-30 11:13:27,568.86,CLI0305
CRT01712,2026-04-19 23:33:13,2430.69,CLI0224
CRT00799,2026-03-22 20:01:40,241.4,CLI0181
CRT02419,2026-07-11 16:54:09,3374.38,CLI0344
CRT02787,2026-07-10 00:15:55,6404.92,CLI0426
CRT03041,2026-02-24 14:34:41,3875.53,CLI0381
CRT02583,2026-04-20 12:15:12,7217.51,CLI0310
CRT01350,2026-03-27 22:27:27,229.76,CLI0129
CRT02759,2026-01-13 06:13:00,1907.35,CLI0051
CRT00523,2026-03-20 21:01:53,2787.92,CLI0130
CRT01280,2026-04-28 10:33:25,2970.0,CLI0431
CRT03169,2026-06-18 15:55:43,2668.67,CLI0146
CRT00529,2026-07-21 12:19:19,4608.58,CLI0206
CRT03312,2026-07-05 13:25:49,1678.75,CLI0098
CRT00760,2026-07-04 02:18:22,3150.99,CLI0165
CRT00058,2026-06-24 14:37:34,5289.98,CLI0312
CRT00693,2026-06-16 19:22:02,225.6,CLI0146
CRT01741,2026-03-20 00:46:02,3565.04,CLI0421
CRT02989,2026-02-07 14:13:16,1292.59,CLI0164
CRT01237,2026-02-26 10:18:52,6044.61,CLI0180
CRT02128,2026-04-15 02:22:59,1575.5500000000002,CLI0284
CRT03349,2026-01-08 17:20:21,3030.95,CLI0137
CRT02141,2026-01-01 16:55:02,5664.26,CLI0022
CRT02097,2026-06-08 19:43:39,282.61,CLI0099
CRT02410,2026-07-19 11:52:11,4007.34,CLI0393
CRT01296,2026-01-31 07:42:25,765.38,CLI0208
CRT03307,2026-04-06 22:29:59,3007.51,CLI0432
CRT03157,2026-05-28 00:31:23,3780.86,CLI0348
CRT00982,2026-04-28 18:07:05,3788.09,CLI0007
CRT02445,2026-02-12 01:36:08,2082.4,CLI0371
CRT03190,2026-02-09 13:37:54,4120.0,CLI0014
CRT00872,2026-05-20 19:03:05,7360.26,CLI0105
CRT01620,2026-05-08 08:24:14,9009.8,CLI0251
CRT03316,2026-03-19 02:43:55,95.22,CLI0025
CRT02548,2026-06-27 11:00:12,4116.8,CLI0130
CRT02492,2026-01-02 02:21:09,2654.8,CLI0323
CRT02723,2026-02-23 03:36:17,1548.98,CLI0262
CRT00782,2026-06-07 09:40:40,933.16,CLI0422
CRT00011,2026-05-03 07:16:11,1993.03,CLI0308
CRT01247,2026-03-17 17:00:04,6874.58,CLI0130
CRT02173,2026-07-10 00:43:12,3215.0,CLI0114
CRT01697,2026-06-13 19:23:44,2319.83,CLI0138
CRT00701,2026-01-06 06:46:11,3966.51,CLI0274
CRT02838,2026-06-23 12:27:25,583.9399999999999,CLI0027
CRT02118,2026-07-02 02:07:47,4693.27,CLI0014
CRT01035,2026-03-26 12:18:14,6025.13,CLI0100
CRT03097,2026-01-11 13:14:01,6943.9400000000005,CLI0250
CRT01833,2026-06-30 17:00:28,1232.68,CLI0084
CRT01765,2026-06-14 06:41:23,5466.29,CLI0329
CRT00869,2026-04-26 17:09:19,6898.06,CLI0157
CRT01317,2026-03-27 02:18:06,3102.22,CLI0089
CRT02453,2026-04-13 23:48:40,921.54,CLI0008
CRT01044,2026-05-28 12:04:39,6651.62,CLI0107
CRT00101,2026-04-30 11:00:02,1508.1,CLI0112
CRT01291,2026-07-22 19:40:51,2012.05,CLI0033
CRT03476,2026-03-19 22:52:24,5184.1900000000005,CLI0080
CRT01338,2026-04-18 00:09:59,1672.22,CLI0179
CRT01596,2026-07-08 11:21:35,1505.94,CLI0308
CRT02123,2026-03-03 21:44:10,2678.8,CLI0104
CRT01130,2026-01-28 21:42:52,1512.0299999999995,CLI0307
CRT00060,2026-03-02 01:47:40,5345.24,CLI0354
CRT00184,2026-03-19 15:19:24,124.56,CLI0005
CRT01143,2026-05-11 14:42:58,5167.57,CLI0314
CRT00090,2026-02-11 20:50:07,4834.5,CLI0026
CRT02253,2026-06-23 05:15:53,4801.53,CLI0337
CRT01135,2026-01-01 05:20:31,2657.83,CLI0415
CRT01791,2026-02-27 07:23:46,4063.82,CLI0061
CRT02498,2026-05-10 02:50:45,2819.76,CLI0121
CRT00358,2026-07-25 18:31:20,3224.19,CLI0264
CRT01250,2026-06-20 11:46:29,3013.71,CLI0355
CRT00285,2026-04-18 22:10:22,370.58,CLI0197
CRT01203,2026-02-08 23:59:56,316.74,CLI0379
CRT00244,2026-04-14 08:33:21,1458.17,CLI0194
CRT01402,2026-04-05 22:49:17,2111.34,CLI0405
CRT00218,2026-07-24 06:04:20,892.36,CLI0333
CRT02432,2026-05-17 07:52:13,1987.03,CLI0346
CRT01919,2026-02-04 00:30:18,378.45,CLI0065
CRT00314,2026-04-10 08:39:02,2594.26,CLI0288
CRT00726,2026-06-12 15:48:26,2809.94,CLI0121
CRT02251,2026-03-16 13:25:43,468.64,CLI0176
CRT02655,2026-04-11 10:53:23,1907.48,CLI0373
CRT00482,2026-05-01 17:32:13,2907.8100000000004,CLI0311
CRT02221,2026-06-27 02:22:03,1725.84,CLI0435
CRT01786,2026-01-23 13:23:44,3975.480000000001,CLI0077
CRT01014,2026-06-05 11:31:22,2775.8,CLI0219
CRT00238,2026-02-10 18:24:25,2805.38,CLI0330
CRT00127,2026-02-02 09:25:02,5167.29,CLI0242
CRT00804,2026-02-24 13:39:20,865.4,CLI0280
CRT01721,2026-06-21 23:56:10,3406.26,CLI0187
CRT01223,2026-06-24 01:29:36,3336.12,CLI0272
CRT00283,2026-06-18 21:51:54,967.2,CLI0199
CRT01391,2026-05-07 08:45:24,3699.67,CLI0232
CRT00026,2026-05-31 08:17:00,1521.8,CLI0388
CRT02197,2026-06-24 18:52:13,213.05,CLI0063
CRT02180,2026-01-02 07:08:21,3853.71,CLI0108
CRT00930,2026-02-17 14:06:25,2278.49,CLI0192
CRT02922,2026-07-04 04:51:52,4049.57,CLI0136
CRT00897,2026-01-16 22:47:03,1976.91,CLI0416
CRT01560,2026-02-28 11:11:35,602.53,CLI0353
CRT03388,2026-05-01 03:58:57,72.36,CLI0127
CRT02696,2026-05-04 23:28:08,3838.92,CLI0197
CRT00717,2026-04-28 03:25:15,5037.56,CLI0102
CRT00395,2026-01-22 11:05:36,5435.4400000000005,CLI0281
CRT00374,2026-04-10 16:25:29,3803.28,CLI0209
CRT03266,2026-06-04 23:29:14,1802.34,CLI0151
CRT00720,2026-02-10 22:54:25,5253.78,CLI0166
CRT02660,2026-01-19 19:13:05,4305.5,CLI0201
CRT01046,2026-02-08 10:12:40,569.27,CLI0034
CRT02415,2026-03-29 14:32:22,1080.48,CLI0196
CRT01624,2026-01-07 06:31:14,2216.53,CLI0348
CRT02268,2026-06-09 07:45:36,2632.39,CLI0239
CRT03116,2026-03-26 02:20:50,5272.0,CLI0206
CRT00759,2026-06-08 08:41:38,1459.44,CLI0398
CRT03012,2026-05-22 15:19:51,5125.63,CLI0428
CRT01146,2026-01-01 20:23:24,6902.13,CLI0028
CRT03445,2026-02-04 15:09:26,2860.19,CLI0129
CRT02107,2026-01-12 17:53:38,4062.18,CLI0302
CRT00579,2026-03-22 12:52:18,3098.36,CLI0244
CRT01963,2026-05-06 03:40:25,2755.36,CLI0311
CRT03001,2026-05-07 19:23:12,4280.65,CLI0274
CRT00870,2026-03-26 07:36:35,245.55,CLI0012
CRT02158,2026-03-26 00:34:40,1521.36,CLI0307
CRT03096,2026-02-01 20:42:25,3364.22,CLI0072
CRT02168,2026-04-07 21:53:35,4826.62,CLI0417
CRT01063,2026-07-18 11:55:04,849.26,CLI0159
CRT00188,2026-01-27 18:37:34,3168.9,CLI0426
CRT00668,2026-06-01 21:45:26,665.4399999999999,CLI0091
CRT01482,2026-01-15 22:08:31,6205.68,CLI0168
CRT00267,2026-07-03 14:53:56,5341.6900000000005,CLI0421
CRT01462,2026-04-23 09:28:52,634.1,CLI0065
CRT03145,2026-07-07 11:31:26,3887.650000000001,CLI0341
CRT03106,2026-05-24 00:17:21,3972.6,CLI0359
CRT02802,2026-02-24 00:04:52,1951.7,CLI0136
CRT02387,2026-05-31 07:23:24,6873.19,CLI0159
CRT03259,2026-03-11 11:36:19,3275.37,CLI0383
CRT01680,2026-02-27 22:44:23,2461.4,CLI0412
CRT00537,2026-01-21 22:10:26,926.77,CLI0190
CRT02374,2026-01-18 14:02:59,1790.0,CLI0102
CRT02907,2026-06-28 00:19:21,2640.03,CLI0304
CRT01444,2026-05-14 23:28:18,238.76,CLI0428
CRT03406,2026-02-22 03:15:01,3141.28,CLI0185
CRT00221,2026-06-01 17:34:25,2545.1,CLI0214
CRT02694,2026-07-10 03:26:33,4393.959999999999,CLI0356
CRT01678,2026-03-09 01:43:50,5942.58,CLI0148
CRT00086,2026-05-31 20:04:24,681.21,CLI0243
CRT00952,2026-04-12 11:05:18,5153.07,CLI0226
CRT01568,2026-03-06 01:34:32,5236.8,CLI0061
CRT03058,2026-05-26 20:33:49,2542.94,CLI0044
CRT01524,2026-06-10 17:19:55,7445.09,CLI0133
CRT02970,2026-04-20 14:01:52,1869.42,CLI0117
CRT00166,2026-06-25 04:52:16,1821.33,CLI0223
CRT02094,2026-07-23 11:14:41,2811.85,CLI0323
CRT01597,2026-04-24 08:13:25,2031.04,CLI0352
CRT00574,2026-05-13 19:30:08,343.4,CLI0181
CRT01929,2026-06-29 16:12:41,643.72,CLI0379
CRT00510,2026-01-02 00:15:32,5784.85,CLI0097
CRT02574,2026-05-03 17:39:55,2362.13,CLI0121
CRT01637,2026-02-15 20:16:03,2247.06,CLI0017
CRT02850,2026-06-11 23:06:02,75.04,CLI0303
CRT02631,2026-04-08 21:00:17,483.55,CLI0161
CRT01898,2026-05-30 02:58:37,5371.37,CLI0131
CRT01511,2026-03-19 21:18:24,6720.52,CLI0422
CRT02108,2026-03-29 15:54:40,2345.24,CLI0012
CRT01633,2026-01-05 01:09:01,2380.67,CLI0280
CRT02638,2026-02-26 03:52:50,2601.9,CLI0303
CRT00150,2026-07-21 03:12:19,4549.9400000000005,CLI0251
CRT01773,2026-04-16 11:37:44,933.55,CLI0352
CRT01891,2026-04-20 10:45:29,5736.22,CLI0268
CRT02913,2026-01-12 19:25:35,3186.4700000000003,CLI0115
CRT02796,2026-01-14 15:23:27,3577.9,CLI0181
CRT02857,2026-06-29 23:03:29,1323.84,CLI0157
CRT00287,2026-04-12 12:28:59,2050.34,CLI0141
CRT00392,2026-02-06 04:29:12,4932.9,CLI0285
CRT01755,2026-07-22 01:14:00,170.37,CLI0209
CRT00015,2026-07-20 14:28:16,6826.68,CLI0158
CRT02327,2026-02-15 16:04:52,9184.79,CLI0013
CRT00577,2026-06-22 12:27:05,5143.0,CLI0205
CRT00794,2026-06-20 15:32:57,4351.71,CLI0360
CRT01173,2026-05-04 13:25:10,2536.9,CLI0291
CRT00410,2026-02-19 11:34:12,5365.71,CLI0036
CRT02790,2026-06-19 19:13:40,5445.75,CLI0379
CRT01920,2026-01-29 00:34:42,4201.72,CLI0098
CRT02020,2026-07-18 07:10:59,3180.74,CLI0208
CRT00791,2026-07-11 03:50:29,1624.11,CLI0213
CRT01073,2026-05-28 11:21:53,6280.610000000001,CLI0012
CRT02646,2026-06-26 04:29:42,1517.7600000000002,CLI0258
CRT01061,2026-02-18 12:22:59,716.91,CLI0079
CRT02234,2026-06-16 00:56:44,875.55,CLI0174
CRT01585,2026-04-23 03:54:27,3001.03,CLI0095
CRT00417,2026-07-21 08:03:55,1175.16,CLI0127
CRT02316,2026-04-19 13:43:45,2513.21,CLI0157
CRT02092,2026-01-23 06:01:47,322.48,CLI0331
CRT01202,2026-02-14 21:32:44,4132.56,CLI0310
CRT01064,2026-07-16 03:34:38,891.0,CLI0074
CRT03219,2026-01-22 05:14:04,4031.52,CLI0141
CRT02377,2026-04-27 02:05:30,134.1,CLI0036
CRT03420,2026-06-24 05:28:10,209.57,CLI0239
CRT01231,2026-02-19 18:55:51,301.5,CLI0395
CRT02636,2026-06-23 04:35:55,2124.51,CLI0409
CRT01480,2026-06-08 08:01:23,1722.1,CLI0206
CRT03482,2026-03-05 07:26:17,6276.35,CLI0050
CRT03370,2026-04-11 03:41:18,1036.71,CLI0201
CRT02657,2026-05-21 14:16:57,3305.3,CLI0012
CRT00304,2026-01-28 00:55:12,3668.64,CLI0268
CRT00859,2026-03-20 06:09:44,2899.45,CLI0395
CRT02908,2026-05-12 16:34:55,378.45,CLI0405
CRT01935,2026-07-02 15:43:15,4036.28,CLI0323
CRT01580,2026-07-03 06:58:26,886.5,CLI0112
CRT02149,2026-01-18 10:56:45,806.2,CLI0289
CRT00099,2026-04-19 13:42:25,4043.06,CLI0141
CRT00242,2026-01-13 18:27:24,1794.42,CLI0143
CRT02805,2026-05-12 01:17:23,7795.84,CLI0330
CRT02536,2026-04-03 22:58:20,4308.84,CLI0417
CRT02988,2026-06-17 05:20:13,3170.6000000000004,CLI0399
CRT01494,2026-03-20 16:13:22,4489.59,CLI0180
CRT00269,2026-02-18 04:23:46,4397.68,CLI0101
CRT01356,2026-07-04 16:11:43,3081.0,CLI0121
CRT02043,2026-06-20 20:51:13,3388.9700000000003,CLI0146
CRT02830,2026-04-18 17:48:23,2007.7,CLI0061
CRT00407,2026-04-02 04:40:05,4013.67,CLI0170
CRT00576,2026-03-15 03:23:10,2922.59,CLI0128
CRT03426,2026-03-14 21:35:35,4599.63,CLI0112
CRT01737,2026-04-19 17:17:20,1752.6,CLI0280
CRT02781,2026-05-07 00:23:21,1243.03,CLI0284
CRT01903,2026-04-17 10:50:13,5790.889999999999,CLI0043
CRT00118,2026-07-08 01:17:09,4192.5,CLI0199
CRT01662,2026-01-06 19:36:11,344.9,CLI0087
CRT00852,2026-01-19 09:41:38,1988.68,CLI0125
CRT00654,2026-01-25 02:19:21,5187.9,CLI0053
CRT00688,2026-04-07 08:01:53,7780.32,CLI0200
CRT01951,2026-04-23 08:27:02,1528.69,CLI0177
CRT02038,2026-03-28 08:35:45,4842.16,CLI0233
CRT00709,2026-01-21 05:19:08,4674.54,CLI0170
CRT01368,2026-02-19 23:00:40,7058.67,CLI0369
CRT01302,2026-01-05 17:09:23,1065.24,CLI0335
CRT01836,2026-05-24 17:39:56,5522.38,CLI0364
CRT00748,2026-05-06 06:54:34,3520.86,CLI0357
CRT01674,2026-06-07 10:54:18,1008.4,CLI0086
CRT03465,2026-07-26 18:51:36,2046.51,CLI0237
CRT00255,2026-06-21 16:36:36,5336.52,CLI0336
CRT03282,2026-06-21 02:43:27,1796.65,CLI0414
CRT00151,2026-06-07 15:47:27,3219.9,CLI0067
CRT01740,2026-07-03 13:23:20,4795.5,CLI0244
CRT02100,2026-05-02 18:18:01,1375.8000000000002,CLI0385
CRT01461,2026-03-23 20:55:04,5401.040000000001,CLI0022
CRT02466,2026-06-26 11:34:36,343.3,CLI0390
CRT02720,2026-05-28 17:51:23,3294.51,CLI0072
CRT00971,2026-02-10 13:47:14,2722.4700000000003,CLI0314
CRT01961,2026-05-04 04:42:00,7456.82,CLI0342
CRT02751,2026-01-26 13:43:54,3662.14,CLI0006
CRT00481,2026-02-25 16:21:17,4245.01,CLI0044
CRT02420,2026-04-29 02:29:03,3705.39,CLI0249
CRT01865,2026-07-17 14:31:26,1953.68,CLI0123
CRT02202,2026-03-22 00:11:16,271.46000000000004,CLI0230
CRT03062,2026-07-12 10:16:55,3163.79,CLI0183
CRT03244,2026-01-08 11:55:31,4233.45,CLI0112
CRT00670,2026-04-22 19:03:30,1218.86,CLI0289
CRT02367,2026-05-17 14:04:10,2452.98,CLI0033
CRT02344,2026-07-14 05:26:06,2742.76,CLI0263
CRT00660,2026-03-21 08:21:02,4611.150000000001,CLI0200
CRT02755,2026-07-26 17:49:35,1797.36,CLI0302
CRT02808,2026-04-28 11:57:43,2654.8,CLI0316
CRT02401,2026-04-09 23:59:46,289.1,CLI0235
CRT00716,2026-07-08 01:13:12,5521.290000000001,CLI0127
CRT01821,2026-03-22 01:36:28,2367.16,CLI0060
CRT00411,2026-04-26 11:57:16,800.9799999999999,CLI0249
CRT01021,2026-01-01 04:18:13,1330.56,CLI0100
CRT00865,2026-07-09 01:59:08,4985.530000000001,CLI0058
CRT02218,2026-04-25 21:04:42,3883.97,CLI0321
CRT02834,2026-01-29 03:55:39,4066.59,CLI0068
CRT01371,2026-05-26 02:10:18,4279.81,CLI0355
CRT01195,2026-07-08 22:43:50,5347.34,CLI0150
CRT00892,2026-03-27 17:50:16,4109.79,CLI0157
CRT00253,2026-06-13 11:05:24,3287.3100000000004,CLI0317
CRT00436,2026-05-31 10:35:41,4822.4,CLI0396
CRT01928,2026-02-12 05:32:58,9269.33,CLI0060
CRT01376,2026-07-22 23:13:43,1052.5,CLI0081
CRT02842,2026-04-20 09:01:12,31.92,CLI0390
CRT01472,2026-03-26 23:33:55,2494.59,CLI0260
CRT03436,2026-02-26 01:10:12,2052.04,CLI0149
CRT01714,2026-02-04 01:03:39,4581.9400000000005,CLI0140
CRT00379,2026-07-13 21:19:16,4299.34,CLI0033
CRT03480,2026-01-01 05:34:16,2345.46,CLI0035
CRT00246,2026-05-27 16:18:53,1907.42,CLI0411
CRT03419,2026-06-25 05:21:24,1151.4,CLI0256
CRT02519,2026-07-03 17:05:06,1042.64,CLI0070
CRT00772,2026-04-10 23:57:15,7263.54,CLI0429
CRT02632,2026-01-01 11:18:57,2054.89,CLI0378
CRT01238,2026-02-19 01:14:21,3040.3,CLI0129
CRT00828,2026-03-27 12:40:03,4598.17,CLI0395
CRT02045,2026-07-08 09:00:57,3209.6,CLI0267
CRT01342,2026-02-26 16:54:05,1114.88,CLI0260
CRT02150,2026-04-12 04:28:38,5941.48,CLI0046
CRT00848,2026-02-20 17:45:44,4548.6,CLI0287
CRT00979,2026-06-10 06:34:44,7559.410000000001,CLI0148
CRT02350,2026-07-22 03:07:35,360.54,CLI0175
CRT02974,2026-02-13 04:00:35,1213.12,CLI0252
CRT01562,2026-04-19 04:04:03,1943.45,CLI0041
CRT02628,2026-03-29 21:33:40,2088.53,CLI0046
CRT00718,2026-06-20 07:35:21,297.92,CLI0267
CRT01529,2026-04-29 04:55:59,4732.1,CLI0164
CRT00073,2026-01-15 18:45:37,3415.4300000000003,CLI0421
CRT01358,2026-02-20 11:51:28,4359.71,CLI0215
CRT02930,2026-03-07 22:48:01,2264.5599999999995,CLI0335
CRT01329,2026-07-26 17:19:51,2385.0,CLI0356
CRT03363,2026-06-24 01:48:56,3063.52,CLI0056
CRT02260,2026-06-27 17:01:03,2958.87,CLI0356
CRT00077,2026-01-08 06:19:32,3779.51,CLI0292
CRT01259,2026-07-16 15:42:05,4847.95,CLI0277
CRT00072,2026-05-13 13:36:49,842.89,CLI0389
CRT01559,2026-02-02 05:10:59,2872.6400000000003,CLI0114
CRT01219,2026-03-09 05:17:05,4501.4,CLI0243
CRT00910,2026-07-24 07:21:57,486.37,CLI0351
CRT02050,2026-01-24 02:15:51,635.57,CLI0042
CRT01859,2026-02-24 01:46:20,3901.84,CLI0067
CRT02475,2026-03-04 22:33:53,4538.42,CLI0388
CRT00894,2026-03-30 12:48:45,2153.4700000000003,CLI0010
CRT00522,2026-05-23 17:36:47,4641.47,CLI0287
CRT03049,2026-01-28 03:48:03,2854.7,CLI0139
CRT02174,2026-03-13 13:01:40,804.6800000000001,CLI0389
CRT02005,2026-04-13 05:58:58,7204.25,CLI0162
CRT03034,2026-01-03 14:25:55,5647.06,CLI0083
CRT02594,2026-06-18 17:18:05,2231.85,CLI0352
CRT00588,2026-01-02 19:42:52,612.56,CLI0315
CRT03365,2026-01-30 01:56:04,5240.05,CLI0113
CRT02110,2026-03-23 13:54:30,1893.32,CLI0271
CRT02742,2026-07-21 15:47:16,7306.88,CLI0162
CRT01869,2026-01-31 10:52:11,1765.54,CLI0079
CRT02727,2026-05-22 07:51:56,5999.33,CLI0309
CRT01938,2026-01-10 17:44:57,3903.25,CLI0149
CRT01292,2026-03-20 18:11:34,6932.87,CLI0330
CRT00627,2026-07-10 12:11:04,2530.4300000000003,CLI0231
CRT01868,2026-06-15 23:48:49,2684.01,CLI0146
CRT00954,2026-04-19 10:43:10,1513.3100000000002,CLI0086
CRT03132,2026-05-15 07:47:43,327.76,CLI0215
CRT01379,2026-05-14 17:48:42,327.31,CLI0211
CRT01642,2026-01-29 20:42:40,2301.65,CLI0392
CRT02132,2026-01-26 08:58:05,1926.12,CLI0346
CRT01593,2026-01-11 02:59:40,805.98,CLI0370
CRT00568,2026-04-28 16:46:27,1668.12,CLI0398
CRT03440,2026-03-08 10:59:46,2781.9500000000003,CLI0051
CRT00476,2026-01-11 20:50:08,2447.66,CLI0263
CRT01852,2026-01-21 16:45:23,2196.52,CLI0015
CRT01715,2026-07-22 10:06:48,309.6,CLI0133
CRT01927,2026-04-19 00:47:39,3887.13,CLI0243
CRT02542,2026-06-19 05:52:38,8403.119999999999,CLI0297
CRT03111,2026-04-30 17:03:25,5519.54,CLI0179
CRT01634,2026-01-31 13:58:03,2033.75,CLI0221
CRT01819,2026-03-23 19:18:43,2701.1000000000004,CLI0046
CRT01419,2026-03-27 08:41:18,4626.15,CLI0071
CRT00881,2026-01-03 02:25:29,2113.09,CLI0336
CRT00257,2026-02-27 16:32:46,2040.53,CLI0419
CRT02947,2026-04-14 03:38:57,6109.43,CLI0331
CRT01049,2026-02-12 20:47:19,1343.89,CLI0432
CRT02627,2026-01-23 04:03:19,3906.69,CLI0149
CRT00755,2026-04-27 00:01:34,1816.62,CLI0188
CRT02713,2026-01-09 03:04:50,1743.42,CLI0386
CRT02656,2026-06-18 05:47:45,349.23999999999995,CLI0418
CRT01388,2026-07-16 18:21:28,7274.96,CLI0376
CRT00886,2026-05-11 03:37:35,646.04,CLI0195
CRT01398,2026-04-28 20:46:00,3875.23,CLI0361
CRT01301,2026-02-06 17:48:00,2655.72,CLI0377
CRT00457,2026-01-20 18:48:40,4677.5,CLI0335
CRT00355,2026-03-07 19:40:09,4271.3,CLI0198
CRT03105,2026-01-15 08:54:48,4800.02,CLI0330
CRT00142,2026-04-28 05:12:52,3902.72,CLI0292
CRT03435,2026-05-30 02:56:19,2690.17,CLI0222
CRT00039,2026-04-22 07:21:05,3043.6,CLI0350
CRT01170,2026-05-09 09:48:11,7386.17,CLI0365
CRT01288,2026-01-10 07:01:49,191.13,CLI0072
CRT01517,2026-06-17 10:28:27,1286.06,CLI0064
CRT01799,2026-03-09 08:34:25,1075.23,CLI0149
CRT02333,2026-01-31 02:35:51,611.64,CLI0051
CRT01918,2026-03-19 03:11:26,1483.69,CLI0412
CRT02622,2026-06-14 12:29:47,1297.74,CLI0034
CRT01771,2026-07-02 23:38:09,5195.6,CLI0265
CRT00966,2026-07-07 04:29:53,2125.89,CLI0368
CRT01465,2026-03-23 12:31:08,785.75,CLI0341
CRT02799,2026-03-05 19:37:43,5372.02,CLI0348
CRT01495,2026-01-23 07:51:11,6497.110000000001,CLI0288
CRT03467,2026-03-11 23:39:41,2721.87,CLI0029
CRT00132,2026-07-21 12:03:46,3235.51,CLI0216
CRT03203,2026-07-20 14:16:21,3285.4,CLI0296
CRT02355,2026-05-28 04:40:22,2465.36,CLI0072
CRT00400,2026-03-06 07:04:30,1733.5,CLI0428
CRT02343,2026-05-01 23:48:53,1431.0,CLI0007
CRT01303,2026-01-12 08:50:08,732.46,CLI0317
CRT02508,2026-05-10 22:11:14,4162.4400000000005,CLI0217
CRT01149,2026-06-29 21:29:13,208.72000000000003,CLI0222
CRT01417,2026-01-18 20:24:59,286.9,CLI0361
CRT03021,2026-02-07 13:17:53,4225.360000000001,CLI0016
CRT00518,2026-06-06 10:01:58,2234.51,CLI0188
CRT01445,2026-04-16 21:04:11,5637.83,CLI0172
CRT01984,2026-01-31 07:28:40,2034.47,CLI0323
CRT01047,2026-01-08 12:20:53,1295.85,CLI0431
CRT00849,2026-06-16 20:48:05,3315.96,CLI0203
CRT02181,2026-06-13 14:25:15,3039.96,CLI0421
CRT01513,2026-04-29 08:10:28,937.05,CLI0379
CRT01450,2026-03-19 20:39:10,5973.900000000001,CLI0235
CRT02816,2026-07-16 23:54:26,2084.77,CLI0080
CRT00353,2026-06-24 11:41:05,2055.76,CLI0021
CRT00289,2026-04-16 21:56:14,1130.32,CLI0071
CRT01500,2026-05-31 21:46:12,1528.45,CLI0428
CRT00180,2026-04-08 04:29:59,214.56,CLI0228
CRT01650,2026-01-16 01:01:29,5501.37,CLI0165
CRT01020,2026-03-01 10:34:34,4956.929999999999,CLI0313
CRT02332,2026-03-12 08:17:30,515.5999999999999,CLI0403
CRT00307,2026-07-12 05:51:34,286.28,CLI0137
CRT03488,2026-06-06 15:59:17,1122.65,CLI0134
CRT02764,2026-01-03 18:41:54,594.22,CLI0133
CRT02885,2026-03-19 17:15:54,1766.44,CLI0176
CRT00251,2026-05-23 19:59:31,4038.54,CLI0019
CRT02145,2026-03-06 13:50:27,2121.04,CLI0307
CRT02984,2026-03-11 18:10:37,650.52,CLI0054
CRT00551,2026-06-21 14:23:12,3277.63,CLI0181
CRT02717,2026-03-18 01:40:51,166.93,CLI0128
CRT01738,2026-03-05 10:06:43,2914.74,CLI0350
CRT00993,2026-01-09 21:02:51,2656.42,CLI0075
CRT02852,2026-04-13 01:23:48,4913.67,CLI0068
CRT01463,2026-02-17 07:28:10,885.5999999999999,CLI0190
CRT03257,2026-05-05 15:46:55,2622.78,CLI0370
CRT02462,2026-01-25 21:50:25,1110.4,CLI0129
CRT00129,2026-02-16 12:13:12,6610.22,CLI0391
CRT01120,2026-07-20 15:51:02,1987.76,CLI0221
CRT01686,2026-01-20 23:43:18,308.0,CLI0408
CRT03255,2026-07-16 21:23:35,2697.67,CLI0407
CRT02351,2026-02-18 15:36:42,670.24,CLI0161
CRT03135,2026-03-29 10:48:35,3104.63,CLI0220
CRT02944,2026-06-05 06:50:21,3639.06,CLI0352
CRT02744,2026-01-20 09:50:05,3983.1,CLI0127
CRT02856,2026-04-15 19:06:49,2194.32,CLI0195
CRT02609,2026-06-22 19:58:45,4974.91,CLI0427
CRT03354,2026-05-09 15:41:12,725.3099999999998,CLI0204
CRT03039,2026-03-11 03:20:50,6798.5,CLI0081
CRT03043,2026-02-17 20:21:47,151.38,CLI0201
CRT01171,2026-05-20 20:59:03,1792.6400000000003,CLI0211
CRT01263,2026-05-27 09:07:26,4177.43,CLI0037
CRT00958,2026-02-16 21:18:55,2263.81,CLI0058
CRT01851,2026-03-24 05:35:55,796.02,CLI0055
CRT00689,2026-01-21 15:22:23,2636.17,CLI0135
CRT02560,2026-07-07 15:41:25,351.96,CLI0148
CRT00063,2026-07-23 11:02:02,1033.76,CLI0419
CRT00220,2026-02-10 03:46:33,4536.99,CLI0433
CRT03231,2026-06-12 16:24:57,1462.13,CLI0161
CRT00781,2026-04-05 02:07:21,4432.0,CLI0421
CRT00927,2026-01-21 17:21:09,3556.15,CLI0184
CRT03121,2026-02-07 23:18:34,2631.59,CLI0241
CRT00777,2026-02-23 23:52:30,446.3,CLI0007
CRT00837,2026-01-13 14:18:15,349.85,CLI0079
CRT00008,2026-04-03 00:08:20,1083.29,CLI0028
CRT02812,2026-04-21 17:54:53,2775.5,CLI0052
CRT03040,2026-04-07 04:33:21,4426.47,CLI0268
CRT01934,2026-01-03 03:44:16,6386.52,CLI0171
CRT01362,2026-04-07 08:02:02,7388.38,CLI0103
CRT00592,2026-07-15 18:36:35,954.12,CLI0094
CRT00567,2026-03-04 12:22:00,4504.58,CLI0395
CRT02421,2026-05-21 23:55:17,4010.17,CLI0043
CRT02237,2026-01-04 21:40:10,1712.74,CLI0053
CRT00231,2026-05-25 08:09:18,2402.31,CLI0371
CRT01752,2026-02-23 05:50:01,2406.78,CLI0153
CRT01788,2026-07-03 19:08:42,3958.85,CLI0008
CRT01685,2026-02-23 12:38:43,3315.7200000000003,CLI0219
CRT02750,2026-02-27 09:57:47,6621.69,CLI0409
CRT00618,2026-04-18 18:11:23,2532.96,CLI0091
CRT02824,2026-07-01 07:13:33,726.21,CLI0184
CRT01909,2026-06-22 03:52:16,1944.2,CLI0133
CRT02777,2026-01-24 23:06:28,5658.4,CLI0433
CRT03237,2026-06-03 19:53:48,2364.44,CLI0315
CRT01409,2026-07-23 07:32:31,2715.07,CLI0295
CRT00587,2026-01-21 17:56:14,4447.16,CLI0062
CRT03417,2026-07-22 12:38:01,596.48,CLI0291
CRT03269,2026-03-24 15:38:00,6443.48,CLI0415
CRT02733,2026-01-22 09:15:15,1476.96,CLI0234
CRT01128,2026-04-24 06:24:51,903.66,CLI0421
CRT01304,2026-06-16 04:45:09,4317.66,CLI0360
CRT00027,2026-01-16 14:05:38,6808.740000000001,CLI0284
CRT00470,2026-06-22 17:25:59,1884.01,CLI0247
CRT02752,2026-04-07 03:49:22,713.51,CLI0114
CRT03287,2026-01-12 09:59:28,4991.0,CLI0256
CRT02436,2026-06-26 11:13:32,5224.31,CLI0200
CRT02855,2026-01-24 01:51:18,4761.91,CLI0103
CRT03498,2026-03-12 14:14:33,4475.99,CLI0342
CRT01745,2026-05-22 14:00:22,3099.78,CLI0130
CRT02586,2026-04-13 13:46:42,4698.82,CLI0341
CRT00092,2026-02-27 07:31:36,1036.68,CLI0332
CRT00326,2026-07-18 07:02:42,2894.8900000000003,CLI0101
CRT02099,2026-05-14 06:53:44,2936.53,CLI0292
CRT03412,2026-05-31 15:11:35,2884.19,CLI0201
CRT00434,2026-06-17 05:24:41,5003.32,CLI0242
CRT02018,2026-04-24 12:34:12,4686.0,CLI0334
CRT01091,2026-06-30 21:42:14,713.3,CLI0092
CRT03196,2026-01-14 21:02:20,1197.9,CLI0425
CRT01912,2026-02-13 23:52:37,2014.65,CLI0007
CRT03173,2026-04-16 03:46:28,5610.280000000001,CLI0316
CRT02303,2026-05-01 22:23:14,7725.2,CLI0402
CRT01092,2026-06-11 16:13:56,1983.25,CLI0304
CRT03120,2026-05-20 05:40:13,862.3799999999999,CLI0020
CRT00375,2026-04-14 15:45:57,2684.2200000000003,CLI0323
CRT03133,2026-03-08 06:42:07,1378.9,CLI0343
CRT00867,2026-03-15 00:30:00,702.48,CLI0427
CRT00648,2026-05-31 18:58:00,5320.610000000001,CLI0383
CRT02843,2026-02-09 18:36:49,3854.06,CLI0317
CRT01428,2026-02-01 17:07:05,1246.28,CLI0425
CRT02385,2026-07-01 17:17:10,923.7,CLI0419
CRT02555,2026-02-23 14:29:22,2441.16,CLI0384
CRT02888,2026-02-19 15:13:35,1232.68,CLI0066
CRT01025,2026-01-12 12:09:10,1119.07,CLI0212
CRT00477,2026-01-15 06:03:22,3037.15,CLI0076
CRT03409,2026-05-20 16:21:26,2147.12,CLI0348
CRT01441,2026-04-24 23:28:20,6622.2300000000005,CLI0216
CRT00893,2026-07-10 05:42:58,2493.78,CLI0202
CRT00402,2026-07-12 19:58:59,1308.52,CLI0028
CRT03386,2026-04-01 17:15:05,2011.99,CLI0305
CRT02489,2026-06-25 08:05:56,896.1600000000001,CLI0411
CRT00808,2026-06-02 00:35:36,1277.37,CLI0146
CRT00163,2026-01-12 10:51:25,2612.77,CLI0422
CRT00968,2026-04-03 03:06:21,3753.03,CLI0325
CRT02437,2026-01-14 21:46:47,2142.78,CLI0228
CRT00515,2026-04-20 23:43:23,152.48,CLI0080
CRT00432,2026-01-10 20:04:58,1118.2,CLI0109
CRT01817,2026-05-09 17:56:37,1509.58,CLI0087
CRT00963,2026-01-24 09:06:18,2821.9100000000003,CLI0233
CRT00215,2026-04-13 14:34:21,1839.48,CLI0059
CRT00209,2026-07-14 01:40:14,2648.75,CLI0049
CRT01012,2026-06-26 22:01:09,720.02,CLI0371
CRT03085,2026-07-26 00:32:38,908.16,CLI0050
CRT00493,2026-02-08 22:02:45,4087.3,CLI0424
CRT00049,2026-05-26 21:24:21,4953.7,CLI0076
CRT01218,2026-04-08 14:12:07,8660.7,CLI0120
CRT02255,2026-05-24 01:59:17,2067.5,CLI0420
CRT01573,2026-01-24 05:17:58,3332.7300000000005,CLI0015
CRT01701,2026-04-29 05:22:45,121.08,CLI0187
CRT00385,2026-06-19 01:07:19,377.4,CLI0203
CRT01828,2026-02-08 20:13:53,2599.1800000000003,CLI0392
CRT02613,2026-07-12 03:15:22,1011.93,CLI0088
CRT01946,2026-01-30 18:00:52,2619.45,CLI0243
CRT02148,2026-02-11 19:26:44,1808.67,CLI0024
CRT00069,2026-06-15 03:15:03,5167.25,CLI0310
CRT00656,2026-07-17 14:27:17,324.47,CLI0014
CRT02524,2026-07-10 13:35:08,3743.39,CLI0203
CRT01487,2026-04-11 07:04:46,545.22,CLI0263
CRT01975,2026-01-12 20:16:50,2354.59,CLI0394
CRT01168,2026-06-04 00:16:13,160.65,CLI0218
CRT01635,2026-03-22 13:42:07,2060.75,CLI0231
CRT00360,2026-06-16 07:00:32,548.8,CLI0152
CRT00773,2026-05-15 22:43:05,1908.06,CLI0251
CRT00732,2026-06-02 05:38:35,6628.95,CLI0353
CRT00829,2026-04-22 15:09:54,3278.64,CLI0419
CRT00416,2026-01-02 11:24:13,5447.9400000000005,CLI0087
CRT02769,2026-07-01 09:04:11,1888.89,CLI0190
CRT01894,2026-05-11 15:28:14,373.75,CLI0056
CRT02860,2026-04-20 23:26:33,3343.96,CLI0262
CRT02041,2026-05-17 21:40:59,1492.0500000000002,CLI0341
CRT01222,2026-06-23 11:29:37,2322.56,CLI0196
CRT00342,2026-01-18 18:23:29,1753.34,CLI0267
CRT00471,2026-02-23 21:30:36,3918.74,CLI0246
CRT00539,2026-06-07 23:53:26,6071.31,CLI0206
CRT00222,2026-05-26 15:57:10,287.46,CLI0411
CRT01866,2026-01-06 07:34:52,1901.78,CLI0046
CRT00380,2026-06-29 02:38:34,3874.99,CLI0024
CRT00742,2026-03-30 15:58:23,1519.08,CLI0388
CRT02845,2026-01-30 09:35:41,1463.32,CLI0393
CRT00932,2026-02-19 08:14:18,2613.76,CLI0084
CRT01943,2026-04-19 20:59:10,747.61,CLI0010
CRT02370,2026-03-19 03:23:41,350.88,CLI0328
CRT03147,2026-05-08 11:31:12,3781.09,CLI0076
CRT03103,2026-04-26 09:34:09,5246.56,CLI0260
CRT02139,2026-03-04 19:34:15,3212.57,CLI0401
CRT02782,2026-06-23 18:31:14,6295.71,CLI0218
CRT01315,2026-07-23 07:45:48,4633.67,CLI0429
CRT00404,2026-03-16 02:27:09,3354.01,CLI0038
CRT03153,2026-02-18 15:17:53,1547.4,CLI0382
CRT00474,2026-05-27 21:34:00,2612.28,CLI0066
CRT01187,2026-05-27 12:04:12,5151.320000000001,CLI0241
CRT01163,2026-07-21 22:00:23,2970.65,CLI0234
CRT01498,2026-07-26 15:25:52,778.0,CLI0084
CRT02976,2026-01-20 22:25:00,2945.2,CLI0183
CRT00719,2026-04-10 11:21:48,4731.39,CLI0243
CRT02811,2026-04-01 00:19:21,1916.16,CLI0206
CRT02187,2026-02-02 02:22:06,2911.2,CLI0302
CRT02731,2026-03-08 13:54:00,303.73,CLI0131
CRT02714,2026-05-10 10:52:15,1419.93,CLI0064
CRT00578,2026-05-22 06:29:54,521.3,CLI0039
CRT02230,2026-07-21 22:43:09,1644.4,CLI0307
CRT00284,2026-03-24 18:21:14,20.28,CLI0311
CRT03131,2026-03-18 16:26:08,1809.72,CLI0042
CRT00525,2026-02-05 04:20:08,4346.58,CLI0377
CRT01327,2026-06-30 23:43:46,3076.2200000000003,CLI0046
CRT02102,2026-02-16 00:41:26,1107.09,CLI0273
CRT00616,2026-07-24 05:26:41,910.15,CLI0075
CRT03101,2026-06-09 11:25:10,2562.73,CLI0433
CRT03468,2026-03-27 21:38:21,6747.700000000001,CLI0055
CRT01086,2026-05-19 16:09:09,1662.83,CLI0174
CRT01424,2026-06-24 15:23:54,7666.26,CLI0258
CRT00842,2026-03-28 03:00:19,2226.86,CLI0068
CRT02726,2026-02-25 04:53:10,9658.92,CLI0154
CRT01841,2026-02-13 18:31:21,626.1700000000001,CLI0428
CRT00213,2026-01-24 13:34:00,6738.740000000001,CLI0376
CRT03029,2026-07-20 23:28:41,3920.02,CLI0228
CRT03368,2026-03-12 08:14:43,391.28,CLI0052
CRT01917,2026-06-22 14:22:53,6558.6,CLI0354
CRT00679,2026-01-03 17:54:38,2533.1400000000003,CLI0274
CRT00657,2026-07-15 03:01:51,3858.72,CLI0269
CRT01509,2026-04-08 10:32:20,927.02,CLI0096
CRT01617,2026-05-11 10:09:14,540.19,CLI0249
CRT03310,2026-03-24 15:51:45,3297.21,CLI0054
CRT01018,2026-07-06 23:00:18,372.66,CLI0267
CRT02761,2026-03-30 19:21:28,4468.76,CLI0093
CRT00671,2026-06-13 19:26:04,2420.8,CLI0328
CRT03207,2026-01-07 15:55:33,4628.43,CLI0048
CRT02540,2026-06-24 05:21:55,415.47,CLI0234
CRT02358,2026-02-27 15:15:38,3017.5,CLI0174
CRT00681,2026-07-16 15:40:18,1660.09,CLI0005
CRT01842,2026-03-11 20:30:25,1652.85,CLI0422
CRT00428,2026-01-20 00:40:41,6518.900000000001,CLI0373
CRT02550,2026-05-31 11:12:47,1265.15,CLI0196
CRT02821,2026-06-18 15:59:47,1689.59,CLI0225
CRT00316,2026-06-20 01:42:37,7219.01,CLI0355
CRT03076,2026-05-13 22:09:48,5368.95,CLI0257
CRT03415,2026-03-29 22:17:44,1784.72,CLI0360
CRT00844,2026-04-13 09:33:33,1757.44,CLI0281
CRT00320,2026-03-06 07:23:39,643.6800000000001,CLI0381
CRT00472,2026-06-15 14:57:37,3979.67,CLI0083
CRT03499,2026-06-28 03:54:28,2768.07,CLI0198
CRT00122,2026-05-17 23:14:25,5746.82,CLI0352
CRT02626,2026-03-08 04:12:43,4585.92,CLI0115
CRT03470,2026-06-26 12:03:45,2736.5599999999995,CLI0247
CRT00334,2026-04-30 05:38:10,5084.92,CLI0170
CRT03005,2026-01-23 08:33:47,1157.76,CLI0360
CRT01172,2026-01-09 01:22:43,5581.68,CLI0188
CRT01834,2026-01-30 18:01:08,7147.33,CLI0224
CRT02881,2026-01-11 21:21:21,3877.67,CLI0062
CRT03178,2026-02-24 08:06:53,784.0100000000001,CLI0216
CRT02381,2026-05-18 15:14:02,2209.04,CLI0067
CRT01372,2026-02-04 04:02:43,5502.2300000000005,CLI0144
CRT02238,2026-01-18 21:35:10,6001.14,CLI0366
CRT00810,2026-03-18 08:04:43,1142.68,CLI0004
CRT03490,2026-02-07 23:09:47,4146.24,CLI0222
CRT02853,2026-02-19 05:19:23,1792.72,CLI0141
CRT00552,2026-05-31 07:17:35,3657.98,CLI0208
CRT00841,2026-04-11 05:23:20,4221.68,CLI0403
CRT02558,2026-01-18 15:12:47,1444.6,CLI0050
CRT00456,2026-04-04 21:23:48,4289.83,CLI0194
CRT01501,2026-02-06 07:33:54,1537.0,CLI0045
CRT02604,2026-04-09 10:41:57,1792.47,CLI0376
CRT01818,2026-04-30 04:48:10,3302.7,CLI0174
CRT03286,2026-01-13 17:59:00,538.86,CLI0101
CRT03304,2026-01-13 14:19:14,1695.65,CLI0314
CRT03098,2026-04-13 14:53:32,2212.92,CLI0147
CRT02126,2026-01-30 09:48:16,1402.08,CLI0198
CRT02864,2026-03-23 01:43:53,1721.9499999999998,CLI0127
CRT03292,2026-01-05 23:26:06,4796.48,CLI0146
CRT00745,2026-02-04 09:07:39,930.94,CLI0371
CRT03335,2026-01-27 12:23:43,2266.81,CLI0250
CRT02687,2026-06-11 23:46:55,1375.8000000000002,CLI0141
CRT00890,2026-07-02 00:46:56,331.95,CLI0288
CRT01192,2026-01-16 22:54:43,3596.8900000000003,CLI0134
CRT00183,2026-06-25 22:56:56,2383.27,CLI0356
CRT01527,2026-03-08 05:55:44,104.88,CLI0009
CRT01699,2026-07-06 22:49:10,2662.62,CLI0290
CRT00739,2026-01-28 04:34:52,3198.89,CLI0406
CRT00924,2026-06-05 20:38:43,581.3000000000001,CLI0137
CRT02624,2026-06-14 20:27:29,811.4,CLI0335
CRT01848,2026-01-07 10:21:01,2027.82,CLI0169
CRT00680,2026-05-03 10:54:30,2716.8,CLI0387
CRT01045,2026-07-23 12:52:26,1092.08,CLI0410
CRT03129,2026-01-22 05:09:37,5541.51,CLI0091
CRT00478,2026-02-16 18:48:37,2589.62,CLI0133
CRT00162,2026-02-12 02:22:37,3860.83,CLI0157
CRT00819,2026-03-18 03:20:46,3399.46,CLI0416
CRT00187,2026-02-05 15:14:56,2334.26,CLI0359
CRT00167,2026-05-06 13:04:47,2486.15,CLI0176
CRT01289,2026-07-04 21:35:18,2751.79,CLI0013
CRT01976,2026-02-08 18:45:52,7092.639999999999,CLI0137
CRT01001,2026-01-10 03:23:26,2149.95,CLI0185
CRT00637,2026-04-08 22:20:34,2725.04,CLI0041
CRT02647,2026-06-30 20:53:51,1222.68,CLI0141
CRT02184,2026-02-19 20:35:48,2185.94,CLI0283
CRT01316,2026-01-12 21:35:36,5137.52,CLI0392
CRT01038,2026-05-04 05:39:26,3682.62,CLI0070
CRT01084,2026-03-04 06:14:09,7178.87,CLI0294
CRT00613,2026-01-26 09:49:42,1350.5300000000002,CLI0417
CRT02868,2026-06-05 03:40:07,2291.17,CLI0144
CRT01031,2026-03-24 00:13:23,2501.2,CLI0282
CRT02449,2026-02-23 19:43:22,3799.52,CLI0320
CRT03466,2026-01-14 03:04:56,3561.82,CLI0236
CRT01656,2026-03-30 13:00:40,2673.0,CLI0220
CRT02623,2026-07-03 13:53:43,3245.7200000000003,CLI0194
CRT03301,2026-07-12 12:35:27,1855.93,CLI0163
CRT01267,2026-04-10 09:42:02,281.93,CLI0341
CRT00485,2026-07-16 06:37:19,1068.12,CLI0421
CRT03434,2026-07-07 07:09:45,1871.5,CLI0074
CRT03361,2026-05-16 22:06:59,3361.56,CLI0142
CRT01923,2026-06-16 08:48:10,1864.24,CLI0075
CRT02972,2026-02-27 14:00:29,1171.25,CLI0147
CRT00516,2026-03-06 09:30:49,2704.1600000000003,CLI0300
CRT02368,2026-05-02 03:57:19,1105.78,CLI0097
CRT00053,2026-04-16 09:37:00,4585.22,CLI0177
CRT01687,2026-03-19 18:22:24,1777.92,CLI0422
CRT03432,2026-07-16 20:24:58,593.61,CLI0341
CRT00935,2026-06-21 07:23:05,3338.45,CLI0381
CRT01782,2026-01-23 16:50:10,3102.68,CLI0118
CRT03099,2026-06-24 04:41:46,1259.6,CLI0318
CRT02918,2026-01-30 00:03:03,4530.95,CLI0274
CRT01764,2026-01-08 01:53:48,3221.69,CLI0356
CRT03394,2026-05-06 12:46:17,3675.28,CLI0232
CRT02143,2026-02-12 00:01:11,1863.23,CLI0335
CRT01586,2026-04-01 13:49:16,3580.32,CLI0093
CRT02708,2026-05-23 16:16:59,3261.7200000000003,CLI0003
CRT00177,2026-06-19 03:56:10,3893.02,CLI0025
CRT02232,2026-07-23 15:35:12,997.92,CLI0238
CRT00204,2026-03-17 09:36:59,1980.9,CLI0234
CRT02611,2026-05-04 19:41:06,434.8,CLI0060
CRT01723,2026-01-29 20:47:18,1990.66,CLI0121
CRT02189,2026-05-14 09:59:16,1993.12,CLI0117
CRT01660,2026-01-22 02:23:05,2862.36,CLI0304
CRT01346,2026-05-02 18:06:50,1078.8200000000002,CLI0351
CRT00923,2026-06-06 22:27:44,4171.66,CLI0391
CRT00684,2026-04-06 06:51:56,5767.57,CLI0281
CRT03340,2026-02-26 13:14:23,3615.38,CLI0067
CRT00600,2026-03-22 00:18:23,1944.68,CLI0236
CRT03364,2026-03-05 04:02:39,4300.39,CLI0331
CRT01907,2026-02-17 07:41:05,2190.05,CLI0175
CRT00356,2026-03-14 00:53:58,2624.26,CLI0371
CRT02111,2026-01-24 04:10:26,4813.9,CLI0132
CRT00002,2026-04-15 20:10:28,3063.86,CLI0098
CRT02336,2026-03-26 09:06:11,2460.61,CLI0346
CRT00566,2026-05-25 17:36:30,2210.05,CLI0194
CRT02873,2026-02-03 12:03:32,2278.5,CLI0395
CRT02004,2026-01-22 12:19:02,3901.83,CLI0036
CRT02746,2026-05-21 14:48:37,3835.35,CLI0351
CRT00403,2026-06-15 20:00:45,91.92,CLI0237
CRT01804,2026-04-12 07:43:35,2873.82,CLI0355
CRT01185,2026-07-19 00:23:33,1409.48,CLI0274
CRT02460,2026-01-27 19:31:18,269.5,CLI0256
CRT01410,2026-06-25 02:56:51,3374.21,CLI0404
CRT03011,2026-04-28 05:14:52,5119.99,CLI0151
CRT00055,2026-06-05 17:13:23,3791.06,CLI0293
CRT00503,2026-02-28 17:33:12,2230.9,CLI0220
CRT00599,2026-01-31 18:52:02,4138.68,CLI0235
CRT02721,2026-03-22 19:01:46,824.48,CLI0356
CRT00368,2026-01-19 05:35:52,228.96,CLI0332
CRT00928,2026-05-09 22:01:00,4493.97,CLI0069
CRT01994,2026-03-10 13:33:35,6666.209999999999,CLI0044
CRT01897,2026-03-06 12:56:30,6947.6900000000005,CLI0417
CRT00445,2026-01-11 07:58:01,4571.219999999999,CLI0184
CRT03330,2026-06-15 07:29:46,583.14,CLI0338
CRT02422,2026-07-02 15:56:13,2240.9,CLI0125
CRT02509,2026-04-21 05:40:31,5632.62,CLI0377
CRT02962,2026-05-03 05:37:32,1373.2,CLI0170
CRT00295,2026-03-30 04:49:49,1792.72,CLI0352
CRT01904,2026-05-31 16:33:57,2940.4300000000003,CLI0161
CRT01332,2026-04-26 15:00:05,1331.52,CLI0268
CRT02323,2026-03-28 15:30:50,1089.56,CLI0319
CRT01724,2026-05-09 04:23:32,477.88,CLI0377
CRT02012,2026-07-04 11:25:16,2038.46,CLI0156
CRT01807,2026-01-25 20:16:47,1983.4500000000005,CLI0038
CRT01114,2026-04-29 14:35:35,6338.2,CLI0273
CRT00182,2026-02-09 07:28:54,2044.12,CLI0360
CRT01334,2026-01-10 21:42:34,218.35,CLI0355
CRT02169,2026-04-10 06:27:04,8819.01,CLI0184
CRT00108,2026-03-28 10:03:59,835.04,CLI0033
CRT02725,2026-02-18 05:09:28,2553.5,CLI0019
CRT01236,2026-01-27 16:14:10,695.0300000000001,CLI0269
CRT02235,2026-05-13 11:56:57,612.56,CLI0233
CRT03033,2026-02-14 18:19:27,6173.29,CLI0385
CRT03234,2026-05-26 22:58:54,1847.7,CLI0338
CRT01281,2026-02-21 06:25:49,2218.88,CLI0332
CRT02916,2026-03-11 01:52:32,4497.4,CLI0069
CRT00827,2026-01-21 02:02:09,2673.0,CLI0196
CRT01381,2026-04-29 10:09:51,3512.63,CLI0429
CRT01028,2026-06-26 10:15:13,3406.8700000000003,CLI0104
CRT00608,2026-02-23 15:15:31,3797.89,CLI0218
CRT03328,2026-03-17 03:00:52,1280.22,CLI0393
CRT00524,2026-07-18 14:29:43,3200.36,CLI0177
CRT02718,2026-07-20 10:40:56,5981.59,CLI0266
CRT03492,2026-07-10 23:56:15,4026.0,CLI0420
CRT00024,2026-06-21 12:31:01,251.6,CLI0044
CRT01800,2026-04-26 09:02:27,4113.5,CLI0317
CRT01953,2026-03-28 21:55:18,1969.28,CLI0351
CRT01408,2026-06-06 19:44:58,3652.02,CLI0358
CRT03345,2026-06-15 03:42:57,4862.01,CLI0296
CRT01455,2026-04-01 10:21:14,4905.28,CLI0076
CRT00484,2026-02-06 21:12:48,5830.38,CLI0308
CRT03442,2026-04-22 11:44:28,5522.66,CLI0289
CRT02213,2026-05-02 08:40:42,1707.8,CLI0056
CRT01477,2026-01-29 17:26:21,1284.27,CLI0353
CRT02946,2026-03-04 16:34:00,3040.98,CLI0219
CRT01066,2026-07-05 01:19:51,883.76,CLI0106
CRT00022,2026-03-10 20:32:36,3643.83,CLI0116
CRT02891,2026-04-25 22:55:57,705.88,CLI0188
CRT01141,2026-07-03 12:32:03,1162.98,CLI0223
CRT00730,2026-01-11 21:09:22,496.0,CLI0005
CRT02217,2026-04-23 03:28:59,1065.92,CLI0318
CRT01351,2026-07-14 16:29:54,2901.19,CLI0413
CRT02170,2026-07-16 00:18:25,859.04,CLI0430
CRT00505,2026-05-31 20:58:33,4597.92,CLI0180
CRT02417,2026-03-06 04:10:31,115.14,CLI0006
CRT03279,2026-06-04 07:43:30,1561.6799999999998,CLI0146
CRT01481,2026-04-02 03:22:01,3563.16,CLI0229
CRT02615,2026-03-25 13:57:44,4453.02,CLI0083
CRT03447,2026-01-22 10:49:32,1019.56,CLI0157
CRT00765,2026-06-14 11:43:28,1701.95,CLI0210
CRT02848,2026-07-06 18:17:21,4502.05,CLI0359
CRT00371,2026-02-15 09:10:18,2465.36,CLI0028
CRT00469,2026-03-26 04:07:35,2364.28,CLI0416
CRT00714,2026-07-16 09:03:51,4878.66,CLI0063
CRT01625,2026-06-04 11:54:14,1827.06,CLI0196
CRT02993,2026-01-24 11:45:43,1306.31,CLI0075
CRT02597,2026-06-12 13:06:52,2045.92,CLI0009
CRT01551,2026-04-28 02:46:53,6285.660000000001,CLI0214
CRT00761,2026-05-18 14:06:29,3433.0,CLI0338
CRT02039,2026-07-10 21:10:30,733.7900000000001,CLI0413
CRT00103,2026-05-30 03:43:30,5573.01,CLI0204
CRT03184,2026-04-06 08:09:11,1896.05,CLI0004
CRT01138,2026-05-28 16:16:50,2617.3,CLI0316
CRT02763,2026-06-01 04:38:41,462.06,CLI0245
CRT01121,2026-07-21 12:27:32,1263.93,CLI0291
CRT02537,2026-06-23 01:01:43,3323.07,CLI0362
CRT01621,2026-02-04 01:04:55,945.8,CLI0322
CRT01726,2026-05-15 09:10:04,1248.06,CLI0397
CRT02505,2026-05-04 02:54:47,514.47,CLI0401
CRT02334,2026-01-10 19:52:48,5175.2300000000005,CLI0185
CRT02086,2026-07-06 11:50:26,3830.14,CLI0077
CRT02516,2026-04-27 10:18:42,1338.54,CLI0157
CRT02478,2026-02-08 13:40:50,1994.16,CLI0104
CRT00458,2026-04-07 08:06:55,719.0799999999999,CLI0129
CRT02402,2026-06-28 20:42:09,2422.62,CLI0094
CRT01630,2026-03-17 18:07:40,1988.53,CLI0104
CRT01251,2026-02-11 02:41:38,4544.55,CLI0132
CRT02767,2026-07-08 09:44:04,331.95,CLI0291
CRT03423,2026-05-05 10:29:42,1712.55,CLI0156
CRT00288,2026-04-26 04:51:21,6921.26,CLI0151
CRT01123,2026-06-19 02:50:09,1874.25,CLI0089
CRT00328,2026-01-20 06:48:27,3867.2,CLI0350
CRT03297,2026-06-15 00:35:32,724.11,CLI0173
CRT01436,2026-02-07 18:04:14,15.96,CLI0357
CRT02635,2026-07-17 13:17:24,999.6,CLI0164
CRT00112,2026-07-15 08:44:56,1111.02,CLI0265
CRT01532,2026-04-02 01:46:25,1864.87,CLI0326
CRT00674,2026-03-20 13:19:03,2567.52,CLI0227
CRT00047,2026-05-14 15:16:37,1497.02,CLI0301
CRT02278,2026-02-20 07:12:09,400.6,CLI0016
CRT01056,2026-03-19 06:22:19,3961.58,CLI0269
CRT03010,2026-07-19 05:04:24,1177.71,CLI0435
CRT02088,2026-06-09 14:54:50,314.84,CLI0341
CRT01225,2026-04-21 22:13:37,3790.67,CLI0182
CRT02837,2026-07-16 08:36:39,2818.6000000000004,CLI0007
CRT02576,2026-01-16 09:41:15,1959.38,CLI0005
CRT00005,2026-03-02 03:29:31,4980.95,CLI0153
CRT00802,2026-07-05 11:46:35,2447.86,CLI0423
CRT00547,2026-02-13 01:18:46,1348.89,CLI0315
CRT00299,2026-04-01 20:28:19,480.18,CLI0390
CRT00114,2026-06-19 11:38:08,6052.77,CLI0207
CRT02579,2026-05-14 00:15:51,876.9300000000001,CLI0109
CRT00376,2026-01-05 14:10:52,5017.05,CLI0162
CRT00296,2026-06-16 06:28:26,1232.17,CLI0364
CRT03339,2026-05-10 03:50:49,94.74,CLI0079
CRT01965,2026-03-02 07:37:30,318.55,CLI0156
CRT03500,2026-04-17 15:28:03,439.28,CLI0238
CRT02835,2026-01-06 04:35:31,1916.16,CLI0406
CRT02935,2026-04-25 08:26:12,1902.05,CLI0080
CRT00225,2026-06-25 04:45:25,2515.0,CLI0015
CRT00067,2026-04-24 11:40:56,3128.02,CLI0381
CRT00202,2026-07-05 03:41:16,5451.5,CLI0039
CRT01452,2026-07-22 09:27:59,2408.8500000000004,CLI0088
CRT02689,2026-01-30 03:00:31,3430.7,CLI0062
CRT02438,2026-01-13 13:44:25,4781.74,CLI0003
CRT01103,2026-06-20 12:01:36,1854.75,CLI0359
CRT01109,2026-05-28 04:38:17,2822.33,CLI0310
CRT00133,2026-03-08 21:19:11,1033.26,CLI0191
CRT02264,2026-02-11 03:49:02,4522.7,CLI0169
CRT03195,2026-06-14 14:19:12,258.6,CLI0316
CRT01698,2026-06-07 15:47:29,1016.62,CLI0415
CRT01530,2026-02-11 01:55:32,2001.49,CLI0183
CRT00399,2026-02-26 22:27:36,142.41,CLI0095
CRT02969,2026-02-27 00:52:25,2282.57,CLI0001
CRT02457,2026-06-09 13:26:02,1522.4,CLI0333
CRT02154,2026-03-29 23:07:32,850.02,CLI0350
CRT02047,2026-02-19 13:09:12,3164.6400000000003,CLI0299
CRT01397,2026-03-20 05:53:27,934.34,CLI0343
CRT02901,2026-02-12 15:56:16,1659.75,CLI0039
CRT02677,2026-05-12 23:40:09,2670.4,CLI0061
CRT02347,2026-03-01 18:46:50,5162.450000000001,CLI0243
CRT01959,2026-02-11 22:38:26,2511.03,CLI0410
CRT01767,2026-01-01 14:35:15,1926.12,CLI0070
CRT02026,2026-03-21 18:58:52,1091.75,CLI0283
CRT03497,2026-05-07 13:22:27,2008.35,CLI0302
CRT00310,2026-07-12 19:42:12,3475.74,CLI0105
CRT02034,2026-05-10 12:54:21,3093.07,CLI0322
CRT01932,2026-03-17 20:43:56,1546.3399999999997,CLI0104
CRT01707,2026-03-07 21:53:24,2551.21,CLI0083
CRT01240,2026-06-02 23:54:22,3007.0,CLI0030
CRT02817,2026-02-27 17:08:15,2637.04,CLI0129
CRT01476,2026-04-24 12:19:52,467.3,CLI0374
CRT01503,2026-01-17 21:30:21,3497.5,CLI0172
CRT00531,2026-06-25 01:53:42,1695.65,CLI0357
CRT00536,2026-03-09 08:04:27,3533.71,CLI0033
CRT01184,2026-01-14 12:30:29,516.88,CLI0314
CRT03387,2026-01-01 17:46:43,2202.64,CLI0299
CRT02439,2026-02-21 09:05:28,2714.58,CLI0393
CRT01384,2026-04-22 21:05:51,2877.2200000000003,CLI0168
CRT01846,2026-01-20 08:57:44,940.52,CLI0214
CRT00396,2026-07-11 12:31:09,459.18,CLI0108
CRT03137,2026-05-04 17:18:44,663.7,CLI0215
CRT02315,2026-04-12 07:57:31,685.52,CLI0121
CRT01663,2026-01-10 16:46:52,4617.73,CLI0167
CRT03215,2026-06-17 08:04:25,1546.1799999999998,CLI0123
CRT03347,2026-01-29 08:45:31,325.62,CLI0382
CRT01735,2026-05-17 13:38:33,2907.02,CLI0252
CRT00918,2026-04-16 11:02:40,291.97,CLI0212
CRT02157,2026-02-23 16:44:26,2413.8,CLI0175
CRT01502,2026-05-02 19:07:32,2253.82,CLI0156
CRT01806,2026-06-02 09:19:44,1908.24,CLI0377
CRT02917,2026-03-05 07:38:41,439.07,CLI0329
CRT01478,2026-02-05 20:03:35,1484.08,CLI0021
CRT02037,2026-07-08 00:11:23,503.58,CLI0294
CRT02060,2026-02-02 17:38:59,3913.84,CLI0259
CRT02957,2026-01-28 19:44:49,1028.28,CLI0406
CRT00863,2026-04-06 05:40:46,1171.25,CLI0351
CRT00795,2026-02-12 06:34:04,1701.0,CLI0054
CRT02028,2026-01-06 01:00:55,2189.6,CLI0082
CRT03400,2026-01-29 09:49:41,2948.31,CLI0248
CRT03222,2026-06-02 04:28:00,3086.82,CLI0236
CRT01578,2026-01-26 21:02:57,1086.37,CLI0035
CRT01178,2026-05-13 02:50:54,669.72,CLI0239
CRT02215,2026-07-23 08:37:10,852.2,CLI0267
CRT03262,2026-04-01 13:36:55,3453.33,CLI0291
CRT00634,2026-07-19 10:21:44,3982.6,CLI0090
CRT03376,2026-02-17 18:19:20,185.76,CLI0049
CRT01107,2026-04-29 06:13:07,2342.5,CLI0246
CRT00277,2026-02-04 18:09:42,6582.57,CLI0259
CRT00984,2026-05-07 08:39:39,356.22,CLI0312
CRT02982,2026-06-20 10:58:46,100.84,CLI0077
CRT01879,2026-04-05 22:21:00,441.72,CLI0416
CRT03437,2026-04-01 09:03:21,281.86,CLI0243
CRT01956,2026-07-02 14:12:46,104.38,CLI0371
CRT00957,2026-01-24 18:13:42,2063.22,CLI0232
CRT00473,2026-03-04 01:34:15,2236.23,CLI0012
CRT02774,2026-05-14 08:19:44,3930.4,CLI0220
CRT00448,2026-01-11 07:31:42,4355.69,CLI0120
CRT00940,2026-07-18 01:31:22,2560.37,CLI0208
CRT00111,2026-02-18 05:27:31,2151.75,CLI0153
CRT00891,2026-03-05 19:16:31,2411.4,CLI0021
CRT02285,2026-06-17 04:02:24,1676.2400000000002,CLI0195
CRT01000,2026-04-27 21:04:46,2103.5,CLI0091
CRT02679,2026-06-10 14:42:32,3569.5200000000004,CLI0077
CRT00722,2026-02-01 09:13:22,1943.12,CLI0267
CRT02258,2026-01-18 12:26:07,1202.84,CLI0403
CRT02375,2026-02-22 08:29:04,526.58,CLI0146
CRT02915,2026-02-07 10:06:46,3863.18,CLI0328
CRT02869,2026-02-17 09:11:04,3406.08,CLI0221
CRT01901,2026-07-21 06:38:02,460.64,CLI0092
CRT02894,2026-05-09 00:47:47,1785.2,CLI0269
CRT01070,2026-03-27 16:59:54,3621.56,CLI0045
CRT01769,2026-05-28 02:59:38,581.8499999999999,CLI0161
CRT03462,2026-03-17 01:56:57,1068.66,CLI0290
CRT00917,2026-01-08 11:36:11,3895.48,CLI0373
CRT01862,2026-01-19 19:55:16,72.36,CLI0381
CRT03077,2026-05-14 12:25:49,571.36,CLI0334
CRT02247,2026-07-13 13:01:30,7096.43,CLI0334
CRT02279,2026-02-14 07:58:17,267.47,CLI0146
CRT03187,2026-07-23 15:05:57,646.1,CLI0430
CRT01794,2026-02-03 15:42:12,2711.52,CLI0196
CRT03459,2026-03-19 08:50:04,1831.38,CLI0315
CRT01847,2026-05-08 03:26:00,339.13,CLI0394
CRT02940,2026-05-26 17:51:33,825.48,CLI0097
CRT00889,2026-05-09 16:40:29,1616.76,CLI0102
CRT03453,2026-07-02 13:01:05,2047.27,CLI0351
CRT03373,2026-02-22 12:39:24,3799.89,CLI0403
CRT00463,2026-02-12 08:22:25,1423.14,CLI0226
CRT00106,2026-03-14 10:52:01,2889.5,CLI0312
CRT03035,2026-04-19 16:32:25,1252.6,CLI0427
CRT03235,2026-01-09 04:16:02,185.76,CLI0311
CRT00743,2026-02-19 00:46:38,2856.9300000000003,CLI0376
CRT02369,2026-05-26 16:26:23,2087.24,CLI0169
CRT01118,2026-03-29 07:34:54,194.5,CLI0034
CRT00013,2026-06-13 10:37:28,2198.48,CLI0088
CRT01153,2026-06-19 06:18:49,92.88,CLI0109
CRT01160,2026-05-05 23:57:15,3245.84,CLI0370
CRT01515,2026-03-09 10:55:43,2293.13,CLI0079
CRT03208,2026-06-10 21:36:03,1961.68,CLI0006
CRT01939,2026-05-05 18:41:26,477.94,CLI0205
CRT01977,2026-06-21 03:47:30,1692.74,CLI0310
CRT00054,2026-06-17 17:40:46,2106.6800000000003,CLI0197
CRT00820,2026-04-13 20:43:08,3209.3600000000006,CLI0293
CRT01518,2026-02-15 17:54:32,686.6,CLI0214
CRT03372,2026-02-22 06:13:37,1556.0,CLI0254
CRT01957,2026-06-22 23:45:24,5826.360000000001,CLI0214
CRT01787,2026-05-26 04:16:21,2117.58,CLI0088
CRT01709,2026-02-08 06:59:14,301.82,CLI0059
CRT00262,2026-01-01 12:25:42,804.9499999999999,CLI0114
CRT00483,2026-02-26 14:57:20,444.86,CLI0088
CRT02112,2026-05-19 06:07:20,503.54,CLI0051
CRT01793,2026-07-11 17:59:31,98.65,CLI0148
CRT03094,2026-05-02 09:19:17,1903.59,CLI0133
CRT01305,2026-02-14 23:02:04,306.28,CLI0008
CRT02011,2026-06-29 20:09:22,603.74,CLI0349
CRT03284,2026-07-13 15:50:43,1074.4499999999998,CLI0350
CRT00175,2026-03-07 19:28:08,2807.11,CLI0328
CRT00769,2026-02-21 03:53:51,575.7,CLI0017
CRT00185,2026-01-26 18:56:37,708.52,CLI0339
CRT00601,2026-06-22 07:40:23,1036.11,CLI0007
CRT02896,2026-02-03 10:32:45,8440.32,CLI0357
CRT00980,2026-02-03 07:23:08,1398.18,CLI0061
CRT02282,2026-02-20 00:46:57,5064.34,CLI0092
CRT00254,2026-05-24 07:31:52,1351.04,CLI0261
CRT00004,2026-06-19 10:14:59,503.52,CLI0136
CRT02617,2026-03-07 17:20:29,95.55,CLI0369
CRT00153,2026-05-03 13:57:22,2530.3,CLI0220
CRT01270,2026-07-01 17:51:54,691.14,CLI0264
CRT03315,2026-01-12 04:02:03,1888.16,CLI0402
CRT00017,2026-06-14 19:48:39,1338.4,CLI0047
CRT00747,2026-03-17 19:45:37,5176.599999999999,CLI0287
CRT02186,2026-02-14 02:22:46,85.76,CLI0290
CRT01885,2026-05-15 22:55:17,937.55,CLI0254
CRT01164,2026-06-09 06:32:46,1146.2199999999998,CLI0218
CRT02324,2026-04-30 15:44:49,1753.47,CLI0231
CRT00241,2026-03-03 12:02:51,5460.75,CLI0165
CRT03124,2026-07-26 13:09:41,2435.2200000000003,CLI0032
CRT02768,2026-07-05 23:16:20,63.16,CLI0028
CRT01260,2026-06-07 23:25:23,2780.4,CLI0112
CRT01043,2026-05-18 00:40:53,6300.06,CLI0285
CRT02858,2026-02-26 12:14:23,816.0600000000001,CLI0119
CRT02467,2026-05-04 02:27:29,1168.51,CLI0342
CRT01378,2026-02-28 03:08:54,1175.18,CLI0284
CRT01572,2026-02-17 12:47:56,588.9300000000001,CLI0103
CRT01175,2026-01-21 05:10:23,1388.09,CLI0354
CRT00035,2026-07-13 16:20:56,7907.530000000001,CLI0062
CRT00357,2026-07-17 13:39:06,4528.44,CLI0265
CRT00818,2026-03-01 09:19:46,2337.84,CLI0128
CRT03329,2026-05-23 08:49:28,3518.67,CLI0181
CRT03367,2026-01-17 19:22:27,2138.94,CLI0123
CRT00178,2026-01-06 01:45:22,109.82,CLI0335
CRT02083,2026-07-15 05:02:36,3768.34,CLI0068
CRT00174,2026-01-10 13:39:37,1971.79,CLI0406
CRT03198,2026-07-06 06:19:29,2604.96,CLI0200
CRT00169,2026-04-14 00:41:46,3432.18,CLI0416
CRT02372,2026-01-09 21:58:04,1454.7,CLI0091
CRT00712,2026-02-19 09:06:18,2195.74,CLI0093
CRT01705,2026-04-16 09:43:07,1758.78,CLI0105
CRT00068,2026-07-06 15:10:27,1685.0,CLI0138
CRT03181,2026-02-01 12:45:55,2378.36,CLI0241
CRT00258,2026-05-24 22:33:52,384.37,CLI0170
CRT01538,2026-03-24 11:30:46,4890.6900000000005,CLI0279
CRT00029,2026-06-25 17:17:16,2283.3,CLI0275
CRT02198,2026-05-07 13:09:38,594.27,CLI0239
CRT00766,2026-01-25 19:02:56,3534.1000000000004,CLI0057
CRT02937,2026-02-07 17:26:24,724.42,CLI0189
CRT03357,2026-01-13 23:36:56,2211.52,CLI0051
CRT00409,2026-03-14 22:33:21,3332.35,CLI0052
CRT01970,2026-01-17 12:17:47,1888.73,CLI0414
CRT02580,2026-06-04 18:56:07,2767.1000000000004,CLI0193
CRT02815,2026-05-05 00:15:05,3412.1900000000005,CLI0064
CRT01602,2026-06-22 17:54:01,986.5,CLI0007
CRT03176,2026-05-09 21:09:43,2975.1600000000003,CLI0228
CRT00589,2026-05-04 13:30:53,1328.84,CLI0022
CRT02311,2026-05-29 14:35:52,1669.84,CLI0138
CRT03175,2026-01-26 23:03:57,903.66,CLI0279
CRT00393,2026-01-02 20:51:07,18.58,CLI0022
CRT02557,2026-05-06 00:03:26,1398.9,CLI0087
CRT03405,2026-05-28 15:40:55,401.61,CLI0126
CRT02418,2026-02-04 11:54:35,1598.3100000000002,CLI0364
CRT01337,2026-07-20 10:57:58,3925.440000000001,CLI0424
CRT02481,2026-07-09 11:58:02,142.41,CLI0228
CRT03004,2026-05-28 07:59:08,2800.5,CLI0270
CRT01679,2026-05-27 14:38:14,68.25,CLI0153
CRT03456,2026-01-08 20:20:57,1222.68,CLI0237
CRT02021,2026-01-22 01:20:45,2498.31,CLI0155
CRT02572,2026-03-12 02:20:23,3265.63,CLI0064
CRT00970,2026-07-22 18:37:45,2827.1800000000003,CLI0373
CRT02501,2026-04-19 06:25:25,3021.09,CLI0126
CRT01258,2026-01-28 05:14:17,2393.08,CLI0252
CRT02435,2026-06-19 03:44:33,2601.9,CLI0329
CRT00362,2026-02-12 19:35:13,77.0,CLI0050
CRT01306,2026-03-20 03:32:32,1000.5,CLI0026
CRT02658,2026-04-19 17:14:12,606.56,CLI0173
CRT02504,2026-02-21 09:53:53,1889.21,CLI0326
CRT03424,2026-07-24 10:43:50,1555.75,CLI0034
CRT00868,2026-06-27 04:03:05,1669.5,CLI0176
CRT02171,2026-04-29 13:29:19,1563.9,CLI0064
CRT00196,2026-05-08 07:33:42,80.42,CLI0281
CRT03070,2026-05-31 01:21:43,648.6,CLI0245
CRT02035,2026-01-13 23:42:02,111.72,CLI0064
CRT02330,2026-05-09 18:40:12,4738.71,CLI0151
CRT03102,2026-01-22 15:02:38,1125.39,CLI0192
CRT02080,2026-05-25 16:28:13,1340.09,CLI0159
CRT01614,2026-03-11 23:26:28,3288.4,CLI0304
CRT01277,2026-01-15 23:01:13,232.2,CLI0206
CRT01748,2026-03-02 16:06:26,1639.6,CLI0274
CRT03385,2026-07-14 00:21:15,92.9,CLI0348
CRT03171,2026-01-23 03:46:46,5758.08,CLI0051
CRT00649,2026-04-16 06:05:30,3924.51,CLI0231
CRT03230,2026-04-18 13:39:45,282.76,CLI0352
CRT00839,2026-05-10 03:16:47,119.42,CLI0295
CRT00429,2026-05-10 22:59:48,2354.42,CLI0435
CRT01906,2026-07-26 09:39:03,1090.59,CLI0320
CRT02719,2026-05-17 16:11:56,1600.8,CLI0338
CRT01439,2026-06-24 19:42:46,846.93,CLI0214
CRT00534,2026-02-07 17:10:22,3919.22,CLI0422
CRT03277,2026-03-24 08:28:13,658.8900000000001,CLI0408
CRT02115,2026-03-20 14:49:42,3780.57,CLI0079
CRT02772,2026-04-01 17:03:48,2322.9500000000003,CLI0225
CRT00762,2026-05-15 18:06:54,3214.3,CLI0098
CRT00123,2026-05-02 13:03:08,659.16,CLI0402
CRT01324,2026-04-07 05:44:37,1007.68,CLI0314
CRT00094,2026-01-06 00:19:26,121.36,CLI0263
CRT03128,2026-03-06 23:08:40,3513.76,CLI0139
CRT02986,2026-07-02 02:46:49,153.58,CLI0416
CRT01390,2026-05-03 03:34:04,544.86,CLI0202
CRT01743,2026-07-09 01:59:26,2410.94,CLI0431
CRT02959,2026-02-05 17:29:30,2515.91,CLI0104
CRT02570,2026-02-12 02:54:20,1635.5,CLI0326
CRT03110,2026-04-29 03:24:15,1683.8000000000002,CLI0199
CRT02225,2026-01-17 03:42:26,597.68,CLI0222
CRT02342,2026-05-29 23:51:32,2302.76,CLI0208
CRT00252,2026-01-24 21:59:54,3104.1,CLI0001
CRT02314,2026-02-21 16:27:35,1304.4,CLI0113
CRT01004,2026-04-20 20:02:31,1687.1600000000003,CLI0389
CRT01099,2026-06-14 16:56:40,1671.64,CLI0351
CRT00937,2026-04-23 22:27:59,123.84,CLI0091
CRT01155,2026-04-09 13:07:03,4211.4800000000005,CLI0285
CRT01579,2026-01-04 19:15:15,2052.46,CLI0391
CRT00211,2026-03-26 13:01:01,1685.0299999999995,CLI0088
CRT02840,2026-05-03 10:32:20,2200.83,CLI0223
CRT00707,2026-03-21 18:08:45,1168.92,CLI0216
CRT02172,2026-04-24 00:20:27,1795.2,CLI0099
CRT01983,2026-01-27 06:04:55,2667.58,CLI0260
CRT02271,2026-04-13 06:42:29,2108.25,CLI0106
CRT00831,2026-06-17 21:55:44,1571.44,CLI0383
CRT00711,2026-05-20 17:07:03,1140.22,CLI0037
CRT01081,2026-02-22 19:45:10,2155.6800000000003,CLI0053
CRT02024,2026-05-19 10:20:14,1860.16,CLI0267
CRT00817,2026-04-04 21:11:44,1259.6,CLI0136
CRT01576,2026-05-09 22:19:01,1397.81,CLI0083
CRT00705,2026-02-08 00:32:10,1201.56,CLI0047
CRT03090,2026-01-18 10:11:55,699.7,CLI0083
CRT01124,2026-07-02 20:54:20,4552.56,CLI0379
CRT00386,2026-02-10 19:25:22,1344.2400000000002,CLI0243
CRT02942,2026-01-06 11:17:33,921.48,CLI0145
CRT02142,2026-06-08 10:31:52,565.52,CLI0425
CRT02639,2026-01-03 19:35:55,1491.9,CLI0203
CRT00905,2026-05-27 05:33:41,8695.25,CLI0124
CRT00944,2026-05-18 19:07:23,247.83,CLI0305
CRT01055,2026-03-19 07:52:09,2170.1800000000003,CLI0232
CRT03024,2026-04-17 05:27:03,1191.78,CLI0426
CRT00009,2026-01-23 10:43:27,91.92,CLI0219
CRT02471,2026-05-31 00:29:02,373.84,CLI0258
CRT02596,2026-06-13 11:43:49,1231.6,CLI0002
CRT00494,2026-02-15 17:19:33,3725.16,CLI0050
CRT01878,2026-07-13 15:23:02,3527.2,CLI0047
CRT00704,2026-01-03 08:28:34,3479.7,CLI0373
CRT02849,2026-02-16 06:52:09,1788.52,CLI0313
CRT02620,2026-07-23 12:07:00,516.88,CLI0047
CRT01947,2026-06-15 12:37:31,2316.6,CLI0319
CRT02036,2026-04-25 10:50:54,2708.6800000000003,CLI0064
CRT02512,2026-01-22 10:55:51,396.4,CLI0219
CRT01913,2026-04-28 14:44:56,646.1,CLI0245
CRT03355,2026-03-27 01:56:07,420.57,CLI0261
CRT02179,2026-06-30 22:03:53,609.5,CLI0361
CRT03276,2026-04-30 20:39:39,730.66,CLI0110
CRT01353,2026-02-15 05:45:15,86.2,CLI0276
CRT02240,2026-06-13 18:31:42,2212.3,CLI0065
CRT00825,2026-03-18 01:21:38,1695.65,CLI0329
CRT01456,2026-02-12 22:31:25,919.05,CLI0234
CRT00498,2026-06-18 04:44:42,2399.76,CLI0247
CRT00573,2026-03-22 15:00:57,1037.8,CLI0410
CRT00042,2026-07-06 02:26:23,1521.59,CLI0164
CRT02681,2026-04-12 17:47:25,1509.1,CLI0124
CRT01097,2026-07-25 17:02:57,3350.35,CLI0417
CRT01569,2026-03-19 00:22:26,2569.1600000000003,CLI0034
CRT02074,2026-01-13 11:06:38,2369.19,CLI0216
CRT01106,2026-01-29 12:47:44,1887.52,CLI0244
CRT00856,2026-04-04 12:40:53,2440.99,CLI0217
CRT01189,2026-02-12 01:17:10,1151.19,CLI0149
CRT02980,2026-03-27 21:49:52,550.66,CLI0272
CRT00606,2026-06-06 12:29:30,547.08,CLI0242
CRT03461,2026-06-08 19:46:47,685.12,CLI0066
CRT02931,2026-06-04 20:03:24,588.5999999999999,CLI0325
CRT01996,2026-06-11 08:56:11,1197.6,CLI0185
CRT02831,2026-05-07 04:38:23,704.48,CLI0282
CRT02416,2026-04-12 01:22:31,1704.04,CLI0100
CRT01649,2026-04-01 10:21:21,3028.6000000000004,CLI0347
CRT01844,2026-01-02 19:09:05,2403.1,CLI0299
CRT02281,2026-05-22 08:57:19,3018.0,CLI0174
CRT00768,2026-02-03 06:30:14,2448.9500000000003,CLI0428
CRT03148,2026-07-22 14:47:45,541.88,CLI0059
CRT02954,2026-01-22 09:44:42,339.13,CLI0395
CRT00724,2026-04-03 01:53:47,1075.0600000000002,CLI0102
CRT01693,2026-01-05 22:51:32,1548.61,CLI0093
CRT01899,2026-05-09 00:35:32,277.28,CLI0394
CRT01392,2026-05-23 00:27:08,4873.389999999999,CLI0043
CRT02101,2026-01-31 23:57:58,119.47,CLI0010
CRT01139,2026-02-22 11:31:37,76.57,CLI0101
CRT03283,2026-06-15 15:21:19,2713.5,CLI0294
CRT02890,2026-05-24 12:38:46,2339.33,CLI0389
CRT02998,2026-02-05 23:48:35,921.52,CLI0171
CRT02425,2026-01-05 22:05:59,908.58,CLI0430
CRT02571,2026-01-22 13:45:09,2679.21,CLI0151
CRT00059,2026-04-12 12:04:09,1260.75,CLI0020
CRT02877,2026-06-16 10:02:48,2212.3,CLI0122
CRT03104,2026-01-11 22:35:45,194.83,CLI0350
CRT03460,2026-05-12 13:35:04,570.42,CLI0298
CRT00014,2026-05-02 04:12:19,3469.12,CLI0042
CRT01958,2026-04-03 17:11:48,27.68,CLI0377
CRT00414,2026-05-26 13:16:14,639.1500000000001,CLI0290
CRT01945,2026-06-15 15:11:15,2754.7200000000003,CLI0138
CRT01246,2026-06-28 06:42:31,1226.5,CLI0057
CRT01571,2026-02-22 21:23:38,5084.2300000000005,CLI0309
CRT00950,2026-05-13 22:57:40,563.86,CLI0199
CRT01205,2026-07-20 08:35:58,946.02,CLI0134
CRT02091,2026-04-24 10:05:56,1019.41,CLI0344
CRT01033,2026-04-12 20:42:49,343.44,CLI0175
CRT00906,2026-03-21 22:02:26,369.86,CLI0219
CRT00598,2026-07-18 06:21:51,2483.95,CLI0352
CRT01094,2026-02-20 19:25:24,838.28,CLI0171
CRT02494,2026-06-12 05:09:10,115.19,CLI0027
CRT01137,2026-03-16 14:11:55,685.96,CLI0273
CRT01713,2026-02-21 05:48:07,4367.4400000000005,CLI0019
CRT01792,2026-07-20 09:41:31,2194.93,CLI0098
CRT02599,2026-04-24 08:30:12,1944.14,CLI0348
CRT03268,2026-01-30 06:33:00,700.1999999999999,CLI0016
CRT02085,2026-04-26 16:21:01,1869.42,CLI0390
CRT01007,2026-05-15 15:03:52,1499.38,CLI0169
CRT00347,2026-03-17 07:57:12,2146.55,CLI0185
CRT01197,2026-02-02 18:24:29,1823.43,CLI0043
CRT03451,2026-05-15 16:05:20,1241.72,CLI0071
CRT00280,2026-05-11 06:27:06,3425.94,CLI0248
CRT00040,2026-06-10 05:23:02,312.34,CLI0422
CRT03382,2026-05-02 15:34:48,1006.11,CLI0342
CRT01639,2026-02-12 17:53:39,472.26,CLI0362
CRT00440,2026-03-03 22:21:22,1883.1,CLI0340
CRT01224,2026-05-17 23:12:28,520.38,CLI0050
CRT02783,2026-02-04 17:27:49,316.62,CLI0375
CRT02523,2026-04-14 15:08:22,1797.98,CLI0252
CRT01022,2026-04-30 22:46:20,266.84,CLI0013
CRT00301,2026-07-01 15:11:59,3829.63,CLI0342
CRT00898,2026-04-10 01:04:22,316.62,CLI0132
CRT01228,2026-06-17 21:16:09,1207.4500000000005,CLI0131
CRT00082,2026-04-12 23:08:04,1207.74,CLI0259
CRT01908,2026-01-21 21:59:34,2414.56,CLI0095
CRT02284,2026-06-23 04:59:48,2846.83,CLI0011
CRT02071,2026-03-19 10:42:12,1327.8,CLI0192
CRT02175,2026-01-24 22:20:05,1964.3,CLI0099
CRT00642,2026-01-19 02:52:49,1798.8,CLI0208
CRT00348,2026-06-08 19:18:53,298.84,CLI0386
CRT01666,2026-06-28 17:06:04,1046.64,CLI0011
CRT01616,2026-06-04 14:43:31,2713.04,CLI0342
CRT02291,2026-02-06 04:45:43,1182.36,CLI0061
CRT01916,2026-06-07 13:08:01,274.4,CLI0317
CRT00240,2026-01-20 17:54:01,1688.39,CLI0085
CRT02999,2026-04-09 15:14:34,1280.75,CLI0126
CRT00945,2026-06-30 01:24:07,403.1,CLI0329
CRT03397,2026-04-01 10:57:50,668.88,CLI0007
CRT02423,2026-05-01 10:09:47,2054.9700000000003,CLI0072
CRT00460,2026-03-30 17:43:33,972.5,CLI0419
CRT03180,2026-01-30 07:07:12,2525.0,CLI0196
CRT02749,2026-03-11 05:19:39,565.56,CLI0399
CRT01610,2026-06-02 14:43:10,1855.91,CLI0103
CRT02784,2026-05-12 19:23:03,862.0,CLI0255
CRT03185,2026-03-14 09:44:36,3166.2,CLI0260
CRT02226,2026-01-15 20:21:43,112.23,CLI0347
CRT00713,2026-04-08 00:27:33,495.5,CLI0419
CRT01563,2026-01-05 17:37:52,68.25,CLI0040
CRT01206,2026-02-16 19:12:05,1602.9900000000002,CLI0249
CRT03313,2026-05-18 00:10:47,38.5,CLI0418
CRT03408,2026-03-12 22:49:27,617.5,CLI0056
CRT03441,2026-03-21 06:18:35,602.44,CLI0306
CRT01082,2026-05-21 11:35:44,1214.5,CLI0180
CRT01113,2026-07-22 10:59:59,196.2,CLI0037
CRT02956,2026-07-22 00:20:31,1729.14,CLI0007
CRT03317,2026-03-26 22:18:34,665.28,CLI0136
CRT00899,2026-03-13 08:12:47,2240.9,CLI0285
CRT02804,2026-02-25 11:05:53,1260.75,CLI0202
CRT00308,2026-06-24 09:07:21,55.36,CLI0147
CRT02348,2026-07-21 20:07:12,173.46,CLI0301
CRT02710,2026-02-02 20:56:17,2722.86,CLI0021
CRT00514,2026-04-03 03:52:50,1030.32,CLI0210
CRT02054,2026-05-31 20:21:05,5797.610000000001,CLI0207
CRT03061,2026-03-21 00:18:31,1409.3000000000002,CLI0048
CRT00840,2026-04-21 10:33:02,85.85,CLI0114
CRT02082,2026-07-04 22:03:11,1695.65,CLI0244
CRT02073,2026-07-20 21:28:03,1304.4,CLI0073
CRT02667,2026-02-05 16:05:18,2606.5,CLI0296
CRT03095,2026-04-24 23:40:35,2922.3,CLI0391
CRT03036,2026-07-02 09:23:43,770.97,CLI0284
CRT02654,2026-02-15 17:44:58,2892.84,CLI0398
CRT01922,2026-05-04 23:36:56,1424.88,CLI0108
CRT00692,2026-06-27 09:53:53,937.0,CLI0414
CRT00988,2026-03-04 19:55:41,277.25,CLI0004
CRT00164,2026-04-27 18:56:35,1759.8,CLI0149
CRT00981,2026-06-09 09:12:55,663.7,CLI0002
CRT02707,2026-06-27 06:33:04,482.74,CLI0307
CRT01751,2026-07-13 08:34:22,324.15,CLI0422
CRT01861,2026-07-24 02:01:19,13.52,CLI0166
CRT01856,2026-01-12 23:53:25,1782.0,CLI0169
CRT03303,2026-03-22 17:58:45,1028.94,CLI0397
CRT00203,2026-06-14 08:24:58,1077.65,CLI0132
CRT02977,2026-01-31 13:07:30,967.2,CLI0171
CRT00631,2026-03-31 22:02:54,956.85,CLI0063
CRT00423,2026-05-22 03:57:44,1133.64,CLI0250
CRT02925,2026-01-03 12:56:33,1363.6,CLI0418
CRT02823,2026-04-22 00:12:41,1007.68,CLI0383
CRT03444,2026-07-16 07:15:49,1007.68,CLI0350
CRT00646,2026-06-15 14:23:53,2008.3,CLI0310
CRT00116,2026-05-08 10:45:45,1821.33,CLI0336
CRT02739,2026-06-18 23:35:04,1155.68,CLI0289
CRT03015,2026-06-28 05:12:33,1713.8,CLI0061
CRT02256,2026-03-30 07:06:52,1606.08,CLI0217
CRT01522,2026-04-03 21:09:21,314.84,CLI0382
CRT00594,2026-05-28 04:40:09,293.34,CLI0385
CRT02889,2026-07-02 09:11:39,565.56,CLI0282
CRT01048,2026-06-10 19:27:08,1210.8,CLI0193
CRT02164,2026-07-21 23:37:58,1870.96,CLI0042
