trsx_id,client_id,cart_id,product_id,date,amount,price,products_price,cart_price
TRX000001,CLI0349,CRT00519,PRD0152,2026-04-12 07:24:58,10,336.37,3363.7,4507.13
TRX000002,CLI0335,CRT00992,PRD0050,2026-03-31 01:20:13,5,164.79,823.9499999999999,1606.03
TRX000003,CLI0246,CRT00421,PRD0176,2026-04-29 16:12:53,8,288.19,2305.52,6573.8
TRX000004,CLI0249,CRT01364,PRD0059,2026-01-14 15:52:09,2,252.15,504.3,5839.25
TRX000005,CLI0057,CRT02032,PRD0050,2026-07-07 02:10:57,6,164.79,988.74,988.74
TRX000006,CLI0418,CRT00120,PRD0184,2026-02-18 12:29:39,6,85.85,515.0999999999999,1793.4
TRX000007,CLI0392,CRT02277,PRD0119,2026-04-03 01:35:54,4,332.64,1330.56,5102.299999999999
TRX000008,CLI0261,CRT02301,PRD0027,2026-05-30 17:48:12,5,209.57,1047.85,3114.98
TRX000009,CLI0268,CRT01556,PRD0163,2026-07-15 12:27:12,8,278.04,2224.32,3991.82
TRX000010,CLI0398,CRT03179,PRD0006,2026-04-27 20:04:57,5,207.27,1036.3500000000001,4591.84
TRX000011,CLI0327,CRT01242,PRD0113,2026-02-01 04:22:05,6,310.43,1862.58,2870.76
TRX000012,CLI0233,CRT00488,PRD0149,2026-06-02 21:30:10,1,344.39,344.39,2829.07
TRX000013,CLI0161,CRT03089,PRD0200,2026-02-13 10:45:45,3,144.4,433.20000000000005,4585.99
TRX000014,CLI0347,CRT01605,PRD0047,2026-01-22 04:20:26,5,327.59,1637.9499999999998,4535.86
TRX000015,CLI0366,CRT00032,PRD0026,2026-01-09 18:16:51,1,238.97,238.97,2775.53
TRX000016,CLI0372,CRT00555,PRD0194,2026-05-24 21:13:26,6,311.57,1869.42,3247.4
TRX000017,CLI0225,CRT01753,PRD0054,2026-06-11 11:32:53,4,301.82,1207.28,2422.2
TRX000018,CLI0029,CRT03014,PRD0055,2026-07-11 05:01:01,8,349.75,2798.0,5123.43
TRX000019,CLI0331,CRT00738,PRD0033,2026-02-09 19:31:40,8,267.47,2139.76,4736.43
TRX000020,CLI0155,CRT03159,PRD0116,2026-03-20 18:16:49,3,281.93,845.79,4599.93
TRX000021,CLI0434,CRT01838,PRD0089,2026-07-04 05:23:25,10,57.82,578.2,1665.2
TRX000022,CLI0422,CRT01796,PRD0067,2026-03-14 06:53:40,1,327.31,327.31,1882.61
TRX000023,CLI0231,CRT00611,PRD0120,2026-02-16 20:48:15,9,291.12,2620.08,4147.82
TRX000024,CLI0411,CRT00530,PRD0063,2026-05-21 22:21:21,5,30.34,151.7,3303.33
TRX000025,CLI0391,CRT02296,PRD0175,2026-06-07 21:23:01,9,120.9,1088.1000000000001,2201.19
TRX000026,CLI0117,CRT01972,PRD0121,2026-01-31 20:27:40,10,301.87,3018.7,13128.26
TRX000027,CLI0187,CRT01609,PRD0027,2026-02-20 12:19:45,7,209.57,1466.99,3642.2299999999996
TRX000028,CLI0186,CRT03006,PRD0012,2026-01-01 07:24:04,6,69.32,415.91999999999996,4161.92
TRX000029,CLI0009,CRT00491,PRD0029,2026-02-21 19:01:52,4,95.22,380.88,7208.9
TRX000030,CLI0046,CRT02748,PRD0194,2026-04-03 12:08:34,10,311.57,3115.7,4406.719999999999
TRX000031,CLI0199,CRT02305,PRD0081,2026-07-12 23:29:10,5,151.12,755.6,3887.46
TRX000032,CLI0153,CRT03233,PRD0016,2026-01-03 06:30:19,6,223.15,1338.9,3633.4700000000003
TRX000033,CLI0435,CRT00239,PRD0092,2026-05-01 18:03:10,1,10.72,10.72,1373.21
TRX000034,CLI0048,CRT02938,PRD0118,2026-05-07 06:36:31,4,163.96,655.84,895.36
TRX000035,CLI0361,CRT01694,PRD0056,2026-05-13 06:47:30,8,143.73,1149.84,2630.7799999999997
TRX000036,CLI0318,CRT03369,PRD0014,2026-06-29 14:43:46,6,99.1,594.5999999999999,3563.2999999999997
TRX000037,CLI0166,CRT02121,PRD0003,2026-03-08 13:40:19,5,149.12,745.6,745.6
TRX000038,CLI0102,CRT00632,PRD0037,2026-05-28 20:58:03,9,171.38,1542.42,1704.5700000000002
TRX000039,CLI0122,CRT02480,PRD0155,2026-07-05 21:46:30,1,289.44,289.44,1321.32
TRX000040,CLI0134,CRT01775,PRD0054,2026-02-14 21:35:28,8,301.82,2414.56,5414.35
TRX000041,CLI0256,CRT02307,PRD0019,2026-05-13 16:54:12,9,13.65,122.85000000000001,243.55
TRX000042,CLI0068,CRT00908,PRD0041,2026-02-22 23:45:20,1,228.33,228.33,3554.94
TRX000043,CLI0421,CRT02443,PRD0090,2026-02-19 02:18:00,6,15.96,95.76,402.03999999999996
TRX000044,CLI0365,CRT02061,PRD0125,2026-04-28 04:42:38,4,54.91,219.64,2974.2
TRX000045,CLI0431,CRT02033,PRD0160,2026-04-06 09:27:26,9,246.16,2215.44,4502.76
TRX000046,CLI0054,CRT02046,PRD0118,2026-03-25 18:48:12,4,163.96,655.84,3181.71
TRX000047,CLI0106,CRT02905,PRD0037,2026-02-17 00:07:51,4,171.38,685.52,9444.0
TRX000048,CLI0314,CRT00237,PRD0090,2026-01-14 00:25:26,9,15.96,143.64000000000001,1314.89
TRX000049,CLI0004,CRT00104,PRD0141,2026-05-11 13:37:31,6,13.28,79.67999999999999,3420.6499999999996
TRX000050,CLI0103,CRT02566,PRD0020,2026-01-16 06:39:10,7,75.82,530.74,1689.65
TRX000051,CLI0110,CRT00811,PRD0075,2026-03-22 00:47:24,10,38.5,385.0,3751.6800000000003
TRX000052,CLI0039,CRT02329,PRD0145,2026-04-02 03:00:02,4,40.06,160.24,4693.49
TRX000053,CLI0199,CRT01749,PRD0026,2026-01-03 14:18:28,3,238.97,716.91,4692.539999999999
TRX000054,CLI0189,CRT02378,PRD0085,2026-05-13 00:24:07,10,239.52,2395.2000000000003,2548.26
TRX000055,CLI0047,CRT01133,PRD0191,2026-02-25 05:03:28,2,288.92,577.84,1942.77
TRX000056,CLI0110,CRT00811,PRD0095,2026-03-22 00:47:24,4,42.58,170.32,3751.6800000000003
TRX000057,CLI0402,CRT02702,PRD0031,2026-05-16 17:47:16,7,267.28,1870.9599999999998,3478.1099999999997
TRX000058,CLI0293,CRT03211,PRD0171,2026-04-08 00:55:14,10,127.91,1279.1,1492.1499999999999
TRX000059,CLI0358,CRT02785,PRD0126,2026-02-01 14:45:45,7,146.67,1026.6899999999998,3739.7299999999996
TRX000060,CLI0020,CRT00370,PRD0080,2026-01-23 02:40:00,5,342.98,1714.9,3683.1400000000003
TRX000061,CLI0311,CRT03083,PRD0077,2026-01-20 05:32:55,9,75.69,681.21,7032.67
TRX000062,CLI0257,CRT02549,PRD0180,2026-05-17 23:58:29,1,217.4,217.4,4011.09
TRX000063,CLI0058,CRT01345,PRD0029,2026-07-23 05:25:58,5,95.22,476.1,11416.449999999999
TRX000064,CLI0100,CRT03407,PRD0006,2026-04-07 23:15:20,1,207.27,207.27,2278.23
TRX000065,CLI0321,CRT03229,PRD0125,2026-01-20 07:39:23,8,54.91,439.28,4893.34
TRX000066,CLI0354,CRT00217,PRD0025,2026-05-03 15:21:18,4,265.13,1060.52,1489.05
TRX000067,CLI0023,CRT00877,PRD0162,2026-03-07 06:12:04,8,195.42,1563.36,5202.07
TRX000068,CLI0182,CRT00131,PRD0046,2026-02-27 11:10:50,4,234.97,939.88,5778.679999999999
TRX000069,CLI0224,CRT02625,PRD0001,2026-07-26 08:29:47,1,260.19,260.19,4957.65
TRX000070,CLI0053,CRT01546,PRD0119,2026-02-25 05:37:37,5,332.64,1663.1999999999998,4436.5
TRX000071,CLI0113,CRT01311,PRD0132,2026-01-17 07:22:40,2,153.95,307.9,4778.89
TRX000072,CLI0222,CRT02210,PRD0176,2026-07-26 00:52:28,6,288.19,1729.1399999999999,5436.57
TRX000073,CLI0004,CRT00104,PRD0181,2026-05-11 13:37:31,1,318.21,318.21,3420.6499999999996
TRX000074,CLI0187,CRT00610,PRD0064,2026-04-13 10:10:51,7,237.14,1659.98,3521.2799999999997
TRX000075,CLI0345,CRT00377,PRD0028,2026-01-31 19:28:21,4,301.62,1206.48,3787.41
TRX000076,CLI0434,CRT01574,PRD0013,2026-07-11 10:05:56,3,103.06,309.18,4339.02
TRX000077,CLI0309,CRT00467,PRD0034,2026-07-03 04:18:29,5,115.14,575.7,1497.22
TRX000078,CLI0006,CRT02231,PRD0022,2026-04-27 13:58:41,1,51.02,51.02,6952.62
TRX000079,CLI0230,CRT01948,PRD0071,2026-06-28 15:52:57,6,76.57,459.41999999999996,575.06
TRX000080,CLI0203,CRT00686,PRD0047,2026-03-05 05:56:40,2,327.59,655.18,6281.889999999999
TRX000081,CLI0043,CRT01719,PRD0067,2026-03-22 21:54:12,1,327.31,327.31,1322.8600000000001
TRX000082,CLI0150,CRT02376,PRD0002,2026-06-18 19:05:33,3,38.12,114.35999999999999,584.63
TRX000083,CLI0092,CRT00790,PRD0019,2026-05-23 20:19:16,7,13.65,95.55,5078.87
TRX000084,CLI0024,CRT02598,PRD0042,2026-07-26 11:51:07,6,88.65,531.9000000000001,7802.360000000001
TRX000085,CLI0015,CRT01520,PRD0155,2026-01-31 10:05:35,9,289.44,2604.96,6637.59
TRX000086,CLI0202,CRT01850,PRD0021,2026-04-06 21:29:36,4,175.98,703.92,6018.05
TRX000087,CLI0065,CRT02766,PRD0128,2026-02-06 13:47:30,9,9.29,83.60999999999999,453.96
TRX000088,CLI0346,CRT00302,PRD0060,2026-07-11 19:26:19,8,339.13,2713.04,5960.91
TRX000089,CLI0305,CRT00085,PRD0134,2026-04-25 06:27:56,10,343.3,3433.0,4351.87
TRX000090,CLI0207,CRT03360,PRD0010,2026-02-15 21:37:43,7,162.15,1135.05,4822.4
TRX000091,CLI0316,CRT00337,PRD0171,2026-06-19 10:57:52,4,127.91,511.64,856.06
TRX000092,CLI0133,CRT00117,PRD0098,2026-04-18 14:43:51,4,136.36,545.44,2515.8
TRX000093,CLI0259,CRT00492,PRD0119,2026-06-25 15:17:03,5,332.64,1663.1999999999998,4389.3099999999995
TRX000094,CLI0196,CRT00019,PRD0128,2026-04-05 06:47:35,7,9.29,65.03,65.03
TRX000095,CLI0106,CRT02711,PRD0053,2026-06-17 05:52:10,8,99.29,794.32,794.32
TRX000096,CLI0435,CRT01990,PRD0122,2026-02-21 15:59:14,5,224.09,1120.45,3146.5299999999997
TRX000097,CLI0381,CRT03026,PRD0026,2026-02-05 19:12:13,7,238.97,1672.79,5467.59
TRX000098,CLI0243,CRT01193,PRD0139,2026-05-29 06:09:21,5,30.96,154.8,5101.74
TRX000099,CLI0142,CRT02389,PRD0051,2026-02-21 00:16:15,7,142.41,996.87,5076.860000000001
TRX000100,CLI0221,CRT03353,PRD0027,2026-02-24 05:29:02,7,209.57,1466.99,5906.83
TRX000101,CLI0257,CRT02549,PRD0195,2026-05-17 23:58:29,1,11.49,11.49,4011.09
TRX000102,CLI0349,CRT01849,PRD0101,2026-06-24 04:26:29,4,26.82,107.28,1493.91
TRX000103,CLI0277,CRT00666,PRD0048,2026-03-11 19:58:18,4,275.16,1100.64,1100.64
TRX000104,CLI0167,CRT00727,PRD0164,2026-01-04 06:05:36,3,242.9,728.7,3778.1400000000003
TRX000105,CLI0024,CRT02897,PRD0126,2026-05-25 02:12:48,8,146.67,1173.36,6129.58
TRX000106,CLI0225,CRT01753,PRD0136,2026-06-11 11:32:53,4,303.73,1214.92,2422.2
TRX000107,CLI0339,CRT01248,PRD0141,2026-01-20 23:15:26,10,13.28,132.79999999999998,132.79999999999998
TRX000108,CLI0231,CRT03150,PRD0108,2026-02-02 23:05:38,10,166.93,1669.3000000000002,7782.700000000001
TRX000109,CLI0404,CRT02987,PRD0022,2026-01-01 05:24:42,8,51.02,408.16,2551.2500000000005
TRX000110,CLI0238,CRT02806,PRD0037,2026-06-08 17:46:38,5,171.38,856.9,856.9
TRX000111,CLI0307,CRT01537,PRD0186,2026-07-12 06:05:06,2,13.84,27.68,4976.74
TRX000112,CLI0099,CRT02190,PRD0002,2026-06-23 00:50:30,6,38.12,228.71999999999997,2991.08
TRX000113,CLI0023,CRT03059,PRD0155,2026-05-25 17:36:53,10,289.44,2894.4,7255.530000000001
TRX000114,CLI0147,CRT01993,PRD0097,2026-05-10 06:14:07,3,275.78,827.3399999999999,7464.969999999999
TRX000115,CLI0390,CRT00446,PRD0009,2026-05-05 08:26:15,1,297.0,297.0,4936.29
TRX000116,CLI0364,CRT01811,PRD0099,2026-07-11 01:39:25,10,248.8,2488.0,5520.79
TRX000117,CLI0196,CRT00354,PRD0077,2026-07-23 04:07:40,5,75.69,378.45,2552.44
TRX000118,CLI0159,CRT01746,PRD0115,2026-06-13 13:12:40,2,301.5,603.0,2008.5
TRX000119,CLI0281,CRT00181,PRD0193,2026-03-06 17:16:20,1,190.14,190.14,190.14
TRX000120,CLI0292,CRT01892,PRD0177,2026-01-13 20:03:39,2,221.23,442.46,7003.71
TRX000121,CLI0128,CRT00079,PRD0152,2026-01-09 16:37:07,1,336.37,336.37,2177.8500000000004
TRX000122,CLI0381,CRT02875,PRD0118,2026-07-19 21:26:29,3,163.96,491.88,1518.5699999999997
TRX000123,CLI0133,CRT01015,PRD0198,2026-05-15 20:56:25,8,156.17,1249.36,4780.96
TRX000124,CLI0380,CRT02899,PRD0086,2026-04-12 18:01:24,7,197.06,1379.42,5355.9
TRX000125,CLI0192,CRT01367,PRD0020,2026-02-04 16:39:56,1,75.82,75.82,2226.91
TRX000126,CLI0196,CRT01253,PRD0175,2026-04-10 12:06:41,8,120.9,967.2,967.2
TRX000127,CLI0109,CRT03054,PRD0189,2026-06-02 00:23:58,9,80.62,725.58,2009.79
TRX000128,CLI0266,CRT00553,PRD0034,2026-01-04 02:29:53,2,115.14,230.28,3048.8800000000006
TRX000129,CLI0314,CRT01009,PRD0094,2026-01-15 03:58:46,10,179.52,1795.2,2986.76
TRX000130,CLI0377,CRT01871,PRD0109,2026-07-26 11:17:25,6,181.62,1089.72,3073.17
TRX000131,CLI0044,CRT00845,PRD0058,2026-04-13 18:16:14,2,275.33,550.66,9234.060000000001
TRX000132,CLI0318,CRT01813,PRD0087,2026-04-08 11:00:50,7,302.95,2120.65,7343.65
TRX000133,CLI0217,CRT02140,PRD0012,2026-05-23 16:26:50,5,69.32,346.59999999999997,3556.8
TRX000134,CLI0316,CRT01093,PRD0104,2026-04-02 11:22:32,9,46.73,420.57,1871.46
TRX000135,CLI0016,CRT02166,PRD0128,2026-06-21 16:12:30,5,9.29,46.449999999999996,5209.160000000001
TRX000136,CLI0003,CRT01911,PRD0158,2026-04-12 04:14:53,10,12.47,124.7,6046.98
TRX000137,CLI0110,CRT03122,PRD0072,2026-03-23 20:41:15,8,308.05,2464.4,3746.95
TRX000138,CLI0290,CRT02040,PRD0106,2026-07-02 22:51:19,8,102.2,817.6,7405.13
TRX000139,CLI0270,CRT03280,PRD0039,2026-02-25 03:44:49,10,305.67,3056.7000000000003,9199.67
TRX000140,CLI0291,CRT03448,PRD0148,2026-06-10 16:47:24,8,270.94,2167.52,5795.6
TRX000141,CLI0234,CRT02287,PRD0035,2026-03-03 13:27:29,4,344.9,1379.6,2320.12
TRX000142,CLI0030,CRT00113,PRD0155,2026-07-26 21:50:47,9,289.44,2604.96,2604.96
TRX000143,CLI0342,CRT01475,PRD0140,2026-02-07 20:34:46,4,80.42,321.68,5184.56
TRX000144,CLI0053,CRT00702,PRD0143,2026-03-14 09:48:03,4,331.85,1327.4,5118.71
TRX000145,CLI0205,CRT03109,PRD0096,2026-01-19 08:07:15,1,15.79,15.79,895.2
TRX000146,CLI0219,CRT00208,PRD0081,2026-07-09 04:13:11,7,151.12,1057.8400000000001,3097.87
TRX000147,CLI0198,CRT00715,PRD0035,2026-07-17 16:07:39,2,344.9,689.8,14078.150000000001
TRX000148,CLI0219,CRT02859,PRD0148,2026-05-03 02:14:01,5,270.94,1354.7,2773.17
TRX000149,CLI0244,CRT01154,PRD0054,2026-02-05 06:51:11,5,301.82,1509.1,1993.6999999999998
TRX000150,CLI0424,CRT02651,PRD0097,2026-07-03 07:40:05,4,275.78,1103.12,5315.2
TRX000151,CLI0285,CRT03194,PRD0132,2026-04-11 07:00:52,6,153.95,923.6999999999999,3926.25
TRX000152,CLI0058,CRT00219,PRD0156,2026-02-03 02:08:06,8,87.81,702.48,1540.76
TRX000153,CLI0308,CRT01728,PRD0073,2026-02-01 11:24:39,6,292.23,1753.38,2396.7400000000002
TRX000154,CLI0275,CRT02820,PRD0185,2026-03-10 03:57:26,5,144.46,722.3000000000001,5193.75
TRX000155,CLI0175,CRT01974,PRD0173,2026-07-20 12:56:02,8,330.57,2644.56,5834.96
TRX000156,CLI0043,CRT02136,PRD0128,2026-06-12 18:13:12,9,9.29,83.60999999999999,2297.04
TRX000157,CLI0210,CRT02923,PRD0064,2026-06-06 10:44:12,10,237.14,2371.3999999999996,6692.299999999999
TRX000158,CLI0216,CRT02827,PRD0075,2026-07-10 12:03:32,4,38.5,154.0,2396.14
TRX000159,CLI0339,CRT01211,PRD0158,2026-04-23 23:12:48,6,12.47,74.82000000000001,3345.7
TRX000160,CLI0162,CRT00248,PRD0079,2026-01-31 18:06:31,1,98.65,98.65,409.08000000000004
TRX000161,CLI0083,CRT01457,PRD0112,2026-07-02 19:29:25,6,344.42,2066.52,2856.81
TRX000162,CLI0170,CRT02588,PRD0035,2026-07-26 03:38:50,3,344.9,1034.6999999999998,1034.6999999999998
TRX000163,CLI0102,CRT03253,PRD0174,2026-06-25 10:14:02,7,6.76,47.32,219.72
TRX000164,CLI0080,CRT03107,PRD0002,2026-01-27 10:34:57,1,38.12,38.12,681.44
TRX000165,CLI0255,CRT01676,PRD0022,2026-06-12 02:44:32,3,51.02,153.06,6865.97
TRX000166,CLI0297,CRT00454,PRD0037,2026-05-20 20:45:32,8,171.38,1371.04,3178.36
TRX000167,CLI0326,CRT02532,PRD0146,2026-06-26 13:24:18,1,318.04,318.04,2748.51
TRX000168,CLI0397,CRT00365,PRD0133,2026-02-24 15:26:41,7,238.5,1669.5,3571.48
TRX000169,CLI0402,CRT01739,PRD0128,2026-02-07 13:12:58,9,9.29,83.60999999999999,3735.5
TRX000170,CLI0128,CRT00789,PRD0034,2026-05-26 22:46:02,8,115.14,921.12,1814.73
TRX000171,CLI0334,CRT01226,PRD0177,2026-03-11 12:11:44,6,221.23,1327.3799999999999,2940.92
TRX000172,CLI0173,CRT01672,PRD0060,2026-05-08 18:18:18,7,339.13,2373.91,3627.3999999999996
TRX000173,CLI0323,CRT02736,PRD0035,2026-07-07 09:48:30,8,344.9,2759.2,5066.139999999999
TRX000174,CLI0052,CRT03068,PRD0083,2026-05-09 05:28:05,1,194.5,194.5,5104.16
TRX000175,CLI0274,CRT00798,PRD0118,2026-06-03 16:07:46,8,163.96,1311.68,8458.74
TRX000176,CLI0319,CRT03260,PRD0051,2026-01-28 22:06:39,2,142.41,284.82,3846.9900000000002
TRX000177,CLI0138,CRT00093,PRD0037,2026-06-16 14:54:34,9,171.38,1542.42,4103.11
TRX000178,CLI0325,CRT02737,PRD0003,2026-06-28 23:30:16,2,149.12,298.24,4015.8
TRX000179,CLI0367,CRT00687,PRD0171,2026-07-08 23:31:11,3,127.91,383.73,5358.27
TRX000180,CLI0248,CRT02129,PRD0034,2026-01-08 14:50:11,10,115.14,1151.4,1438.3000000000002
TRX000181,CLI0304,CRT01328,PRD0033,2026-03-14 15:09:15,3,267.47,802.4100000000001,6589.6
TRX000182,CLI0169,CRT02393,PRD0185,2026-05-26 17:52:30,4,144.46,577.84,4404.73
TRX000183,CLI0160,CRT00064,PRD0018,2026-03-13 17:53:57,7,115.19,806.3299999999999,5564.969999999999
TRX000184,CLI0412,CRT01688,PRD0114,2026-03-18 15:45:42,2,141.38,282.76,2574.37
TRX000185,CLI0264,CRT01355,PRD0036,2026-01-30 02:34:47,4,86.2,344.8,3717.31
TRX000186,CLI0085,CRT01321,PRD0003,2026-04-23 08:52:14,10,149.12,1491.2,1491.2
TRX000187,CLI0187,CRT00439,PRD0003,2026-05-09 00:23:08,2,149.12,298.24,3392.7799999999997
TRX000188,CLI0109,CRT02455,PRD0141,2026-04-28 08:00:48,3,13.28,39.839999999999996,3763.45
TRX000189,CLI0224,CRT01924,PRD0084,2026-06-10 19:36:33,4,129.22,516.88,3064.81
TRX000190,CLI0129,CRT00405,PRD0035,2026-01-26 07:11:15,8,344.9,2759.2,7149.48
TRX000191,CLI0356,CRT00413,PRD0139,2026-05-30 05:32:54,8,30.96,247.68,10655.130000000001
TRX000192,CLI0134,CRT02155,PRD0008,2026-07-12 16:28:58,5,119.47,597.35,2286.09
TRX000193,CLI0425,CRT03163,PRD0082,2026-05-19 15:30:16,6,316.62,1899.72,3835.14
TRX000194,CLI0173,CRT01232,PRD0001,2026-06-23 06:33:02,10,260.19,2601.9,7112.280000000001
TRX000195,CLI0008,CRT01201,PRD0184,2026-07-09 04:03:41,10,85.85,858.5,7110.4800000000005
TRX000196,CLI0399,CRT03214,PRD0179,2026-04-02 06:47:32,9,196.43,1767.8700000000001,5722.75
TRX000197,CLI0269,CRT00834,PRD0166,2026-01-11 11:37:33,5,124.75,623.75,3647.96
TRX000198,CLI0425,CRT00322,PRD0011,2026-02-27 23:04:31,2,104.38,208.76,2179.7599999999998
TRX000199,CLI0089,CRT00036,PRD0117,2026-02-12 07:42:52,4,196.2,784.8,3029.45
TRX000200,CLI0176,CRT01446,PRD0087,2026-06-17 23:31:19,4,302.95,1211.8,3220.15
TRX000201,CLI0098,CRT02634,PRD0038,2026-04-10 15:25:35,8,231.76,1854.08,8540.71
TRX000202,CLI0017,CRT02828,PRD0096,2026-02-11 07:14:42,7,15.79,110.53,1138.81
TRX000203,CLI0289,CRT01877,PRD0058,2026-06-03 15:24:12,9,275.33,2477.97,4089.46
TRX000204,CLI0197,CRT00161,PRD0008,2026-05-09 21:25:58,8,119.47,955.76,4307.42
TRX000205,CLI0030,CRT02807,PRD0144,2026-04-02 00:12:52,1,213.05,213.05,1930.44
TRX000206,CLI0017,CRT03057,PRD0123,2026-03-03 09:48:00,6,85.64,513.84,2575.36
TRX000207,CLI0356,CRT00875,PRD0010,2026-06-28 00:40:10,9,162.15,1459.3500000000001,4276.45
TRX000208,CLI0428,CRT00200,PRD0153,2026-05-27 17:59:23,1,63.71,63.71,753.3100000000001
TRX000209,CLI0344,CRT00199,PRD0115,2026-01-23 04:01:14,8,301.5,2412.0,4856.1900000000005
TRX000210,CLI0100,CRT01535,PRD0050,2026-07-16 22:51:57,10,164.79,1647.8999999999999,5692.41
TRX000211,CLI0286,CRT00990,PRD0153,2026-02-23 01:46:51,2,63.71,127.42,2803.0200000000004
TRX000212,CLI0241,CRT01100,PRD0108,2026-03-01 08:08:53,1,166.93,166.93,10853.04
TRX000213,CLI0093,CRT02109,PRD0036,2026-04-17 00:52:33,7,86.2,603.4,2979.4
TRX000214,CLI0163,CRT03117,PRD0033,2026-03-29 22:00:15,6,267.47,1604.8200000000002,8988.16
TRX000215,CLI0380,CRT03494,PRD0168,2026-06-29 19:54:14,2,260.65,521.3,1937.06
TRX000216,CLI0090,CRT00455,PRD0019,2026-04-07 23:47:58,1,13.65,13.65,1582.18
TRX000217,CLI0355,CRT01393,PRD0190,2026-07-07 14:48:16,7,23.22,162.54,8173.58
TRX000218,CLI0108,CRT02302,PRD0045,2026-07-06 02:57:50,5,301.22,1506.1000000000001,2848.6800000000003
TRX000219,CLI0127,CRT02299,PRD0171,2026-01-14 22:55:04,1,127.91,127.91,2036.29
TRX000220,CLI0055,CRT00268,PRD0139,2026-03-07 22:14:25,8,30.96,247.68,2486.11
TRX000221,CLI0163,CRT03285,PRD0084,2026-03-23 07:12:51,1,129.22,129.22,1038.07
TRX000222,CLI0373,CRT00721,PRD0005,2026-01-11 20:00:34,8,228.33,1826.64,2512.25
TRX000223,CLI0300,CRT02469,PRD0106,2026-04-25 13:55:18,9,102.2,919.8000000000001,919.8000000000001
TRX000224,CLI0102,CRT02847,PRD0093,2026-05-02 03:45:08,4,302.86,1211.44,8043.56
TRX000225,CLI0401,CRT03142,PRD0132,2026-06-02 07:13:45,9,153.95,1385.55,3580.9700000000003
TRX000226,CLI0186,CRT03006,PRD0065,2026-01-01 07:24:04,5,88.06,440.3,4161.92
TRX000227,CLI0246,CRT01553,PRD0057,2026-03-31 11:20:38,8,59.71,477.68,3214.34
TRX000228,CLI0410,CRT01060,PRD0023,2026-05-04 18:12:23,9,262.09,2358.81,6284.44
TRX000229,CLI0323,CRT01285,PRD0138,2026-06-26 13:04:49,5,308.17,1540.8500000000001,1540.8500000000001
TRX000230,CLI0249,CRT01930,PRD0084,2026-05-01 00:42:52,9,129.22,1162.98,1494.83
TRX000231,CLI0317,CRT03042,PRD0169,2026-01-15 07:58:12,4,259.17,1036.68,4956.280000000001
TRX000232,CLI0058,CRT00855,PRD0095,2026-06-21 15:03:29,1,42.58,42.58,1242.44
TRX000233,CLI0110,CRT03126,PRD0088,2026-01-14 07:42:00,4,64.83,259.32,4745.45
TRX000234,CLI0082,CRT01117,PRD0026,2026-05-04 13:58:27,5,238.97,1194.85,5171.139999999999
TRX000235,CLI0212,CRT01895,PRD0057,2026-01-25 16:55:03,9,59.71,537.39,3305.67
TRX000236,CLI0428,CRT00366,PRD0142,2026-01-27 07:29:05,6,55.45,332.70000000000005,639.8100000000001
TRX000237,CLI0329,CRT01214,PRD0143,2026-03-09 04:13:23,8,331.85,2654.8,5648.86
TRX000238,CLI0322,CRT01438,PRD0071,2026-01-06 10:40:26,4,76.57,306.28,3118.9
TRX000239,CLI0116,CRT03327,PRD0003,2026-01-24 09:36:18,7,149.12,1043.8400000000001,2703.82
TRX000240,CLI0124,CRT01702,PRD0066,2026-02-08 10:55:57,6,148.18,889.08,889.08
TRX000241,CLI0064,CRT00275,PRD0093,2026-07-17 16:24:08,5,302.86,1514.3000000000002,3786.8
TRX000242,CLI0293,CRT03193,PRD0040,2026-04-21 08:48:17,1,256.15,256.15,4880.59
TRX000243,CLI0036,CRT02945,PRD0085,2026-02-06 02:37:23,5,239.52,1197.6000000000001,3452.0000000000005
TRX000244,CLI0145,CRT01824,PRD0089,2026-03-09 22:18:58,5,57.82,289.1,1519.74
TRX000245,CLI0060,CRT01068,PRD0086,2026-01-02 11:19:20,10,197.06,1970.6,2432.56
TRX000246,CLI0213,CRT01936,PRD0030,2026-05-07 21:04:06,3,153.58,460.74,5938.49
TRX000247,CLI0016,CRT00430,PRD0045,2026-05-29 21:04:37,8,301.22,2409.76,3744.9700000000003
TRX000248,CLI0358,CRT02538,PRD0023,2026-06-20 23:29:45,3,262.09,786.27,5535.87
TRX000249,CLI0283,CRT02758,PRD0197,2026-03-11 22:07:01,9,267.68,2409.12,5379.12
TRX000250,CLI0093,CRT00126,PRD0178,2026-03-17 03:33:13,1,198.09,198.09,3134.6099999999997
TRX000251,CLI0089,CRT00823,PRD0158,2026-05-05 20:58:47,10,12.47,124.7,7347.469999999999
TRX000252,CLI0050,CRT01541,PRD0023,2026-05-17 21:07:07,1,262.09,262.09,4818.68
TRX000253,CLI0029,CRT02675,PRD0129,2026-01-25 12:56:47,4,4.55,18.2,18.2
TRX000254,CLI0107,CRT03336,PRD0159,2026-06-01 19:12:39,2,125.8,251.6,8072.28
TRX000255,CLI0160,CRT00075,PRD0052,2026-07-01 18:27:06,8,68.6,548.8,4707.48
TRX000256,CLI0276,CRT02928,PRD0143,2026-06-18 21:14:09,9,331.85,2986.65,7073.05
TRX000257,CLI0234,CRT00947,PRD0193,2026-01-11 08:56:47,9,190.14,1711.2599999999998,6163.83
TRX000258,CLI0422,CRT02059,PRD0060,2026-02-11 05:15:19,4,339.13,1356.52,7007.02
TRX000259,CLI0362,CRT01052,PRD0188,2026-03-22 01:09:05,7,281.86,1973.02,7457.92
TRX000260,CLI0379,CRT03378,PRD0144,2026-03-20 08:41:16,5,213.05,1065.25,4219.360000000001
TRX000261,CLI0005,CRT00210,PRD0078,2026-02-05 23:33:49,4,172.26,689.04,3559.33
TRX000262,CLI0296,CRT02992,PRD0056,2026-04-20 10:08:20,2,143.73,287.46,2947.8
TRX000263,CLI0142,CRT01344,PRD0164,2026-01-14 07:03:11,7,242.9,1700.3,4473.58
TRX000264,CLI0117,CRT00066,PRD0024,2026-02-04 10:56:24,8,78.71,629.68,629.68
TRX000265,CLI0061,CRT01340,PRD0150,2026-05-16 03:29:01,9,151.36,1362.2400000000002,6054.54
TRX000266,CLI0419,CRT01555,PRD0092,2026-04-24 21:45:35,6,10.72,64.32000000000001,3377.55
TRX000267,CLI0052,CRT00786,PRD0093,2026-07-05 08:24:39,10,302.86,3028.6000000000004,6856.870000000001
TRX000268,CLI0304,CRT01328,PRD0132,2026-03-14 15:09:15,9,153.95,1385.55,6589.6
TRX000269,CLI0367,CRT02310,PRD0078,2026-05-07 17:14:56,5,172.26,861.3,1430.79
TRX000270,CLI0205,CRT01864,PRD0073,2026-03-07 06:28:52,5,292.23,1461.15,7377.6900000000005
TRX000271,CLI0327,CRT02312,PRD0191,2026-07-22 21:15:43,5,288.92,1444.6000000000001,5348.31
TRX000272,CLI0134,CRT00110,PRD0179,2026-06-17 23:43:09,1,196.43,196.43,6290.1
TRX000273,CLI0377,CRT02671,PRD0151,2026-06-16 00:19:57,9,121.08,1089.72,3934.31
TRX000274,CLI0288,CRT03281,PRD0085,2026-03-13 22:07:59,9,239.52,2155.6800000000003,2496.32
TRX000275,CLI0338,CRT03186,PRD0139,2026-03-09 11:11:31,10,30.96,309.6,6424.13
TRX000276,CLI0418,CRT02641,PRD0159,2026-03-17 07:58:12,6,125.8,754.8,6908.97
TRX000277,CLI0385,CRT01177,PRD0121,2026-07-19 10:10:24,10,301.87,3018.7,7921.7
TRX000278,CLI0380,CRT02899,PRD0037,2026-04-12 18:01:24,4,171.38,685.52,5355.9
TRX000279,CLI0227,CRT00919,PRD0195,2026-07-10 23:11:12,1,11.49,11.49,11.49
TRX000280,CLI0267,CRT02637,PRD0164,2026-06-19 21:54:15,4,242.9,971.6,4935.0
TRX000281,CLI0010,CRT00758,PRD0176,2026-06-08 13:15:20,3,288.19,864.5699999999999,2913.71
TRX000282,CLI0089,CRT00096,PRD0162,2026-06-03 00:18:29,1,195.42,195.42,1705.86
TRX000283,CLI0131,CRT02541,PRD0095,2026-03-05 21:55:24,8,42.58,340.64,3783.45
TRX000284,CLI0321,CRT02176,PRD0172,2026-03-19 08:03:06,6,97.82,586.92,3207.0
TRX000285,CLI0057,CRT03031,PRD0021,2026-02-09 02:11:04,7,175.98,1231.86,1231.86
TRX000286,CLI0421,CRT02740,PRD0111,2026-05-11 22:01:31,1,282.78,282.78,282.78
TRX000287,CLI0151,CRT03250,PRD0004,2026-04-30 18:03:05,6,178.11,1068.66,2718.57
TRX000288,CLI0098,CRT02634,PRD0018,2026-04-10 15:25:35,3,115.19,345.57,8540.71
TRX000289,CLI0021,CRT02826,PRD0170,2026-02-04 14:21:53,7,100.84,705.88,3473.94
TRX000290,CLI0306,CRT01937,PRD0124,2026-07-07 20:10:53,10,96.92,969.2,5312.94
TRX000291,CLI0240,CRT03334,PRD0113,2026-04-09 06:50:30,10,310.43,3104.3,6600.02
TRX000292,CLI0086,CRT03264,PRD0035,2026-01-09 18:37:04,1,344.9,344.9,2946.64
TRX000293,CLI0069,CRT01006,PRD0140,2026-02-01 09:59:28,2,80.42,160.84,6726.46
TRX000294,CLI0050,CRT03469,PRD0009,2026-03-16 20:35:13,6,297.0,1782.0,3349.35
TRX000295,CLI0351,CRT01872,PRD0034,2026-06-04 04:46:48,3,115.14,345.42,2849.8500000000004
TRX000296,CLI0270,CRT01484,PRD0113,2026-02-26 10:07:08,4,310.43,1241.72,2414.46
TRX000297,CLI0247,CRT02518,PRD0090,2026-01-19 12:07:57,1,15.96,15.96,2618.32
TRX000298,CLI0012,CRT02692,PRD0054,2026-05-31 20:51:41,3,301.82,905.46,2632.78
TRX000299,CLI0071,CRT00911,PRD0054,2026-03-21 19:04:16,10,301.82,3018.2,6038.849999999999
TRX000300,CLI0253,CRT03362,PRD0154,2026-05-13 15:47:08,10,283.35,2833.5,9808.12
TRX000301,CLI0227,CRT01636,PRD0034,2026-04-28 01:18:36,10,115.14,1151.4,4007.54
TRX000302,CLI0070,CRT03475,PRD0054,2026-02-27 23:17:22,7,301.82,2112.74,4936.36
TRX000303,CLI0269,CRT00834,PRD0086,2026-01-11 11:37:33,7,197.06,1379.42,3647.96
TRX000304,CLI0413,CRT03177,PRD0068,2026-01-09 10:33:18,4,140.04,560.16,5547.21
TRX000305,CLI0256,CRT00983,PRD0040,2026-05-20 00:12:33,4,256.15,1024.6,3379.37
TRX000306,CLI0074,CRT02390,PRD0165,2026-04-25 02:19:44,1,194.83,194.83,3183.2900000000004
TRX000307,CLI0231,CRT00961,PRD0115,2026-01-07 06:30:45,10,301.5,3015.0,3015.0
TRX000308,CLI0149,CRT03496,PRD0090,2026-03-16 03:38:29,3,15.96,47.88,3294.35
TRX000309,CLI0095,CRT02700,PRD0153,2026-04-14 00:43:08,4,63.71,254.84,4623.71
TRX000310,CLI0345,CRT01036,PRD0003,2026-05-03 17:16:33,6,149.12,894.72,1384.3000000000002
TRX000311,CLI0071,CRT01999,PRD0072,2026-07-25 15:36:46,7,308.05,2156.35,8050.73
TRX000312,CLI0299,CRT00136,PRD0059,2026-05-29 22:35:50,6,252.15,1512.9,5597.9800000000005
TRX000313,CLI0202,CRT00960,PRD0108,2026-04-16 11:46:36,5,166.93,834.6500000000001,1935.7800000000002
TRX000314,CLI0312,CRT00941,PRD0150,2026-07-08 13:50:56,1,151.36,151.36,1561.1799999999998
TRX000315,CLI0023,CRT00877,PRD0076,2026-03-07 06:12:04,4,260.49,1041.96,5202.07
TRX000316,CLI0174,CRT02286,PRD0153,2026-02-23 11:06:26,1,63.71,63.71,63.71
TRX000317,CLI0202,CRT02701,PRD0084,2026-05-23 19:31:49,8,129.22,1033.76,2764.66
TRX000318,CLI0204,CRT00044,PRD0114,2026-05-22 11:52:26,10,141.38,1413.8,5124.24
TRX000319,CLI0103,CRT01075,PRD0057,2026-02-19 10:26:00,10,59.71,597.1,1135.66
TRX000320,CLI0333,CRT02313,PRD0094,2026-01-10 07:32:38,2,179.52,359.04,6656.74
TRX000321,CLI0113,CRT02926,PRD0040,2026-07-07 10:10:59,6,256.15,1536.8999999999999,3103.31
TRX000322,CLI0279,CRT02967,PRD0087,2026-03-17 03:44:03,5,302.95,1514.75,1514.75
TRX000323,CLI0354,CRT01554,PRD0142,2026-04-03 05:03:40,1,55.45,55.45,1064.05
TRX000324,CLI0382,CRT00061,PRD0013,2026-05-02 09:46:43,3,103.06,309.18,5461.59
TRX000325,CLI0366,CRT00032,PRD0003,2026-01-09 18:16:51,8,149.12,1192.96,2775.53
TRX000326,CLI0336,CRT00130,PRD0192,2026-01-23 08:05:31,4,241.82,967.28,1753.87
TRX000327,CLI0252,CRT01256,PRD0120,2026-02-21 22:13:13,3,291.12,873.36,1801.96
TRX000328,CLI0318,CRT02233,PRD0046,2026-06-08 03:41:14,1,234.97,234.97,401.9
TRX000329,CLI0011,CRT01949,PRD0175,2026-02-11 10:29:10,2,120.9,241.8,5162.03
TRX000330,CLI0189,CRT01431,PRD0126,2026-07-24 02:23:21,3,146.67,440.01,5587.38
TRX000331,CLI0408,CRT02029,PRD0063,2026-05-19 21:34:20,10,30.34,303.4,3875.84
TRX000332,CLI0284,CRT00279,PRD0149,2026-04-21 21:18:12,6,344.39,2066.34,6987.15
TRX000333,CLI0355,CRT03140,PRD0054,2026-05-27 14:10:05,4,301.82,1207.28,6091.83
TRX000334,CLI0231,CRT01931,PRD0019,2026-05-30 08:50:01,2,13.65,27.3,2030.7099999999998
TRX000335,CLI0264,CRT03337,PRD0146,2026-03-22 11:21:11,9,318.04,2862.36,2862.36
TRX000336,CLI0181,CRT01542,PRD0047,2026-02-06 00:28:10,6,327.59,1965.54,4487.78
TRX000337,CLI0352,CRT00904,PRD0157,2026-02-28 15:11:40,1,263.29,263.29,4118.5199999999995
TRX000338,CLI0270,CRT02754,PRD0121,2026-07-06 11:09:40,1,301.87,301.87,3667.1699999999996
TRX000339,CLI0071,CRT00909,PRD0168,2026-05-29 19:42:36,5,260.65,1303.25,11510.77
TRX000340,CLI0141,CRT01733,PRD0007,2026-04-23 14:52:06,3,149.36,448.08000000000004,2139.51
TRX000341,CLI0282,CRT00796,PRD0157,2026-04-13 18:22:31,4,263.29,1053.16,5194.46
TRX000342,CLI0231,CRT00611,PRD0096,2026-02-16 20:48:15,2,15.79,31.58,4147.82
TRX000343,CLI0040,CRT03050,PRD0016,2026-04-03 21:57:41,9,223.15,2008.3500000000001,6043.24
TRX000344,CLI0391,CRT02296,PRD0135,2026-06-07 21:23:01,3,198.63,595.89,2201.19
TRX000345,CLI0049,CRT00815,PRD0010,2026-01-10 16:45:41,1,162.15,162.15,5984.35
TRX000346,CLI0407,CRT02292,PRD0098,2026-02-18 06:58:44,7,136.36,954.5200000000001,3562.9799999999996
TRX000347,CLI0150,CRT00645,PRD0130,2026-07-01 09:44:18,9,312.35,2811.15,4032.65
TRX000348,CLI0232,CRT01774,PRD0083,2026-05-03 04:51:39,3,194.5,583.5,6720.68
TRX000349,CLI0181,CRT01542,PRD0019,2026-02-06 00:28:10,1,13.65,13.65,4487.78
TRX000350,CLI0419,CRT01111,PRD0045,2026-07-02 03:53:42,5,301.22,1506.1000000000001,3720.05
TRX000351,CLI0306,CRT01937,PRD0102,2026-07-07 20:10:53,9,233.03,2097.27,5312.94
TRX000352,CLI0274,CRT00798,PRD0182,2026-06-03 16:07:46,2,200.1,400.2,8458.74
TRX000353,CLI0356,CRT03331,PRD0053,2026-01-20 02:44:09,1,99.29,99.29,5881.88
TRX000354,CLI0346,CRT03472,PRD0043,2026-05-11 01:55:49,10,194.99,1949.9,5556.66
TRX000355,CLI0022,CRT03414,PRD0011,2026-05-29 18:56:07,4,104.38,417.52,1590.8
TRX000356,CLI0207,CRT00057,PRD0146,2026-02-06 22:30:34,1,318.04,318.04,5898.62
TRX000357,CLI0377,CRT02958,PRD0017,2026-03-28 03:05:36,6,134.36,806.1600000000001,4072.26
TRX000358,CLI0352,CRT02973,PRD0151,2026-07-03 04:05:33,5,121.08,605.4,3946.01
TRX000359,CLI0292,CRT01892,PRD0169,2026-01-13 20:03:39,9,259.17,2332.53,7003.71
TRX000360,CLI0098,CRT00157,PRD0193,2026-01-05 00:09:00,5,190.14,950.6999999999999,2870.47
TRX000361,CLI0371,CRT00822,PRD0071,2026-03-25 17:34:06,8,76.57,612.56,7021.610000000001
TRX000362,CLI0311,CRT00383,PRD0084,2026-01-23 10:14:59,4,129.22,516.88,516.88
TRX000363,CLI0134,CRT01775,PRD0180,2026-02-14 21:35:28,9,217.4,1956.6000000000001,5414.35
TRX000364,CLI0109,CRT00397,PRD0170,2026-04-16 23:31:03,6,100.84,605.04,2234.37
TRX000365,CLI0367,CRT00272,PRD0027,2026-03-28 03:55:25,8,209.57,1676.56,6693.34
TRX000366,CLI0198,CRT00715,PRD0176,2026-07-17 16:07:39,8,288.19,2305.52,14078.150000000001
TRX000367,CLI0078,CRT01997,PRD0152,2026-07-12 19:17:02,10,336.37,3363.7,4499.28
TRX000368,CLI0385,CRT02902,PRD0081,2026-05-11 13:59:11,8,151.12,1208.96,3538.35
TRX000369,CLI0106,CRT02384,PRD0185,2026-03-21 15:44:09,4,144.46,577.84,3861.67
TRX000370,CLI0053,CRT00250,PRD0181,2026-04-14 15:00:46,10,318.21,3182.1,5358.48
TRX000371,CLI0007,CRT01493,PRD0157,2026-03-14 12:33:29,9,263.29,2369.61,10058.01
TRX000372,CLI0095,CRT00991,PRD0074,2026-02-07 02:00:17,3,229.76,689.28,1948.8799999999999
TRX000373,CLI0180,CRT00087,PRD0060,2026-03-30 05:57:12,5,339.13,1695.65,3322.57
TRX000374,CLI0261,CRT02125,PRD0139,2026-07-12 18:21:55,6,30.96,185.76,3398.28
TRX000375,CLI0053,CRT01262,PRD0104,2026-01-09 02:39:17,6,46.73,280.38,10205.3
TRX000376,CLI0142,CRT03413,PRD0164,2026-03-21 06:56:18,4,242.9,971.6,1354.0
TRX000377,CLI0422,CRT03141,PRD0150,2026-01-03 20:25:19,9,151.36,1362.2400000000002,6881.280000000001
TRX000378,CLI0219,CRT01312,PRD0115,2026-03-28 14:38:12,2,301.5,603.0,2642.33
TRX000379,CLI0425,CRT03299,PRD0188,2026-07-25 15:06:45,6,281.86,1691.16,1691.16
TRX000380,CLI0158,CRT01030,PRD0030,2026-03-18 18:26:52,2,153.58,307.16,2364.67
TRX000381,CLI0134,CRT00110,PRD0096,2026-06-17 23:43:09,9,15.79,142.10999999999999,6290.1
TRX000382,CLI0123,CRT01290,PRD0140,2026-05-06 14:09:16,3,80.42,241.26,3000.96
TRX000383,CLI0255,CRT01019,PRD0116,2026-05-07 06:33:00,8,281.93,2255.44,2898.8
TRX000384,CLI0383,CRT00526,PRD0022,2026-02-28 16:15:36,3,51.02,153.06,1627.02
TRX000385,CLI0061,CRT02070,PRD0156,2026-04-06 11:06:07,4,87.81,351.24,3252.1800000000003
TRX000386,CLI0286,CRT00372,PRD0062,2026-01-19 20:56:01,9,321.99,2897.91,7487.92
TRX000387,CLI0286,CRT00741,PRD0009,2026-07-21 23:28:15,3,297.0,891.0,891.0
TRX000388,CLI0291,CRT01096,PRD0091,2026-02-03 03:22:58,7,321.66,2251.6200000000003,6528.97
TRX000389,CLI0185,CRT02506,PRD0169,2026-04-12 13:45:08,5,259.17,1295.8500000000001,2769.03
TRX000390,CLI0024,CRT02598,PRD0113,2026-07-26 11:51:07,3,310.43,931.29,7802.360000000001
TRX000391,CLI0195,CRT02743,PRD0005,2026-01-07 21:58:36,10,228.33,2283.3,5630.62
TRX000392,CLI0105,CRT02495,PRD0196,2026-02-02 03:20:27,6,349.85,2099.1000000000004,7108.72
TRX000393,CLI0168,CRT03290,PRD0073,2026-06-01 13:56:21,2,292.23,584.46,4667.88
TRX000394,CLI0004,CRT01326,PRD0151,2026-01-02 06:31:56,9,121.08,1089.72,1144.63
TRX000395,CLI0290,CRT02040,PRD0086,2026-07-02 22:51:19,6,197.06,1182.3600000000001,7405.13
TRX000396,CLI0408,CRT02300,PRD0068,2026-03-13 04:36:15,3,140.04,420.12,1542.48
TRX000397,CLI0383,CRT00526,PRD0008,2026-02-28 16:15:36,6,119.47,716.8199999999999,1627.02
TRX000398,CLI0412,CRT02670,PRD0142,2026-07-11 07:07:24,6,55.45,332.70000000000005,5556.82
TRX000399,CLI0006,CRT02273,PRD0089,2026-01-19 13:01:48,8,57.82,462.56,2412.46
TRX000400,CLI0217,CRT03344,PRD0183,2026-02-12 11:10:58,7,74.71,522.9699999999999,3784.5
TRX000401,CLI0226,CRT03356,PRD0119,2026-03-11 13:27:47,9,332.64,2993.7599999999998,2993.7599999999998
TRX000402,CLI0074,CRT03474,PRD0050,2026-05-24 18:02:00,9,164.79,1483.11,1673.25
TRX000403,CLI0410,CRT01979,PRD0006,2026-04-28 04:02:19,2,207.27,414.54,3341.3799999999997
TRX000404,CLI0124,CRT03493,PRD0097,2026-02-13 18:37:25,6,275.78,1654.6799999999998,6236.67
TRX000405,CLI0085,CRT02207,PRD0089,2026-03-26 11:18:57,6,57.82,346.92,1730.5
TRX000406,CLI0321,CRT02569,PRD0043,2026-06-09 03:58:32,10,194.99,1949.9,1949.9
TRX000407,CLI0149,CRT01887,PRD0164,2026-04-30 15:55:25,1,242.9,242.9,5168.35
TRX000408,CLI0042,CRT00425,PRD0095,2026-03-13 05:05:50,4,42.58,170.32,2037.08
TRX000409,CLI0073,CRT03075,PRD0159,2026-07-16 05:51:48,1,125.8,125.8,7679.72
TRX000410,CLI0116,CRT02794,PRD0181,2026-02-14 02:44:06,9,318.21,2863.89,3777.21
TRX000411,CLI0261,CRT02125,PRD0110,2026-07-12 18:21:55,2,286.9,573.8,3398.28
TRX000412,CLI0092,CRT02308,PRD0028,2026-03-24 13:36:45,10,301.62,3016.2,5862.42
TRX000413,CLI0066,CRT01822,PRD0147,2026-05-08 10:13:51,7,208.25,1457.75,4626.85
TRX000414,CLI0261,CRT01110,PRD0085,2026-01-27 14:46:14,10,239.52,2395.2000000000003,4081.6800000000003
TRX000415,CLI0119,CRT00683,PRD0178,2026-07-23 00:15:46,6,198.09,1188.54,6142.65
TRX000416,CLI0271,CRT02014,PRD0096,2026-06-06 05:20:49,5,15.79,78.94999999999999,1070.95
TRX000417,CLI0213,CRT03189,PRD0115,2026-01-09 00:33:55,5,301.5,1507.5,5594.25
TRX000418,CLI0365,CRT01151,PRD0057,2026-04-08 14:46:59,9,59.71,537.39,5981.91
TRX000419,CLI0254,CRT02797,PRD0017,2026-04-08 06:12:25,8,134.36,1074.88,1800.3400000000001
TRX000420,CLI0286,CRT03422,PRD0004,2026-06-20 05:55:13,7,178.11,1246.77,1246.77
TRX000421,CLI0266,CRT00809,PRD0103,2026-02-04 10:59:22,2,234.25,468.5,3250.58
TRX000422,CLI0187,CRT01102,PRD0102,2026-04-11 06:40:32,6,233.03,1398.18,2428.62
TRX000423,CLI0183,CRT03404,PRD0102,2026-05-08 01:07:30,1,233.03,233.03,6769.0199999999995
TRX000424,CLI0052,CRT02426,PRD0066,2026-02-15 10:42:34,5,148.18,740.9000000000001,2813.6000000000004
TRX000425,CLI0015,CRT01558,PRD0101,2026-07-10 04:19:04,9,26.82,241.38,2699.08
TRX000426,CLI0282,CRT03352,PRD0066,2026-01-22 12:54:15,9,148.18,1333.6200000000001,5875.84
TRX000427,CLI0085,CRT01435,PRD0120,2026-03-12 04:04:43,5,291.12,1455.6,7508.799999999999
TRX000428,CLI0284,CRT00279,PRD0166,2026-04-21 21:18:12,10,124.75,1247.5,6987.15
TRX000429,CLI0089,CRT01962,PRD0078,2026-02-21 05:41:28,2,172.26,344.52,557.5699999999999
TRX000430,CLI0055,CRT00268,PRD0151,2026-03-07 22:14:25,6,121.08,726.48,2486.11
TRX000431,CLI0201,CRT01269,PRD0115,2026-05-28 00:08:05,1,301.5,301.5,2716.06
TRX000432,CLI0296,CRT01695,PRD0041,2026-05-08 07:45:12,9,228.33,2054.9700000000003,2479.11
TRX000433,CLI0204,CRT00807,PRD0136,2026-01-01 01:15:43,10,303.73,3037.3,3529.6200000000003
TRX000434,CLI0401,CRT02753,PRD0034,2026-02-01 06:23:53,3,115.14,345.42,8549.54
TRX000435,CLI0393,CRT00805,PRD0104,2026-05-21 09:15:03,5,46.73,233.64999999999998,8455.99
TRX000436,CLI0407,CRT02898,PRD0124,2026-06-27 06:55:28,5,96.92,484.6,2704.49
TRX000437,CLI0240,CRT03454,PRD0170,2026-04-01 15:34:15,7,100.84,705.88,4945.139999999999
TRX000438,CLI0275,CRT03241,PRD0152,2026-01-06 18:51:34,5,336.37,1681.85,2476.37
TRX000439,CLI0305,CRT00858,PRD0198,2026-06-17 00:52:52,1,156.17,156.17,622.01
TRX000440,CLI0421,CRT03183,PRD0005,2026-06-15 14:24:39,4,228.33,913.32,9011.970000000001
TRX000441,CLI0391,CRT02360,PRD0169,2026-07-19 19:34:24,6,259.17,1555.02,5517.49
TRX000442,CLI0280,CRT02331,PRD0160,2026-06-14 02:50:44,1,246.16,246.16,1332.56
TRX000443,CLI0164,CRT02120,PRD0128,2026-02-06 15:01:49,8,9.29,74.32,3294.46
TRX000444,CLI0008,CRT02786,PRD0170,2026-06-07 06:55:27,7,100.84,705.88,705.88
TRX000445,CLI0014,CRT01196,PRD0169,2026-03-15 17:38:58,10,259.17,2591.7000000000003,4546.14
TRX000446,CLI0356,CRT00413,PRD0128,2026-05-30 05:32:54,6,9.29,55.739999999999995,10655.130000000001
TRX000447,CLI0150,CRT01430,PRD0115,2026-04-26 22:36:29,6,301.5,1809.0,6623.37
TRX000448,CLI0103,CRT01768,PRD0028,2026-06-10 11:07:28,6,301.62,1809.72,1809.72
TRX000449,CLI0212,CRT00520,PRD0024,2026-05-22 20:18:00,10,78.71,787.0999999999999,6401.39
TRX000450,CLI0413,CRT01730,PRD0092,2026-07-11 08:35:24,4,10.72,42.88,260.28000000000003
TRX000451,CLI0074,CRT03086,PRD0053,2026-07-16 11:16:12,6,99.29,595.74,5365.009999999999
TRX000452,CLI0415,CRT00694,PRD0172,2026-03-10 15:02:00,6,97.82,586.92,586.92
TRX000453,CLI0177,CRT00630,PRD0085,2026-01-06 14:59:30,9,239.52,2155.6800000000003,6451.72
TRX000454,CLI0239,CRT01590,PRD0141,2026-01-29 18:55:21,9,13.28,119.52,3699.25
TRX000455,CLI0136,CRT00584,PRD0016,2026-02-22 08:20:42,2,223.15,446.3,2781.4700000000003
TRX000456,CLI0076,CRT01466,PRD0173,2026-04-06 16:19:36,1,330.57,330.57,10066.05
TRX000457,CLI0126,CRT02680,PRD0137,2026-01-09 04:19:31,9,116.26,1046.3400000000001,1567.3600000000001
TRX000458,CLI0312,CRT02490,PRD0089,2026-04-08 18:59:10,3,57.82,173.46,3580.0600000000004
TRX000459,CLI0241,CRT01645,PRD0082,2026-05-02 20:28:15,3,316.62,949.86,7430.02
TRX000460,CLI0196,CRT00354,PRD0042,2026-07-23 04:07:40,8,88.65,709.2,2552.44
TRX000461,CLI0310,CRT03044,PRD0168,2026-01-20 17:03:18,8,260.65,2085.2,8519.11
TRX000462,CLI0333,CRT02919,PRD0153,2026-03-30 23:02:07,6,63.71,382.26,1289.6799999999998
TRX000463,CLI0124,CRT00084,PRD0081,2026-04-06 17:47:46,5,151.12,755.6,4569.3
TRX000464,CLI0104,CRT00585,PRD0033,2026-03-05 22:31:20,8,267.47,2139.76,7462.18
TRX000465,CLI0175,CRT00256,PRD0187,2026-04-04 01:58:33,8,241.37,1930.96,7242.79
TRX000466,CLI0241,CRT01803,PRD0136,2026-02-04 11:46:08,8,303.73,2429.84,4527.38
TRX000467,CLI0426,CRT01853,PRD0176,2026-07-01 17:28:15,8,288.19,2305.52,8946.14
TRX000468,CLI0118,CRT01359,PRD0095,2026-07-19 04:00:35,5,42.58,212.89999999999998,1443.61
TRX000469,CLI0060,CRT01479,PRD0189,2026-03-20 00:54:10,6,80.62,483.72,4205.7
TRX000470,CLI0033,CRT00447,PRD0117,2026-03-09 13:27:02,10,196.2,1962.0,5261.6900000000005
TRX000471,CLI0192,CRT02440,PRD0036,2026-03-03 07:16:52,3,86.2,258.6,1124.6499999999999
TRX000472,CLI0223,CRT00846,PRD0168,2026-07-18 04:44:48,6,260.65,1563.8999999999999,5712.94
TRX000473,CLI0109,CRT01027,PRD0168,2026-01-03 23:19:27,5,260.65,1303.25,1648.82
TRX000474,CLI0268,CRT01179,PRD0017,2026-06-06 03:13:12,2,134.36,268.72,5581.72
TRX000475,CLI0370,CRT02887,PRD0200,2026-02-09 01:35:42,3,144.4,433.20000000000005,1216.3700000000001
TRX000476,CLI0268,CRT01179,PRD0164,2026-06-06 03:13:12,4,242.9,971.6,5581.72
TRX000477,CLI0138,CRT02131,PRD0187,2026-05-22 21:20:30,9,241.37,2172.33,4306.79
TRX000478,CLI0004,CRT00378,PRD0099,2026-06-14 22:30:48,8,248.8,1990.4,6500.1
TRX000479,CLI0198,CRT02528,PRD0113,2026-05-25 05:54:41,3,310.43,931.29,6033.9
TRX000480,CLI0308,CRT00259,PRD0084,2026-05-02 23:55:36,5,129.22,646.1,2587.37
TRX000481,CLI0055,CRT03223,PRD0065,2026-02-06 10:17:02,10,88.06,880.6,8604.45
TRX000482,CLI0296,CRT03325,PRD0177,2026-05-03 17:50:38,4,221.23,884.92,5761.77
TRX000483,CLI0345,CRT03188,PRD0041,2026-03-03 00:09:04,8,228.33,1826.64,5306.02
TRX000484,CLI0033,CRT02208,PRD0161,2026-06-10 22:45:58,10,331.95,3319.5,6290.22
TRX000485,CLI0189,CRT02593,PRD0093,2026-04-26 22:30:48,8,302.86,2422.88,3909.6800000000003
TRX000486,CLI0356,CRT01525,PRD0092,2026-01-31 13:35:16,10,10.72,107.2,1438.18
TRX000487,CLI0435,CRT02652,PRD0183,2026-07-07 08:11:40,1,74.71,74.71,1801.73
TRX000488,CLI0119,CRT02451,PRD0002,2026-02-24 03:51:18,1,38.12,38.12,4963.88
TRX000489,CLI0133,CRT02568,PRD0085,2026-04-15 16:02:47,8,239.52,1916.16,4833.04
TRX000490,CLI0357,CRT02533,PRD0167,2026-01-15 23:41:55,1,82.61,82.61,2015.33
TRX000491,CLI0234,CRT02064,PRD0123,2026-05-02 01:11:13,5,85.64,428.2,7752.959999999999
TRX000492,CLI0156,CRT02871,PRD0035,2026-01-29 03:31:39,6,344.9,2069.3999999999996,4612.41
TRX000493,CLI0102,CRT01783,PRD0118,2026-03-09 06:08:39,6,163.96,983.76,2730.3
TRX000494,CLI0003,CRT00533,PRD0032,2026-07-25 03:18:59,10,224.53,2245.3,8103.900000000001
TRX000495,CLI0420,CRT00028,PRD0042,2026-05-14 15:14:30,5,88.65,443.25,6108.22
TRX000496,CLI0420,CRT02076,PRD0140,2026-07-09 17:47:47,9,80.42,723.78,1814.08
TRX000497,CLI0218,CRT02359,PRD0108,2026-06-25 14:41:10,5,166.93,834.6500000000001,3919.9300000000003
TRX000498,CLI0117,CRT01588,PRD0191,2026-04-15 04:06:30,10,288.92,2889.2000000000003,8613.39
TRX000499,CLI0279,CRT01122,PRD0047,2026-06-27 08:35:53,7,327.59,2293.1299999999997,8484.73
TRX000500,CLI0069,CRT00619,PRD0177,2026-06-11 18:49:25,8,221.23,1769.84,5024.93
TRX000501,CLI0100,CRT02529,PRD0135,2026-07-15 15:53:06,5,198.63,993.15,4328.360000000001
TRX000502,CLI0374,CRT00978,PRD0048,2026-07-16 16:14:51,2,275.16,550.32,6012.43
TRX000503,CLI0338,CRT02706,PRD0066,2026-01-31 06:34:40,7,148.18,1037.26,4350.33
TRX000504,CLI0284,CRT00813,PRD0138,2026-05-11 20:15:18,7,308.17,2157.19,3158.31
TRX000505,CLI0255,CRT01727,PRD0128,2026-01-24 08:40:05,3,9.29,27.869999999999997,1737.1399999999999
TRX000506,CLI0117,CRT00170,PRD0139,2026-02-27 04:46:37,4,30.96,123.84,2730.34
TRX000507,CLI0003,CRT01812,PRD0023,2026-03-06 18:22:11,10,262.09,2620.8999999999996,2620.8999999999996
TRX000508,CLI0064,CRT01839,PRD0072,2026-03-31 03:24:25,6,308.05,1848.3000000000002,2785.32
TRX000509,CLI0194,CRT01779,PRD0114,2026-05-27 08:10:23,7,141.38,989.66,1503.5
TRX000510,CLI0363,CRT03249,PRD0196,2026-05-22 23:44:09,8,349.85,2798.8,3121.28
TRX000511,CLI0294,CRT00999,PRD0090,2026-07-21 20:28:05,2,15.96,31.92,4455.38
TRX000512,CLI0058,CRT01345,PRD0199,2026-07-23 05:25:58,3,223.09,669.27,11416.449999999999
TRX000513,CLI0424,CRT02651,PRD0120,2026-07-03 07:40:05,6,291.12,1746.72,5315.2
TRX000514,CLI0363,CRT03338,PRD0013,2026-04-27 23:51:30,6,103.06,618.36,1707.01
TRX000515,CLI0003,CRT00147,PRD0068,2026-04-26 09:57:31,10,140.04,1400.3999999999999,4939.87
TRX000516,CLI0053,CRT03308,PRD0108,2026-01-08 08:09:22,4,166.93,667.72,5001.59
TRX000517,CLI0161,CRT03089,PRD0038,2026-02-13 10:45:45,6,231.76,1390.56,4585.99
TRX000518,CLI0269,CRT02559,PRD0074,2026-04-17 23:49:49,1,229.76,229.76,4108.5199999999995
TRX000519,CLI0285,CRT01507,PRD0200,2026-04-29 20:40:37,3,144.4,433.20000000000005,628.62
TRX000520,CLI0290,CRT00974,PRD0107,2026-06-18 05:27:52,8,114.48,915.84,915.84
TRX000521,CLI0174,CRT03079,PRD0192,2026-03-16 13:07:07,7,241.82,1692.74,4958.219999999999
TRX000522,CLI0074,CRT01101,PRD0055,2026-06-07 09:23:43,8,349.75,2798.0,2798.0
TRX000523,CLI0205,CRT01216,PRD0113,2026-05-02 10:58:20,5,310.43,1552.15,4419.89
TRX000524,CLI0112,CRT00580,PRD0103,2026-05-27 09:47:48,10,234.25,2342.5,6761.61
TRX000525,CLI0269,CRT01008,PRD0156,2026-02-23 07:36:40,1,87.81,87.81,6459.45
TRX000526,CLI0164,CRT01704,PRD0132,2026-01-17 23:04:50,7,153.95,1077.6499999999999,4586.72
TRX000527,CLI0271,CRT00783,PRD0050,2026-01-11 02:33:45,5,164.79,823.9499999999999,4941.0
TRX000528,CLI0144,CRT00593,PRD0011,2026-04-12 08:05:10,2,104.38,208.76,2559.93
TRX000529,CLI0216,CRT03288,PRD0030,2026-01-31 04:31:05,3,153.58,460.74,1240.06
TRX000530,CLI0071,CRT00909,PRD0175,2026-05-29 19:42:36,3,120.9,362.70000000000005,11510.77
TRX000531,CLI0424,CRT02122,PRD0136,2026-01-31 01:53:19,8,303.73,2429.84,3812.0600000000004
TRX000532,CLI0286,CRT00372,PRD0149,2026-01-19 20:56:01,3,344.39,1033.17,7487.92
TRX000533,CLI0110,CRT00811,PRD0094,2026-03-22 00:47:24,8,179.52,1436.16,3751.6800000000003
TRX000534,CLI0394,CRT00976,PRD0108,2026-07-02 01:52:05,7,166.93,1168.51,5897.780000000001
TRX000535,CLI0306,CRT00336,PRD0083,2026-01-14 22:46:08,6,194.5,1167.0,3265.56
TRX000536,CLI0425,CRT01933,PRD0101,2026-04-11 01:51:14,4,26.82,107.28,2536.99
TRX000537,CLI0332,CRT01781,PRD0186,2026-06-06 22:48:53,2,13.84,27.68,7167.0
TRX000538,CLI0295,CRT00591,PRD0078,2026-03-12 17:52:10,5,172.26,861.3,1840.35
TRX000539,CLI0288,CRT02095,PRD0076,2026-06-15 04:30:24,6,260.49,1562.94,3282.28
TRX000540,CLI0028,CRT00140,PRD0129,2026-02-08 05:00:04,2,4.55,9.1,10739.25
TRX000541,CLI0249,CRT03118,PRD0133,2026-02-24 17:20:19,4,238.5,954.0,4146.7
TRX000542,CLI0347,CRT01883,PRD0136,2026-02-27 23:34:43,5,303.73,1518.65,4173.92
TRX000543,CLI0119,CRT00683,PRD0069,2026-07-23 00:15:46,2,112.37,224.74,6142.65
TRX000544,CLI0015,CRT01710,PRD0130,2026-03-04 11:18:23,8,312.35,2498.8,2821.28
TRX000545,CLI0045,CRT02879,PRD0116,2026-01-28 04:45:02,1,281.93,281.93,6757.030000000001
TRX000546,CLI0019,CRT01294,PRD0152,2026-03-28 02:02:27,1,336.37,336.37,1786.5900000000001
TRX000547,CLI0041,CRT00987,PRD0181,2026-06-03 21:50:56,6,318.21,1909.2599999999998,2333.3999999999996
TRX000548,CLI0406,CRT03318,PRD0011,2026-04-08 09:49:37,5,104.38,521.9,2213.06
TRX000549,CLI0007,CRT01493,PRD0076,2026-03-14 12:33:29,6,260.49,1562.94,10058.01
TRX000550,CLI0089,CRT01557,PRD0171,2026-07-01 11:05:35,6,127.91,767.46,767.46
TRX000551,CLI0072,CRT00442,PRD0177,2026-04-25 05:47:49,9,221.23,1991.07,7872.34
TRX000552,CLI0390,CRT01589,PRD0117,2026-03-22 04:30:02,4,196.2,784.8,4321.610000000001
TRX000553,CLI0233,CRT03213,PRD0145,2026-06-12 22:59:32,5,40.06,200.3,200.3
TRX000554,CLI0086,CRT02507,PRD0029,2026-05-01 16:04:12,6,95.22,571.3199999999999,3126.18
TRX000555,CLI0395,CRT03218,PRD0170,2026-03-08 01:53:02,6,100.84,605.04,2490.13
TRX000556,CLI0069,CRT00420,PRD0103,2026-06-23 12:04:18,10,234.25,2342.5,6483.099999999999
TRX000557,CLI0329,CRT03112,PRD0066,2026-05-17 16:55:29,6,148.18,889.08,3167.5199999999995
TRX000558,CLI0255,CRT01727,PRD0040,2026-01-24 08:40:05,6,256.15,1536.8999999999999,1737.1399999999999
TRX000559,CLI0196,CRT00305,PRD0090,2026-02-07 01:55:55,7,15.96,111.72,1116.3
TRX000560,CLI0208,CRT00479,PRD0010,2026-06-03 20:31:12,3,162.15,486.45000000000005,523.86
TRX000561,CLI0084,CRT00975,PRD0096,2026-02-07 06:30:44,2,15.79,31.58,1841.4199999999998
TRX000562,CLI0145,CRT02341,PRD0188,2026-03-30 14:42:08,7,281.86,1973.02,5146.66
TRX000563,CLI0349,CRT03390,PRD0196,2026-03-16 08:18:42,9,349.85,3148.65,4794.57
TRX000564,CLI0102,CRT02813,PRD0083,2026-01-22 19:15:49,4,194.5,778.0,6290.7
TRX000565,CLI0311,CRT02605,PRD0060,2026-02-19 05:12:44,4,339.13,1356.52,6743.13
TRX000566,CLI0411,CRT00779,PRD0090,2026-06-13 02:12:36,6,15.96,95.76,109.60000000000001
TRX000567,CLI0059,CRT00261,PRD0010,2026-01-25 23:59:24,8,162.15,1297.2,3282.75
TRX000568,CLI0001,CRT00549,PRD0007,2026-02-10 03:09:42,7,149.36,1045.52,3548.3900000000003
TRX000569,CLI0058,CRT01174,PRD0126,2026-05-29 17:31:55,7,146.67,1026.6899999999998,2035.7999999999997
TRX000570,CLI0117,CRT01588,PRD0007,2026-04-15 04:06:30,9,149.36,1344.2400000000002,8613.39
TRX000571,CLI0345,CRT02575,PRD0129,2026-07-14 03:40:13,1,4.55,4.55,2815.7000000000003
TRX000572,CLI0108,CRT02353,PRD0174,2026-04-23 16:22:58,9,6.76,60.839999999999996,283.93
TRX000573,CLI0187,CRT00260,PRD0172,2026-07-03 16:28:34,10,97.82,978.1999999999999,2215.44
TRX000574,CLI0063,CRT02408,PRD0091,2026-04-05 02:47:11,6,321.66,1929.96,5743.01
TRX000575,CLI0017,CRT03123,PRD0081,2026-06-03 13:50:44,1,151.12,151.12,542.4
TRX000576,CLI0241,CRT00135,PRD0106,2026-01-14 23:05:51,5,102.2,511.0,3551.01
TRX000577,CLI0315,CRT00352,PRD0121,2026-06-09 08:52:38,10,301.87,3018.7,4474.299999999999
TRX000578,CLI0172,CRT02468,PRD0083,2026-01-05 22:09:21,2,194.5,389.0,389.0
TRX000579,CLI0425,CRT01825,PRD0035,2026-07-14 09:36:11,1,344.9,344.9,2532.0800000000004
TRX000580,CLI0228,CRT00667,PRD0175,2026-02-04 19:38:05,9,120.9,1088.1000000000001,6144.900000000001
TRX000581,CLI0432,CRT01954,PRD0060,2026-07-03 23:55:08,7,339.13,2373.91,5725.62
TRX000582,CLI0106,CRT02932,PRD0060,2026-04-24 08:01:59,1,339.13,339.13,2740.05
TRX000583,CLI0315,CRT02192,PRD0106,2026-03-06 20:23:35,5,102.2,511.0,2915.6
TRX000584,CLI0327,CRT03323,PRD0151,2026-04-25 04:27:19,4,121.08,484.32,5323.66
TRX000585,CLI0433,CRT02196,PRD0007,2026-04-15 09:58:38,2,149.36,298.72,6439.55
TRX000586,CLI0320,CRT00861,PRD0171,2026-02-07 16:02:12,8,127.91,1023.28,1240.68
TRX000587,CLI0190,CRT02053,PRD0092,2026-06-23 19:09:37,2,10.72,21.44,4760.9400000000005
TRX000588,CLI0278,CRT03053,PRD0104,2026-01-28 02:22:41,6,46.73,280.38,7873.91
TRX000589,CLI0017,CRT00771,PRD0132,2026-05-27 23:21:55,6,153.95,923.6999999999999,2969.31
TRX000590,CLI0211,CRT00685,PRD0194,2026-05-24 15:54:52,8,311.57,2492.56,3661.48
TRX000591,CLI0081,CRT01646,PRD0191,2026-05-10 02:01:45,9,288.92,2600.28,9667.160000000002
TRX000592,CLI0339,CRT01696,PRD0037,2026-07-10 17:00:49,6,171.38,1028.28,1028.28
TRX000593,CLI0243,CRT00655,PRD0130,2026-05-21 01:57:35,3,312.35,937.0500000000001,3091.25
TRX000594,CLI0402,CRT01739,PRD0127,2026-02-07 13:12:58,2,24.14,48.28,3735.5
TRX000595,CLI0004,CRT00462,PRD0018,2026-05-09 05:03:34,10,115.19,1151.9,5830.4800000000005
TRX000596,CLI0401,CRT02222,PRD0084,2026-02-02 02:15:26,8,129.22,1033.76,6530.33
TRX000597,CLI0017,CRT00311,PRD0001,2026-04-02 16:28:42,10,260.19,2601.9,7434.48
TRX000598,CLI0031,CRT01808,PRD0188,2026-01-14 12:07:08,4,281.86,1127.44,1328.94
TRX000599,CLI0326,CRT02532,PRD0138,2026-06-26 13:24:18,4,308.17,1232.68,2748.51
TRX000600,CLI0179,CRT00750,PRD0144,2026-03-24 17:03:13,7,213.05,1491.3500000000001,7399.039999999999
TRX000601,CLI0253,CRT01521,PRD0177,2026-01-18 21:48:17,9,221.23,1991.07,4261.18
TRX000602,CLI0401,CRT01718,PRD0077,2026-01-06 02:00:51,7,75.69,529.8299999999999,1425.3799999999999
TRX000603,CLI0217,CRT02140,PRD0023,2026-05-23 16:26:50,1,262.09,262.09,3556.8
TRX000604,CLI0332,CRT02485,PRD0160,2026-03-15 00:51:45,10,246.16,2461.6,5436.96
TRX000605,CLI0299,CRT00136,PRD0082,2026-05-29 22:35:50,4,316.62,1266.48,5597.9800000000005
TRX000606,CLI0063,CRT02408,PRD0027,2026-04-05 02:47:11,2,209.57,419.14,5743.01
TRX000607,CLI0300,CRT02147,PRD0112,2026-05-11 10:14:32,7,344.42,2410.94,4106.37
TRX000608,CLI0050,CRT02209,PRD0107,2026-01-08 17:28:30,1,114.48,114.48,3320.94
TRX000609,CLI0371,CRT00822,PRD0169,2026-03-25 17:34:06,9,259.17,2332.53,7021.610000000001
TRX000610,CLI0148,CRT01221,PRD0049,2026-07-24 16:20:27,10,36.18,361.8,4868.54
TRX000611,CLI0319,CRT01857,PRD0025,2026-04-26 11:49:47,9,265.13,2386.17,4463.41
TRX000612,CLI0198,CRT03341,PRD0012,2026-04-26 22:35:27,9,69.32,623.8799999999999,1441.7399999999998
TRX000613,CLI0321,CRT03073,PRD0152,2026-01-24 08:25:52,9,336.37,3027.33,6953.1900000000005
TRX000614,CLI0084,CRT02943,PRD0036,2026-02-15 14:21:08,6,86.2,517.2,815.26
TRX000615,CLI0204,CRT03063,PRD0185,2026-05-09 07:05:43,1,144.46,144.46,5245.05
TRX000616,CLI0098,CRT02338,PRD0039,2026-06-30 21:59:31,2,305.67,611.34,2737.0200000000004
TRX000617,CLI0338,CRT01716,PRD0181,2026-05-21 06:24:26,1,318.21,318.21,2572.0899999999997
TRX000618,CLI0039,CRT02206,PRD0053,2026-03-05 07:10:05,6,99.29,595.74,3396.37
TRX000619,CLI0363,CRT02093,PRD0054,2026-01-07 20:49:32,6,301.82,1810.92,6001.6
TRX000620,CLI0432,CRT01902,PRD0066,2026-04-11 01:38:52,9,148.18,1333.6200000000001,6472.06
TRX000621,CLI0316,CRT01034,PRD0119,2026-01-08 06:23:40,4,332.64,1330.56,1330.56
TRX000622,CLI0338,CRT00767,PRD0127,2026-01-18 01:35:37,10,24.14,241.4,6103.45
TRX000623,CLI0113,CRT03371,PRD0037,2026-07-07 09:46:02,2,171.38,342.76,1606.5899999999997
TRX000624,CLI0357,CRT03139,PRD0051,2026-04-22 12:54:50,2,142.41,284.82,5216.46
TRX000625,CLI0193,CRT02674,PRD0200,2026-04-20 06:07:29,2,144.4,288.8,7075.110000000001
TRX000626,CLI0208,CRT01469,PRD0137,2026-05-08 05:17:35,6,116.26,697.5600000000001,2866.7200000000003
TRX000627,CLI0407,CRT01566,PRD0176,2026-06-18 18:41:42,4,288.19,1152.76,4930.54
TRX000628,CLI0125,CRT00866,PRD0180,2026-06-08 05:22:36,3,217.4,652.2,6210.719999999999
TRX000629,CLI0252,CRT01488,PRD0017,2026-03-23 21:57:38,1,134.36,134.36,6386.91
TRX000630,CLI0243,CRT00617,PRD0003,2026-07-26 00:21:16,3,149.12,447.36,1368.3
TRX000631,CLI0009,CRT03348,PRD0150,2026-04-28 06:48:34,7,151.36,1059.52,6704.18
TRX000632,CLI0333,CRT02313,PRD0163,2026-01-10 07:32:38,5,278.04,1390.2,6656.74
TRX000633,CLI0244,CRT01217,PRD0187,2026-07-11 19:23:18,1,241.37,241.37,2558.79
TRX000634,CLI0112,CRT01394,PRD0029,2026-02-03 13:02:56,1,95.22,95.22,3730.77
TRX000635,CLI0266,CRT00449,PRD0033,2026-07-22 13:09:09,10,267.47,2674.7000000000003,3578.3600000000006
TRX000636,CLI0256,CRT03088,PRD0176,2026-01-25 16:33:32,4,288.19,1152.76,1992.72
TRX000637,CLI0374,CRT02941,PRD0043,2026-02-16 23:34:37,4,194.99,779.96,779.96
TRX000638,CLI0392,CRT03025,PRD0120,2026-02-16 17:06:13,4,291.12,1164.48,5061.28
TRX000639,CLI0126,CRT02104,PRD0118,2026-06-30 21:06:03,10,163.96,1639.6000000000001,4172.9400000000005
TRX000640,CLI0342,CRT02406,PRD0188,2026-01-18 07:54:36,7,281.86,1973.02,4008.9300000000003
TRX000641,CLI0347,CRT00102,PRD0032,2026-05-14 22:42:17,4,224.53,898.12,3064.2
TRX000642,CLI0251,CRT00938,PRD0045,2026-06-26 11:49:44,8,301.22,2409.76,2409.76
TRX000643,CLI0080,CRT00753,PRD0073,2026-04-26 10:45:54,10,292.23,2922.3,5862.96
TRX000644,CLI0078,CRT02979,PRD0002,2026-02-15 15:36:21,1,38.12,38.12,1749.81
TRX000645,CLI0097,CRT01432,PRD0111,2026-04-28 03:10:43,3,282.78,848.3399999999999,1191.6399999999999
TRX000646,CLI0347,CRT01968,PRD0054,2026-02-10 06:21:40,1,301.82,301.82,1429.26
TRX000647,CLI0254,CRT01132,PRD0091,2026-06-15 02:14:18,4,321.66,1286.64,1993.6100000000001
TRX000648,CLI0072,CRT02363,PRD0165,2026-02-09 12:01:26,9,194.83,1753.47,4032.46
TRX000649,CLI0068,CRT01440,PRD0186,2026-05-02 12:37:22,9,13.84,124.56,124.56
TRX000650,CLI0167,CRT02832,PRD0012,2026-07-12 14:33:32,8,69.32,554.56,554.56
TRX000651,CLI0310,CRT01489,PRD0123,2026-05-11 02:02:26,9,85.64,770.76,5186.2
TRX000652,CLI0336,CRT00913,PRD0130,2026-05-25 05:45:15,3,312.35,937.0500000000001,3249.5800000000004
TRX000653,CLI0103,CRT00192,PRD0090,2026-07-19 09:34:31,2,15.96,31.92,2522.04
TRX000654,CLI0031,CRT01700,PRD0027,2026-05-14 07:18:19,9,209.57,1886.1299999999999,10294.35
TRX000655,CLI0338,CRT00767,PRD0151,2026-01-18 01:35:37,9,121.08,1089.72,6103.45
TRX000656,CLI0027,CRT02227,PRD0049,2026-03-17 13:53:18,10,36.18,361.8,4267.780000000001
TRX000657,CLI0160,CRT00160,PRD0064,2026-02-03 03:44:22,4,237.14,948.56,6748.5
TRX000658,CLI0304,CRT01567,PRD0169,2026-01-16 17:04:43,9,259.17,2332.53,3937.53
TRX000659,CLI0026,CRT00775,PRD0179,2026-04-04 08:02:10,5,196.43,982.1500000000001,6586.950000000001
TRX000660,CLI0372,CRT03065,PRD0062,2026-04-02 04:42:56,5,321.99,1609.95,1648.45
TRX000661,CLI0289,CRT01877,PRD0071,2026-06-03 15:24:12,8,76.57,612.56,4089.46
TRX000662,CLI0066,CRT02729,PRD0045,2026-07-06 22:39:27,9,301.22,2710.9800000000005,3400.7800000000007
TRX000663,CLI0113,CRT00387,PRD0153,2026-02-04 14:14:08,2,63.71,127.42,127.42
TRX000664,CLI0024,CRT03389,PRD0052,2026-01-05 20:39:12,7,68.6,480.19999999999993,1294.02
TRX000665,CLI0192,CRT02138,PRD0151,2026-05-19 06:07:24,8,121.08,968.64,968.64
TRX000666,CLI0325,CRT00453,PRD0140,2026-03-12 09:35:13,7,80.42,562.94,771.19
TRX000667,CLI0351,CRT01890,PRD0164,2026-03-18 09:03:11,7,242.9,1700.3,3220.42
TRX000668,CLI0144,CRT03326,PRD0158,2026-03-24 17:34:29,4,12.47,49.88,587.32
TRX000669,CLI0406,CRT00074,PRD0156,2026-02-10 02:23:20,5,87.81,439.05,439.05
TRX000670,CLI0304,CRT01328,PRD0056,2026-03-14 15:09:15,3,143.73,431.18999999999994,6589.6
TRX000671,CLI0333,CRT02732,PRD0004,2026-02-11 14:33:56,1,178.11,178.11,2977.7700000000004
TRX000672,CLI0182,CRT01167,PRD0049,2026-02-27 06:45:52,9,36.18,325.62,1321.54
TRX000673,CLI0007,CRT01235,PRD0081,2026-04-16 03:33:25,4,151.12,604.48,2244.08
TRX000674,CLI0155,CRT02682,PRD0141,2026-06-26 21:42:19,5,13.28,66.39999999999999,332.12
TRX000675,CLI0093,CRT00223,PRD0169,2026-06-06 13:49:34,9,259.17,2332.53,3125.6000000000004
TRX000676,CLI0064,CRT00173,PRD0180,2026-04-04 23:41:07,2,217.4,434.8,3993.3300000000004
TRX000677,CLI0031,CRT00737,PRD0110,2026-01-16 12:56:38,3,286.9,860.6999999999999,4026.0999999999995
TRX000678,CLI0103,CRT01875,PRD0024,2026-05-06 16:13:05,5,78.71,393.54999999999995,3151.37
TRX000679,CLI0280,CRT03449,PRD0175,2026-02-16 13:41:18,3,120.9,362.70000000000005,4030.61
TRX000680,CLI0298,CRT02934,PRD0114,2026-06-11 14:23:54,7,141.38,989.66,3331.06
TRX000681,CLI0114,CRT01385,PRD0200,2026-06-01 05:25:25,7,144.4,1010.8000000000001,1047.2
TRX000682,CLI0305,CRT02513,PRD0050,2026-05-18 05:33:47,5,164.79,823.9499999999999,3454.02
TRX000683,CLI0320,CRT01016,PRD0074,2026-04-01 04:43:21,8,229.76,1838.08,8480.2
TRX000684,CLI0129,CRT00565,PRD0188,2026-06-27 16:07:14,5,281.86,1409.3000000000002,7371.049999999999
TRX000685,CLI0419,CRT01309,PRD0081,2026-01-28 04:09:25,3,151.12,453.36,3114.48
TRX000686,CLI0403,CRT01447,PRD0031,2026-03-25 17:42:00,7,267.28,1870.9599999999998,6318.36
TRX000687,CLI0213,CRT01936,PRD0040,2026-05-07 21:04:06,5,256.15,1280.75,5938.49
TRX000688,CLI0379,CRT00871,PRD0026,2026-05-18 07:42:50,5,238.97,1194.85,8124.78
TRX000689,CLI0058,CRT00048,PRD0086,2026-04-17 05:26:53,1,197.06,197.06,5386.9
TRX000690,CLI0389,CRT02960,PRD0077,2026-05-25 16:10:38,5,75.69,378.45,1839.6200000000001
TRX000691,CLI0076,CRT02643,PRD0162,2026-06-03 10:19:04,8,195.42,1563.36,4494.64
TRX000692,CLI0340,CRT01843,PRD0121,2026-05-30 07:43:59,9,301.87,2716.83,2716.83
TRX000693,CLI0141,CRT01756,PRD0125,2026-01-21 17:54:07,4,54.91,219.64,2757.14
TRX000694,CLI0348,CRT02770,PRD0106,2026-06-05 15:13:40,3,102.2,306.6,4648.639999999999
TRX000695,CLI0108,CRT00148,PRD0057,2026-07-14 06:08:19,8,59.71,477.68,7225.42
TRX000696,CLI0095,CRT00991,PRD0015,2026-02-07 02:00:17,10,125.96,1259.6,1948.8799999999999
TRX000697,CLI0305,CRT00085,PRD0075,2026-04-25 06:27:56,7,38.5,269.5,4351.87
TRX000698,CLI0304,CRT02211,PRD0063,2026-07-24 22:48:10,7,30.34,212.38,4781.82
TRX000699,CLI0387,CRT02409,PRD0164,2026-01-27 18:21:52,4,242.9,971.6,3682.5800000000004
TRX000700,CLI0299,CRT00119,PRD0194,2026-07-01 20:49:38,8,311.57,2492.56,2492.56
TRX000701,CLI0224,CRT02625,PRD0172,2026-07-26 08:29:47,10,97.82,978.1999999999999,4957.65
TRX000702,CLI0359,CRT02846,PRD0134,2026-03-05 15:37:30,6,343.3,2059.8,5886.47
TRX000703,CLI0052,CRT01323,PRD0035,2026-07-22 23:01:03,9,344.9,3104.1,10596.759999999998
TRX000704,CLI0238,CRT01403,PRD0150,2026-06-30 23:03:41,2,151.36,302.72,3412.1899999999996
TRX000705,CLI0094,CRT02865,PRD0191,2026-01-11 00:01:10,9,288.92,2600.28,4546.56
TRX000706,CLI0013,CRT03069,PRD0038,2026-05-31 13:54:44,8,231.76,1854.08,1854.08
TRX000707,CLI0357,CRT03017,PRD0105,2026-04-19 13:31:57,8,200.26,1602.08,6698.98
TRX000708,CLI0055,CRT00268,PRD0037,2026-03-07 22:14:25,5,171.38,856.9,2486.11
TRX000709,CLI0323,CRT01766,PRD0193,2026-04-24 23:20:30,5,190.14,950.6999999999999,2211.96
TRX000710,CLI0167,CRT02463,PRD0113,2026-06-11 14:08:50,10,310.43,3104.3,4090.8
TRX000711,CLI0291,CRT02565,PRD0026,2026-02-24 06:45:31,10,238.97,2389.7,4777.66
TRX000712,CLI0422,CRT00071,PRD0077,2026-04-15 17:38:19,3,75.69,227.07,4191.57
TRX000713,CLI0311,CRT02600,PRD0080,2026-05-05 14:34:10,5,342.98,1714.9,4069.7200000000003
TRX000714,CLI0339,CRT01896,PRD0194,2026-07-04 20:41:51,7,311.57,2180.99,5842.719999999999
TRX000715,CLI0431,CRT03217,PRD0190,2026-03-04 13:45:59,9,23.22,208.98,208.98
TRX000716,CLI0021,CRT00335,PRD0114,2026-02-09 11:44:47,8,141.38,1131.04,4134.48
TRX000717,CLI0422,CRT02059,PRD0082,2026-02-11 05:15:19,2,316.62,633.24,7007.02
TRX000718,CLI0184,CRT01369,PRD0038,2026-03-11 07:21:44,5,231.76,1158.8,2153.14
TRX000719,CLI0152,CRT02911,PRD0069,2026-07-01 09:46:34,5,112.37,561.85,2970.88
TRX000720,CLI0243,CRT03008,PRD0123,2026-02-04 04:00:38,7,85.64,599.48,6413.85
TRX000721,CLI0034,CRT02747,PRD0119,2026-03-26 23:18:29,10,332.64,3326.3999999999996,3326.3999999999996
TRX000722,CLI0310,CRT01489,PRD0178,2026-05-11 02:02:26,4,198.09,792.36,5186.2
TRX000723,CLI0338,CRT02603,PRD0121,2026-06-29 03:39:26,10,301.87,3018.7,3511.08
TRX000724,CLI0399,CRT01058,PRD0165,2026-02-21 03:22:17,10,194.83,1948.3000000000002,6108.18
TRX000725,CLI0356,CRT01607,PRD0118,2026-06-01 03:42:12,6,163.96,983.76,3987.6200000000003
TRX000726,CLI0244,CRT00349,PRD0148,2026-05-24 23:38:25,4,270.94,1083.76,4083.8
TRX000727,CLI0052,CRT03393,PRD0159,2026-03-19 12:13:17,2,125.8,251.6,4524.15
TRX000728,CLI0320,CRT02017,PRD0147,2026-07-21 22:30:27,6,208.25,1249.5,5358.99
TRX000729,CLI0388,CRT01319,PRD0050,2026-04-17 06:07:06,6,164.79,988.74,1493.74
TRX000730,CLI0388,CRT01504,PRD0065,2026-04-07 03:13:13,7,88.06,616.4200000000001,2063.62
TRX000731,CLI0252,CRT00778,PRD0111,2026-01-21 17:02:29,7,282.78,1979.4599999999998,4503.9
TRX000732,CLI0165,CRT01423,PRD0096,2026-04-01 09:44:03,5,15.79,78.94999999999999,3263.84
TRX000733,CLI0084,CRT00975,PRD0195,2026-02-07 06:30:44,3,11.49,34.47,1841.4199999999998
TRX000734,CLI0056,CRT00996,PRD0112,2026-04-17 06:29:23,4,344.42,1377.68,2958.62
TRX000735,CLI0406,CRT02461,PRD0093,2026-05-26 06:14:33,10,302.86,3028.6000000000004,5548.88
TRX000736,CLI0232,CRT01774,PRD0100,2026-05-03 04:51:39,5,252.5,1262.5,6720.68
TRX000737,CLI0286,CRT01339,PRD0123,2026-03-02 06:59:13,1,85.64,85.64,4853.39
TRX000738,CLI0160,CRT03477,PRD0075,2026-07-04 00:14:05,3,38.5,115.5,1940.82
TRX000739,CLI0217,CRT02547,PRD0157,2026-02-12 15:32:30,7,263.29,1843.0300000000002,1843.0300000000002
TRX000740,CLI0356,CRT03331,PRD0003,2026-01-20 02:44:09,10,149.12,1491.2,5881.88
TRX000741,CLI0412,CRT02670,PRD0025,2026-07-11 07:07:24,1,265.13,265.13,5556.82
TRX000742,CLI0311,CRT02502,PRD0051,2026-03-05 11:02:08,9,142.41,1281.69,4045.82
TRX000743,CLI0110,CRT01583,PRD0035,2026-05-10 17:17:01,10,344.9,3449.0,5292.030000000001
TRX000744,CLI0372,CRT02023,PRD0105,2026-07-04 04:35:15,7,200.26,1401.82,1959.36
TRX000745,CLI0429,CRT00088,PRD0174,2026-03-08 03:17:27,5,6.76,33.8,388.40000000000003
TRX000746,CLI0095,CRT02700,PRD0051,2026-04-14 00:43:08,10,142.41,1424.1,4623.71
TRX000747,CLI0101,CRT01565,PRD0122,2026-01-28 01:11:38,7,224.09,1568.63,5719.88
TRX000748,CLI0166,CRT01669,PRD0050,2026-05-27 03:33:29,7,164.79,1153.53,7495.34
TRX000749,CLI0149,CRT00382,PRD0066,2026-07-21 10:58:18,7,148.18,1037.26,3519.2799999999997
TRX000750,CLI0242,CRT01088,PRD0121,2026-06-22 01:50:13,9,301.87,2716.83,5970.06
TRX000751,CLI0405,CRT00504,PRD0150,2026-07-16 13:52:49,2,151.36,302.72,3464.93
TRX000752,CLI0378,CRT02205,PRD0196,2026-02-27 15:25:50,2,349.85,699.7,2037.66
TRX000753,CLI0324,CRT00293,PRD0120,2026-02-25 07:18:50,9,291.12,2620.08,9838.789999999999
TRX000754,CLI0407,CRT01964,PRD0031,2026-04-17 17:58:33,3,267.28,801.8399999999999,916.9799999999999
TRX000755,CLI0167,CRT00727,PRD0026,2026-01-04 06:05:36,3,238.97,716.91,3778.1400000000003
TRX000756,CLI0036,CRT03298,PRD0002,2026-05-01 03:27:47,10,38.12,381.2,2061.26
TRX000757,CLI0002,CRT02077,PRD0001,2026-02-01 19:56:06,3,260.19,780.5699999999999,3800.92
TRX000758,CLI0108,CRT00294,PRD0014,2026-06-09 10:34:46,4,99.1,396.4,4058.26
TRX000759,CLI0264,CRT01412,PRD0060,2026-06-22 13:15:08,3,339.13,1017.39,2379.97
TRX000760,CLI0298,CRT02934,PRD0131,2026-06-11 14:23:54,5,212.13,1060.65,3331.06
TRX000761,CLI0019,CRT01832,PRD0132,2026-05-01 09:28:28,7,153.95,1077.6499999999999,2543.39
TRX000762,CLI0236,CRT02939,PRD0094,2026-02-17 06:24:43,9,179.52,1615.68,1759.3200000000002
TRX000763,CLI0202,CRT02663,PRD0080,2026-01-25 04:45:57,8,342.98,2743.84,2921.1400000000003
TRX000764,CLI0149,CRT00207,PRD0169,2026-04-03 11:23:07,3,259.17,777.51,1157.01
TRX000765,CLI0255,CRT01727,PRD0145,2026-01-24 08:40:05,3,40.06,120.18,1737.1399999999999
TRX000766,CLI0011,CRT01442,PRD0189,2026-03-16 06:53:00,1,80.62,80.62,2697.76
TRX000767,CLI0144,CRT02592,PRD0192,2026-06-29 09:02:56,4,241.82,967.28,2215.16
TRX000768,CLI0043,CRT02921,PRD0061,2026-06-30 19:59:54,8,111.48,891.84,3230.7
TRX000769,CLI0372,CRT00128,PRD0131,2026-07-26 20:21:13,4,212.13,848.52,6569.53
TRX000770,CLI0130,CRT02412,PRD0046,2026-02-23 18:25:30,4,234.97,939.88,2154.42
TRX000771,CLI0330,CRT02096,PRD0007,2026-05-24 03:06:01,8,149.36,1194.88,4333.27
TRX000772,CLI0040,CRT03050,PRD0057,2026-04-03 21:57:41,9,59.71,537.39,6043.24
TRX000773,CLI0235,CRT00939,PRD0188,2026-03-05 15:34:00,5,281.86,1409.3000000000002,1915.2000000000003
TRX000774,CLI0191,CRT00733,PRD0015,2026-07-17 03:15:28,1,125.96,125.96,1907.15
TRX000775,CLI0424,CRT01969,PRD0061,2026-05-09 01:09:50,7,111.48,780.36,780.36
TRX000776,CLI0238,CRT01711,PRD0004,2026-05-05 20:22:57,2,178.11,356.22,1550.92
TRX000777,CLI0131,CRT01750,PRD0104,2026-03-19 03:17:09,4,46.73,186.92,2593.2799999999997
TRX000778,CLI0100,CRT03359,PRD0115,2026-03-17 06:53:51,9,301.5,2713.5,5098.89
TRX000779,CLI0375,CRT00826,PRD0065,2026-07-26 20:58:54,7,88.06,616.4200000000001,4492.29
TRX000780,CLI0205,CRT01615,PRD0181,2026-04-02 17:19:27,8,318.21,2545.68,7091.219999999999
TRX000781,CLI0129,CRT01691,PRD0169,2026-06-09 18:45:50,5,259.17,1295.8500000000001,1295.8500000000001
TRX000782,CLI0366,CRT01942,PRD0095,2026-01-16 19:14:06,9,42.58,383.21999999999997,1420.3899999999999
TRX000783,CLI0002,CRT02589,PRD0007,2026-04-27 14:37:45,6,149.36,896.1600000000001,1598.64
TRX000784,CLI0103,CRT02566,PRD0123,2026-01-16 06:39:10,8,85.64,685.12,1689.65
TRX000785,CLI0040,CRT03225,PRD0087,2026-05-07 13:09:29,9,302.95,2726.5499999999997,2851.2999999999997
TRX000786,CLI0342,CRT01490,PRD0066,2026-04-03 14:28:28,4,148.18,592.72,5172.61
TRX000787,CLI0367,CRT00272,PRD0135,2026-03-28 03:55:25,1,198.63,198.63,6693.34
TRX000788,CLI0390,CRT00446,PRD0060,2026-05-05 08:26:15,5,339.13,1695.65,4936.29
TRX000789,CLI0058,CRT00048,PRD0149,2026-04-17 05:26:53,6,344.39,2066.34,5386.9
TRX000790,CLI0222,CRT01820,PRD0134,2026-02-06 09:28:51,6,343.3,2059.8,3313.0200000000004
TRX000791,CLI0276,CRT00426,PRD0140,2026-02-20 09:35:02,10,80.42,804.2,5635.61
TRX000792,CLI0392,CRT00691,PRD0060,2026-07-24 22:19:35,7,339.13,2373.91,2574.17
TRX000793,CLI0245,CRT03045,PRD0003,2026-03-22 23:45:50,6,149.12,894.72,2914.6400000000003
TRX000794,CLI0263,CRT00398,PRD0125,2026-02-06 05:51:36,8,54.91,439.28,439.28
TRX000795,CLI0226,CRT03100,PRD0142,2026-04-04 18:39:31,7,55.45,388.15000000000003,5227.25
TRX000796,CLI0131,CRT01734,PRD0031,2026-05-31 02:02:10,6,267.28,1603.6799999999998,8364.53
TRX000797,CLI0315,CRT02192,PRD0104,2026-03-06 20:23:35,8,46.73,373.84,2915.6
TRX000798,CLI0235,CRT01837,PRD0047,2026-05-07 04:05:44,9,327.59,2948.31,3828.6899999999996
TRX000799,CLI0198,CRT00490,PRD0167,2026-02-03 03:57:10,7,82.61,578.27,6425.79
TRX000800,CLI0024,CRT03060,PRD0007,2026-01-13 11:27:12,9,149.36,1344.2400000000002,1344.2400000000002
TRX000801,CLI0288,CRT01464,PRD0187,2026-07-01 01:15:46,1,241.37,241.37,600.0
TRX000802,CLI0293,CRT00033,PRD0199,2026-05-13 20:48:25,1,223.09,223.09,5933.81
TRX000803,CLI0316,CRT00412,PRD0086,2026-06-18 11:07:45,6,197.06,1182.3600000000001,1686.66
TRX000804,CLI0154,CRT03486,PRD0189,2026-04-14 17:36:42,6,80.62,483.72,4397.49
TRX000805,CLI0101,CRT02520,PRD0021,2026-02-09 06:54:14,2,175.98,351.96,2160.96
TRX000806,CLI0365,CRT03081,PRD0189,2026-07-18 14:06:47,3,80.62,241.86,3663.88
TRX000807,CLI0377,CRT00949,PRD0112,2026-01-11 20:18:18,7,344.42,2410.94,4100.14
TRX000808,CLI0158,CRT01129,PRD0125,2026-04-14 02:32:03,8,54.91,439.28,750.0999999999999
TRX000809,CLI0375,CRT03114,PRD0026,2026-01-28 14:27:08,7,238.97,1672.79,4244.1
TRX000810,CLI0175,CRT01974,PRD0188,2026-07-20 12:56:02,5,281.86,1409.3000000000002,5834.96
TRX000811,CLI0094,CRT00581,PRD0189,2026-07-11 06:55:25,5,80.62,403.1,403.1
TRX000812,CLI0320,CRT01016,PRD0166,2026-04-01 04:43:21,10,124.75,1247.5,8480.2
TRX000813,CLI0201,CRT02398,PRD0110,2026-06-06 06:22:34,5,286.9,1434.5,2989.2799999999997
TRX000814,CLI0003,CRT02810,PRD0195,2026-03-31 06:46:40,4,11.49,45.96,701.01
TRX000815,CLI0254,CRT03332,PRD0164,2026-01-16 07:44:09,7,242.9,1700.3,6605.900000000001
TRX000816,CLI0120,CRT01300,PRD0130,2026-01-19 01:20:33,4,312.35,1249.4,5789.99
TRX000817,CLI0348,CRT02116,PRD0172,2026-02-13 02:08:41,3,97.82,293.46,3872.9700000000003
TRX000818,CLI0415,CRT01653,PRD0081,2026-07-09 21:15:41,8,151.12,1208.96,5230.68
TRX000819,CLI0331,CRT00738,PRD0027,2026-02-09 19:31:40,1,209.57,209.57,4736.43
TRX000820,CLI0431,CRT01156,PRD0001,2026-04-17 05:37:00,6,260.19,1561.1399999999999,4817.629999999999
TRX000821,CLI0055,CRT02614,PRD0095,2026-04-22 01:03:50,7,42.58,298.06,4052.61
TRX000822,CLI0095,CRT03487,PRD0073,2026-03-02 19:54:19,2,292.23,584.46,2482.7799999999997
TRX000823,CLI0103,CRT03248,PRD0126,2026-01-24 12:41:25,5,146.67,733.3499999999999,1666.99
TRX000824,CLI0005,CRT00575,PRD0001,2026-06-29 09:35:17,7,260.19,1821.33,6339.99
TRX000825,CLI0147,CRT02503,PRD0124,2026-05-28 16:19:15,6,96.92,581.52,2467.25
TRX000826,CLI0121,CRT01659,PRD0082,2026-06-15 11:21:47,4,316.62,1266.48,4115.66
TRX000827,CLI0167,CRT01112,PRD0188,2026-05-23 23:38:44,5,281.86,1409.3000000000002,3973.8100000000004
TRX000828,CLI0134,CRT00628,PRD0087,2026-04-03 13:07:06,5,302.95,1514.75,6370.66
TRX000829,CLI0201,CRT01647,PRD0067,2026-03-09 18:00:40,3,327.31,981.9300000000001,5241.91
TRX000830,CLI0160,CRT03477,PRD0097,2026-07-04 00:14:05,1,275.78,275.78,1940.82
TRX000831,CLI0229,CRT00020,PRD0152,2026-01-12 09:35:10,1,336.37,336.37,1637.3200000000002
TRX000832,CLI0034,CRT02456,PRD0131,2026-06-18 10:08:17,5,212.13,1060.65,5413.86
TRX000833,CLI0232,CRT00698,PRD0147,2026-03-11 22:40:25,3,208.25,624.75,6545.639999999999
TRX000834,CLI0089,CRT00329,PRD0193,2026-07-08 18:42:30,2,190.14,380.28,1378.1999999999998
TRX000835,CLI0074,CRT01606,PRD0059,2026-04-12 14:35:10,9,252.15,2269.35,5210.389999999999
TRX000836,CLI0136,CRT00332,PRD0170,2026-02-03 05:51:33,7,100.84,705.88,1910.7600000000002
TRX000837,CLI0066,CRT02188,PRD0062,2026-03-08 20:44:58,8,321.99,2575.92,2956.8
TRX000838,CLI0173,CRT02081,PRD0160,2026-07-20 13:44:14,5,246.16,1230.8,2932.62
TRX000839,CLI0049,CRT00234,PRD0062,2026-04-21 09:03:01,8,321.99,2575.92,4263.4400000000005
TRX000840,CLI0206,CRT02228,PRD0052,2026-01-25 22:28:31,2,68.6,137.2,942.5
TRX000841,CLI0046,CRT03092,PRD0143,2026-01-19 06:31:26,6,331.85,1991.1000000000001,4452.33
TRX000842,CLI0075,CRT01208,PRD0064,2026-06-02 05:36:44,3,237.14,711.42,5385.62
TRX000843,CLI0299,CRT00050,PRD0193,2026-07-14 03:38:53,1,190.14,190.14,5921.8099999999995
TRX000844,CLI0212,CRT00675,PRD0132,2026-03-08 05:40:10,4,153.95,615.8,761.4399999999999
TRX000845,CLI0170,CRT00995,PRD0097,2026-01-23 01:47:06,6,275.78,1654.6799999999998,9661.98
TRX000846,CLI0431,CRT03191,PRD0124,2026-05-13 21:50:36,2,96.92,193.84,4986.72
TRX000847,CLI0190,CRT01492,PRD0171,2026-04-09 13:34:27,10,127.91,1279.1,2889.13
TRX000848,CLI0398,CRT02553,PRD0020,2026-07-24 12:32:20,2,75.82,151.64,7263.709999999999
TRX000849,CLI0250,CRT01286,PRD0011,2026-01-22 23:02:21,10,104.38,1043.8,1609.99
TRX000850,CLI0046,CRT02685,PRD0099,2026-07-19 16:52:54,9,248.8,2239.2000000000003,5815.450000000001
TRX000851,CLI0126,CRT03271,PRD0040,2026-01-19 07:50:04,6,256.15,1536.8999999999999,8073.75
TRX000852,CLI0407,CRT01964,PRD0034,2026-04-17 17:58:33,1,115.14,115.14,916.9799999999999
TRX000853,CLI0300,CRT02246,PRD0100,2026-04-22 18:40:56,6,252.5,1515.0,5271.8
TRX000854,CLI0029,CRT00710,PRD0195,2026-03-10 14:17:15,7,11.49,80.43,3151.1699999999996
TRX000855,CLI0146,CRT02075,PRD0013,2026-02-25 06:39:56,6,103.06,618.36,877.6800000000001
TRX000856,CLI0165,CRT00361,PRD0084,2026-05-12 02:59:53,2,129.22,258.44,1130.72
TRX000857,CLI0010,CRT00758,PRD0152,2026-06-08 13:15:20,4,336.37,1345.48,2913.71
TRX000858,CLI0111,CRT00625,PRD0153,2026-03-07 17:21:00,4,63.71,254.84,771.62
TRX000859,CLI0115,CRT01973,PRD0036,2026-05-05 09:23:13,6,86.2,517.2,1800.92
TRX000860,CLI0338,CRT00444,PRD0009,2026-02-07 17:36:13,9,297.0,2673.0,3167.19
TRX000861,CLI0337,CRT01829,PRD0140,2026-06-12 16:01:10,6,80.42,482.52,482.52
TRX000862,CLI0103,CRT02257,PRD0167,2026-06-13 07:19:39,1,82.61,82.61,82.61
TRX000863,CLI0317,CRT01341,PRD0149,2026-04-03 19:39:02,9,344.39,3099.5099999999998,4791.09
TRX000864,CLI0359,CRT02015,PRD0117,2026-04-14 16:14:42,2,196.2,392.4,9789.220000000001
TRX000865,CLI0404,CRT02987,PRD0145,2026-01-01 05:24:42,5,40.06,200.3,2551.2500000000005
TRX000866,CLI0315,CRT02117,PRD0119,2026-03-25 06:36:24,4,332.64,1330.56,8560.28
TRX000867,CLI0136,CRT03384,PRD0104,2026-01-20 06:12:57,3,46.73,140.19,2005.7
TRX000868,CLI0390,CRT02581,PRD0039,2026-03-10 17:41:31,3,305.67,917.01,917.01
TRX000869,CLI0140,CRT02156,PRD0092,2026-03-04 11:42:37,10,10.72,107.2,1077.38
TRX000870,CLI0421,CRT03183,PRD0038,2026-06-15 14:24:39,9,231.76,2085.84,9011.970000000001
TRX000871,CLI0191,CRT00733,PRD0147,2026-07-17 03:15:28,8,208.25,1666.0,1907.15
TRX000872,CLI0422,CRT00010,PRD0163,2026-06-19 22:45:31,7,278.04,1946.2800000000002,7384.2300000000005
TRX000873,CLI0396,CRT00812,PRD0171,2026-06-26 10:02:50,7,127.91,895.37,1608.53
TRX000874,CLI0010,CRT00758,PRD0063,2026-06-08 13:15:20,4,30.34,121.36,2913.71
TRX000875,CLI0202,CRT03254,PRD0170,2026-01-27 21:14:59,3,100.84,302.52,433.7
TRX000876,CLI0313,CRT02153,PRD0058,2026-05-10 11:35:20,8,275.33,2202.64,5490.34
TRX000877,CLI0190,CRT00502,PRD0122,2026-01-12 19:17:24,10,224.09,2240.9,4185.04
TRX000878,CLI0264,CRT01665,PRD0156,2026-04-18 09:42:26,1,87.81,87.81,1502.49
TRX000879,CLI0052,CRT00001,PRD0099,2026-03-26 07:29:01,5,248.8,1244.0,2764.4
TRX000880,CLI0388,CRT00273,PRD0006,2026-04-17 01:41:34,3,207.27,621.8100000000001,3701.5299999999997
TRX000881,CLI0280,CRT03395,PRD0150,2026-03-07 17:42:45,4,151.36,605.44,4261.46
TRX000882,CLI0327,CRT00480,PRD0107,2026-01-05 10:19:12,4,114.48,457.92,3558.15
TRX000883,CLI0021,CRT02826,PRD0174,2026-02-04 14:21:53,9,6.76,60.839999999999996,3473.94
TRX000884,CLI0310,CRT01489,PRD0155,2026-05-11 02:02:26,2,289.44,578.88,5186.2
TRX000885,CLI0303,CRT01651,PRD0064,2026-01-12 04:40:03,1,237.14,237.14,1733.0
TRX000886,CLI0228,CRT01059,PRD0014,2026-05-10 00:54:28,7,99.1,693.6999999999999,1908.6799999999998
TRX000887,CLI0373,CRT02661,PRD0194,2026-03-14 10:16:50,1,311.57,311.57,1560.7
TRX000888,CLI0244,CRT00843,PRD0002,2026-05-27 01:47:43,9,38.12,343.08,6092.25
TRX000889,CLI0314,CRT01377,PRD0168,2026-02-13 21:02:55,10,260.65,2606.5,6860.72
TRX000890,CLI0410,CRT02709,PRD0083,2026-03-22 04:28:47,2,194.5,389.0,1745.52
TRX000891,CLI0120,CRT02472,PRD0016,2026-01-06 22:26:26,8,223.15,1785.2,16103.4
TRX000892,CLI0045,CRT01243,PRD0152,2026-06-04 04:43:47,1,336.37,336.37,785.85
TRX000893,CLI0374,CRT02936,PRD0015,2026-07-05 15:47:52,1,125.96,125.96,2000.21
TRX000894,CLI0261,CRT01110,PRD0095,2026-01-27 14:46:14,6,42.58,255.48,4081.6800000000003
TRX000895,CLI0325,CRT00274,PRD0007,2026-06-22 21:26:16,3,149.36,448.08000000000004,4302.0
TRX000896,CLI0153,CRT02119,PRD0184,2026-04-10 03:35:42,3,85.85,257.54999999999995,2421.68
TRX000897,CLI0291,CRT00749,PRD0112,2026-02-17 19:47:33,10,344.42,3444.2000000000003,7205.210000000001
TRX000898,CLI0256,CRT00582,PRD0157,2026-07-08 07:16:10,2,263.29,526.58,2572.19
TRX000899,CLI0064,CRT02219,PRD0072,2026-01-22 02:12:34,9,308.05,2772.4500000000003,7663.320000000001
TRX000900,CLI0394,CRT00973,PRD0097,2026-02-13 12:12:14,5,275.78,1378.8999999999999,3007.98
TRX000901,CLI0221,CRT00501,PRD0048,2026-05-14 15:18:59,6,275.16,1650.96,1650.96
TRX000902,CLI0140,CRT01531,PRD0132,2026-04-03 15:16:26,8,153.95,1231.6,2489.02
TRX000903,CLI0053,CRT01546,PRD0173,2026-02-25 05:37:37,5,330.57,1652.85,4436.5
TRX000904,CLI0227,CRT02433,PRD0119,2026-06-28 01:44:19,10,332.64,3326.3999999999996,6051.58
TRX000905,CLI0023,CRT00877,PRD0016,2026-03-07 06:12:04,7,223.15,1562.05,5202.07
TRX000906,CLI0246,CRT00421,PRD0071,2026-04-29 16:12:53,6,76.57,459.41999999999996,6573.8
TRX000907,CLI0231,CRT03150,PRD0039,2026-02-02 23:05:38,10,305.67,3056.7000000000003,7782.700000000001
TRX000908,CLI0091,CRT02283,PRD0052,2026-03-09 03:41:03,10,68.6,686.0,1482.35
TRX000909,CLI0354,CRT00624,PRD0122,2026-02-11 02:11:09,1,224.09,224.09,2186.46
TRX000910,CLI0329,CRT03032,PRD0015,2026-01-09 21:59:50,6,125.96,755.76,3963.14
TRX000911,CLI0066,CRT02994,PRD0159,2026-02-16 14:01:05,3,125.8,377.4,3581.1499999999996
TRX000912,CLI0293,CRT02698,PRD0102,2026-02-02 03:37:13,8,233.03,1864.24,4080.58
TRX000913,CLI0339,CRT01211,PRD0069,2026-04-23 23:12:48,1,112.37,112.37,3345.7
TRX000914,CLI0101,CRT01485,PRD0109,2026-01-06 03:02:36,3,181.62,544.86,3673.38
TRX000915,CLI0002,CRT02160,PRD0016,2026-06-05 17:20:59,6,223.15,1338.9,3613.1
TRX000916,CLI0052,CRT03068,PRD0148,2026-05-09 05:28:05,10,270.94,2709.4,5104.16
TRX000917,CLI0055,CRT03223,PRD0020,2026-02-06 10:17:02,10,75.82,758.1999999999999,8604.45
TRX000918,CLI0234,CRT00669,PRD0180,2026-06-11 23:09:02,7,217.4,1521.8,5111.33
TRX000919,CLI0255,CRT01310,PRD0091,2026-06-02 22:24:51,2,321.66,643.32,1060.04
TRX000920,CLI0272,CRT03267,PRD0055,2026-04-01 14:30:06,2,349.75,699.5,1964.21
TRX000921,CLI0201,CRT03485,PRD0161,2026-01-15 04:26:06,5,331.95,1659.75,4472.4400000000005
TRX000922,CLI0203,CRT00686,PRD0079,2026-03-05 05:56:40,4,98.65,394.6,6281.889999999999
TRX000923,CLI0398,CRT01264,PRD0074,2026-04-25 00:40:59,6,229.76,1378.56,1787.6399999999999
TRX000924,CLI0119,CRT00683,PRD0121,2026-07-23 00:15:46,9,301.87,2716.83,6142.65
TRX000925,CLI0110,CRT02052,PRD0024,2026-04-25 02:50:33,4,78.71,314.84,4288.95
TRX000926,CLI0202,CRT01150,PRD0080,2026-06-10 11:34:57,1,342.98,342.98,342.98
TRX000927,CLI0213,CRT03189,PRD0130,2026-01-09 00:33:55,5,312.35,1561.75,5594.25
TRX000928,CLI0166,CRT03206,PRD0165,2026-02-22 03:23:43,1,194.83,194.83,2945.17
TRX000929,CLI0358,CRT01760,PRD0001,2026-03-08 18:26:06,8,260.19,2081.52,5197.219999999999
TRX000930,CLI0007,CRT00046,PRD0058,2026-07-21 22:41:05,8,275.33,2202.64,4853.0199999999995
TRX000931,CLI0073,CRT00956,PRD0118,2026-04-29 23:31:25,6,163.96,983.76,983.76
TRX000932,CLI0254,CRT02266,PRD0179,2026-02-26 00:08:04,2,196.43,392.86,1014.57
TRX000933,CLI0300,CRT02246,PRD0161,2026-04-22 18:40:56,4,331.95,1327.8,5271.8
TRX000934,CLI0152,CRT01395,PRD0144,2026-03-03 23:34:47,1,213.05,213.05,2416.71
TRX000935,CLI0154,CRT03486,PRD0064,2026-04-14 17:36:42,7,237.14,1659.98,4397.49
TRX000936,CLI0171,CRT02465,PRD0063,2026-02-14 23:07:57,2,30.34,60.68,4974.04
TRX000937,CLI0202,CRT00960,PRD0108,2026-04-16 11:46:36,1,166.93,166.93,1935.7800000000002
TRX000938,CLI0077,CRT00201,PRD0197,2026-01-24 18:37:50,10,267.68,2676.8,4024.88
TRX000939,CLI0395,CRT02003,PRD0199,2026-01-03 18:50:09,3,223.09,669.27,1118.33
TRX000940,CLI0351,CRT00107,PRD0050,2026-01-28 17:32:22,3,164.79,494.37,2036.7
TRX000941,CLI0284,CRT02514,PRD0185,2026-07-06 06:23:49,2,144.46,288.92,5154.63
TRX000942,CLI0303,CRT01648,PRD0143,2026-04-07 22:27:43,7,331.85,2322.9500000000003,2322.9500000000003
TRX000943,CLI0032,CRT02127,PRD0030,2026-03-23 16:55:25,9,153.58,1382.22,2132.2200000000003
TRX000944,CLI0070,CRT01591,PRD0017,2026-05-07 13:09:09,10,134.36,1343.6000000000001,3731.65
TRX000945,CLI0359,CRT00609,PRD0108,2026-07-12 13:33:19,8,166.93,1335.44,2472.36
TRX000946,CLI0224,CRT02625,PRD0137,2026-07-26 08:29:47,5,116.26,581.3000000000001,4957.65
TRX000947,CLI0328,CRT02267,PRD0118,2026-02-27 08:23:02,6,163.96,983.76,5341.98
TRX000948,CLI0223,CRT01910,PRD0079,2026-05-17 00:39:08,4,98.65,394.6,4339.700000000001
TRX000949,CLI0034,CRT00364,PRD0033,2026-02-23 22:55:11,8,267.47,2139.76,4473.81
TRX000950,CLI0019,CRT01294,PRD0188,2026-03-28 02:02:27,2,281.86,563.72,1786.5900000000001
TRX000951,CLI0180,CRT02146,PRD0147,2026-06-11 07:44:46,5,208.25,1041.25,6687.56
TRX000952,CLI0426,CRT02497,PRD0048,2026-07-23 07:26:27,8,275.16,2201.28,2201.28
TRX000953,CLI0262,CRT02470,PRD0075,2026-06-13 08:27:44,4,38.5,154.0,1018.5699999999999
TRX000954,CLI0274,CRT00620,PRD0165,2026-07-04 11:29:43,3,194.83,584.49,6421.389999999999
TRX000955,CLI0078,CRT02979,PRD0111,2026-02-15 15:36:21,1,282.78,282.78,1749.81
TRX000956,CLI0359,CRT00290,PRD0137,2026-07-11 18:39:07,5,116.26,581.3000000000001,2390.3
TRX000957,CLI0310,CRT02920,PRD0056,2026-04-05 11:49:00,4,143.73,574.92,4348.44
TRX000958,CLI0365,CRT00418,PRD0195,2026-07-09 23:19:55,2,11.49,22.98,3825.4599999999996
TRX000959,CLI0060,CRT01552,PRD0149,2026-02-03 00:37:57,10,344.39,3443.8999999999996,3443.8999999999996
TRX000960,CLI0277,CRT02488,PRD0133,2026-01-14 09:02:30,3,238.5,715.5,2853.74
TRX000961,CLI0241,CRT01100,PRD0107,2026-03-01 08:08:53,8,114.48,915.84,10853.04
TRX000962,CLI0043,CRT03003,PRD0003,2026-05-29 15:21:31,5,149.12,745.6,9409.33
TRX000963,CLI0282,CRT00972,PRD0079,2026-04-08 01:35:54,4,98.65,394.6,3608.17
TRX000964,CLI0339,CRT02985,PRD0032,2026-04-05 09:39:46,2,224.53,449.06,3885.21
TRX000965,CLI0273,CRT02293,PRD0140,2026-04-07 13:37:34,3,80.42,241.26,329.07
TRX000966,CLI0243,CRT02582,PRD0019,2026-07-13 12:16:15,7,13.65,95.55,6225.9
TRX000967,CLI0233,CRT01165,PRD0181,2026-05-11 15:26:30,7,318.21,2227.47,4549.96
TRX000968,CLI0395,CRT02352,PRD0057,2026-06-28 15:12:27,7,59.71,417.97,10472.720000000001
TRX000969,CLI0135,CRT03149,PRD0088,2026-05-14 00:08:01,6,64.83,388.98,3008.08
TRX000970,CLI0040,CRT03143,PRD0121,2026-07-05 21:03:43,7,301.87,2113.09,5356.9400000000005
TRX000971,CLI0144,CRT00593,PRD0174,2026-04-12 08:05:10,1,6.76,6.76,2559.93
TRX000972,CLI0356,CRT03452,PRD0145,2026-03-22 18:20:36,3,40.06,120.18,120.18
TRX000973,CLI0198,CRT02528,PRD0069,2026-05-25 05:54:41,4,112.37,449.48,6033.9
TRX000974,CLI0284,CRT01282,PRD0084,2026-01-11 13:59:13,4,129.22,516.88,6454.26
TRX000975,CLI0299,CRT00050,PRD0041,2026-07-14 03:38:53,7,228.33,1598.3100000000002,5921.8099999999995
TRX000976,CLI0163,CRT02326,PRD0187,2026-03-11 13:55:18,2,241.37,482.74,1317.7
TRX000977,CLI0147,CRT01458,PRD0121,2026-02-16 06:23:04,7,301.87,2113.09,3027.6400000000003
TRX000978,CLI0098,CRT02338,PRD0094,2026-06-30 21:59:31,6,179.52,1077.1200000000001,2737.0200000000004
TRX000979,CLI0234,CRT00216,PRD0053,2026-03-11 14:02:36,6,99.29,595.74,4000.8799999999997
TRX000980,CLI0156,CRT00676,PRD0005,2026-01-03 00:00:12,9,228.33,2054.9700000000003,2818.9100000000003
TRX000981,CLI0413,CRT02665,PRD0182,2026-01-14 11:04:15,1,200.1,200.1,3336.34
TRX000982,CLI0275,CRT00517,PRD0181,2026-04-19 20:33:32,7,318.21,2227.47,3579.92
TRX000983,CLI0139,CRT00934,PRD0153,2026-04-16 08:06:10,3,63.71,191.13,2042.5900000000001
TRX000984,CLI0135,CRT00605,PRD0169,2026-03-02 09:48:31,5,259.17,1295.8500000000001,2753.33
TRX000985,CLI0008,CRT00156,PRD0098,2026-03-24 19:20:03,8,136.36,1090.88,1218.16
TRX000986,CLI0325,CRT02130,PRD0102,2026-03-01 00:40:40,6,233.03,1398.18,2131.5299999999997
TRX000987,CLI0210,CRT02411,PRD0193,2026-04-26 06:00:05,6,190.14,1140.84,5037.4
TRX000988,CLI0042,CRT01433,PRD0112,2026-04-11 06:30:37,6,344.42,2066.52,4892.27
TRX000989,CLI0155,CRT02224,PRD0199,2026-06-06 22:47:55,3,223.09,669.27,5038.4
TRX000990,CLI0371,CRT02948,PRD0009,2026-05-15 04:59:55,7,297.0,2079.0,2863.8
TRX000991,CLI0237,CRT03294,PRD0034,2026-03-14 04:46:18,8,115.14,921.12,1574.8600000000001
TRX000992,CLI0045,CRT01090,PRD0196,2026-04-20 14:16:09,3,349.85,1049.5500000000002,2260.4300000000003
TRX000993,CLI0089,CRT01962,PRD0144,2026-02-21 05:41:28,1,213.05,213.05,557.5699999999999
TRX000994,CLI0356,CRT00413,PRD0120,2026-05-30 05:32:54,4,291.12,1164.48,10655.130000000001
TRX000995,CLI0278,CRT01632,PRD0124,2026-03-29 19:40:48,7,96.92,678.44,678.44
TRX000996,CLI0091,CRT02927,PRD0109,2026-03-07 00:34:09,8,181.62,1452.96,4424.6
TRX000997,CLI0346,CRT00302,PRD0145,2026-07-11 19:26:19,1,40.06,40.06,5960.91
TRX000998,CLI0160,CRT03256,PRD0139,2026-02-12 07:29:38,3,30.96,92.88,4681.77
TRX000999,CLI0075,CRT00309,PRD0178,2026-01-16 10:44:44,8,198.09,1584.72,5831.51
TRX001000,CLI0399,CRT03214,PRD0057,2026-04-02 06:47:32,6,59.71,358.26,5722.75
TRX001001,CLI0075,CRT00639,PRD0045,2026-02-12 23:19:22,2,301.22,602.44,1002.96
TRX001002,CLI0147,CRT00303,PRD0019,2026-04-19 00:27:53,1,13.65,13.65,4375.53
TRX001003,CLI0167,CRT01112,PRD0137,2026-05-23 23:38:44,1,116.26,116.26,3973.8100000000004
TRX001004,CLI0329,CRT02194,PRD0183,2026-06-22 23:40:00,6,74.71,448.26,1342.52
TRX001005,CLI0422,CRT00071,PRD0163,2026-04-15 17:38:19,7,278.04,1946.2800000000002,4191.57
TRX001006,CLI0144,CRT00593,PRD0076,2026-04-12 08:05:10,9,260.49,2344.41,2559.93
TRX001007,CLI0414,CRT00037,PRD0020,2026-02-19 04:35:39,8,75.82,606.56,2762.85
TRX001008,CLI0318,CRT02233,PRD0108,2026-06-08 03:41:14,1,166.93,166.93,401.9
TRX001009,CLI0372,CRT01612,PRD0111,2026-05-08 10:08:25,7,282.78,1979.4599999999998,4384.98
TRX001010,CLI0149,CRT03071,PRD0113,2026-02-11 05:31:02,10,310.43,3104.3,4267.5
TRX001011,CLI0205,CRT03302,PRD0069,2026-01-21 20:15:35,1,112.37,112.37,1672.95
TRX001012,CLI0140,CRT01078,PRD0161,2026-02-08 05:44:03,6,331.95,1991.6999999999998,2974.47
TRX001013,CLI0106,CRT02384,PRD0049,2026-03-21 15:44:09,8,36.18,289.44,3861.67
TRX001014,CLI0371,CRT03300,PRD0132,2026-03-19 10:00:02,2,153.95,307.9,3588.88
TRX001015,CLI0358,CRT03027,PRD0023,2026-03-18 17:07:08,2,262.09,524.18,2467.38
TRX001016,CLI0393,CRT02616,PRD0132,2026-03-13 08:01:25,3,153.95,461.84999999999997,549.91
TRX001017,CLI0190,CRT02584,PRD0007,2026-06-24 12:29:27,2,149.36,298.72,4008.58
TRX001018,CLI0026,CRT01087,PRD0199,2026-02-03 01:03:20,9,223.09,2007.81,5570.01
TRX001019,CLI0304,CRT01328,PRD0160,2026-03-14 15:09:15,2,246.16,492.32,6589.6
TRX001020,CLI0034,CRT01005,PRD0135,2026-03-16 17:08:30,7,198.63,1390.4099999999999,5545.29
TRX001021,CLI0215,CRT00977,PRD0032,2026-03-20 11:16:09,8,224.53,1796.24,7139.0
TRX001022,CLI0362,CRT01978,PRD0004,2026-01-13 15:56:26,10,178.11,1781.1000000000001,5020.73
TRX001023,CLI0432,CRT01449,PRD0046,2026-05-21 16:12:40,4,234.97,939.88,1019.6800000000001
TRX001024,CLI0167,CRT02924,PRD0181,2026-01-15 22:47:25,3,318.21,954.6299999999999,6278.35
TRX001025,CLI0314,CRT00955,PRD0136,2026-01-14 18:49:20,4,303.73,1214.92,3804.53
TRX001026,CLI0232,CRT00698,PRD0096,2026-03-11 22:40:25,6,15.79,94.74,6545.639999999999
TRX001027,CLI0157,CRT03428,PRD0191,2026-01-02 15:40:03,4,288.92,1155.68,2373.0299999999997
TRX001028,CLI0068,CRT00908,PRD0073,2026-02-22 23:45:20,10,292.23,2922.3,3554.94
TRX001029,CLI0424,CRT01539,PRD0056,2026-06-25 10:57:42,4,143.73,574.92,574.92
TRX001030,CLI0189,CRT00324,PRD0097,2026-07-13 21:25:20,4,275.78,1103.12,6086.860000000001
TRX001031,CLI0193,CRT01244,PRD0140,2026-06-18 23:35:22,1,80.42,80.42,2034.62
TRX001032,CLI0277,CRT01273,PRD0158,2026-02-27 00:07:13,6,12.47,74.82000000000001,1635.87
TRX001033,CLI0276,CRT02704,PRD0173,2026-07-02 23:43:39,5,330.57,1652.85,7367.3
TRX001034,CLI0028,CRT01831,PRD0136,2026-02-28 06:40:04,9,303.73,2733.57,4842.110000000001
TRX001035,CLI0206,CRT02904,PRD0136,2026-06-05 09:53:05,5,303.73,1518.65,8624.66
TRX001036,CLI0322,CRT02405,PRD0028,2026-05-18 10:37:38,10,301.62,3016.2,3085.8599999999997
TRX001037,CLI0258,CRT00597,PRD0129,2026-03-30 14:20:05,6,4.55,27.299999999999997,4962.74
TRX001038,CLI0268,CRT03324,PRD0040,2026-05-16 08:45:25,2,256.15,512.3,6029.87
TRX001039,CLI0365,CRT02049,PRD0089,2026-04-19 15:00:08,7,57.82,404.74,404.74
TRX001040,CLI0100,CRT00545,PRD0013,2026-01-09 21:49:39,6,103.06,618.36,5921.43
TRX001041,CLI0213,CRT01991,PRD0079,2026-07-16 00:14:23,8,98.65,789.2,789.2
TRX001042,CLI0353,CRT03479,PRD0015,2026-02-21 04:10:35,1,125.96,125.96,125.96
TRX001043,CLI0353,CRT01519,PRD0124,2026-06-15 08:54:39,8,96.92,775.36,1744.96
TRX001044,CLI0297,CRT02262,PRD0068,2026-05-25 12:13:15,10,140.04,1400.3999999999999,1747.08
TRX001045,CLI0258,CRT02388,PRD0049,2026-07-03 16:42:36,5,36.18,180.9,1483.69
TRX001046,CLI0271,CRT01011,PRD0055,2026-01-23 17:36:34,4,349.75,1399.0,4008.46
TRX001047,CLI0040,CRT01198,PRD0176,2026-07-20 10:06:58,3,288.19,864.5699999999999,1729.4499999999998
TRX001048,CLI0349,CRT03390,PRD0098,2026-03-16 08:18:42,2,136.36,272.72,4794.57
TRX001049,CLI0231,CRT01931,PRD0078,2026-05-30 08:50:01,9,172.26,1550.34,2030.7099999999998
TRX001050,CLI0379,CRT02601,PRD0082,2026-06-06 02:57:45,4,316.62,1266.48,2475.13
TRX001051,CLI0369,CRT00942,PRD0175,2026-03-22 14:21:02,1,120.9,120.9,3923.23
TRX001052,CLI0215,CRT01797,PRD0036,2026-02-16 14:52:26,3,86.2,258.6,1506.9
TRX001053,CLI0331,CRT00738,PRD0066,2026-02-09 19:31:40,5,148.18,740.9000000000001,4736.43
TRX001054,CLI0314,CRT00764,PRD0152,2026-03-14 11:44:43,3,336.37,1009.11,3301.98
TRX001055,CLI0336,CRT00913,PRD0076,2026-05-25 05:45:15,7,260.49,1823.43,3249.5800000000004
TRX001056,CLI0052,CRT03227,PRD0001,2026-05-06 00:47:57,5,260.19,1300.95,4350.07
TRX001057,CLI0311,CRT01810,PRD0047,2026-06-21 21:46:51,7,327.59,2293.1299999999997,3509.0299999999997
TRX001058,CLI0050,CRT02209,PRD0003,2026-01-08 17:28:30,9,149.12,1342.08,3320.94
TRX001059,CLI0337,CRT01664,PRD0150,2026-04-19 20:40:55,6,151.36,908.1600000000001,1206.0300000000002
TRX001060,CLI0227,CRT01636,PRD0015,2026-04-28 01:18:36,6,125.96,755.76,4007.54
TRX001061,CLI0395,CRT01131,PRD0107,2026-04-08 11:55:14,2,114.48,228.96,3268.46
TRX001062,CLI0175,CRT01974,PRD0004,2026-07-20 12:56:02,10,178.11,1781.1000000000001,5834.96
TRX001063,CLI0199,CRT02305,PRD0075,2026-07-12 23:29:10,1,38.5,38.5,3887.46
TRX001064,CLI0308,CRT03155,PRD0163,2026-04-07 07:52:09,3,278.04,834.1200000000001,4860.78
TRX001065,CLI0158,CRT01129,PRD0182,2026-04-14 02:32:03,1,200.1,200.1,750.0999999999999
TRX001066,CLI0276,CRT00367,PRD0002,2026-06-29 15:50:47,5,38.12,190.6,6999.0199999999995
TRX001067,CLI0202,CRT01257,PRD0182,2026-02-15 23:30:04,2,200.1,400.2,400.2
TRX001068,CLI0357,CRT03154,PRD0104,2026-05-20 06:02:51,2,46.73,93.46,2826.14
TRX001069,CLI0179,CRT00556,PRD0010,2026-03-30 10:04:02,6,162.15,972.9000000000001,4624.6
TRX001070,CLI0264,CRT01665,PRD0186,2026-04-18 09:42:26,5,13.84,69.2,1502.49
TRX001071,CLI0268,CRT01179,PRD0011,2026-06-06 03:13:12,9,104.38,939.42,5581.72
TRX001072,CLI0333,CRT03161,PRD0048,2026-04-27 15:04:30,9,275.16,2476.44,4179.38
TRX001073,CLI0243,CRT00655,PRD0080,2026-05-21 01:57:35,1,342.98,342.98,3091.25
TRX001074,CLI0031,CRT01254,PRD0048,2026-03-08 09:38:10,6,275.16,1650.96,5314.4400000000005
TRX001075,CLI0060,CRT00570,PRD0166,2026-03-08 02:27:34,2,124.75,249.5,2967.9700000000003
TRX001076,CLI0337,CRT01914,PRD0075,2026-07-10 21:54:50,1,38.5,38.5,9751.08
TRX001077,CLI0032,CRT02633,PRD0026,2026-06-01 19:30:02,10,238.97,2389.7,3940.04
TRX001078,CLI0307,CRT01537,PRD0107,2026-07-12 06:05:06,4,114.48,457.92,4976.74
TRX001079,CLI0355,CRT02159,PRD0129,2026-02-04 23:32:10,4,4.55,18.2,2167.1099999999997
TRX001080,CLI0179,CRT02078,PRD0130,2026-01-18 01:37:36,5,312.35,1561.75,4591.57
TRX001081,CLI0111,CRT02431,PRD0086,2026-07-02 01:15:14,7,197.06,1379.42,3715.64
TRX001082,CLI0269,CRT02559,PRD0168,2026-04-17 23:49:49,6,260.65,1563.8999999999999,4108.5199999999995
TRX001083,CLI0339,CRT01658,PRD0125,2026-03-04 09:00:55,4,54.91,219.64,4565.55
TRX001084,CLI0398,CRT00853,PRD0118,2026-04-21 11:46:30,4,163.96,655.84,2234.4700000000003
TRX001085,CLI0326,CRT02532,PRD0003,2026-06-26 13:24:18,7,149.12,1043.8400000000001,2748.51
TRX001086,CLI0126,CRT02104,PRD0044,2026-06-30 21:06:03,4,248.47,993.88,4172.9400000000005
TRX001087,CLI0340,CRT01689,PRD0009,2026-05-19 11:24:31,4,297.0,1188.0,1188.0
TRX001088,CLI0198,CRT01405,PRD0024,2026-06-26 12:07:14,1,78.71,78.71,154.95
TRX001089,CLI0103,CRT00141,PRD0033,2026-03-29 14:53:53,6,267.47,1604.8200000000002,2326.2400000000002
TRX001090,CLI0099,CRT03252,PRD0162,2026-03-06 06:17:50,8,195.42,1563.36,3509.6400000000003
TRX001091,CLI0112,CRT00821,PRD0048,2026-07-07 02:48:38,6,275.16,1650.96,1832.58
TRX001092,CLI0337,CRT03272,PRD0006,2026-04-06 13:32:34,5,207.27,1036.3500000000001,1279.46
TRX001093,CLI0071,CRT03245,PRD0073,2026-02-26 03:02:17,4,292.23,1168.92,5887.08
TRX001094,CLI0004,CRT00378,PRD0005,2026-06-14 22:30:48,8,228.33,1826.64,6500.1
TRX001095,CLI0076,CRT01491,PRD0053,2026-07-03 15:34:11,1,99.29,99.29,2632.6099999999997
TRX001096,CLI0314,CRT00943,PRD0032,2026-07-10 20:49:24,1,224.53,224.53,5606.93
TRX001097,CLI0276,CRT02022,PRD0041,2026-03-27 14:11:57,10,228.33,2283.3,5336.95
TRX001098,CLI0420,CRT02076,PRD0189,2026-07-09 17:47:47,9,80.62,725.58,1814.08
TRX001099,CLI0005,CRT00575,PRD0152,2026-06-29 09:35:17,5,336.37,1681.85,6339.99
TRX001100,CLI0121,CRT00583,PRD0114,2026-07-08 08:48:46,2,141.38,282.76,6640.04
TRX001101,CLI0140,CRT01053,PRD0140,2026-04-16 03:09:36,7,80.42,562.94,2546.3900000000003
TRX001102,CLI0199,CRT02089,PRD0074,2026-03-01 14:23:45,5,229.76,1148.8,1162.08
TRX001103,CLI0015,CRT02442,PRD0172,2026-01-04 12:16:26,4,97.82,391.28,874.88
TRX001104,CLI0021,CRT01835,PRD0115,2026-04-24 12:58:49,8,301.5,2412.0,3692.75
TRX001105,CLI0356,CRT03331,PRD0165,2026-01-20 02:44:09,8,194.83,1558.64,5881.88
TRX001106,CLI0079,CRT01988,PRD0194,2026-06-15 13:14:35,1,311.57,311.57,3950.2300000000005
TRX001107,CLI0036,CRT00489,PRD0009,2026-02-28 13:46:12,3,297.0,891.0,5182.93
TRX001108,CLI0022,CRT02322,PRD0125,2026-04-30 18:39:03,2,54.91,109.82,7126.6
TRX001109,CLI0163,CRT02760,PRD0107,2026-07-12 14:11:00,8,114.48,915.84,1780.4099999999999
TRX001110,CLI0369,CRT00189,PRD0009,2026-06-08 04:17:11,1,297.0,297.0,2715.89
TRX001111,CLI0196,CRT00317,PRD0173,2026-04-10 15:10:00,5,330.57,1652.85,3563.21
TRX001112,CLI0157,CRT02776,PRD0093,2026-04-15 11:23:11,8,302.86,2422.88,4446.49
TRX001113,CLI0402,CRT00496,PRD0184,2026-05-17 18:19:32,1,85.85,85.85,7158.02
TRX001114,CLI0086,CRT01212,PRD0190,2026-02-23 21:02:07,2,23.22,46.44,4307.14
TRX001115,CLI0294,CRT01386,PRD0187,2026-01-02 15:12:38,3,241.37,724.11,9419.52
TRX001116,CLI0392,CRT01613,PRD0133,2026-07-02 21:11:13,6,238.5,1431.0,8127.950000000001
TRX001117,CLI0385,CRT02306,PRD0052,2026-05-11 13:37:35,10,68.6,686.0,1986.14
TRX001118,CLI0053,CRT00702,PRD0055,2026-03-14 09:48:03,3,349.75,1049.25,5118.71
TRX001119,CLI0167,CRT00603,PRD0127,2026-04-03 22:18:38,9,24.14,217.26,4087.1200000000003
TRX001120,CLI0396,CRT01077,PRD0191,2026-04-23 04:17:00,4,288.92,1155.68,3629.8900000000003
TRX001121,CLI0139,CRT00647,PRD0009,2026-04-24 13:13:20,4,297.0,1188.0,4714.639999999999
TRX001122,CLI0043,CRT03003,PRD0058,2026-05-29 15:21:31,10,275.33,2753.2999999999997,9409.33
TRX001123,CLI0298,CRT01528,PRD0112,2026-01-15 05:19:14,8,344.42,2755.36,6818.18
TRX001124,CLI0125,CRT02535,PRD0121,2026-05-03 01:15:22,2,301.87,603.74,4472.599999999999
TRX001125,CLI0267,CRT00540,PRD0139,2026-03-15 21:45:11,8,30.96,247.68,1368.13
TRX001126,CLI0162,CRT01944,PRD0186,2026-05-22 02:18:44,9,13.84,124.56,4279.9
TRX001127,CLI0187,CRT02715,PRD0046,2026-05-20 06:14:52,6,234.97,1409.82,1409.82
TRX001128,CLI0199,CRT00018,PRD0019,2026-02-17 13:30:30,7,13.65,95.55,1532.5800000000002
TRX001129,CLI0233,CRT00558,PRD0112,2026-04-14 20:55:54,9,344.42,3099.78,5580.7300000000005
TRX001130,CLI0005,CRT00350,PRD0127,2026-01-30 12:35:51,2,24.14,48.28,5916.48
TRX001131,CLI0098,CRT01925,PRD0025,2026-01-23 10:57:21,8,265.13,2121.04,4578.139999999999
TRX001132,CLI0111,CRT01380,PRD0110,2026-06-01 17:14:21,7,286.9,2008.2999999999997,3556.9799999999996
TRX001133,CLI0353,CRT00744,PRD0078,2026-04-07 13:02:25,10,172.26,1722.6,1722.6
TRX001134,CLI0014,CRT01654,PRD0126,2026-07-15 22:45:40,8,146.67,1173.36,3988.8999999999996
TRX001135,CLI0062,CRT01318,PRD0106,2026-03-12 05:08:32,6,102.2,613.2,7612.33
TRX001136,CLI0426,CRT01623,PRD0057,2026-01-18 18:08:11,1,59.71,59.71,4574.05
TRX001137,CLI0101,CRT00850,PRD0168,2026-05-24 22:25:39,6,260.65,1563.8999999999999,1660.4599999999998
TRX001138,CLI0363,CRT03210,PRD0057,2026-05-20 02:52:04,10,59.71,597.1,2193.38
TRX001139,CLI0304,CRT01357,PRD0067,2026-05-29 11:52:05,2,327.31,654.62,3296.6800000000003
TRX001140,CLI0303,CRT01115,PRD0197,2026-04-16 08:41:10,8,267.68,2141.44,12062.19
TRX001141,CLI0063,CRT03274,PRD0032,2026-01-03 11:35:58,4,224.53,898.12,4988.08
TRX001142,CLI0233,CRT01400,PRD0034,2026-04-29 05:02:49,10,115.14,1151.4,1663.04
TRX001143,CLI0032,CRT01145,PRD0159,2026-04-05 19:59:03,4,125.8,503.2,2759.16
TRX001144,CLI0335,CRT00992,PRD0075,2026-03-31 01:20:13,1,38.5,38.5,1606.03
TRX001145,CLI0012,CRT02362,PRD0025,2026-05-26 01:10:21,2,265.13,530.26,917.92
TRX001146,CLI0388,CRT03055,PRD0124,2026-03-21 06:50:07,1,96.92,96.92,2403.83
TRX001147,CLI0174,CRT02090,PRD0011,2026-05-19 01:40:05,6,104.38,626.28,1265.83
TRX001148,CLI0252,CRT01870,PRD0140,2026-07-25 15:44:30,6,80.42,482.52,4547.21
TRX001149,CLI0027,CRT01215,PRD0076,2026-02-12 16:53:39,10,260.49,2604.9,6525.33
TRX001150,CLI0204,CRT02345,PRD0047,2026-02-28 08:15:43,2,327.59,655.18,655.18
TRX001151,CLI0130,CRT03396,PRD0163,2026-04-04 16:42:09,7,278.04,1946.2800000000002,5257.56
TRX001152,CLI0243,CRT00095,PRD0021,2026-02-03 23:34:12,10,175.98,1759.8,1995.08
TRX001153,CLI0226,CRT03100,PRD0084,2026-04-04 18:39:31,9,129.22,1162.98,5227.25
TRX001154,CLI0354,CRT00624,PRD0028,2026-02-11 02:11:09,4,301.62,1206.48,2186.46
TRX001155,CLI0420,CRT00824,PRD0109,2026-01-25 21:40:18,4,181.62,726.48,5415.57
TRX001156,CLI0078,CRT01268,PRD0007,2026-06-29 12:00:31,2,149.36,298.72,661.4100000000001
TRX001157,CLI0141,CRT01756,PRD0003,2026-01-21 17:54:07,8,149.12,1192.96,2757.14
TRX001158,CLI0026,CRT00006,PRD0090,2026-04-11 20:49:03,10,15.96,159.60000000000002,3852.08
TRX001159,CLI0296,CRT02098,PRD0129,2026-07-13 01:55:30,4,4.55,18.2,2274.12
TRX001160,CLI0112,CRT01394,PRD0152,2026-02-03 13:02:56,7,336.37,2354.59,3730.77
TRX001161,CLI0423,CRT00271,PRD0181,2026-07-20 06:56:19,5,318.21,1591.05,2155.39
TRX001162,CLI0185,CRT00806,PRD0082,2026-04-26 16:17:34,8,316.62,2532.96,2532.96
TRX001163,CLI0131,CRT01750,PRD0027,2026-03-19 03:17:09,1,209.57,209.57,2593.2799999999997
TRX001164,CLI0103,CRT00155,PRD0071,2026-07-07 13:35:03,9,76.57,689.1299999999999,3696.31
TRX001165,CLI0058,CRT01057,PRD0199,2026-04-06 01:21:41,10,223.09,2230.9,4830.71
TRX001166,CLI0280,CRT00325,PRD0074,2026-07-09 21:58:07,5,229.76,1148.8,1566.32
TRX001167,CLI0058,CRT01345,PRD0074,2026-07-23 05:25:58,5,229.76,1148.8,11416.449999999999
TRX001168,CLI0177,CRT00630,PRD0015,2026-01-06 14:59:30,1,125.96,125.96,6451.72
TRX001169,CLI0052,CRT00528,PRD0191,2026-02-24 18:30:29,7,288.92,2022.44,5486.58
TRX001170,CLI0055,CRT01089,PRD0137,2026-04-09 01:57:31,6,116.26,697.5600000000001,697.5600000000001
TRX001171,CLI0291,CRT02364,PRD0014,2026-06-11 21:57:16,5,99.1,495.5,4624.28
TRX001172,CLI0140,CRT01683,PRD0047,2026-01-18 20:37:22,6,327.59,1965.54,4330.17
TRX001173,CLI0163,CRT00914,PRD0146,2026-01-18 20:17:31,3,318.04,954.1200000000001,4246.29
TRX001174,CLI0097,CRT03343,PRD0191,2026-01-18 10:06:56,6,288.92,1733.52,4862.06
TRX001175,CLI0287,CRT00629,PRD0085,2026-05-23 09:22:59,10,239.52,2395.2000000000003,2395.2000000000003
TRX001176,CLI0112,CRT01394,PRD0162,2026-02-03 13:02:56,4,195.42,781.68,3730.77
TRX001177,CLI0364,CRT01811,PRD0064,2026-07-11 01:39:25,6,237.14,1422.84,5520.79
TRX001178,CLI0421,CRT00373,PRD0011,2026-02-28 09:25:01,8,104.38,835.04,4577.42
TRX001179,CLI0083,CRT02822,PRD0106,2026-02-05 12:52:45,1,102.2,102.2,2352.05
TRX001180,CLI0376,CRT01213,PRD0115,2026-03-30 01:58:40,8,301.5,2412.0,2412.0
TRX001181,CLI0291,CRT02565,PRD0075,2026-02-24 06:45:31,7,38.5,269.5,4777.66
TRX001182,CLI0391,CRT02296,PRD0036,2026-06-07 21:23:01,6,86.2,517.2,2201.19
TRX001183,CLI0090,CRT01416,PRD0061,2026-06-15 20:20:41,1,111.48,111.48,3887.6400000000003
TRX001184,CLI0057,CRT02825,PRD0042,2026-02-18 10:22:22,10,88.65,886.5,4556.82
TRX001185,CLI0276,CRT00564,PRD0119,2026-07-23 20:55:52,5,332.64,1663.1999999999998,4984.8099999999995
TRX001186,CLI0024,CRT00451,PRD0062,2026-01-11 23:36:43,7,321.99,2253.9300000000003,2253.9300000000003
TRX001187,CLI0134,CRT01775,PRD0114,2026-02-14 21:35:28,3,141.38,424.14,5414.35
TRX001188,CLI0049,CRT02403,PRD0012,2026-04-11 01:35:23,1,69.32,69.32,1976.4899999999998
TRX001189,CLI0428,CRT00041,PRD0076,2026-06-02 09:23:21,8,260.49,2083.92,6065.48
TRX001190,CLI0270,CRT02289,PRD0053,2026-07-24 22:41:24,9,99.29,893.61,4914.51
TRX001191,CLI0371,CRT02346,PRD0150,2026-07-11 07:38:28,6,151.36,908.1600000000001,4366.9
TRX001192,CLI0060,CRT01479,PRD0043,2026-03-20 00:54:10,7,194.99,1364.93,4205.7
TRX001193,CLI0255,CRT00191,PRD0137,2026-02-20 22:10:23,3,116.26,348.78000000000003,1205.76
TRX001194,CLI0252,CRT01488,PRD0064,2026-03-23 21:57:38,3,237.14,711.42,6386.91
TRX001195,CLI0024,CRT02598,PRD0188,2026-07-26 11:51:07,8,281.86,2254.88,7802.360000000001
TRX001196,CLI0372,CRT00406,PRD0184,2026-05-29 17:44:17,2,85.85,171.7,3522.6000000000004
TRX001197,CLI0057,CRT02825,PRD0117,2026-02-18 10:22:22,10,196.2,1962.0,4556.82
TRX001198,CLI0398,CRT03179,PRD0064,2026-04-27 20:04:57,3,237.14,711.42,4591.84
TRX001199,CLI0431,CRT01758,PRD0093,2026-03-27 15:22:40,7,302.86,2120.02,3047.56
TRX001200,CLI0347,CRT02734,PRD0115,2026-04-19 05:12:55,1,301.5,301.5,4365.31
TRX001201,CLI0252,CRT02493,PRD0148,2026-01-18 07:00:26,3,270.94,812.8199999999999,3530.94
TRX001202,CLI0074,CRT02955,PRD0152,2026-06-10 21:49:55,7,336.37,2354.59,3777.11
TRX001203,CLI0011,CRT03402,PRD0187,2026-02-07 14:56:21,2,241.37,482.74,482.74
TRX001204,CLI0192,CRT00391,PRD0128,2026-01-03 20:09:11,2,9.29,18.58,2478.97
TRX001205,CLI0430,CRT00626,PRD0107,2026-06-11 03:30:22,9,114.48,1030.32,4643.84
TRX001206,CLI0101,CRT01485,PRD0087,2026-01-06 03:02:36,7,302.95,2120.65,3673.38
TRX001207,CLI0179,CRT02659,PRD0149,2026-07-13 14:14:56,9,344.39,3099.5099999999998,3133.9799999999996
TRX001208,CLI0085,CRT03047,PRD0061,2026-01-14 13:31:30,1,111.48,111.48,2219.4300000000003
TRX001209,CLI0355,CRT00281,PRD0144,2026-05-29 06:19:20,2,213.05,426.1,2933.88
TRX001210,CLI0414,CRT00025,PRD0117,2026-05-19 15:04:22,1,196.2,196.2,1687.4
TRX001211,CLI0358,CRT03319,PRD0086,2026-02-13 05:00:56,10,197.06,1970.6,5185.74
TRX001212,CLI0192,CRT02477,PRD0078,2026-05-08 10:47:57,4,172.26,689.04,4145.88
TRX001213,CLI0348,CRT00903,PRD0025,2026-06-06 22:46:28,7,265.13,1855.9099999999999,5071.66
TRX001214,CLI0241,CRT01803,PRD0048,2026-02-04 11:46:08,1,275.16,275.16,4527.38
TRX001215,CLI0426,CRT02151,PRD0177,2026-02-05 20:15:38,10,221.23,2212.2999999999997,4552.94
TRX001216,CLI0278,CRT03053,PRD0143,2026-01-28 02:22:41,2,331.85,663.7,7873.91
TRX001217,CLI0247,CRT01523,PRD0099,2026-05-25 15:52:36,10,248.8,2488.0,5231.17
TRX001218,CLI0320,CRT01627,PRD0126,2026-01-25 02:47:09,5,146.67,733.3499999999999,2213.0299999999997
TRX001219,CLI0028,CRT00140,PRD0112,2026-02-08 05:00:04,10,344.42,3444.2000000000003,10739.25
TRX001220,CLI0364,CRT03038,PRD0080,2026-02-28 15:25:31,1,342.98,342.98,5321.2300000000005
TRX001221,CLI0063,CRT01611,PRD0191,2026-03-01 15:27:46,9,288.92,2600.28,4413.070000000001
TRX001222,CLI0320,CRT00176,PRD0075,2026-01-13 21:37:26,2,38.5,77.0,5515.29
TRX001223,CLI0296,CRT02098,PRD0094,2026-07-13 01:55:30,8,179.52,1436.16,2274.12
TRX001224,CLI0274,CRT01293,PRD0155,2026-04-26 00:35:51,1,289.44,289.44,512.59
TRX001225,CLI0342,CRT01490,PRD0195,2026-04-03 14:28:28,1,11.49,11.49,5172.61
TRX001226,CLI0072,CRT02363,PRD0199,2026-02-09 12:01:26,4,223.09,892.36,4032.46
TRX001227,CLI0398,CRT02684,PRD0139,2026-06-27 23:58:33,3,30.96,92.88,327.49
TRX001228,CLI0064,CRT00083,PRD0170,2026-06-24 01:06:45,8,100.84,806.72,6546.14
TRX001229,CLI0388,CRT00936,PRD0161,2026-02-22 02:24:28,7,331.95,2323.65,5405.35
TRX001230,CLI0109,CRT01027,PRD0018,2026-01-03 23:19:27,3,115.19,345.57,1648.82
TRX001231,CLI0083,CRT01460,PRD0054,2026-03-02 04:15:24,9,301.82,2716.38,3305.67
TRX001232,CLI0388,CRT01564,PRD0172,2026-04-21 01:32:52,1,97.82,97.82,6546.029999999999
TRX001233,CLI0154,CRT01042,PRD0162,2026-05-25 11:29:13,6,195.42,1172.52,2923.62
TRX001234,CLI0431,CRT00125,PRD0021,2026-06-18 20:19:30,9,175.98,1583.82,5235.799999999999
TRX001235,CLI0192,CRT00391,PRD0038,2026-01-03 20:09:11,8,231.76,1854.08,2478.97
TRX001236,CLI0096,CRT02562,PRD0006,2026-06-30 04:53:27,8,207.27,1658.16,4961.139999999999
TRX001237,CLI0411,CRT01860,PRD0072,2026-06-14 10:18:07,8,308.05,2464.4,2464.4
TRX001238,CLI0023,CRT01387,PRD0098,2026-01-11 17:08:09,8,136.36,1090.88,4467.14
TRX001239,CLI0412,CRT00614,PRD0044,2026-03-02 20:13:09,1,248.47,248.47,3110.83
TRX001240,CLI0184,CRT01873,PRD0171,2026-06-20 03:29:57,2,127.91,255.82,1458.74
TRX001241,CLI0072,CRT00442,PRD0029,2026-04-25 05:47:49,5,95.22,476.1,7872.34
TRX001242,CLI0131,CRT00507,PRD0142,2026-05-03 08:27:55,10,55.45,554.5,7298.12
TRX001243,CLI0308,CRT01728,PRD0140,2026-02-01 11:24:39,8,80.42,643.36,2396.7400000000002
TRX001244,CLI0405,CRT03125,PRD0043,2026-04-21 17:14:10,3,194.99,584.97,584.97
TRX001245,CLI0429,CRT01209,PRD0137,2026-05-07 15:02:05,7,116.26,813.82,1273.0
TRX001246,CLI0225,CRT01604,PRD0043,2026-05-14 23:58:37,9,194.99,1754.91,1927.17
TRX001247,CLI0003,CRT02161,PRD0200,2026-01-03 06:19:05,3,144.4,433.20000000000005,7307.06
TRX001248,CLI0153,CRT03216,PRD0081,2026-02-19 19:29:38,2,151.12,302.24,601.0799999999999
TRX001249,CLI0425,CRT03163,PRD0052,2026-05-19 15:30:16,2,68.6,137.2,3835.14
TRX001250,CLI0324,CRT03263,PRD0038,2026-01-17 16:21:44,10,231.76,2317.6,5337.58
TRX001251,CLI0343,CRT02872,PRD0113,2026-01-04 20:05:21,6,310.43,1862.58,4580.14
TRX001252,CLI0126,CRT01992,PRD0027,2026-05-02 12:25:37,7,209.57,1466.99,3015.77
TRX001253,CLI0162,CRT00143,PRD0049,2026-07-03 06:33:59,10,36.18,361.8,6128.700000000001
TRX001254,CLI0434,CRT01144,PRD0033,2026-02-02 10:42:39,7,267.47,1872.2900000000002,4098.570000000001
TRX001255,CLI0241,CRT00135,PRD0079,2026-01-14 23:05:51,5,98.65,493.25,3551.01
TRX001256,CLI0391,CRT02133,PRD0161,2026-05-23 23:43:20,7,331.95,2323.65,6249.83
TRX001257,CLI0198,CRT02534,PRD0193,2026-04-19 08:59:07,1,190.14,190.14,2697.69
TRX001258,CLI0096,CRT02844,PRD0076,2026-03-05 10:14:09,8,260.49,2083.92,3113.7200000000003
TRX001259,CLI0196,CRT00354,PRD0172,2026-07-23 04:07:40,8,97.82,782.56,2552.44
TRX001260,CLI0106,CRT01795,PRD0131,2026-06-03 07:50:54,4,212.13,848.52,3152.98
TRX001261,CLI0076,CRT02539,PRD0052,2026-03-08 22:02:35,6,68.6,411.59999999999997,907.0999999999999
TRX001262,CLI0409,CRT01183,PRD0088,2026-05-29 11:22:39,10,64.83,648.3,1141.6799999999998
TRX001263,CLI0386,CRT02229,PRD0184,2026-04-16 08:29:14,6,85.85,515.0999999999999,9667.08
TRX001264,CLI0058,CRT01057,PRD0125,2026-04-06 01:21:41,7,54.91,384.37,4830.71
TRX001265,CLI0238,CRT01403,PRD0142,2026-06-30 23:03:41,10,55.45,554.5,3412.1899999999996
TRX001266,CLI0161,CRT00644,PRD0045,2026-03-23 23:46:31,2,301.22,602.44,1866.75
TRX001267,CLI0055,CRT02614,PRD0107,2026-04-22 01:03:50,10,114.48,1144.8,4052.61
TRX001268,CLI0329,CRT02526,PRD0068,2026-05-31 02:35:36,3,140.04,420.12,2262.91
TRX001269,CLI0311,CRT02600,PRD0029,2026-05-05 14:34:10,3,95.22,285.65999999999997,4069.7200000000003
TRX001270,CLI0003,CRT00278,PRD0028,2026-05-16 01:46:06,1,301.62,301.62,3015.16
TRX001271,CLI0285,CRT03194,PRD0138,2026-04-11 07:00:52,6,308.17,1849.02,3926.25
TRX001272,CLI0088,CRT03379,PRD0005,2026-03-22 02:31:43,2,228.33,456.66,6112.93
TRX001273,CLI0041,CRT02778,PRD0019,2026-01-20 08:44:22,4,13.65,54.6,5125.61
TRX001274,CLI0071,CRT01999,PRD0138,2026-07-25 15:36:46,6,308.17,1849.02,8050.73
TRX001275,CLI0054,CRT03483,PRD0001,2026-05-02 00:53:51,7,260.19,1821.33,6073.09
TRX001276,CLI0134,CRT02155,PRD0085,2026-07-12 16:28:58,4,239.52,958.08,2286.09
TRX001277,CLI0041,CRT01888,PRD0038,2026-07-25 17:23:21,10,231.76,2317.6,2862.46
TRX001278,CLI0048,CRT02779,PRD0153,2026-02-12 20:56:47,8,63.71,509.68,2813.84
TRX001279,CLI0226,CRT02430,PRD0036,2026-04-02 06:28:42,5,86.2,431.0,4323.98
TRX001280,CLI0109,CRT00171,PRD0056,2026-07-07 00:47:52,9,143.73,1293.57,3704.51
TRX001281,CLI0389,CRT02007,PRD0028,2026-01-10 23:21:18,10,301.62,3016.2,6159.24
TRX001282,CLI0420,CRT00754,PRD0193,2026-03-09 19:43:09,3,190.14,570.42,1255.4099999999999
TRX001283,CLI0353,CRT03275,PRD0099,2026-01-03 11:58:25,6,248.8,1492.8000000000002,4276.18
TRX001284,CLI0233,CRT00962,PRD0015,2026-06-01 07:21:07,1,125.96,125.96,1196.5
TRX001285,CLI0130,CRT02412,PRD0119,2026-02-23 18:25:30,1,332.64,332.64,2154.42
TRX001286,CLI0095,CRT00650,PRD0030,2026-01-06 04:33:09,8,153.58,1228.64,2705.59
TRX001287,CLI0141,CRT01756,PRD0122,2026-01-21 17:54:07,6,224.09,1344.54,2757.14
TRX001288,CLI0197,CRT00161,PRD0160,2026-05-09 21:25:58,2,246.16,492.32,4307.42
TRX001289,CLI0047,CRT01396,PRD0097,2026-01-05 17:28:06,7,275.78,1930.4599999999998,5843.959999999999
TRX001290,CLI0182,CRT00635,PRD0164,2026-03-25 18:35:04,8,242.9,1943.2,2337.8
TRX001291,CLI0313,CRT00998,PRD0173,2026-06-19 21:39:43,5,330.57,1652.85,6712.32
TRX001292,CLI0199,CRT00018,PRD0066,2026-02-17 13:30:30,9,148.18,1333.6200000000001,1532.5800000000002
TRX001293,CLI0342,CRT00725,PRD0054,2026-02-25 04:06:41,7,301.82,2112.74,3281.66
TRX001294,CLI0099,CRT02738,PRD0069,2026-07-02 13:32:57,8,112.37,898.96,1177.0
TRX001295,CLI0261,CRT02301,PRD0180,2026-05-30 17:48:12,4,217.4,869.6,3114.98
TRX001296,CLI0233,CRT00962,PRD0012,2026-06-01 07:21:07,6,69.32,415.91999999999996,1196.5
TRX001297,CLI0056,CRT01619,PRD0186,2026-02-01 09:07:38,9,13.84,124.56,4558.65
TRX001298,CLI0065,CRT02766,PRD0065,2026-02-06 13:47:30,2,88.06,176.12,453.96
TRX001299,CLI0401,CRT02222,PRD0114,2026-02-02 02:15:26,9,141.38,1272.42,6530.33
TRX001300,CLI0270,CRT00341,PRD0122,2026-02-26 06:41:40,3,224.09,672.27,3231.67
TRX001301,CLI0273,CRT00787,PRD0014,2026-04-09 06:53:52,2,99.1,198.2,3444.3
TRX001302,CLI0069,CRT02482,PRD0111,2026-03-13 11:33:40,8,282.78,2262.24,9534.51
TRX001303,CLI0360,CRT00774,PRD0045,2026-06-01 09:19:06,8,301.22,2409.76,2409.76
TRX001304,CLI0217,CRT02140,PRD0006,2026-05-23 16:26:50,5,207.27,1036.3500000000001,3556.8
TRX001305,CLI0257,CRT02549,PRD0144,2026-05-17 23:58:29,9,213.05,1917.45,4011.09
TRX001306,CLI0391,CRT02133,PRD0079,2026-05-23 23:43:20,8,98.65,789.2,6249.83
TRX001307,CLI0392,CRT01613,PRD0057,2026-07-02 21:11:13,5,59.71,298.55,8127.950000000001
TRX001308,CLI0362,CRT01473,PRD0050,2026-03-17 17:15:16,8,164.79,1318.32,1869.52
TRX001309,CLI0259,CRT02084,PRD0135,2026-06-12 16:46:55,8,198.63,1589.04,4352.32
TRX001310,CLI0339,CRT01896,PRD0037,2026-07-04 20:41:51,10,171.38,1713.8,5842.719999999999
TRX001311,CLI0264,CRT01665,PRD0152,2026-04-18 09:42:26,4,336.37,1345.48,1502.49
TRX001312,CLI0260,CRT01952,PRD0199,2026-02-26 21:23:45,6,223.09,1338.54,6487.39
TRX001313,CLI0008,CRT01201,PRD0145,2026-07-09 04:03:41,10,40.06,400.6,7110.4800000000005
TRX001314,CLI0417,CRT01119,PRD0031,2026-06-27 21:30:59,10,267.28,2672.7999999999997,9964.51
TRX001315,CLI0323,CRT02880,PRD0026,2026-07-10 21:54:43,6,238.97,1433.82,1962.1799999999998
TRX001316,CLI0083,CRT00532,PRD0090,2026-04-10 23:09:05,9,15.96,143.64000000000001,4935.98
TRX001317,CLI0418,CRT02991,PRD0094,2026-01-18 04:07:12,5,179.52,897.6,2895.4
TRX001318,CLI0416,CRT01747,PRD0041,2026-06-25 04:26:37,4,228.33,913.32,2779.2400000000002
TRX001319,CLI0309,CRT01863,PRD0016,2026-04-08 03:22:10,9,223.15,2008.3500000000001,2697.48
TRX001320,CLI0245,CRT00596,PRD0178,2026-05-19 01:11:08,4,198.09,792.36,2136.6000000000004
TRX001321,CLI0233,CRT01366,PRD0102,2026-02-15 14:06:08,6,233.03,1398.18,1847.52
TRX001322,CLI0318,CRT01411,PRD0193,2026-03-27 01:59:44,7,190.14,1330.98,1330.98
TRX001323,CLI0333,CRT02313,PRD0191,2026-01-10 07:32:38,10,288.92,2889.2000000000003,6656.74
TRX001324,CLI0212,CRT02000,PRD0081,2026-04-15 16:42:09,10,151.12,1511.2,9151.84
TRX001325,CLI0235,CRT00276,PRD0060,2026-06-18 21:27:22,10,339.13,3391.3,4440.64
TRX001326,CLI0433,CRT01703,PRD0096,2026-04-22 14:56:13,8,15.79,126.32,906.28
TRX001327,CLI0291,CRT03448,PRD0186,2026-06-10 16:47:24,2,13.84,27.68,5795.6
TRX001328,CLI0154,CRT00291,PRD0089,2026-06-29 19:56:42,3,57.82,173.46,2019.3
TRX001329,CLI0274,CRT02619,PRD0042,2026-06-12 17:54:42,6,88.65,531.9000000000001,895.1400000000001
TRX001330,CLI0233,CRT01854,PRD0073,2026-06-10 09:48:20,3,292.23,876.69,2132.29
TRX001331,CLI0421,CRT01065,PRD0048,2026-05-13 04:49:55,1,275.16,275.16,1833.8000000000002
TRX001332,CLI0097,CRT02629,PRD0160,2026-07-10 04:13:38,2,246.16,492.32,492.32
TRX001333,CLI0145,CRT01581,PRD0068,2026-02-13 19:33:22,10,140.04,1400.3999999999999,2848.12
TRX001334,CLI0227,CRT01636,PRD0063,2026-04-28 01:18:36,4,30.34,121.36,4007.54
TRX001335,CLI0262,CRT00546,PRD0125,2026-05-13 08:26:05,1,54.91,54.91,2460.3599999999997
TRX001336,CLI0233,CRT02048,PRD0160,2026-01-26 05:20:09,7,246.16,1723.12,1780.57
TRX001337,CLI0345,CRT02185,PRD0028,2026-06-24 21:57:12,5,301.62,1508.1,3131.73
TRX001338,CLI0362,CRT01978,PRD0058,2026-01-13 15:56:26,7,275.33,1927.31,5020.73
TRX001339,CLI0148,CRT01454,PRD0146,2026-07-17 01:43:22,10,318.04,3180.4,5054.4
TRX001340,CLI0174,CRT02678,PRD0008,2026-06-01 15:47:41,2,119.47,238.94,3928.71
TRX001341,CLI0294,CRT02630,PRD0095,2026-04-05 04:38:20,3,42.58,127.74,2289.6099999999997
TRX001342,CLI0430,CRT00994,PRD0142,2026-06-04 10:51:57,7,55.45,388.15000000000003,4220.79
TRX001343,CLI0311,CRT02605,PRD0146,2026-02-19 05:12:44,8,318.04,2544.32,6743.13
TRX001344,CLI0207,CRT03464,PRD0027,2026-06-21 00:13:00,2,209.57,419.14,1429.57
TRX001345,CLI0280,CRT01314,PRD0100,2026-02-05 11:42:31,10,252.5,2525.0,2525.0
TRX001346,CLI0263,CRT01882,PRD0004,2026-03-29 16:52:35,2,178.11,356.22,3820.7700000000004
TRX001347,CLI0009,CRT01325,PRD0130,2026-05-05 02:56:20,10,312.35,3123.5,4663.0
TRX001348,CLI0065,CRT03321,PRD0087,2026-03-23 05:23:18,7,302.95,2120.65,2120.65
TRX001349,CLI0134,CRT00433,PRD0157,2026-05-20 19:38:56,10,263.29,2632.9,2632.9
TRX001350,CLI0294,CRT01386,PRD0074,2026-01-02 15:12:38,10,229.76,2297.6,9419.52
TRX001351,CLI0250,CRT00740,PRD0034,2026-03-01 11:31:55,4,115.14,460.56,2051.61
TRX001352,CLI0408,CRT00388,PRD0091,2026-07-24 19:52:09,4,321.66,1286.64,3454.16
TRX001353,CLI0404,CRT01013,PRD0028,2026-06-30 10:27:22,6,301.62,1809.72,6985.54
TRX001354,CLI0211,CRT03028,PRD0114,2026-07-04 12:16:55,4,141.38,565.52,1358.06
TRX001355,CLI0046,CRT02685,PRD0001,2026-07-19 16:52:54,1,260.19,260.19,5815.450000000001
TRX001356,CLI0284,CRT03446,PRD0186,2026-02-21 10:57:40,4,13.84,55.36,4883.48
TRX001357,CLI0064,CRT03427,PRD0167,2026-01-14 17:46:51,2,82.61,165.22,1682.83
TRX001358,CLI0395,CRT01926,PRD0003,2026-04-29 05:23:40,4,149.12,596.48,1396.88
TRX001359,CLI0161,CRT01233,PRD0009,2026-05-21 00:23:06,9,297.0,2673.0,2673.0
TRX001360,CLI0393,CRT00763,PRD0142,2026-05-22 05:36:42,8,55.45,443.6,4725.51
TRX001361,CLI0050,CRT03152,PRD0039,2026-01-10 07:57:35,9,305.67,2751.03,4442.71
TRX001362,CLI0215,CRT00977,PRD0102,2026-03-20 11:16:09,4,233.03,932.12,7139.0
TRX001363,CLI0360,CRT02697,PRD0197,2026-04-22 10:51:47,1,267.68,267.68,9658.1
TRX001364,CLI0039,CRT02206,PRD0127,2026-03-05 07:10:05,6,24.14,144.84,3396.37
TRX001365,CLI0210,CRT02325,PRD0159,2026-04-05 18:06:53,7,125.8,880.6,1783.67
TRX001366,CLI0123,CRT02404,PRD0189,2026-02-10 09:58:04,9,80.62,725.58,4689.01
TRX001367,CLI0038,CRT02216,PRD0177,2026-07-18 21:50:38,3,221.23,663.6899999999999,1269.13
TRX001368,CLI0027,CRT02227,PRD0160,2026-03-17 13:53:18,9,246.16,2215.44,4267.780000000001
TRX001369,CLI0420,CRT01759,PRD0190,2026-01-26 05:50:16,8,23.22,185.76,2400.77
TRX001370,CLI0205,CRT01864,PRD0146,2026-03-07 06:28:52,6,318.04,1908.2400000000002,7377.6900000000005
TRX001371,CLI0099,CRT00788,PRD0057,2026-05-15 23:54:58,4,59.71,238.84,560.5
TRX001372,CLI0188,CRT01414,PRD0090,2026-04-30 22:32:31,4,15.96,63.84,63.84
TRX001373,CLI0254,CRT02649,PRD0064,2026-03-16 13:42:55,6,237.14,1422.84,1664.6399999999999
TRX001374,CLI0394,CRT01002,PRD0098,2026-03-18 11:45:12,6,136.36,818.1600000000001,1201.38
TRX001375,CLI0176,CRT03236,PRD0118,2026-03-30 17:37:07,3,163.96,491.88,2244.05
TRX001376,CLI0142,CRT00550,PRD0021,2026-07-19 14:32:34,7,175.98,1231.86,7309.38
TRX001377,CLI0017,CRT03057,PRD0186,2026-03-03 09:48:00,3,13.84,41.519999999999996,2575.36
TRX001378,CLI0361,CRT01401,PRD0197,2026-04-14 06:44:01,1,267.68,267.68,5841.03
TRX001379,CLI0050,CRT00012,PRD0140,2026-01-07 07:32:05,3,80.42,241.26,4077.2999999999997
TRX001380,CLI0106,CRT02905,PRD0115,2026-02-17 00:07:51,10,301.5,3015.0,9444.0
TRX001381,CLI0377,CRT02671,PRD0097,2026-06-16 00:19:57,5,275.78,1378.8999999999999,3934.31
TRX001382,CLI0097,CRT02297,PRD0115,2026-05-18 10:42:39,9,301.5,2713.5,8494.58
TRX001383,CLI0414,CRT02392,PRD0109,2026-03-05 19:08:45,8,181.62,1452.96,4414.12
TRX001384,CLI0179,CRT00345,PRD0056,2026-02-26 07:46:04,5,143.73,718.65,3414.4900000000002
TRX001385,CLI0372,CRT02031,PRD0200,2026-04-19 18:23:47,8,144.4,1155.2,4682.43
TRX001386,CLI0288,CRT01464,PRD0158,2026-07-01 01:15:46,9,12.47,112.23,600.0
TRX001387,CLI0288,CRT01464,PRD0052,2026-07-01 01:15:46,2,68.6,137.2,600.0
TRX001388,CLI0227,CRT00662,PRD0183,2026-06-10 04:36:09,2,74.71,149.42,3037.7300000000005
TRX001389,CLI0347,CRT00102,PRD0102,2026-05-14 22:42:17,3,233.03,699.09,3064.2
TRX001390,CLI0111,CRT00785,PRD0007,2026-05-13 03:32:09,9,149.36,1344.2400000000002,2946.6000000000004
TRX001391,CLI0403,CRT02134,PRD0149,2026-02-02 11:05:26,3,344.39,1033.17,2530.77
TRX001392,CLI0309,CRT01762,PRD0178,2026-07-06 19:56:31,7,198.09,1386.63,1583.93
TRX001393,CLI0375,CRT00282,PRD0163,2026-02-02 03:46:13,10,278.04,2780.4,5594.08
TRX001394,CLI0216,CRT01998,PRD0003,2026-07-21 08:18:28,10,149.12,1491.2,1491.2
TRX001395,CLI0189,CRT01431,PRD0057,2026-07-24 02:23:21,4,59.71,238.84,5587.38
TRX001396,CLI0026,CRT00080,PRD0141,2026-04-03 07:14:57,5,13.28,66.39999999999999,3241.12
TRX001397,CLI0291,CRT02135,PRD0133,2026-04-15 16:14:15,6,238.5,1431.0,3677.86
TRX001398,CLI0121,CRT00583,PRD0029,2026-07-08 08:48:46,2,95.22,190.44,6640.04
TRX001399,CLI0099,CRT02190,PRD0084,2026-06-23 00:50:30,8,129.22,1033.76,2991.08
TRX001400,CLI0148,CRT02396,PRD0175,2026-06-15 16:36:49,4,120.9,483.6,3440.61
TRX001401,CLI0254,CRT03332,PRD0060,2026-01-16 07:44:09,10,339.13,3391.3,6605.900000000001
TRX001402,CLI0026,CRT00080,PRD0026,2026-04-03 07:14:57,3,238.97,716.91,3241.12
TRX001403,CLI0228,CRT02105,PRD0150,2026-01-22 19:25:32,3,151.36,454.08000000000004,454.08000000000004
TRX001404,CLI0366,CRT02765,PRD0196,2026-02-09 23:56:28,3,349.85,1049.5500000000002,3401.6800000000003
TRX001405,CLI0038,CRT01363,PRD0052,2026-05-01 21:18:09,10,68.6,686.0,2712.1
TRX001406,CLI0424,CRT01790,PRD0077,2026-06-22 17:59:29,4,75.69,302.76,3916.6600000000003
TRX001407,CLI0156,CRT00676,PRD0027,2026-01-03 00:00:12,2,209.57,419.14,2818.9100000000003
TRX001408,CLI0220,CRT03197,PRD0032,2026-02-02 23:09:57,8,224.53,1796.24,2914.67
TRX001409,CLI0345,CRT01603,PRD0110,2026-01-27 14:25:52,8,286.9,2295.2,8903.16
TRX001410,CLI0261,CRT02531,PRD0141,2026-07-01 17:47:24,9,13.28,119.52,3356.52
TRX001411,CLI0229,CRT00838,PRD0177,2026-07-12 21:40:05,7,221.23,1548.61,3747.5099999999998
TRX001412,CLI0415,CRT01653,PRD0162,2026-07-09 21:15:41,6,195.42,1172.52,5230.68
TRX001413,CLI0105,CRT02495,PRD0015,2026-02-02 03:20:27,1,125.96,125.96,7108.72
TRX001414,CLI0010,CRT00700,PRD0174,2026-02-08 01:48:25,4,6.76,27.04,555.4
TRX001415,CLI0144,CRT00465,PRD0021,2026-02-24 05:28:12,10,175.98,1759.8,2454.83
TRX001416,CLI0211,CRT00227,PRD0124,2026-04-23 01:40:25,5,96.92,484.6,6575.63
TRX001417,CLI0328,CRT00109,PRD0113,2026-03-25 10:04:51,8,310.43,2483.44,3792.6800000000003
TRX001418,CLI0276,CRT02022,PRD0068,2026-03-27 14:11:57,6,140.04,840.24,5336.95
TRX001419,CLI0380,CRT01608,PRD0051,2026-02-13 02:21:21,1,142.41,142.41,766.2899999999998
TRX001420,CLI0169,CRT02393,PRD0001,2026-05-26 17:52:30,6,260.19,1561.1399999999999,4404.73
TRX001421,CLI0246,CRT01553,PRD0015,2026-03-31 11:20:38,6,125.96,755.76,3214.34
TRX001422,CLI0391,CRT00847,PRD0138,2026-02-04 17:30:35,8,308.17,2465.36,5086.26
TRX001423,CLI0274,CRT00620,PRD0088,2026-07-04 11:29:43,8,64.83,518.64,6421.389999999999
TRX001424,CLI0205,CRT01615,PRD0140,2026-04-02 17:19:27,8,80.42,643.36,7091.219999999999
TRX001425,CLI0031,CRT02245,PRD0184,2026-02-02 11:20:50,10,85.85,858.5,2020.83
TRX001426,CLI0102,CRT02813,PRD0033,2026-01-22 19:15:49,2,267.47,534.94,6290.7
TRX001427,CLI0167,CRT02933,PRD0182,2026-03-10 07:25:28,8,200.1,1600.8,3852.87
TRX001428,CLI0278,CRT03053,PRD0164,2026-01-28 02:22:41,5,242.9,1214.5,7873.91
TRX001429,CLI0407,CRT03182,PRD0195,2026-04-29 15:02:04,4,11.49,45.96,208.11
TRX001430,CLI0305,CRT00858,PRD0141,2026-06-17 00:52:52,2,13.28,26.56,622.01
TRX001431,CLI0198,CRT02528,PRD0061,2026-05-25 05:54:41,3,111.48,334.44,6033.9
TRX001432,CLI0041,CRT00245,PRD0100,2026-04-28 16:10:20,5,252.5,1262.5,1262.5
TRX001433,CLI0115,CRT02621,PRD0035,2026-05-28 21:52:12,4,344.9,1379.6,1476.1599999999999
TRX001434,CLI0258,CRT02388,PRD0178,2026-07-03 16:42:36,5,198.09,990.45,1483.69
TRX001435,CLI0165,CRT01423,PRD0128,2026-04-01 09:44:03,6,9.29,55.739999999999995,3263.84
TRX001436,CLI0222,CRT01820,PRD0069,2026-02-06 09:28:51,4,112.37,449.48,3313.0200000000004
TRX001437,CLI0081,CRT01646,PRD0144,2026-05-10 02:01:45,6,213.05,1278.3000000000002,9667.160000000002
TRX001438,CLI0146,CRT01349,PRD0150,2026-02-23 15:49:33,4,151.36,605.44,5006.52
TRX001439,CLI0084,CRT02741,PRD0140,2026-04-18 05:35:18,9,80.42,723.78,2465.87
TRX001440,CLI0282,CRT03352,PRD0013,2026-01-22 12:54:15,2,103.06,206.12,5875.84
TRX001441,CLI0046,CRT03092,PRD0103,2026-01-19 06:31:26,2,234.25,468.5,4452.33
TRX001442,CLI0219,CRT01881,PRD0101,2026-01-24 01:28:20,6,26.82,160.92000000000002,1932.66
TRX001443,CLI0185,CRT02506,PRD0029,2026-04-12 13:45:08,8,95.22,761.76,2769.03
TRX001444,CLI0261,CRT02125,PRD0194,2026-07-12 18:21:55,6,311.57,1869.42,3398.28
TRX001445,CLI0387,CRT03463,PRD0042,2026-04-11 04:35:06,1,88.65,88.65,3956.3900000000003
TRX001446,CLI0311,CRT02502,PRD0106,2026-03-05 11:02:08,10,102.2,1022.0,4045.82
TRX001447,CLI0100,CRT01535,PRD0110,2026-07-16 22:51:57,3,286.9,860.6999999999999,5692.41
TRX001448,CLI0407,CRT02898,PRD0097,2026-06-27 06:55:28,8,275.78,2206.24,2704.49
TRX001449,CLI0005,CRT00210,PRD0066,2026-02-05 23:33:49,3,148.18,444.54,3559.33
TRX001450,CLI0145,CRT02841,PRD0110,2026-05-05 03:00:28,1,286.9,286.9,767.5799999999999
TRX001451,CLI0351,CRT02900,PRD0170,2026-05-17 18:41:43,10,100.84,1008.4000000000001,2017.5100000000002
TRX001452,CLI0076,CRT02539,PRD0014,2026-03-08 22:02:35,5,99.1,495.5,907.0999999999999
TRX001453,CLI0028,CRT00140,PRD0105,2026-02-08 05:00:04,9,200.26,1802.34,10739.25
TRX001454,CLI0383,CRT01399,PRD0077,2026-05-30 00:53:19,1,75.69,75.69,5908.56
TRX001455,CLI0373,CRT03246,PRD0016,2026-06-27 04:36:31,4,223.15,892.6,2103.48
TRX001456,CLI0201,CRT02203,PRD0147,2026-02-19 12:11:10,7,208.25,1457.75,3699.39
TRX001457,CLI0050,CRT01541,PRD0140,2026-05-17 21:07:07,10,80.42,804.2,4818.68
TRX001458,CLI0049,CRT02756,PRD0052,2026-05-16 12:42:11,6,68.6,411.59999999999997,3330.5299999999997
TRX001459,CLI0274,CRT00363,PRD0129,2026-01-02 22:49:33,8,4.55,36.4,1512.0400000000002
TRX001460,CLI0279,CRT02965,PRD0081,2026-02-01 00:46:19,6,151.12,906.72,4108.469999999999
TRX001461,CLI0359,CRT02653,PRD0094,2026-07-08 01:54:49,7,179.52,1256.64,3552.9
TRX001462,CLI0133,CRT02030,PRD0196,2026-03-03 11:03:58,3,349.85,1049.5500000000002,2231.6000000000004
TRX001463,CLI0362,CRT02771,PRD0120,2026-04-28 06:39:59,10,291.12,2911.2,5929.9
TRX001464,CLI0210,CRT02527,PRD0195,2026-01-10 04:31:55,5,11.49,57.45,5243.29
TRX001465,CLI0339,CRT01283,PRD0194,2026-02-18 10:52:53,4,311.57,1246.28,3587.99
TRX001466,CLI0405,CRT02298,PRD0079,2026-02-08 11:55:49,4,98.65,394.6,394.6
TRX001467,CLI0386,CRT00497,PRD0151,2026-01-31 03:23:34,10,121.08,1210.8,2676.14
TRX001468,CLI0377,CRT00851,PRD0065,2026-05-15 08:57:55,2,88.06,176.12,2111.6
TRX001469,CLI0103,CRT01690,PRD0086,2026-04-17 14:38:50,7,197.06,1379.42,1379.42
TRX001470,CLI0119,CRT00926,PRD0089,2026-03-01 00:56:58,9,57.82,520.38,2273.76
TRX001471,CLI0431,CRT01156,PRD0054,2026-04-17 05:37:00,7,301.82,2112.74,4817.629999999999
TRX001472,CLI0347,CRT02429,PRD0156,2026-03-11 05:35:19,8,87.81,702.48,2206.2
TRX001473,CLI0225,CRT01604,PRD0078,2026-05-14 23:58:37,1,172.26,172.26,1927.17
TRX001474,CLI0069,CRT02482,PRD0177,2026-03-13 11:33:40,9,221.23,1991.07,9534.51
TRX001475,CLI0098,CRT02634,PRD0109,2026-04-10 15:25:35,9,181.62,1634.58,8540.71
TRX001476,CLI0031,CRT02650,PRD0195,2026-03-27 05:33:34,6,11.49,68.94,1776.4300000000003
TRX001477,CLI0130,CRT01199,PRD0172,2026-02-03 22:25:13,6,97.82,586.92,3152.3199999999997
TRX001478,CLI0023,CRT02413,PRD0172,2026-04-29 00:58:21,1,97.82,97.82,97.82
TRX001479,CLI0069,CRT01158,PRD0089,2026-01-03 02:36:43,7,57.82,404.74,3225.8
TRX001480,CLI0124,CRT01577,PRD0041,2026-05-10 20:45:41,10,228.33,2283.3,4367.22
TRX001481,CLI0348,CRT00903,PRD0161,2026-06-06 22:46:28,5,331.95,1659.75,5071.66
TRX001482,CLI0166,CRT00964,PRD0011,2026-06-27 23:36:50,4,104.38,417.52,2545.7799999999997
TRX001483,CLI0093,CRT00126,PRD0109,2026-03-17 03:33:13,10,181.62,1816.2,3134.6099999999997
TRX001484,CLI0009,CRT00491,PRD0115,2026-02-21 19:01:52,5,301.5,1507.5,7208.9
TRX001485,CLI0085,CRT01827,PRD0029,2026-03-22 17:53:12,5,95.22,476.1,5084.38
TRX001486,CLI0400,CRT00091,PRD0017,2026-02-24 08:03:32,2,134.36,268.72,3268.6800000000003
TRX001487,CLI0365,CRT03081,PRD0081,2026-07-18 14:06:47,1,151.12,151.12,3663.88
TRX001488,CLI0115,CRT01973,PRD0002,2026-05-05 09:23:13,2,38.12,76.24,1800.92
TRX001489,CLI0219,CRT02499,PRD0084,2026-07-05 17:00:20,1,129.22,129.22,2312.57
TRX001490,CLI0328,CRT01074,PRD0072,2026-02-23 11:40:58,5,308.05,1540.25,5684.84
TRX001491,CLI0185,CRT02506,PRD0064,2026-04-12 13:45:08,3,237.14,711.42,2769.03
TRX001492,CLI0256,CRT01987,PRD0090,2026-07-07 03:36:54,8,15.96,127.68,1051.8300000000002
TRX001493,CLI0236,CRT01067,PRD0102,2026-04-10 19:01:04,10,233.03,2330.3,3845.46
TRX001494,CLI0089,CRT02496,PRD0191,2026-06-01 19:58:58,8,288.92,2311.36,6071.32
TRX001495,CLI0256,CRT02357,PRD0067,2026-06-18 12:54:46,5,327.31,1636.55,6535.44
TRX001496,CLI0030,CRT00541,PRD0134,2026-07-18 06:22:53,10,343.3,3433.0,3433.0
TRX001497,CLI0187,CRT02819,PRD0105,2026-04-20 06:37:58,4,200.26,801.04,4961.299999999999
TRX001498,CLI0199,CRT00450,PRD0080,2026-05-01 16:33:11,6,342.98,2057.88,3784.92
TRX001499,CLI0032,CRT02127,PRD0066,2026-03-23 16:55:25,5,148.18,740.9000000000001,2132.2200000000003
TRX001500,CLI0243,CRT03008,PRD0152,2026-02-04 04:00:38,10,336.37,3363.7,6413.85
TRX001501,CLI0337,CRT00901,PRD0178,2026-02-05 03:11:47,3,198.09,594.27,2508.1099999999997
TRX001502,CLI0274,CRT00798,PRD0071,2026-06-03 16:07:46,2,76.57,153.14,8458.74
TRX001503,CLI0078,CRT02979,PRD0199,2026-02-15 15:36:21,1,223.09,223.09,1749.81
TRX001504,CLI0120,CRT02042,PRD0035,2026-03-31 10:53:36,2,344.9,689.8,1167.48
TRX001505,CLI0212,CRT00520,PRD0095,2026-05-22 20:18:00,9,42.58,383.21999999999997,6401.39
TRX001506,CLI0045,CRT00043,PRD0055,2026-04-10 20:15:23,2,349.75,699.5,1943.71
TRX001507,CLI0063,CRT01275,PRD0002,2026-05-26 19:29:23,9,38.12,343.08,2098.9
TRX001508,CLI0332,CRT01781,PRD0078,2026-06-06 22:48:53,9,172.26,1550.34,7167.0
TRX001509,CLI0329,CRT03046,PRD0090,2026-04-14 13:51:08,10,15.96,159.60000000000002,1110.73
TRX001510,CLI0121,CRT01809,PRD0105,2026-05-01 12:53:59,7,200.26,1401.82,5942.62
TRX001511,CLI0414,CRT01670,PRD0162,2026-05-06 03:38:34,10,195.42,1954.1999999999998,5878.5599999999995
TRX001512,CLI0231,CRT03151,PRD0162,2026-06-13 21:03:29,10,195.42,1954.1999999999998,4370.12
TRX001513,CLI0183,CRT03404,PRD0172,2026-05-08 01:07:30,2,97.82,195.64,6769.0199999999995
TRX001514,CLI0030,CRT02254,PRD0059,2026-03-02 18:27:47,4,252.15,1008.6,5185.009999999999
TRX001515,CLI0266,CRT02055,PRD0012,2026-07-19 14:22:24,3,69.32,207.95999999999998,2976.73
TRX001516,CLI0416,CRT01754,PRD0015,2026-07-16 23:27:46,10,125.96,1259.6,2329.97
TRX001517,CLI0019,CRT01832,PRD0077,2026-05-01 09:28:28,4,75.69,302.76,2543.39
TRX001518,CLI0052,CRT01323,PRD0052,2026-07-22 23:01:03,6,68.6,411.59999999999997,10596.759999999998
TRX001519,CLI0263,CRT03242,PRD0022,2026-07-14 05:32:48,8,51.02,408.16,1353.4
TRX001520,CLI0414,CRT02270,PRD0036,2026-07-09 13:41:11,6,86.2,517.2,2022.22
TRX001521,CLI0332,CRT03048,PRD0052,2026-04-19 07:05:23,4,68.6,274.4,1145.58
TRX001522,CLI0412,CRT01688,PRD0061,2026-03-18 15:45:42,9,111.48,1003.32,2574.37
TRX001523,CLI0361,CRT01694,PRD0014,2026-05-13 06:47:30,5,99.1,495.5,2630.7799999999997
TRX001524,CLI0355,CRT01330,PRD0103,2026-02-02 07:30:21,9,234.25,2108.25,4968.55
TRX001525,CLI0145,CRT02341,PRD0123,2026-03-30 14:42:08,2,85.64,171.28,5146.66
TRX001526,CLI0211,CRT00227,PRD0187,2026-04-23 01:40:25,2,241.37,482.74,6575.63
TRX001527,CLI0273,CRT00787,PRD0001,2026-04-09 06:53:52,2,260.19,520.38,3444.3
TRX001528,CLI0247,CRT00723,PRD0161,2026-06-13 10:52:46,6,331.95,1991.6999999999998,4298.849999999999
TRX001529,CLI0383,CRT00526,PRD0167,2026-02-28 16:15:36,8,82.61,660.88,1627.02
TRX001530,CLI0138,CRT02131,PRD0041,2026-05-22 21:20:30,1,228.33,228.33,4306.79
TRX001531,CLI0376,CRT02551,PRD0082,2026-04-16 03:14:08,4,316.62,1266.48,4554.7
TRX001532,CLI0224,CRT00419,PRD0107,2026-03-12 13:05:18,5,114.48,572.4,572.4
TRX001533,CLI0321,CRT00690,PRD0086,2026-03-03 18:48:33,8,197.06,1576.48,2100.66
TRX001534,CLI0159,CRT01746,PRD0103,2026-06-13 13:12:40,6,234.25,1405.5,2008.5
TRX001535,CLI0147,CRT01993,PRD0047,2026-05-10 06:14:07,7,327.59,2293.1299999999997,7464.969999999999
TRX001536,CLI0301,CRT02236,PRD0064,2026-02-19 03:55:56,1,237.14,237.14,1128.1399999999999
TRX001537,CLI0045,CRT00043,PRD0094,2026-04-10 20:15:23,2,179.52,359.04,1943.71
TRX001538,CLI0124,CRT02612,PRD0009,2026-03-04 07:42:20,7,297.0,2079.0,3819.9300000000003
TRX001539,CLI0109,CRT02867,PRD0013,2026-03-15 17:11:13,5,103.06,515.3,584.24
TRX001540,CLI0359,CRT02757,PRD0004,2026-05-27 10:16:01,3,178.11,534.33,7430.33
TRX001541,CLI0316,CRT03144,PRD0050,2026-02-07 11:47:12,7,164.79,1153.53,1831.79
TRX001542,CLI0264,CRT02595,PRD0039,2026-04-16 06:50:33,3,305.67,917.01,3243.01
TRX001543,CLI0277,CRT01273,PRD0177,2026-02-27 00:07:13,5,221.23,1106.1499999999999,1635.87
TRX001544,CLI0349,CRT00115,PRD0060,2026-02-05 00:55:36,6,339.13,2034.78,4215.7300000000005
TRX001545,CLI0233,CRT02193,PRD0188,2026-01-01 15:33:02,6,281.86,1691.16,4534.8
TRX001546,CLI0007,CRT03333,PRD0031,2026-06-21 07:52:09,5,267.28,1336.3999999999999,5400.75
TRX001547,CLI0424,CRT01776,PRD0043,2026-03-25 10:15:35,7,194.99,1364.93,6794.39
TRX001548,CLI0026,CRT00951,PRD0129,2026-02-18 10:36:05,3,4.55,13.649999999999999,2352.0299999999997
TRX001549,CLI0019,CRT03366,PRD0013,2026-05-28 09:41:28,1,103.06,103.06,2128.16
TRX001550,CLI0355,CRT02964,PRD0010,2026-03-10 22:50:45,3,162.15,486.45000000000005,3476.0
TRX001551,CLI0347,CRT01883,PRD0139,2026-02-27 23:34:43,2,30.96,61.92,4173.92
TRX001552,CLI0284,CRT00279,PRD0147,2026-04-21 21:18:12,4,208.25,833.0,6987.15
TRX001553,CLI0346,CRT02793,PRD0109,2026-07-15 19:03:38,6,181.62,1089.72,4346.65
TRX001554,CLI0388,CRT01564,PRD0148,2026-04-21 01:32:52,5,270.94,1354.7,6546.029999999999
TRX001555,CLI0028,CRT01831,PRD0045,2026-02-28 06:40:04,7,301.22,2108.54,4842.110000000001
TRX001556,CLI0098,CRT00857,PRD0197,2026-03-24 12:32:37,10,267.68,2676.8,8580.1
TRX001557,CLI0351,CRT02791,PRD0156,2026-06-05 01:32:31,3,87.81,263.43,3877.56
TRX001558,CLI0414,CRT00640,PRD0056,2026-03-28 15:21:28,3,143.73,431.18999999999994,856.9899999999999
TRX001559,CLI0288,CRT03278,PRD0014,2026-01-17 14:02:20,4,99.1,396.4,1121.8000000000002
TRX001560,CLI0275,CRT03002,PRD0054,2026-02-28 14:00:13,10,301.82,3018.2,7216.58
TRX001561,CLI0167,CRT00800,PRD0116,2026-04-06 15:00:46,5,281.93,1409.65,1456.1000000000001
TRX001562,CLI0011,CRT02511,PRD0117,2026-07-15 13:53:13,1,196.2,196.2,3300.84
TRX001563,CLI0129,CRT00622,PRD0087,2026-05-24 20:40:27,8,302.95,2423.6,2600.9
TRX001564,CLI0157,CRT03428,PRD0014,2026-01-02 15:40:03,2,99.1,198.2,2373.0299999999997
TRX001565,CLI0252,CRT00931,PRD0122,2026-05-02 05:00:24,8,224.09,1792.72,9575.79
TRX001566,CLI0282,CRT00972,PRD0120,2026-04-08 01:35:54,4,291.12,1164.48,3608.17
TRX001567,CLI0379,CRT02601,PRD0174,2026-06-06 02:57:45,5,6.76,33.8,2475.13
TRX001568,CLI0415,CRT02567,PRD0184,2026-07-14 06:59:10,4,85.85,343.4,2832.87
TRX001569,CLI0381,CRT03212,PRD0180,2026-07-07 04:45:11,5,217.4,1087.0,4240.33
TRX001570,CLI0046,CRT03172,PRD0176,2026-06-16 00:35:53,7,288.19,2017.33,2442.7799999999997
TRX001571,CLI0040,CRT00464,PRD0027,2026-05-12 23:25:41,7,209.57,1466.99,3034.4
TRX001572,CLI0410,CRT01060,PRD0055,2026-05-04 18:12:23,1,349.75,349.75,6284.44
TRX001573,CLI0407,CRT00728,PRD0199,2026-03-12 21:17:17,10,223.09,2230.9,5223.57
TRX001574,CLI0351,CRT00854,PRD0112,2026-05-28 03:15:43,6,344.42,2066.52,4227.219999999999
TRX001575,CLI0235,CRT02666,PRD0022,2026-06-17 05:57:35,5,51.02,255.10000000000002,4253.52
TRX001576,CLI0354,CRT01671,PRD0073,2026-06-22 07:29:48,8,292.23,2337.84,2337.84
TRX001577,CLI0275,CRT00344,PRD0122,2026-04-14 03:20:51,1,224.09,224.09,632.25
TRX001578,CLI0074,CRT03086,PRD0106,2026-07-16 11:16:12,1,102.2,102.2,5365.009999999999
TRX001579,CLI0354,CRT00179,PRD0060,2026-01-30 15:10:27,7,339.13,2373.91,5553.4
TRX001580,CLI0065,CRT02766,PRD0183,2026-02-06 13:47:30,1,74.71,74.71,453.96
TRX001581,CLI0175,CRT00256,PRD0093,2026-04-04 01:58:33,4,302.86,1211.44,7242.79
TRX001582,CLI0187,CRT01675,PRD0071,2026-04-22 07:20:44,10,76.57,765.6999999999999,4080.47
TRX001583,CLI0258,CRT01547,PRD0155,2026-02-26 06:51:36,9,289.44,2604.96,3658.12
TRX001584,CLI0302,CRT01667,PRD0151,2026-01-06 11:31:26,2,121.08,242.16,3905.22
TRX001585,CLI0005,CRT00350,PRD0099,2026-01-30 12:35:51,1,248.8,248.8,5916.48
TRX001586,CLI0061,CRT02063,PRD0198,2026-06-27 07:44:31,8,156.17,1249.36,1407.2599999999998
TRX001587,CLI0288,CRT02095,PRD0195,2026-06-15 04:30:24,10,11.49,114.9,3282.28
TRX001588,CLI0311,CRT01050,PRD0003,2026-04-10 06:49:20,6,149.12,894.72,2921.64
TRX001589,CLI0347,CRT00034,PRD0065,2026-06-08 05:22:06,2,88.06,176.12,845.0600000000001
TRX001590,CLI0004,CRT01505,PRD0129,2026-04-15 23:15:29,7,4.55,31.849999999999998,8646.029999999999
TRX001591,CLI0278,CRT03168,PRD0191,2026-04-22 13:53:32,4,288.92,1155.68,5954.0
TRX001592,CLI0101,CRT02520,PRD0115,2026-02-09 06:54:14,6,301.5,1809.0,2160.96
TRX001593,CLI0365,CRT01550,PRD0136,2026-05-22 04:08:57,3,303.73,911.19,6428.45
TRX001594,CLI0241,CRT02250,PRD0178,2026-03-21 21:57:59,2,198.09,396.18,4977.79
TRX001595,CLI0361,CRT02062,PRD0117,2026-05-12 19:15:55,5,196.2,981.0,3445.08
TRX001596,CLI0411,CRT02223,PRD0126,2026-04-24 01:59:41,2,146.67,293.34,2732.97
TRX001597,CLI0307,CRT02645,PRD0110,2026-03-23 11:14:47,3,286.9,860.6999999999999,4262.0
TRX001598,CLI0360,CRT03473,PRD0029,2026-02-22 18:47:47,1,95.22,95.22,441.81999999999994
TRX001599,CLI0199,CRT00882,PRD0197,2026-06-19 09:52:41,3,267.68,803.04,4015.8599999999997
TRX001600,CLI0191,CRT01426,PRD0001,2026-03-30 16:28:18,3,260.19,780.5699999999999,4508.969999999999
TRX001601,CLI0266,CRT00948,PRD0144,2026-05-18 14:24:13,5,213.05,1065.25,7110.540000000001
TRX001602,CLI0050,CRT02209,PRD0051,2026-01-08 17:28:30,2,142.41,284.82,3320.94
TRX001603,CLI0365,CRT01151,PRD0030,2026-04-08 14:46:59,8,153.58,1228.64,5981.91
TRX001604,CLI0233,CRT01692,PRD0175,2026-06-21 19:56:10,6,120.9,725.4000000000001,2195.9500000000003
TRX001605,CLI0430,CRT00994,PRD0172,2026-06-04 10:51:57,7,97.82,684.74,4220.79
TRX001606,CLI0097,CRT02259,PRD0161,2026-06-20 17:19:14,2,331.95,663.9,3702.37
TRX001607,CLI0314,CRT00925,PRD0194,2026-03-01 21:42:46,7,311.57,2180.99,4408.45
TRX001608,CLI0309,CRT01863,PRD0071,2026-04-08 03:22:10,9,76.57,689.1299999999999,2697.48
TRX001609,CLI0294,CRT01194,PRD0107,2026-01-14 23:53:45,1,114.48,114.48,2497.73
TRX001610,CLI0251,CRT02373,PRD0195,2026-01-07 06:47:50,10,11.49,114.9,357.62
TRX001611,CLI0034,CRT01761,PRD0028,2026-04-01 15:19:24,6,301.62,1809.72,3361.87
TRX001612,CLI0355,CRT02191,PRD0105,2026-06-23 19:24:13,7,200.26,1401.82,3091.41
TRX001613,CLI0192,CRT00391,PRD0123,2026-01-03 20:09:11,5,85.64,428.2,2478.97
TRX001614,CLI0254,CRT02649,PRD0175,2026-03-16 13:42:55,2,120.9,241.8,1664.6399999999999
TRX001615,CLI0147,CRT00638,PRD0094,2026-04-29 22:59:59,9,179.52,1615.68,5033.0199999999995
TRX001616,CLI0032,CRT00023,PRD0169,2026-02-08 03:31:15,6,259.17,1555.02,7092.83
TRX001617,CLI0012,CRT03127,PRD0031,2026-07-14 15:23:53,5,267.28,1336.3999999999999,5305.219999999999
TRX001618,CLI0026,CRT01784,PRD0046,2026-04-13 22:30:03,2,234.97,469.94,1357.1699999999998
TRX001619,CLI0359,CRT01736,PRD0113,2026-01-29 11:31:22,4,310.43,1241.72,4982.96
TRX001620,CLI0430,CRT00626,PRD0089,2026-06-11 03:30:22,4,57.82,231.28,4643.84
TRX001621,CLI0357,CRT02662,PRD0092,2026-02-19 19:57:08,4,10.72,42.88,5591.61
TRX001622,CLI0157,CRT02356,PRD0058,2026-07-08 00:21:08,7,275.33,1927.31,3717.08
TRX001623,CLI0220,CRT00331,PRD0088,2026-03-13 20:15:54,7,64.83,453.81,2011.19
TRX001624,CLI0028,CRT03018,PRD0073,2026-06-29 03:51:34,6,292.23,1753.38,5154.83
TRX001625,CLI0130,CRT01199,PRD0074,2026-02-03 22:25:13,1,229.76,229.76,3152.3199999999997
TRX001626,CLI0322,CRT02405,PRD0190,2026-05-18 10:37:38,3,23.22,69.66,3085.8599999999997
TRX001627,CLI0045,CRT02879,PRD0132,2026-01-28 04:45:02,9,153.95,1385.55,6757.030000000001
TRX001628,CLI0177,CRT00678,PRD0014,2026-03-15 17:04:58,6,99.1,594.5999999999999,3826.3799999999997
TRX001629,CLI0184,CRT00381,PRD0180,2026-05-09 03:51:51,10,217.4,2174.0,6327.33
TRX001630,CLI0396,CRT00812,PRD0148,2026-06-26 10:02:50,2,270.94,541.88,1608.53
TRX001631,CLI0142,CRT01076,PRD0199,2026-05-17 11:37:11,6,223.09,1338.54,1922.04
TRX001632,CLI0023,CRT01069,PRD0138,2026-06-25 21:38:14,7,308.17,2157.19,3968.11
TRX001633,CLI0089,CRT02683,PRD0145,2026-06-17 13:40:00,6,40.06,240.36,6192.97
TRX001634,CLI0429,CRT01652,PRD0041,2026-04-04 12:42:07,9,228.33,2054.9700000000003,5831.45
TRX001635,CLI0178,CRT02397,PRD0101,2026-06-29 10:49:47,2,26.82,53.64,601.44
TRX001636,CLI0138,CRT03247,PRD0151,2026-03-12 17:32:00,8,121.08,968.64,968.64
TRX001637,CLI0031,CRT00737,PRD0026,2026-01-16 12:56:38,10,238.97,2389.7,4026.0999999999995
TRX001638,CLI0395,CRT02352,PRD0122,2026-06-28 15:12:27,2,224.09,448.18,10472.720000000001
TRX001639,CLI0298,CRT01134,PRD0158,2026-07-13 23:09:39,6,12.47,74.82000000000001,8470.55
TRX001640,CLI0159,CRT00672,PRD0104,2026-03-30 17:32:11,8,46.73,373.84,979.3599999999999
TRX001641,CLI0023,CRT01387,PRD0080,2026-01-11 17:08:09,9,342.98,3086.82,4467.14
TRX001642,CLI0195,CRT00602,PRD0103,2026-05-29 03:40:05,3,234.25,702.75,4090.36
TRX001643,CLI0266,CRT00553,PRD0188,2026-01-04 02:29:53,10,281.86,2818.6000000000004,3048.8800000000006
TRX001644,CLI0152,CRT02320,PRD0022,2026-04-24 18:53:22,1,51.02,51.02,74.24000000000001
TRX001645,CLI0154,CRT01140,PRD0085,2026-05-26 11:05:17,6,239.52,1437.1200000000001,5063.81
TRX001646,CLI0031,CRT01808,PRD0049,2026-01-14 12:07:08,3,36.18,108.53999999999999,1328.94
TRX001647,CLI0121,CRT01659,PRD0154,2026-06-15 11:21:47,5,283.35,1416.75,4115.66
TRX001648,CLI0259,CRT02084,PRD0034,2026-06-12 16:46:55,10,115.14,1151.4,4352.32
TRX001649,CLI0083,CRT01460,PRD0179,2026-03-02 04:15:24,3,196.43,589.29,3305.67
TRX001650,CLI0007,CRT02543,PRD0007,2026-01-30 03:21:38,3,149.36,448.08000000000004,2031.1799999999998
TRX001651,CLI0392,CRT00801,PRD0129,2026-06-12 15:40:38,2,4.55,9.1,764.7
TRX001652,CLI0379,CRT00920,PRD0145,2026-03-12 05:31:57,10,40.06,400.6,6730.61
TRX001653,CLI0126,CRT03271,PRD0076,2026-01-19 07:50:04,2,260.49,520.98,8073.75
TRX001654,CLI0043,CRT02921,PRD0125,2026-06-30 19:59:54,2,54.91,109.82,3230.7
TRX001655,CLI0235,CRT01298,PRD0056,2026-06-23 19:32:08,5,143.73,718.65,1127.73
TRX001656,CLI0393,CRT01072,PRD0092,2026-06-18 11:22:37,3,10.72,32.160000000000004,3586.33
TRX001657,CLI0330,CRT02544,PRD0168,2026-07-02 13:59:37,10,260.65,2606.5,5280.0
TRX001658,CLI0288,CRT02903,PRD0059,2026-07-19 14:12:30,10,252.15,2521.5,6415.65
TRX001659,CLI0404,CRT01104,PRD0104,2026-03-25 16:30:12,10,46.73,467.29999999999995,1699.98
TRX001660,CLI0141,CRT01079,PRD0020,2026-01-30 00:33:19,5,75.82,379.09999999999997,945.29
TRX001661,CLI0117,CRT01972,PRD0197,2026-01-31 20:27:40,9,267.68,2409.12,13128.26
TRX001662,CLI0412,CRT02670,PRD0039,2026-07-11 07:07:24,2,305.67,611.34,5556.82
TRX001663,CLI0229,CRT00020,PRD0001,2026-01-12 09:35:10,5,260.19,1300.95,1637.3200000000002
TRX001664,CLI0168,CRT03290,PRD0081,2026-06-01 13:56:21,2,151.12,302.24,4667.88
TRX001665,CLI0184,CRT00194,PRD0169,2026-06-30 14:55:07,5,259.17,1295.8500000000001,4461.85
TRX001666,CLI0189,CRT01431,PRD0043,2026-07-24 02:23:21,1,194.99,194.99,5587.38
TRX001667,CLI0308,CRT02261,PRD0194,2026-06-27 12:03:23,2,311.57,623.14,7316.14
TRX001668,CLI0198,CRT00490,PRD0183,2026-02-03 03:57:10,4,74.71,298.84,6425.79
TRX001669,CLI0431,CRT01600,PRD0018,2026-07-25 17:19:07,9,115.19,1036.71,1721.45
TRX001670,CLI0202,CRT00960,PRD0019,2026-04-16 11:46:36,6,13.65,81.9,1935.7800000000002
TRX001671,CLI0094,CRT02865,PRD0163,2026-01-11 00:01:10,7,278.04,1946.2800000000002,4546.56
TRX001672,CLI0191,CRT00708,PRD0185,2026-04-29 01:09:19,10,144.46,1444.6000000000001,7180.0
TRX001673,CLI0131,CRT02318,PRD0160,2026-05-21 03:05:09,10,246.16,2461.6,2581.02
TRX001674,CLI0121,CRT00896,PRD0019,2026-05-09 10:02:39,4,13.65,54.6,6829.1
TRX001675,CLI0122,CRT02914,PRD0109,2026-03-16 01:25:23,10,181.62,1816.2,3359.5
TRX001676,CLI0064,CRT00083,PRD0030,2026-06-24 01:06:45,2,153.58,307.16,6546.14
TRX001677,CLI0412,CRT01497,PRD0156,2026-04-24 10:30:31,5,87.81,439.05,439.05
TRX001678,CLI0286,CRT01339,PRD0178,2026-03-02 06:59:13,3,198.09,594.27,4853.39
TRX001679,CLI0432,CRT01954,PRD0165,2026-07-03 23:55:08,7,194.83,1363.8100000000002,5725.62
TRX001680,CLI0313,CRT02587,PRD0165,2026-01-15 12:57:45,6,194.83,1168.98,3820.03
TRX001681,CLI0311,CRT02792,PRD0113,2026-04-25 06:08:09,3,310.43,931.29,3267.55
TRX001682,CLI0212,CRT02162,PRD0083,2026-05-23 17:48:11,1,194.5,194.5,3766.23
TRX001683,CLI0050,CRT01541,PRD0110,2026-05-17 21:07:07,2,286.9,573.8,4818.68
TRX001684,CLI0357,CRT00959,PRD0168,2026-05-20 04:55:34,3,260.65,781.9499999999999,2078.81
TRX001685,CLI0059,CRT00261,PRD0187,2026-01-25 23:59:24,1,241.37,241.37,3282.75
TRX001686,CLI0151,CRT00562,PRD0186,2026-03-29 04:15:36,2,13.84,27.68,2910.41
TRX001687,CLI0131,CRT02530,PRD0048,2026-07-17 12:41:28,8,275.16,2201.28,4632.490000000001
TRX001688,CLI0274,CRT03296,PRD0093,2026-05-16 01:25:27,5,302.86,1514.3000000000002,2196.1000000000004
TRX001689,CLI0420,CRT02076,PRD0029,2026-07-09 17:47:47,1,95.22,95.22,1814.08
TRX001690,CLI0007,CRT03333,PRD0131,2026-06-21 07:52:09,3,212.13,636.39,5400.75
TRX001691,CLI0353,CRT03314,PRD0024,2026-01-14 09:27:17,1,78.71,78.71,3658.84
TRX001692,CLI0275,CRT02735,PRD0125,2026-02-22 02:34:08,10,54.91,549.0999999999999,634.2599999999999
TRX001693,CLI0233,CRT01366,PRD0190,2026-02-15 14:06:08,9,23.22,208.98,1847.52
TRX001694,CLI0207,CRT03360,PRD0006,2026-02-15 21:37:43,5,207.27,1036.3500000000001,4822.4
TRX001695,CLI0389,CRT02473,PRD0031,2026-02-01 11:14:41,5,267.28,1336.3999999999999,5795.38
TRX001696,CLI0356,CRT00875,PRD0035,2026-06-28 00:40:10,7,344.9,2414.2999999999997,4276.45
TRX001697,CLI0239,CRT03455,PRD0095,2026-04-18 14:56:13,10,42.58,425.79999999999995,2113.12
TRX001698,CLI0110,CRT02052,PRD0166,2026-04-25 02:50:33,9,124.75,1122.75,4288.95
TRX001699,CLI0219,CRT00208,PRD0012,2026-07-09 04:13:11,9,69.32,623.8799999999999,3097.87
TRX001700,CLI0353,CRT00197,PRD0142,2026-05-04 12:02:12,9,55.45,499.05,1390.65
TRX001701,CLI0144,CRT01200,PRD0160,2026-03-12 09:21:19,7,246.16,1723.12,5819.86
TRX001702,CLI0347,CRT01883,PRD0196,2026-02-27 23:34:43,7,349.85,2448.9500000000003,4173.92
TRX001703,CLI0328,CRT01534,PRD0064,2026-01-20 18:42:33,6,237.14,1422.84,4183.72
TRX001704,CLI0170,CRT00995,PRD0055,2026-01-23 01:47:06,10,349.75,3497.5,9661.98
TRX001705,CLI0429,CRT01652,PRD0160,2026-04-04 12:42:07,5,246.16,1230.8,5831.45
TRX001706,CLI0311,CRT03083,PRD0109,2026-01-20 05:32:55,9,181.62,1634.58,7032.67
TRX001707,CLI0308,CRT00259,PRD0128,2026-05-02 23:55:36,2,9.29,18.58,2587.37
TRX001708,CLI0268,CRT03421,PRD0012,2026-03-16 22:42:42,9,69.32,623.8799999999999,5088.04
TRX001709,CLI0258,CRT02564,PRD0178,2026-01-29 16:24:29,3,198.09,594.27,8032.889999999999
TRX001710,CLI0390,CRT02886,PRD0057,2026-02-21 19:25:34,8,59.71,477.68,1827.31
TRX001711,CLI0023,CRT03059,PRD0094,2026-05-25 17:36:53,3,179.52,538.5600000000001,7255.530000000001
TRX001712,CLI0383,CRT02065,PRD0090,2026-02-10 20:21:12,10,15.96,159.60000000000002,159.60000000000002
TRX001713,CLI0152,CRT02010,PRD0065,2026-04-18 14:38:11,2,88.06,176.12,3950.46
TRX001714,CLI0184,CRT01967,PRD0052,2026-03-08 12:59:58,4,68.6,274.4,390.65999999999997
TRX001715,CLI0328,CRT01534,PRD0126,2026-01-20 18:42:33,7,146.67,1026.6899999999998,4183.72
TRX001716,CLI0145,CRT01148,PRD0090,2026-01-08 08:33:53,8,15.96,127.68,3277.66
TRX001717,CLI0337,CRT01914,PRD0100,2026-07-10 21:54:50,6,252.5,1515.0,9751.08
TRX001718,CLI0333,CRT02313,PRD0063,2026-01-10 07:32:38,10,30.34,303.4,6656.74
TRX001719,CLI0011,CRT01949,PRD0119,2026-02-11 10:29:10,2,332.64,665.28,5162.03
TRX001720,CLI0027,CRT02861,PRD0016,2026-03-19 04:00:25,7,223.15,1562.05,3687.6000000000004
TRX001721,CLI0038,CRT02414,PRD0164,2026-06-13 16:49:02,5,242.9,1214.5,3257.51
TRX001722,CLI0259,CRT00492,PRD0173,2026-06-25 15:17:03,5,330.57,1652.85,4389.3099999999995
TRX001723,CLI0407,CRT02695,PRD0109,2026-06-01 06:35:36,10,181.62,1816.2,5568.49
TRX001724,CLI0332,CRT03048,PRD0138,2026-04-19 07:05:23,2,308.17,616.34,1145.58
TRX001725,CLI0288,CRT02448,PRD0169,2026-06-10 06:54:04,6,259.17,1555.02,5294.61
TRX001726,CLI0313,CRT02587,PRD0150,2026-01-15 12:57:45,4,151.36,605.44,3820.03
TRX001727,CLI0181,CRT03351,PRD0093,2026-03-09 04:18:29,3,302.86,908.58,2925.78
TRX001728,CLI0255,CRT01265,PRD0014,2026-02-08 23:46:12,2,99.1,198.2,401.44
TRX001729,CLI0064,CRT02705,PRD0117,2026-07-12 07:33:12,9,196.2,1765.8,4139.71
TRX001730,CLI0393,CRT02616,PRD0065,2026-03-13 08:01:25,1,88.06,88.06,549.91
TRX001731,CLI0083,CRT00752,PRD0121,2026-01-18 19:20:17,2,301.87,603.74,911.9100000000001
TRX001732,CLI0429,CRT01125,PRD0112,2026-05-05 04:09:44,2,344.42,688.84,3565.21
TRX001733,CLI0173,CRT00797,PRD0061,2026-06-18 05:45:32,4,111.48,445.92,674.64
TRX001734,CLI0078,CRT01268,PRD0102,2026-06-29 12:00:31,1,233.03,233.03,661.4100000000001
TRX001735,CLI0327,CRT00697,PRD0122,2026-04-27 22:29:27,9,224.09,2016.81,2016.81
TRX001736,CLI0352,CRT03401,PRD0143,2026-05-13 23:17:39,6,331.85,1991.1000000000001,5926.9400000000005
TRX001737,CLI0169,CRT00907,PRD0079,2026-04-25 19:44:31,3,98.65,295.95000000000005,295.95000000000005
TRX001738,CLI0147,CRT02113,PRD0081,2026-02-06 06:39:02,4,151.12,604.48,7058.89
TRX001739,CLI0130,CRT03265,PRD0110,2026-05-31 14:55:14,2,286.9,573.8,3410.18
TRX001740,CLI0009,CRT00491,PRD0102,2026-02-21 19:01:52,6,233.03,1398.18,7208.9
TRX001741,CLI0160,CRT02248,PRD0111,2026-05-30 19:42:08,7,282.78,1979.4599999999998,2368.46
TRX001742,CLI0373,CRT01496,PRD0089,2026-04-24 15:07:54,9,57.82,520.38,1265.63
TRX001743,CLI0083,CRT02822,PRD0042,2026-02-05 12:52:45,3,88.65,265.95000000000005,2352.05
TRX001744,CLI0116,CRT02794,PRD0005,2026-02-14 02:44:06,4,228.33,913.32,3777.21
TRX001745,CLI0152,CRT02911,PRD0032,2026-07-01 09:46:34,5,224.53,1122.65,2970.88
TRX001746,CLI0225,CRT00212,PRD0004,2026-06-09 09:46:07,3,178.11,534.33,4385.17
TRX001747,CLI0207,CRT03464,PRD0096,2026-06-21 00:13:00,9,15.79,142.10999999999999,1429.57
TRX001748,CLI0428,CRT01308,PRD0016,2026-06-01 02:19:43,5,223.15,1115.75,6594.19
TRX001749,CLI0313,CRT01981,PRD0048,2026-07-20 03:42:32,1,275.16,275.16,1410.21
TRX001750,CLI0201,CRT03485,PRD0080,2026-01-15 04:26:06,3,342.98,1028.94,4472.4400000000005
TRX001751,CLI0207,CRT03360,PRD0022,2026-02-15 21:37:43,3,51.02,153.06,4822.4
TRX001752,CLI0283,CRT03056,PRD0023,2026-02-21 23:14:34,5,262.09,1310.4499999999998,2413.5699999999997
TRX001753,CLI0032,CRT01145,PRD0127,2026-04-05 19:59:03,7,24.14,168.98000000000002,2759.16
TRX001754,CLI0332,CRT01886,PRD0134,2026-05-15 03:03:26,3,343.3,1029.9,3478.15
TRX001755,CLI0286,CRT00990,PRD0006,2026-02-23 01:46:51,7,207.27,1450.89,2803.0200000000004
TRX001756,CLI0296,CRT01169,PRD0170,2026-05-08 08:37:11,8,100.84,806.72,5120.650000000001
TRX001757,CLI0247,CRT00235,PRD0148,2026-03-30 23:21:10,2,270.94,541.88,3583.37
TRX001758,CLI0360,CRT00265,PRD0110,2026-01-28 01:40:00,4,286.9,1147.6,1208.28
TRX001759,CLI0361,CRT00323,PRD0162,2026-07-01 23:34:46,3,195.42,586.26,3050.01
TRX001760,CLI0240,CRT01955,PRD0020,2026-02-03 10:40:55,1,75.82,75.82,3029.01
TRX001761,CLI0306,CRT00394,PRD0186,2026-04-11 19:33:25,3,13.84,41.519999999999996,4669.45
TRX001762,CLI0047,CRT00554,PRD0130,2026-05-21 10:21:29,6,312.35,1874.1000000000001,2995.31
TRX001763,CLI0406,CRT01798,PRD0109,2026-02-07 01:02:51,4,181.62,726.48,2972.67
TRX001764,CLI0093,CRT02981,PRD0129,2026-06-23 15:28:57,5,4.55,22.75,1895.9399999999998
TRX001765,CLI0324,CRT02009,PRD0170,2026-07-02 18:55:28,3,100.84,302.52,4884.17
TRX001766,CLI0221,CRT01640,PRD0157,2026-02-04 11:22:34,4,263.29,1053.16,3044.23
TRX001767,CLI0100,CRT02276,PRD0020,2026-06-11 21:19:27,9,75.82,682.3799999999999,5346.82
TRX001768,CLI0234,CRT00669,PRD0154,2026-06-11 23:09:02,7,283.35,1983.4500000000003,5111.33
TRX001769,CLI0175,CRT00256,PRD0164,2026-04-04 01:58:33,8,242.9,1943.2,7242.79
TRX001770,CLI0236,CRT02394,PRD0006,2026-04-29 20:58:34,1,207.27,207.27,3118.92
TRX001771,CLI0180,CRT02863,PRD0166,2026-07-02 15:13:17,8,124.75,998.0,4493.7699999999995
TRX001772,CLI0252,CRT01631,PRD0002,2026-05-10 09:31:36,8,38.12,304.96,1567.38
TRX001773,CLI0056,CRT03113,PRD0081,2026-01-22 06:33:48,7,151.12,1057.8400000000001,4606.8
TRX001774,CLI0310,CRT03481,PRD0144,2026-01-31 18:55:34,1,213.05,213.05,3464.5499999999997
TRX001775,CLI0003,CRT00533,PRD0170,2026-07-25 03:18:59,5,100.84,504.20000000000005,8103.900000000001
TRX001776,CLI0148,CRT01157,PRD0120,2026-06-21 04:34:15,3,291.12,873.36,1562.2
TRX001777,CLI0250,CRT00636,PRD0175,2026-07-18 16:16:20,10,120.9,1209.0,5476.08
TRX001778,CLI0271,CRT02014,PRD0010,2026-06-06 05:20:49,4,162.15,648.6,1070.95
TRX001779,CLI0239,CRT01590,PRD0118,2026-01-29 18:55:21,10,163.96,1639.6000000000001,3699.25
TRX001780,CLI0347,CRT02734,PRD0044,2026-04-19 05:12:55,9,248.47,2236.23,4365.31
TRX001781,CLI0002,CRT02589,PRD0156,2026-04-27 14:37:45,8,87.81,702.48,1598.64
TRX001782,CLI0299,CRT03320,PRD0118,2026-04-28 04:21:55,7,163.96,1147.72,1603.1100000000001
TRX001783,CLI0056,CRT03113,PRD0029,2026-01-22 06:33:48,7,95.22,666.54,4606.8
TRX001784,CLI0272,CRT01406,PRD0111,2026-01-09 10:47:54,8,282.78,2262.24,4944.14
TRX001785,CLI0131,CRT01029,PRD0179,2026-07-22 02:28:11,5,196.43,982.1500000000001,2793.37
TRX001786,CLI0257,CRT02183,PRD0045,2026-05-07 06:12:24,1,301.22,301.22,4308.030000000001
TRX001787,CLI0075,CRT01365,PRD0182,2026-02-25 22:11:19,9,200.1,1800.8999999999999,6292.23
TRX001788,CLI0294,CRT00030,PRD0103,2026-03-02 17:20:24,8,234.25,1874.0,3434.52
TRX001789,CLI0158,CRT01129,PRD0186,2026-04-14 02:32:03,8,13.84,110.72,750.0999999999999
TRX001790,CLI0401,CRT00527,PRD0088,2026-06-29 05:53:26,3,64.83,194.49,313.91
TRX001791,CLI0181,CRT02995,PRD0061,2026-03-23 17:59:36,2,111.48,222.96,5673.08
TRX001792,CLI0054,CRT02046,PRD0181,2026-03-25 18:48:12,1,318.21,318.21,3181.71
TRX001793,CLI0228,CRT02688,PRD0185,2026-04-05 00:25:20,8,144.46,1155.68,4332.24
TRX001794,CLI0205,CRT01864,PRD0049,2026-03-07 06:28:52,6,36.18,217.07999999999998,7377.6900000000005
TRX001795,CLI0415,CRT02288,PRD0064,2026-04-06 06:14:20,3,237.14,711.42,3585.92
TRX001796,CLI0053,CRT00702,PRD0085,2026-03-14 09:48:03,5,239.52,1197.6000000000001,5118.71
TRX001797,CLI0271,CRT02876,PRD0066,2026-06-04 13:31:45,1,148.18,148.18,1271.88
TRX001798,CLI0380,CRT03239,PRD0103,2026-03-07 04:25:37,1,234.25,234.25,576.81
TRX001799,CLI0012,CRT03127,PRD0083,2026-07-14 15:23:53,4,194.5,778.0,5305.219999999999
TRX001800,CLI0147,CRT02503,PRD0104,2026-05-28 16:19:15,4,46.73,186.92,2467.25
TRX001801,CLI0416,CRT02019,PRD0146,2026-07-20 23:37:13,1,318.04,318.04,3690.63
TRX001802,CLI0127,CRT00661,PRD0046,2026-07-08 10:20:47,6,234.97,1409.82,1409.82
TRX001803,CLI0349,CRT00519,PRD0195,2026-04-12 07:24:58,2,11.49,22.98,4507.13
TRX001804,CLI0319,CRT01080,PRD0068,2026-05-24 18:42:58,1,140.04,140.04,140.04
TRX001805,CLI0196,CRT00354,PRD0139,2026-07-23 04:07:40,10,30.96,309.6,2552.44
TRX001806,CLI0084,CRT01867,PRD0003,2026-04-10 14:39:02,8,149.12,1192.96,2120.64
TRX001807,CLI0253,CRT03306,PRD0098,2026-06-14 04:25:13,3,136.36,409.08000000000004,669.35
TRX001808,CLI0272,CRT00139,PRD0048,2026-03-18 15:02:26,5,275.16,1375.8000000000002,3301.92
TRX001809,CLI0390,CRT00446,PRD0021,2026-05-05 08:26:15,8,175.98,1407.84,4936.29
TRX001810,CLI0272,CRT01220,PRD0035,2026-04-22 00:25:54,3,344.9,1034.6999999999998,1386.9399999999998
TRX001811,CLI0115,CRT00243,PRD0162,2026-05-21 23:25:20,6,195.42,1172.52,2033.82
TRX001812,CLI0085,CRT03047,PRD0180,2026-01-14 13:31:30,5,217.4,1087.0,2219.4300000000003
TRX001813,CLI0151,CRT03250,PRD0044,2026-04-30 18:03:05,3,248.47,745.41,2718.57
TRX001814,CLI0034,CRT02304,PRD0065,2026-02-12 18:31:05,7,88.06,616.4200000000001,1538.3200000000002
TRX001815,CLI0253,CRT00706,PRD0069,2026-02-25 12:26:55,6,112.37,674.22,3781.13
TRX001816,CLI0347,CRT00572,PRD0009,2026-06-29 08:22:17,5,297.0,1485.0,9772.52
TRX001817,CLI0050,CRT03469,PRD0169,2026-03-16 20:35:13,2,259.17,518.34,3349.35
TRX001818,CLI0183,CRT00816,PRD0064,2026-02-09 05:02:21,7,237.14,1659.98,2023.22
TRX001819,CLI0322,CRT03220,PRD0136,2026-01-06 23:14:34,9,303.73,2733.57,7242.63
TRX001820,CLI0276,CRT02704,PRD0007,2026-07-02 23:43:39,10,149.36,1493.6000000000001,7367.3
TRX001821,CLI0089,CRT00096,PRD0026,2026-06-03 00:18:29,4,238.97,955.88,1705.86
TRX001822,CLI0350,CRT03072,PRD0019,2026-04-29 02:52:02,10,13.65,136.5,1055.54
TRX001823,CLI0253,CRT03306,PRD0096,2026-06-14 04:25:13,3,15.79,47.37,669.35
TRX001824,CLI0208,CRT00431,PRD0121,2026-07-16 21:28:57,8,301.87,2414.96,6944.34
TRX001825,CLI0358,CRT03319,PRD0176,2026-02-13 05:00:56,7,288.19,2017.33,5185.74
TRX001826,CLI0146,CRT00089,PRD0045,2026-01-08 14:04:27,4,301.22,1204.88,3674.0299999999997
TRX001827,CLI0293,CRT03037,PRD0055,2026-05-09 11:08:32,10,349.75,3497.5,4301.7
TRX001828,CLI0229,CRT02990,PRD0165,2026-07-04 17:25:09,9,194.83,1753.47,1753.47
TRX001829,CLI0402,CRT00731,PRD0053,2026-06-26 17:18:14,6,99.29,595.74,3562.05
TRX001830,CLI0064,CRT00173,PRD0063,2026-04-04 23:41:07,3,30.34,91.02,3993.3300000000004
TRX001831,CLI0100,CRT01535,PRD0197,2026-07-16 22:51:57,4,267.68,1070.72,5692.41
TRX001832,CLI0070,CRT00696,PRD0108,2026-03-16 04:01:04,9,166.93,1502.3700000000001,3999.18
TRX001833,CLI0167,CRT02699,PRD0021,2026-01-17 19:34:12,2,175.98,351.96,1282.04
TRX001834,CLI0190,CRT02066,PRD0016,2026-01-31 21:54:12,9,223.15,2008.3500000000001,4778.17
TRX001835,CLI0069,CRT00437,PRD0013,2026-04-29 18:14:43,3,103.06,309.18,1792.8200000000002
TRX001836,CLI0052,CRT03393,PRD0178,2026-03-19 12:13:17,9,198.09,1782.81,4524.15
TRX001837,CLI0232,CRT01774,PRD0191,2026-05-03 04:51:39,10,288.92,2889.2000000000003,6720.68
TRX001838,CLI0110,CRT02025,PRD0131,2026-01-24 18:37:45,4,212.13,848.52,2568.2400000000002
TRX001839,CLI0031,CRT01808,PRD0141,2026-01-14 12:07:08,7,13.28,92.96,1328.94
TRX001840,CLI0196,CRT00571,PRD0151,2026-06-12 08:01:25,4,121.08,484.32,1192.71
TRX001841,CLI0128,CRT00734,PRD0188,2026-02-10 18:12:05,3,281.86,845.58,1113.78
TRX001842,CLI0402,CRT03293,PRD0196,2026-05-28 00:10:09,8,349.85,2798.8,4071.63
TRX001843,CLI0189,CRT02593,PRD0159,2026-04-26 22:30:48,9,125.8,1132.2,3909.6800000000003
TRX001844,CLI0092,CRT01255,PRD0171,2026-04-23 02:31:36,7,127.91,895.37,4278.37
TRX001845,CLI0427,CRT03484,PRD0040,2026-05-10 16:09:31,9,256.15,2305.35,2402.27
TRX001846,CLI0117,CRT01453,PRD0108,2026-05-04 13:32:25,1,166.93,166.93,3005.08
TRX001847,CLI0031,CRT00737,PRD0089,2026-01-16 12:56:38,8,57.82,462.56,4026.0999999999995
TRX001848,CLI0404,CRT00318,PRD0065,2026-06-25 11:23:00,1,88.06,88.06,1939.0299999999997
TRX001849,CLI0134,CRT01775,PRD0151,2026-02-14 21:35:28,5,121.08,605.4,5414.35
TRX001850,CLI0416,CRT01673,PRD0164,2026-07-15 12:21:44,3,242.9,728.7,1863.75
TRX001851,CLI0332,CRT01781,PRD0156,2026-06-06 22:48:53,4,87.81,351.24,7167.0
TRX001852,CLI0053,CRT03308,PRD0121,2026-01-08 08:09:22,6,301.87,1811.22,5001.59
TRX001853,CLI0207,CRT00057,PRD0149,2026-02-06 22:30:34,8,344.39,2755.12,5898.62
TRX001854,CLI0074,CRT01331,PRD0117,2026-06-13 09:51:53,4,196.2,784.8,7383.87
TRX001855,CLI0003,CRT01471,PRD0088,2026-07-09 19:53:04,2,64.83,129.66,129.66
TRX001856,CLI0019,CRT03366,PRD0175,2026-05-28 09:41:28,9,120.9,1088.1000000000001,2128.16
TRX001857,CLI0229,CRT00351,PRD0124,2026-03-03 23:23:02,10,96.92,969.2,4552.38
TRX001858,CLI0053,CRT01262,PRD0108,2026-01-09 02:39:17,10,166.93,1669.3000000000002,10205.3
TRX001859,CLI0037,CRT01085,PRD0175,2026-03-21 22:19:41,6,120.9,725.4000000000001,5072.79
TRX001860,CLI0161,CRT00229,PRD0029,2026-01-04 19:06:28,10,95.22,952.2,5013.900000000001
TRX001861,CLI0116,CRT03311,PRD0128,2026-02-13 03:12:16,4,9.29,37.16,3500.08
TRX001862,CLI0091,CRT02283,PRD0061,2026-03-09 03:41:03,2,111.48,222.96,1482.35
TRX001863,CLI0312,CRT00803,PRD0156,2026-03-03 20:30:12,2,87.81,175.62,3158.14
TRX001864,CLI0109,CRT02455,PRD0054,2026-04-28 08:00:48,7,301.82,2112.74,3763.45
TRX001865,CLI0392,CRT02277,PRD0086,2026-04-03 01:35:54,10,197.06,1970.6,5102.299999999999
TRX001866,CLI0080,CRT02836,PRD0059,2026-03-30 18:12:16,10,252.15,2521.5,3762.71
TRX001867,CLI0360,CRT03066,PRD0083,2026-06-22 03:32:43,3,194.5,583.5,583.5
TRX001868,CLI0020,CRT00056,PRD0095,2026-02-14 10:01:39,2,42.58,85.16,766.56
TRX001869,CLI0148,CRT03375,PRD0163,2026-07-07 00:06:47,4,278.04,1112.16,6787.18
TRX001870,CLI0417,CRT02554,PRD0005,2026-02-06 09:47:41,6,228.33,1369.98,6809.639999999999
TRX001871,CLI0422,CRT03141,PRD0153,2026-01-03 20:25:19,4,63.71,254.84,6881.280000000001
TRX001872,CLI0116,CRT00159,PRD0047,2026-06-27 12:32:14,5,327.59,1637.9499999999998,4703.02
TRX001873,CLI0423,CRT02966,PRD0155,2026-01-12 03:44:36,8,289.44,2315.52,11492.789999999999
TRX001874,CLI0403,CRT00621,PRD0146,2026-05-05 10:55:26,1,318.04,318.04,2532.63
TRX001875,CLI0293,CRT00033,PRD0086,2026-05-13 20:48:25,6,197.06,1182.3600000000001,5933.81
TRX001876,CLI0298,CRT01816,PRD0060,2026-02-15 09:28:36,1,339.13,339.13,4525.31
TRX001877,CLI0009,CRT00491,PRD0005,2026-02-21 19:01:52,8,228.33,1826.64,7208.9
TRX001878,CLI0241,CRT01645,PRD0087,2026-05-02 20:28:15,1,302.95,302.95,7430.02
TRX001879,CLI0037,CRT00137,PRD0188,2026-05-01 07:04:59,8,281.86,2254.88,3487.13
TRX001880,CLI0046,CRT02087,PRD0123,2026-07-24 22:44:49,8,85.64,685.12,6495.79
TRX001881,CLI0047,CRT00735,PRD0096,2026-06-25 22:31:27,6,15.79,94.74,94.74
TRX001882,CLI0372,CRT02590,PRD0152,2026-02-05 00:56:05,1,336.37,336.37,3091.73
TRX001883,CLI0180,CRT01026,PRD0102,2026-05-24 23:12:38,9,233.03,2097.27,5195.68
TRX001884,CLI0212,CRT02162,PRD0042,2026-05-23 17:48:11,9,88.65,797.85,3766.23
TRX001885,CLI0336,CRT02882,PRD0024,2026-02-18 07:01:27,5,78.71,393.54999999999995,1939.04
TRX001886,CLI0155,CRT01468,PRD0117,2026-02-01 00:54:26,10,196.2,1962.0,1962.0
TRX001887,CLI0068,CRT00612,PRD0100,2026-05-28 08:19:18,5,252.5,1262.5,3807.5199999999995
TRX001888,CLI0298,CRT01816,PRD0091,2026-02-15 09:28:36,10,321.66,3216.6000000000004,4525.31
TRX001889,CLI0411,CRT00530,PRD0184,2026-05-21 22:21:21,10,85.85,858.5,3303.33
TRX001890,CLI0257,CRT02833,PRD0121,2026-07-05 14:09:27,10,301.87,3018.7,3685.8599999999997
TRX001891,CLI0145,CRT02341,PRD0141,2026-03-30 14:42:08,7,13.28,92.96,5146.66
TRX001892,CLI0332,CRT01278,PRD0030,2026-01-24 13:18:07,4,153.58,614.32,614.32
TRX001893,CLI0003,CRT03238,PRD0088,2026-02-10 18:59:46,6,64.83,388.98,3349.26
TRX001894,CLI0401,CRT02753,PRD0021,2026-02-01 06:23:53,8,175.98,1407.84,8549.54
TRX001895,CLI0288,CRT00105,PRD0079,2026-06-15 21:37:06,7,98.65,690.5500000000001,7678.25
TRX001896,CLI0198,CRT00715,PRD0112,2026-07-17 16:07:39,9,344.42,3099.78,14078.150000000001
TRX001897,CLI0027,CRT01413,PRD0149,2026-01-29 13:56:34,7,344.39,2410.73,5060.05
TRX001898,CLI0234,CRT01307,PRD0143,2026-06-06 06:12:52,7,331.85,2322.9500000000003,3139.3500000000004
TRX001899,CLI0036,CRT02945,PRD0028,2026-02-06 02:37:23,3,301.62,904.86,3452.0000000000005
TRX001900,CLI0120,CRT02177,PRD0166,2026-05-07 13:12:59,2,124.75,249.5,2818.2000000000003
TRX001901,CLI0179,CRT00100,PRD0067,2026-04-28 09:10:29,4,327.31,1309.24,3515.42
TRX001902,CLI0400,CRT00091,PRD0074,2026-02-24 08:03:32,9,229.76,2067.84,3268.6800000000003
TRX001903,CLI0179,CRT00100,PRD0142,2026-04-28 09:10:29,1,55.45,55.45,3515.42
TRX001904,CLI0201,CRT01647,PRD0061,2026-03-09 18:00:40,6,111.48,668.88,5241.91
TRX001905,CLI0176,CRT02573,PRD0033,2026-01-08 21:19:21,10,267.47,2674.7000000000003,2850.82
TRX001906,CLI0051,CRT00506,PRD0165,2026-04-19 04:52:28,6,194.83,1168.98,3399.48
TRX001907,CLI0249,CRT01427,PRD0046,2026-05-09 19:10:33,2,234.97,469.94,3574.68
TRX001908,CLI0154,CRT01889,PRD0061,2026-02-08 04:39:09,10,111.48,1114.8,2017.74
TRX001909,CLI0075,CRT02669,PRD0076,2026-02-23 07:56:31,5,260.49,1302.45,2898.9700000000003
TRX001910,CLI0100,CRT02529,PRD0199,2026-07-15 15:53:06,9,223.09,2007.81,4328.360000000001
TRX001911,CLI0028,CRT00595,PRD0075,2026-05-15 15:24:26,5,38.5,192.5,4440.8
TRX001912,CLI0229,CRT00351,PRD0110,2026-03-03 23:23:02,6,286.9,1721.3999999999999,4552.38
TRX001913,CLI0148,CRT01221,PRD0126,2026-07-24 16:20:27,5,146.67,733.3499999999999,4868.54
TRX001914,CLI0185,CRT00780,PRD0051,2026-05-23 15:08:39,3,142.41,427.23,1033.13
TRX001915,CLI0235,CRT01470,PRD0050,2026-03-23 05:40:54,3,164.79,494.37,7832.56
TRX001916,CLI0268,CRT00233,PRD0087,2026-06-26 22:30:33,6,302.95,1817.6999999999998,4688.12
TRX001917,CLI0269,CRT03391,PRD0078,2026-05-09 06:05:28,10,172.26,1722.6,3574.46
TRX001918,CLI0079,CRT01626,PRD0190,2026-03-19 22:38:42,6,23.22,139.32,1550.52
TRX001919,CLI0117,CRT01453,PRD0183,2026-05-04 13:32:25,6,74.71,448.26,3005.08
TRX001920,CLI0316,CRT03144,PRD0060,2026-02-07 11:47:12,2,339.13,678.26,1831.79
TRX001921,CLI0181,CRT01542,PRD0159,2026-02-06 00:28:10,4,125.8,503.2,4487.78
TRX001922,CLI0282,CRT03000,PRD0170,2026-05-08 19:36:54,4,100.84,403.36,2118.7300000000005
TRX001923,CLI0257,CRT02833,PRD0142,2026-07-05 14:09:27,1,55.45,55.45,3685.8599999999997
TRX001924,CLI0370,CRT00003,PRD0078,2026-07-06 19:39:55,6,172.26,1033.56,3452.26
TRX001925,CLI0302,CRT01667,PRD0146,2026-01-06 11:31:26,10,318.04,3180.4,3905.22
TRX001926,CLI0135,CRT03149,PRD0070,2026-05-14 00:08:01,2,218.35,436.7,3008.08
TRX001927,CLI0078,CRT00900,PRD0127,2026-03-29 14:18:11,6,24.14,144.84,5265.0
TRX001928,CLI0395,CRT01131,PRD0072,2026-04-08 11:55:14,5,308.05,1540.25,3268.46
TRX001929,CLI0351,CRT01890,PRD0057,2026-03-18 09:03:11,2,59.71,119.42,3220.42
TRX001930,CLI0339,CRT03350,PRD0017,2026-05-16 16:28:48,10,134.36,1343.6000000000001,2665.88
TRX001931,CLI0134,CRT02340,PRD0126,2026-01-03 10:54:12,7,146.67,1026.6899999999998,4123.46
TRX001932,CLI0252,CRT00338,PRD0054,2026-07-22 20:51:01,4,301.82,1207.28,1735.87
TRX001933,CLI0268,CRT01725,PRD0187,2026-06-20 21:07:56,6,241.37,1448.22,5967.75
TRX001934,CLI0258,CRT02909,PRD0186,2026-07-01 19:07:02,2,13.84,27.68,660.92
TRX001935,CLI0212,CRT02000,PRD0023,2026-04-15 16:42:09,2,262.09,524.18,9151.84
TRX001936,CLI0351,CRT00441,PRD0013,2026-02-12 18:43:08,1,103.06,103.06,445.82
TRX001937,CLI0235,CRT01802,PRD0001,2026-01-22 00:22:32,10,260.19,2601.9,5099.12
TRX001938,CLI0275,CRT02820,PRD0003,2026-03-10 03:57:26,7,149.12,1043.8400000000001,5193.75
TRX001939,CLI0397,CRT00500,PRD0033,2026-06-23 23:38:16,8,267.47,2139.76,4147.1900000000005
TRX001940,CLI0092,CRT02308,PRD0034,2026-03-24 13:36:45,5,115.14,575.7,5862.42
TRX001941,CLI0179,CRT02602,PRD0103,2026-04-20 17:20:06,6,234.25,1405.5,5311.2
TRX001942,CLI0011,CRT02511,PRD0019,2026-07-15 13:53:13,2,13.65,27.3,3300.84
TRX001943,CLI0143,CRT00989,PRD0113,2026-06-08 22:53:16,4,310.43,1241.72,2388.99
TRX001944,CLI0313,CRT02153,PRD0015,2026-05-10 11:35:20,7,125.96,881.7199999999999,5490.34
TRX001945,CLI0356,CRT00875,PRD0167,2026-06-28 00:40:10,4,82.61,330.44,4276.45
TRX001946,CLI0031,CRT00878,PRD0058,2026-03-14 07:18:25,7,275.33,1927.31,5404.64
TRX001947,CLI0358,CRT02556,PRD0200,2026-03-20 00:14:01,6,144.4,866.4000000000001,1684.5600000000002
TRX001948,CLI0255,CRT01054,PRD0046,2026-03-02 13:31:44,10,234.97,2349.7,2349.7
TRX001949,CLI0176,CRT02487,PRD0153,2026-03-04 07:29:36,1,63.71,63.71,3718.06
TRX001950,CLI0076,CRT01618,PRD0168,2026-07-16 16:33:09,6,260.65,1563.8999999999999,5170.55
TRX001951,CLI0190,CRT02068,PRD0134,2026-05-27 10:32:37,1,343.3,343.3,4072.8399999999997
TRX001952,CLI0311,CRT01810,PRD0078,2026-06-21 21:46:51,5,172.26,861.3,3509.0299999999997
TRX001953,CLI0014,CRT03457,PRD0178,2026-07-16 15:19:30,2,198.09,396.18,2800.5
TRX001954,CLI0139,CRT00934,PRD0142,2026-04-16 08:06:10,8,55.45,443.6,2042.5900000000001
TRX001955,CLI0135,CRT03149,PRD0052,2026-05-14 00:08:01,4,68.6,274.4,3008.08
TRX001956,CLI0145,CRT01148,PRD0113,2026-01-08 08:33:53,8,310.43,2483.44,3277.66
TRX001957,CLI0219,CRT01312,PRD0139,2026-03-28 14:38:12,3,30.96,92.88,2642.33
TRX001958,CLI0279,CRT00509,PRD0163,2026-04-15 09:23:11,3,278.04,834.1200000000001,5027.45
TRX001959,CLI0405,CRT02578,PRD0058,2026-01-11 03:31:33,4,275.33,1101.32,2641.5699999999997
TRX001960,CLI0044,CRT02978,PRD0148,2026-01-12 22:00:33,5,270.94,1354.7,4421.0599999999995
TRX001961,CLI0344,CRT02618,PRD0026,2026-02-01 04:56:33,3,238.97,716.91,3369.8099999999995
TRX001962,CLI0393,CRT02800,PRD0163,2026-01-31 10:33:39,7,278.04,1946.2800000000002,3769.71
TRX001963,CLI0172,CRT02212,PRD0172,2026-03-06 08:59:54,8,97.82,782.56,859.56
TRX001964,CLI0030,CRT02780,PRD0108,2026-01-22 10:24:27,9,166.93,1502.3700000000001,6171.8
TRX001965,CLI0181,CRT03429,PRD0058,2026-06-19 00:01:24,8,275.33,2202.64,2678.8199999999997
TRX001966,CLI0055,CRT00051,PRD0128,2026-05-25 03:40:37,1,9.29,9.29,3727.46
TRX001967,CLI0401,CRT02222,PRD0049,2026-02-02 02:15:26,4,36.18,144.72,6530.33
TRX001968,CLI0167,CRT02924,PRD0041,2026-01-15 22:47:25,3,228.33,684.99,6278.35
TRX001969,CLI0196,CRT00833,PRD0187,2026-01-14 11:05:48,4,241.37,965.48,5556.379999999999
TRX001970,CLI0018,CRT01389,PRD0163,2026-04-19 19:20:15,9,278.04,2502.36,3812.7200000000003
TRX001971,CLI0428,CRT00041,PRD0085,2026-06-02 09:23:21,2,239.52,479.04,6065.48
TRX001972,CLI0140,CRT01683,PRD0171,2026-01-18 20:37:22,3,127.91,383.73,4330.17
TRX001973,CLI0275,CRT03002,PRD0070,2026-02-28 14:00:13,9,218.35,1965.1499999999999,7216.58
TRX001974,CLI0054,CRT00658,PRD0187,2026-03-09 22:30:15,2,241.37,482.74,838.96
TRX001975,CLI0310,CRT03044,PRD0006,2026-01-20 17:03:18,8,207.27,1658.16,8519.11
TRX001976,CLI0364,CRT03398,PRD0146,2026-03-27 18:51:13,2,318.04,636.08,3166.52
TRX001977,CLI0277,CRT01420,PRD0118,2026-01-30 23:37:50,9,163.96,1475.64,1475.64
TRX001978,CLI0070,CRT03475,PRD0142,2026-02-27 23:17:22,10,55.45,554.5,4936.36
TRX001979,CLI0218,CRT01587,PRD0038,2026-02-24 18:43:23,10,231.76,2317.6,2317.6
TRX001980,CLI0379,CRT00920,PRD0112,2026-03-12 05:31:57,4,344.42,1377.68,6730.61
TRX001981,CLI0139,CRT01540,PRD0038,2026-06-25 13:11:56,6,231.76,1390.56,3839.18
TRX001982,CLI0408,CRT02608,PRD0076,2026-01-23 10:58:18,5,260.49,1302.45,2201.36
TRX001983,CLI0326,CRT02295,PRD0092,2026-03-04 01:40:54,8,10.72,85.76,85.76
TRX001984,CLI0190,CRT01801,PRD0120,2026-05-30 23:33:54,6,291.12,1746.72,1746.72
TRX001985,CLI0380,CRT01181,PRD0076,2026-06-19 02:50:34,3,260.49,781.47,11144.84
TRX001986,CLI0337,CRT03489,PRD0084,2026-06-07 04:29:07,2,129.22,258.44,3861.76
TRX001987,CLI0108,CRT00653,PRD0088,2026-02-12 14:27:21,2,64.83,129.66,5051.1900000000005
TRX001988,CLI0294,CRT01194,PRD0016,2026-01-14 23:53:45,3,223.15,669.45,2497.73
TRX001989,CLI0123,CRT03052,PRD0028,2026-03-14 05:55:33,8,301.62,2412.96,12641.93
TRX001990,CLI0033,CRT02703,PRD0063,2026-05-13 21:17:20,6,30.34,182.04,182.04
TRX001991,CLI0284,CRT01598,PRD0079,2026-04-15 10:34:48,10,98.65,986.5,3142.1800000000003
TRX001992,CLI0252,CRT00338,PRD0049,2026-07-22 20:51:01,7,36.18,253.26,1735.87
TRX001993,CLI0309,CRT02997,PRD0035,2026-07-23 23:10:40,4,344.9,1379.6,4019.75
TRX001994,CLI0186,CRT02672,PRD0191,2026-07-05 20:57:35,8,288.92,2311.36,6929.820000000001
TRX001995,CLI0399,CRT00921,PRD0007,2026-02-18 03:53:14,4,149.36,597.44,1091.63
TRX001996,CLI0325,CRT02737,PRD0159,2026-06-28 23:30:16,2,125.8,251.6,4015.8
TRX001997,CLI0007,CRT01493,PRD0168,2026-03-14 12:33:29,2,260.65,521.3,10058.01
TRX001998,CLI0146,CRT00089,PRD0027,2026-01-08 14:04:27,5,209.57,1047.85,3674.0299999999997
TRX001999,CLI0432,CRT01902,PRD0140,2026-04-11 01:38:52,10,80.42,804.2,6472.06
TRX002000,CLI0136,CRT00332,PRD0045,2026-02-03 05:51:33,4,301.22,1204.88,1910.7600000000002
TRX002001,CLI0142,CRT03413,PRD0123,2026-03-21 06:56:18,4,85.64,342.56,1354.0
TRX002002,CLI0082,CRT02906,PRD0109,2026-05-27 07:55:48,2,181.62,363.24,363.24
TRX002003,CLI0246,CRT00421,PRD0015,2026-04-29 16:12:53,1,125.96,125.96,6573.8
TRX002004,CLI0105,CRT02495,PRD0198,2026-02-02 03:20:27,9,156.17,1405.53,7108.72
TRX002005,CLI0092,CRT00443,PRD0146,2026-05-25 20:36:02,9,318.04,2862.36,7562.71
TRX002006,CLI0244,CRT01217,PRD0195,2026-07-11 19:23:18,7,11.49,80.43,2558.79
TRX002007,CLI0188,CRT01584,PRD0111,2026-06-28 21:27:31,3,282.78,848.3399999999999,7245.81
TRX002008,CLI0306,CRT01937,PRD0179,2026-07-07 20:10:53,4,196.43,785.72,5312.94
TRX002009,CLI0232,CRT03289,PRD0098,2026-02-13 21:53:50,1,136.36,136.36,3091.7
TRX002010,CLI0172,CRT03383,PRD0124,2026-01-06 06:27:47,7,96.92,678.44,4094.71
TRX002011,CLI0352,CRT03401,PRD0004,2026-05-13 23:17:39,6,178.11,1068.66,5926.9400000000005
TRX002012,CLI0414,CRT00640,PRD0095,2026-03-28 15:21:28,10,42.58,425.79999999999995,856.9899999999999
TRX002013,CLI0156,CRT02871,PRD0091,2026-01-29 03:31:39,5,321.66,1608.3000000000002,4612.41
TRX002014,CLI0226,CRT03100,PRD0015,2026-04-04 18:39:31,1,125.96,125.96,5227.25
TRX002015,CLI0223,CRT01789,PRD0030,2026-07-17 16:31:08,1,153.58,153.58,1950.2
TRX002016,CLI0402,CRT00496,PRD0061,2026-05-17 18:19:32,4,111.48,445.92,7158.02
TRX002017,CLI0200,CRT02383,PRD0163,2026-02-22 04:43:50,9,278.04,2502.36,2845.6600000000003
TRX002018,CLI0217,CRT02716,PRD0025,2026-06-18 00:00:11,2,265.13,530.26,3098.06
TRX002019,CLI0070,CRT00696,PRD0059,2026-03-16 04:01:04,9,252.15,2269.35,3999.18
TRX002020,CLI0017,CRT02607,PRD0124,2026-02-02 18:07:44,1,96.92,96.92,4678.12
TRX002021,CLI0105,CRT01840,PRD0043,2026-03-14 06:34:38,4,194.99,779.96,2157.6400000000003
TRX002022,CLI0217,CRT02730,PRD0156,2026-01-20 20:01:09,7,87.81,614.6700000000001,662.5500000000001
TRX002023,CLI0221,CRT01971,PRD0071,2026-01-30 22:29:05,5,76.57,382.84999999999997,5321.93
TRX002024,CLI0319,CRT01857,PRD0092,2026-04-26 11:49:47,9,10.72,96.48,4463.41
TRX002025,CLI0306,CRT00165,PRD0171,2026-05-15 12:18:00,6,127.91,767.46,2815.8199999999997
TRX002026,CLI0084,CRT01867,PRD0182,2026-04-10 14:39:02,2,200.1,400.2,2120.64
TRX002027,CLI0154,CRT01889,PRD0087,2026-02-08 04:39:09,1,302.95,302.95,2017.74
TRX002028,CLI0087,CRT02428,PRD0062,2026-01-20 00:24:29,1,321.99,321.99,782.73
TRX002029,CLI0012,CRT03491,PRD0174,2026-02-17 05:09:31,3,6.76,20.28,1804.17
TRX002030,CLI0136,CRT00584,PRD0076,2026-02-22 08:20:42,2,260.49,520.98,2781.4700000000003
TRX002031,CLI0179,CRT00556,PRD0011,2026-03-30 10:04:02,9,104.38,939.42,4624.6
TRX002032,CLI0245,CRT02382,PRD0110,2026-07-10 02:30:12,3,286.9,860.6999999999999,4640.24
TRX002033,CLI0411,CRT02223,PRD0050,2026-04-24 01:59:41,5,164.79,823.9499999999999,2732.97
TRX002034,CLI0009,CRT03007,PRD0151,2026-04-03 20:19:47,2,121.08,242.16,242.16
TRX002035,CLI0393,CRT00792,PRD0076,2026-06-13 20:59:31,5,260.49,1302.45,1388.0900000000001
TRX002036,CLI0229,CRT03258,PRD0014,2026-04-19 21:42:42,1,99.1,99.1,8111.16
TRX002037,CLI0086,CRT02507,PRD0117,2026-05-01 16:04:12,9,196.2,1765.8,3126.18
TRX002038,CLI0040,CRT01893,PRD0151,2026-01-12 18:41:34,2,121.08,242.16,242.16
TRX002039,CLI0097,CRT03343,PRD0148,2026-01-18 10:06:56,8,270.94,2167.52,4862.06
TRX002040,CLI0101,CRT01485,PRD0129,2026-01-06 03:02:36,1,4.55,4.55,3673.38
TRX002041,CLI0191,CRT00708,PRD0179,2026-04-29 01:09:19,3,196.43,589.29,7180.0
TRX002042,CLI0302,CRT00172,PRD0127,2026-05-10 06:09:09,9,24.14,217.26,2604.04
TRX002043,CLI0052,CRT03393,PRD0072,2026-03-19 12:13:17,5,308.05,1540.25,4524.15
TRX002044,CLI0001,CRT01404,PRD0152,2026-06-10 02:34:26,7,336.37,2354.59,4439.6900000000005
TRX002045,CLI0075,CRT01365,PRD0128,2026-02-25 22:11:19,2,9.29,18.58,6292.23
TRX002046,CLI0085,CRT01827,PRD0098,2026-03-22 17:53:12,7,136.36,954.5200000000001,5084.38
TRX002047,CLI0342,CRT01475,PRD0088,2026-02-07 20:34:46,9,64.83,583.47,5184.56
TRX002048,CLI0194,CRT01668,PRD0171,2026-05-27 14:12:37,8,127.91,1023.28,5640.62
TRX002049,CLI0167,CRT01127,PRD0053,2026-05-23 03:33:19,9,99.29,893.61,3472.3199999999997
TRX002050,CLI0329,CRT02526,PRD0019,2026-05-31 02:35:36,8,13.65,109.2,2262.91
TRX002051,CLI0311,CRT01050,PRD0122,2026-04-10 06:49:20,4,224.09,896.36,2921.64
TRX002052,CLI0182,CRT00263,PRD0006,2026-06-12 10:37:50,3,207.27,621.8100000000001,3279.06
TRX002053,CLI0122,CRT02480,PRD0186,2026-07-05 21:46:30,2,13.84,27.68,1321.32
TRX002054,CLI0071,CRT02339,PRD0194,2026-07-12 19:46:28,5,311.57,1557.85,3984.79
TRX002055,CLI0402,CRT00731,PRD0184,2026-06-26 17:18:14,10,85.85,858.5,3562.05
TRX002056,CLI0133,CRT02568,PRD0110,2026-04-15 16:02:47,10,286.9,2869.0,4833.04
TRX002057,CLI0214,CRT02079,PRD0001,2026-05-04 20:51:52,10,260.19,2601.9,6517.530000000001
TRX002058,CLI0049,CRT00234,PRD0036,2026-04-21 09:03:01,8,86.2,689.6,4263.4400000000005
TRX002059,CLI0075,CRT02644,PRD0161,2026-07-11 01:15:01,1,331.95,331.95,331.95
TRX002060,CLI0259,CRT00492,PRD0069,2026-06-25 15:17:03,4,112.37,449.48,4389.3099999999995
TRX002061,CLI0411,CRT01684,PRD0146,2026-05-16 17:18:14,3,318.04,954.1200000000001,1868.7200000000003
TRX002062,CLI0287,CRT00561,PRD0196,2026-01-19 18:19:11,1,349.85,349.85,708.26
TRX002063,CLI0113,CRT03403,PRD0167,2026-06-18 05:09:24,5,82.61,413.05,4418.41
TRX002064,CLI0148,CRT03418,PRD0157,2026-01-29 00:18:12,4,263.29,1053.16,2561.35
TRX002065,CLI0008,CRT03425,PRD0055,2026-04-27 01:29:27,5,349.75,1748.75,2520.81
TRX002066,CLI0172,CRT01370,PRD0058,2026-02-02 01:10:06,8,275.33,2202.64,6682.69
TRX002067,CLI0003,CRT00559,PRD0137,2026-03-08 06:22:22,5,116.26,581.3000000000001,3026.2000000000003
TRX002068,CLI0277,CRT01467,PRD0176,2026-02-11 19:25:45,4,288.19,1152.76,6101.51
TRX002069,CLI0061,CRT02070,PRD0080,2026-04-06 11:06:07,4,342.98,1371.92,3252.1800000000003
TRX002070,CLI0379,CRT00871,PRD0029,2026-05-18 07:42:50,5,95.22,476.1,8124.78
TRX002071,CLI0139,CRT01227,PRD0107,2026-03-10 03:34:41,5,114.48,572.4,1439.43
TRX002072,CLI0184,CRT00793,PRD0108,2026-06-22 16:42:05,3,166.93,500.79,1802.06
TRX002073,CLI0386,CRT03322,PRD0115,2026-05-30 15:02:51,2,301.5,603.0,1428.99
TRX002074,CLI0259,CRT00492,PRD0061,2026-06-25 15:17:03,1,111.48,111.48,4389.3099999999995
TRX002075,CLI0272,CRT01406,PRD0152,2026-01-09 10:47:54,7,336.37,2354.59,4944.14
TRX002076,CLI0131,CRT02541,PRD0192,2026-03-05 21:55:24,6,241.82,1450.92,3783.45
TRX002077,CLI0218,CRT02051,PRD0014,2026-02-03 17:20:23,2,99.1,198.2,3039.47
TRX002078,CLI0286,CRT02354,PRD0186,2026-01-08 13:38:32,1,13.84,13.84,13.84
TRX002079,CLI0373,CRT00721,PRD0056,2026-01-11 20:00:34,1,143.73,143.73,2512.25
TRX002080,CLI0309,CRT00499,PRD0147,2026-05-19 00:02:37,5,208.25,1041.25,4536.79
TRX002081,CLI0365,CRT00965,PRD0140,2026-07-23 05:58:15,7,80.42,562.94,1129.49
TRX002082,CLI0421,CRT01147,PRD0075,2026-04-02 03:59:38,1,38.5,38.5,1002.8799999999999
TRX002083,CLI0386,CRT02229,PRD0097,2026-04-16 08:29:14,2,275.78,551.56,9667.08
TRX002084,CLI0383,CRT01823,PRD0117,2026-04-03 15:39:32,1,196.2,196.2,196.2
TRX002085,CLI0021,CRT01835,PRD0040,2026-04-24 12:58:49,5,256.15,1280.75,3692.75
TRX002086,CLI0202,CRT02701,PRD0072,2026-05-23 19:31:49,2,308.05,616.1,2764.66
TRX002087,CLI0288,CRT02095,PRD0023,2026-06-15 04:30:24,4,262.09,1048.36,3282.28
TRX002088,CLI0284,CRT00813,PRD0140,2026-05-11 20:15:18,2,80.42,160.84,3158.31
TRX002089,CLI0328,CRT01534,PRD0118,2026-01-20 18:42:33,4,163.96,655.84,4183.72
TRX002090,CLI0108,CRT02878,PRD0106,2026-05-30 13:58:58,6,102.2,613.2,1440.5100000000002
TRX002091,CLI0212,CRT01895,PRD0094,2026-01-25 16:55:03,6,179.52,1077.1200000000001,3305.67
TRX002092,CLI0043,CRT02136,PRD0165,2026-06-12 18:13:12,6,194.83,1168.98,2297.04
TRX002093,CLI0020,CRT00538,PRD0043,2026-07-05 13:59:34,8,194.99,1559.92,2164.96
TRX002094,CLI0365,CRT03081,PRD0027,2026-07-18 14:06:47,10,209.57,2095.7,3663.88
TRX002095,CLI0236,CRT02640,PRD0138,2026-03-22 05:16:06,5,308.17,1540.8500000000001,4798.97
TRX002096,CLI0003,CRT02521,PRD0058,2026-01-04 18:13:47,3,275.33,825.99,2532.2400000000002
TRX002097,CLI0162,CRT03064,PRD0117,2026-07-12 14:13:22,1,196.2,196.2,2550.0
TRX002098,CLI0268,CRT03324,PRD0058,2026-05-16 08:45:25,8,275.33,2202.64,6029.87
TRX002099,CLI0399,CRT00144,PRD0089,2026-01-21 17:45:08,3,57.82,173.46,6441.209999999999
TRX002100,CLI0167,CRT02933,PRD0131,2026-03-10 07:25:28,3,212.13,636.39,3852.87
TRX002101,CLI0182,CRT00895,PRD0085,2026-06-10 11:00:26,4,239.52,958.08,4458.620000000001
TRX002102,CLI0027,CRT02195,PRD0103,2026-03-24 15:44:54,10,234.25,2342.5,7609.3
TRX002103,CLI0076,CRT01491,PRD0011,2026-07-03 15:34:11,6,104.38,626.28,2632.6099999999997
TRX002104,CLI0318,CRT00590,PRD0106,2026-03-22 17:55:32,7,102.2,715.4,1717.05
TRX002105,CLI0332,CRT02485,PRD0075,2026-03-15 00:51:45,8,38.5,308.0,5436.96
TRX002106,CLI0356,CRT03030,PRD0011,2026-01-04 10:26:27,3,104.38,313.14,3036.65
TRX002107,CLI0422,CRT01706,PRD0020,2026-03-15 23:31:18,2,75.82,151.64,1648.48
TRX002108,CLI0255,CRT01019,PRD0140,2026-05-07 06:33:00,8,80.42,643.36,2898.8
TRX002109,CLI0028,CRT01830,PRD0097,2026-02-18 05:24:40,7,275.78,1930.4599999999998,6705.21
TRX002110,CLI0017,CRT00311,PRD0049,2026-04-02 16:28:42,2,36.18,72.36,7434.48
TRX002111,CLI0096,CRT02562,PRD0063,2026-06-30 04:53:27,9,30.34,273.06,4961.139999999999
TRX002112,CLI0207,CRT03360,PRD0117,2026-02-15 21:37:43,10,196.2,1962.0,4822.4
TRX002113,CLI0211,CRT03028,PRD0065,2026-07-04 12:16:55,9,88.06,792.54,1358.06
TRX002114,CLI0044,CRT00845,PRD0188,2026-04-13 18:16:14,10,281.86,2818.6000000000004,9234.060000000001
TRX002115,CLI0115,CRT02975,PRD0051,2026-01-27 10:15:37,9,142.41,1281.69,3633.65
TRX002116,CLI0217,CRT01731,PRD0087,2026-02-25 05:15:10,8,302.95,2423.6,7822.91
TRX002117,CLI0034,CRT02456,PRD0107,2026-06-18 10:08:17,9,114.48,1030.32,5413.86
TRX002118,CLI0014,CRT01514,PRD0035,2026-07-22 00:05:20,8,344.9,2759.2,4234.84
TRX002119,CLI0344,CRT00199,PRD0021,2026-01-23 04:01:14,8,175.98,1407.84,4856.1900000000005
TRX002120,CLI0013,CRT00369,PRD0161,2026-04-28 12:04:38,7,331.95,2323.65,5444.17
TRX002121,CLI0407,CRT02695,PRD0098,2026-06-01 06:35:36,8,136.36,1090.88,5568.49
TRX002122,CLI0373,CRT02949,PRD0110,2026-07-12 00:25:45,8,286.9,2295.2,4880.49
TRX002123,CLI0258,CRT02564,PRD0110,2026-01-29 16:24:29,6,286.9,1721.3999999999999,8032.889999999999
TRX002124,CLI0284,CRT03167,PRD0020,2026-06-02 05:55:19,2,75.82,151.64,4429.93
TRX002125,CLI0132,CRT02241,PRD0124,2026-04-01 15:19:42,4,96.92,387.68,2785.43
TRX002126,CLI0365,CRT01151,PRD0082,2026-04-08 14:46:59,9,316.62,2849.58,5981.91
TRX002127,CLI0103,CRT02335,PRD0105,2026-03-27 07:09:34,8,200.26,1602.08,9806.0
TRX002128,CLI0139,CRT00880,PRD0085,2026-01-14 16:55:43,8,239.52,1916.16,10799.27
TRX002129,CLI0233,CRT01249,PRD0026,2026-03-12 15:32:45,2,238.97,477.94,736.38
TRX002130,CLI0007,CRT00046,PRD0153,2026-07-21 22:41:05,3,63.71,191.13,4853.0199999999995
TRX002131,CLI0089,CRT02496,PRD0168,2026-06-01 19:58:58,4,260.65,1042.6,6071.32
TRX002132,CLI0031,CRT01700,PRD0082,2026-05-14 07:18:19,10,316.62,3166.2,10294.35
TRX002133,CLI0218,CRT02051,PRD0110,2026-02-03 17:20:23,9,286.9,2582.1,3039.47
TRX002134,CLI0026,CRT00775,PRD0168,2026-04-04 08:02:10,2,260.65,521.3,6586.950000000001
TRX002135,CLI0353,CRT01519,PRD0029,2026-06-15 08:54:39,9,95.22,856.98,1744.96
TRX002136,CLI0252,CRT00931,PRD0086,2026-05-02 05:00:24,10,197.06,1970.6,9575.79
TRX002137,CLI0012,CRT03491,PRD0116,2026-02-17 05:09:31,4,281.93,1127.72,1804.17
TRX002138,CLI0368,CRT02892,PRD0040,2026-01-31 15:52:43,10,256.15,2561.5,3498.14
TRX002139,CLI0121,CRT01708,PRD0185,2026-04-14 08:40:58,8,144.46,1155.68,2428.1000000000004
TRX002140,CLI0301,CRT02124,PRD0145,2026-03-02 17:56:55,3,40.06,120.18,8418.94
TRX002141,CLI0055,CRT01980,PRD0075,2026-07-20 22:13:48,1,38.5,38.5,6282.099999999999
TRX002142,CLI0301,CRT02124,PRD0053,2026-03-02 17:56:55,5,99.29,496.45000000000005,8418.94
TRX002143,CLI0085,CRT03047,PRD0142,2026-01-14 13:31:30,9,55.45,499.05,2219.4300000000003
TRX002144,CLI0155,CRT02337,PRD0040,2026-07-10 09:59:34,8,256.15,2049.2,2679.91
TRX002145,CLI0108,CRT00148,PRD0081,2026-07-14 06:08:19,4,151.12,604.48,7225.42
TRX002146,CLI0004,CRT00378,PRD0011,2026-06-14 22:30:48,1,104.38,104.38,6500.1
TRX002147,CLI0298,CRT02934,PRD0040,2026-06-11 14:23:54,5,256.15,1280.75,3331.06
TRX002148,CLI0241,CRT02250,PRD0038,2026-03-21 21:57:59,6,231.76,1390.56,4977.79
TRX002149,CLI0340,CRT00346,PRD0101,2026-03-26 12:03:13,2,26.82,53.64,53.64
TRX002150,CLI0300,CRT00333,PRD0175,2026-03-07 00:12:19,10,120.9,1209.0,1469.47
TRX002151,CLI0136,CRT03384,PRD0196,2026-01-20 06:12:57,5,349.85,1749.25,2005.7
TRX002152,CLI0168,CRT00836,PRD0139,2026-05-09 08:02:20,6,30.96,185.76,433.44
TRX002153,CLI0372,CRT02031,PRD0068,2026-04-19 18:23:47,6,140.04,840.24,4682.43
TRX002154,CLI0330,CRT02483,PRD0140,2026-07-21 01:26:31,9,80.42,723.78,1151.98
TRX002155,CLI0131,CRT02114,PRD0136,2026-07-16 03:15:47,7,303.73,2126.11,3512.7400000000002
TRX002156,CLI0219,CRT02854,PRD0184,2026-01-05 22:26:41,9,85.85,772.65,4473.66
TRX002157,CLI0132,CRT02515,PRD0028,2026-04-08 16:52:51,2,301.62,603.24,4054.94
TRX002158,CLI0028,CRT00140,PRD0058,2026-02-08 05:00:04,8,275.33,2202.64,10739.25
TRX002159,CLI0233,CRT02265,PRD0020,2026-07-22 01:32:10,4,75.82,303.28,449.94999999999993
TRX002160,CLI0050,CRT01541,PRD0058,2026-05-17 21:07:07,5,275.33,1376.6499999999999,4818.68
TRX002161,CLI0392,CRT01613,PRD0031,2026-07-02 21:11:13,2,267.28,534.56,8127.950000000001
TRX002162,CLI0073,CRT03022,PRD0081,2026-01-21 08:55:18,9,151.12,1360.08,1360.08
TRX002163,CLI0182,CRT00131,PRD0097,2026-02-27 11:10:50,9,275.78,2482.0199999999995,5778.679999999999
TRX002164,CLI0047,CRT01396,PRD0021,2026-01-05 17:28:06,1,175.98,175.98,5843.959999999999
TRX002165,CLI0187,CRT02819,PRD0016,2026-04-20 06:37:58,8,223.15,1785.2,4961.299999999999
TRX002166,CLI0267,CRT02606,PRD0064,2026-05-27 18:22:23,10,237.14,2371.3999999999996,4621.129999999999
TRX002167,CLI0156,CRT01512,PRD0118,2026-05-07 20:21:46,7,163.96,1147.72,3989.21
TRX002168,CLI0398,CRT03179,PRD0029,2026-04-27 20:04:57,5,95.22,476.1,4591.84
TRX002169,CLI0195,CRT00757,PRD0020,2026-07-07 06:45:18,1,75.82,75.82,3321.6000000000004
TRX002170,CLI0333,CRT00633,PRD0172,2026-06-16 19:36:14,4,97.82,391.28,3870.65
TRX002171,CLI0085,CRT02207,PRD0085,2026-03-26 11:18:57,2,239.52,479.04,1730.5
TRX002172,CLI0196,CRT01152,PRD0050,2026-04-22 19:50:49,6,164.79,988.74,988.74
TRX002173,CLI0408,CRT01023,PRD0170,2026-01-31 07:32:55,8,100.84,806.72,2456.45
TRX002174,CLI0033,CRT01443,PRD0104,2026-01-06 08:27:31,6,46.73,280.38,3062.38
TRX002175,CLI0179,CRT00100,PRD0026,2026-04-28 09:10:29,9,238.97,2150.73,3515.42
TRX002176,CLI0220,CRT01599,PRD0171,2026-02-18 02:32:03,6,127.91,767.46,830.62
TRX002177,CLI0059,CRT03119,PRD0056,2026-03-13 16:33:02,10,143.73,1437.3,1437.3
TRX002178,CLI0252,CRT01256,PRD0007,2026-02-21 22:13:13,4,149.36,597.44,1801.96
TRX002179,CLI0423,CRT02391,PRD0064,2026-04-13 22:01:18,10,237.14,2371.3999999999996,6276.3099999999995
TRX002180,CLI0345,CRT01234,PRD0174,2026-01-03 02:28:26,2,6.76,13.52,1603.5800000000002
TRX002181,CLI0086,CRT03380,PRD0118,2026-02-17 12:05:36,9,163.96,1475.64,2820.8
TRX002182,CLI0269,CRT00969,PRD0037,2026-07-01 13:59:03,6,171.38,1028.28,1083.19
TRX002183,CLI0195,CRT02743,PRD0036,2026-01-07 21:58:36,4,86.2,344.8,5630.62
TRX002184,CLI0339,CRT01136,PRD0075,2026-02-08 16:29:32,7,38.5,269.5,2285.74
TRX002185,CLI0418,CRT02447,PRD0028,2026-03-25 11:44:54,3,301.62,904.86,3770.68
TRX002186,CLI0401,CRT02222,PRD0006,2026-02-02 02:15:26,1,207.27,207.27,6530.33
TRX002187,CLI0343,CRT02691,PRD0193,2026-05-11 08:11:22,6,190.14,1140.84,3866.58
TRX002188,CLI0412,CRT00563,PRD0148,2026-05-12 09:22:56,5,270.94,1354.7,2979.53
TRX002189,CLI0240,CRT01955,PRD0152,2026-02-03 10:40:55,5,336.37,1681.85,3029.01
TRX002190,CLI0040,CRT03023,PRD0171,2026-01-04 20:43:23,10,127.91,1279.1,4752.31
TRX002191,CLI0414,CRT02270,PRD0023,2026-07-09 13:41:11,4,262.09,1048.36,2022.22
TRX002192,CLI0189,CRT02593,PRD0042,2026-04-26 22:30:48,4,88.65,354.6,3909.6800000000003
TRX002193,CLI0267,CRT02637,PRD0107,2026-06-19 21:54:15,10,114.48,1144.8,4935.0
TRX002194,CLI0347,CRT02734,PRD0042,2026-04-19 05:12:55,3,88.65,265.95000000000005,4365.31
TRX002195,CLI0167,CRT00603,PRD0116,2026-04-03 22:18:38,8,281.93,2255.44,4087.1200000000003
TRX002196,CLI0131,CRT01750,PRD0039,2026-03-19 03:17:09,2,305.67,611.34,2593.2799999999997
TRX002197,CLI0053,CRT00312,PRD0129,2026-06-07 20:27:27,10,4.55,45.5,45.5
TRX002198,CLI0173,CRT01232,PRD0073,2026-06-23 06:33:02,6,292.23,1753.38,7112.280000000001
TRX002199,CLI0352,CRT01884,PRD0104,2026-07-02 05:38:45,5,46.73,233.64999999999998,1929.3000000000002
TRX002200,CLI0187,CRT02819,PRD0192,2026-04-20 06:37:58,1,241.82,241.82,4961.299999999999
TRX002201,CLI0234,CRT03381,PRD0024,2026-02-06 00:27:49,7,78.71,550.9699999999999,550.9699999999999
TRX002202,CLI0145,CRT01108,PRD0043,2026-07-16 12:41:33,4,194.99,779.96,3227.8
TRX002203,CLI0024,CRT01071,PRD0049,2026-01-27 18:57:13,9,36.18,325.62,325.62
TRX002204,CLI0082,CRT03200,PRD0120,2026-04-22 08:24:33,6,291.12,1746.72,3261.7200000000003
TRX002205,CLI0196,CRT00317,PRD0068,2026-04-10 15:10:00,7,140.04,980.28,3563.21
TRX002206,CLI0360,CRT01422,PRD0172,2026-02-23 08:12:28,8,97.82,782.56,5300.380000000001
TRX002207,CLI0120,CRT02177,PRD0136,2026-05-07 13:12:59,1,303.73,303.73,2818.2000000000003
TRX002208,CLI0405,CRT02239,PRD0067,2026-02-19 20:52:12,3,327.31,981.9300000000001,2529.4900000000002
TRX002209,CLI0245,CRT02648,PRD0044,2026-06-11 07:51:12,1,248.47,248.47,3851.4
TRX002210,CLI0191,CRT00708,PRD0038,2026-04-29 01:09:19,8,231.76,1854.08,7180.0
TRX002211,CLI0218,CRT02996,PRD0080,2026-05-04 15:04:16,2,342.98,685.96,1482.45
TRX002212,CLI0031,CRT01700,PRD0155,2026-05-14 07:18:19,6,289.44,1736.6399999999999,10294.35
TRX002213,CLI0126,CRT01180,PRD0060,2026-05-01 22:57:42,4,339.13,1356.52,2564.0
TRX002214,CLI0149,CRT01533,PRD0089,2026-03-16 19:16:57,8,57.82,462.56,1174.66
TRX002215,CLI0328,CRT01266,PRD0159,2026-01-01 01:22:39,9,125.8,1132.2,3542.64
TRX002216,CLI0233,CRT00558,PRD0035,2026-04-14 20:55:54,5,344.9,1724.5,5580.7300000000005
TRX002217,CLI0318,CRT00590,PRD0117,2026-03-22 17:55:32,3,196.2,588.5999999999999,1717.05
TRX002218,CLI0020,CRT00056,PRD0087,2026-02-14 10:01:39,1,302.95,302.95,766.56
TRX002219,CLI0167,CRT00665,PRD0039,2026-05-02 17:00:35,6,305.67,1834.02,6267.12
TRX002220,CLI0026,CRT01087,PRD0035,2026-02-03 01:03:20,6,344.9,2069.3999999999996,5570.01
TRX002221,CLI0391,CRT01772,PRD0011,2026-02-03 21:37:38,6,104.38,626.28,890.46
TRX002222,CLI0398,CRT02249,PRD0163,2026-02-07 05:22:01,6,278.04,1668.2400000000002,3675.86
TRX002223,CLI0409,CRT01037,PRD0191,2026-01-10 23:30:26,4,288.92,1155.68,2142.64
TRX002224,CLI0107,CRT01960,PRD0050,2026-03-14 03:08:17,6,164.79,988.74,3492.58
TRX002225,CLI0025,CRT00623,PRD0151,2026-04-12 03:36:12,5,121.08,605.4,3138.36
TRX002226,CLI0334,CRT02165,PRD0128,2026-01-20 19:36:41,5,9.29,46.449999999999996,2030.71
TRX002227,CLI0085,CRT00266,PRD0095,2026-05-07 05:06:48,1,42.58,42.58,1916.68
TRX002228,CLI0151,CRT00327,PRD0181,2026-04-25 06:27:35,8,318.21,2545.68,3391.2599999999998
TRX002229,CLI0165,CRT02491,PRD0165,2026-02-16 16:06:21,9,194.83,1753.47,4525.92
TRX002230,CLI0259,CRT03202,PRD0056,2026-01-31 22:59:24,10,143.73,1437.3,1437.3
TRX002231,CLI0022,CRT02322,PRD0115,2026-04-30 18:39:03,7,301.5,2110.5,7126.6
TRX002232,CLI0320,CRT02983,PRD0128,2026-03-15 12:41:03,8,9.29,74.32,1944.3700000000001
TRX002233,CLI0296,CRT00511,PRD0073,2026-05-14 04:17:24,8,292.23,2337.84,3085.1800000000003
TRX002234,CLI0373,CRT01191,PRD0125,2026-07-20 20:31:26,9,54.91,494.18999999999994,2226.8399999999997
TRX002235,CLI0013,CRT01239,PRD0167,2026-06-08 03:20:50,9,82.61,743.49,3733.9399999999996
TRX002236,CLI0096,CRT00466,PRD0072,2026-02-10 13:11:17,9,308.05,2772.4500000000003,4541.81
TRX002237,CLI0146,CRT01349,PRD0167,2026-02-23 15:49:33,10,82.61,826.1,5006.52
TRX002238,CLI0377,CRT02958,PRD0019,2026-03-28 03:05:36,3,13.65,40.95,4072.26
TRX002239,CLI0385,CRT02577,PRD0138,2026-01-02 21:12:22,3,308.17,924.51,3886.95
TRX002240,CLI0052,CRT03068,PRD0200,2026-05-09 05:28:05,2,144.4,288.8,5104.16
TRX002241,CLI0188,CRT02795,PRD0197,2026-02-04 18:42:09,1,267.68,267.68,2601.6299999999997
TRX002242,CLI0300,CRT02147,PRD0081,2026-05-11 10:14:32,1,151.12,151.12,4106.37
TRX002243,CLI0364,CRT03398,PRD0163,2026-03-27 18:51:13,8,278.04,2224.32,3166.52
TRX002244,CLI0298,CRT01134,PRD0113,2026-07-13 23:09:39,3,310.43,931.29,8470.55
TRX002245,CLI0273,CRT00787,PRD0014,2026-04-09 06:53:52,1,99.1,99.1,3444.3
TRX002246,CLI0368,CRT02892,PRD0098,2026-01-31 15:52:43,5,136.36,681.8000000000001,3498.14
TRX002247,CLI0320,CRT00861,PRD0180,2026-02-07 16:02:12,1,217.4,217.4,1240.68
TRX002248,CLI0006,CRT00543,PRD0193,2026-02-21 23:54:59,10,190.14,1901.3999999999999,2034.1999999999998
TRX002249,CLI0070,CRT03475,PRD0074,2026-02-27 23:17:22,5,229.76,1148.8,4936.36
TRX002250,CLI0138,CRT00093,PRD0050,2026-06-16 14:54:34,8,164.79,1318.32,4103.11
TRX002251,CLI0052,CRT00786,PRD0128,2026-07-05 08:24:39,2,9.29,18.58,6856.870000000001
TRX002252,CLI0227,CRT02433,PRD0013,2026-06-28 01:44:19,2,103.06,206.12,6051.58
TRX002253,CLI0338,CRT00767,PRD0184,2026-01-18 01:35:37,3,85.85,257.54999999999995,6103.45
TRX002254,CLI0204,CRT03063,PRD0084,2026-05-09 07:05:43,5,129.22,646.1,5245.05
TRX002255,CLI0181,CRT01542,PRD0022,2026-02-06 00:28:10,7,51.02,357.14000000000004,4487.78
TRX002256,CLI0145,CRT02841,PRD0095,2026-05-05 03:00:28,2,42.58,85.16,767.5799999999999
TRX002257,CLI0279,CRT00509,PRD0199,2026-04-15 09:23:11,8,223.09,1784.72,5027.45
TRX002258,CLI0322,CRT01039,PRD0044,2026-04-28 19:33:01,6,248.47,1490.82,3980.25
TRX002259,CLI0359,CRT03377,PRD0081,2026-06-09 17:21:29,8,151.12,1208.96,2176.71
TRX002260,CLI0275,CRT03002,PRD0117,2026-02-28 14:00:13,9,196.2,1765.8,7216.58
TRX002261,CLI0233,CRT01692,PRD0075,2026-06-21 19:56:10,1,38.5,38.5,2195.9500000000003
TRX002262,CLI0307,CRT01537,PRD0058,2026-07-12 06:05:06,5,275.33,1376.6499999999999,4976.74
TRX002263,CLI0230,CRT01948,PRD0089,2026-06-28 15:52:57,2,57.82,115.64,575.06
TRX002264,CLI0103,CRT03495,PRD0199,2026-05-02 17:29:35,1,223.09,223.09,837.4100000000001
TRX002265,CLI0277,CRT00673,PRD0055,2026-02-28 03:15:38,5,349.75,1748.75,2703.38
TRX002266,CLI0381,CRT00652,PRD0153,2026-06-29 02:54:54,9,63.71,573.39,6244.07
TRX002267,CLI0068,CRT01815,PRD0087,2026-05-24 01:29:50,7,302.95,2120.65,2175.56
TRX002268,CLI0383,CRT01399,PRD0064,2026-05-30 00:53:19,7,237.14,1659.98,5908.56
TRX002269,CLI0359,CRT02015,PRD0047,2026-04-14 16:14:42,8,327.59,2620.72,9789.220000000001
TRX002270,CLI0155,CRT03159,PRD0042,2026-03-20 18:16:49,2,88.65,177.3,4599.93
TRX002271,CLI0264,CRT01355,PRD0117,2026-01-30 02:34:47,9,196.2,1765.8,3717.31
TRX002272,CLI0095,CRT00916,PRD0138,2026-03-23 05:17:53,7,308.17,2157.19,5958.01
TRX002273,CLI0384,CRT02789,PRD0186,2026-03-30 08:53:31,5,13.84,69.2,69.2
TRX002274,CLI0197,CRT01274,PRD0026,2026-06-26 17:33:05,5,238.97,1194.85,3168.27
TRX002275,CLI0030,CRT02807,PRD0127,2026-04-02 00:12:52,3,24.14,72.42,1930.44
TRX002276,CLI0284,CRT01510,PRD0154,2026-05-06 01:32:15,7,283.35,1983.4500000000003,2399.4900000000002
TRX002277,CLI0184,CRT01276,PRD0111,2026-03-27 11:01:32,3,282.78,848.3399999999999,1634.9299999999998
TRX002278,CLI0099,CRT03240,PRD0068,2026-06-05 01:04:33,5,140.04,700.1999999999999,6517.38
TRX002279,CLI0371,CRT00822,PRD0050,2026-03-25 17:34:06,5,164.79,823.9499999999999,7021.610000000001
TRX002280,CLI0292,CRT01892,PRD0058,2026-01-13 20:03:39,8,275.33,2202.64,7003.71
TRX002281,CLI0202,CRT00270,PRD0176,2026-02-25 16:38:25,1,288.19,288.19,1765.6399999999999
TRX002282,CLI0064,CRT02427,PRD0142,2026-05-17 14:13:49,5,55.45,277.25,5615.03
TRX002283,CLI0304,CRT01126,PRD0198,2026-06-02 16:51:14,10,156.17,1561.6999999999998,5009.6
TRX002284,CLI0024,CRT02897,PRD0099,2026-05-25 02:12:48,9,248.8,2239.2000000000003,6129.58
TRX002285,CLI0211,CRT02459,PRD0119,2026-03-19 21:48:14,7,332.64,2328.48,3689.98
TRX002286,CLI0358,CRT02785,PRD0060,2026-02-01 14:45:45,8,339.13,2713.04,3739.7299999999996
TRX002287,CLI0175,CRT02027,PRD0068,2026-07-13 23:08:40,2,140.04,280.08,280.08
TRX002288,CLI0282,CRT00339,PRD0017,2026-04-02 02:39:12,2,134.36,268.72,268.72
TRX002289,CLI0381,CRT03212,PRD0129,2026-07-07 04:45:11,1,4.55,4.55,4240.33
TRX002290,CLI0401,CRT03450,PRD0173,2026-04-22 03:29:48,2,330.57,661.14,661.14
TRX002291,CLI0122,CRT02480,PRD0140,2026-07-05 21:46:30,9,80.42,723.78,1321.32
TRX002292,CLI0427,CRT01874,PRD0084,2026-04-05 18:39:54,8,129.22,1033.76,7503.07
TRX002293,CLI0276,CRT00367,PRD0040,2026-06-29 15:50:47,8,256.15,2049.2,6999.0199999999995
TRX002294,CLI0035,CRT02893,PRD0126,2026-05-04 15:15:19,1,146.67,146.67,146.67
TRX002295,CLI0274,CRT00798,PRD0187,2026-06-03 16:07:46,4,241.37,965.48,8458.74
TRX002296,CLI0272,CRT01220,PRD0065,2026-04-22 00:25:54,4,88.06,352.24,1386.9399999999998
TRX002297,CLI0023,CRT02458,PRD0043,2026-01-18 07:57:27,3,194.99,584.97,3808.4400000000005
TRX002298,CLI0148,CRT03418,PRD0132,2026-01-29 00:18:12,6,153.95,923.6999999999999,2561.35
TRX002299,CLI0185,CRT02874,PRD0083,2026-07-09 13:09:27,8,194.5,1556.0,4572.639999999999
TRX002300,CLI0428,CRT00784,PRD0066,2026-03-19 02:50:15,1,148.18,148.18,4910.05
TRX002301,CLI0369,CRT00942,PRD0150,2026-03-22 14:21:02,5,151.36,756.8000000000001,3923.23
TRX002302,CLI0055,CRT02929,PRD0050,2026-07-04 13:54:27,5,164.79,823.9499999999999,1661.87
TRX002303,CLI0063,CRT01611,PRD0116,2026-03-01 15:27:46,4,281.93,1127.72,4413.070000000001
TRX002304,CLI0149,CRT01533,PRD0083,2026-03-16 19:16:57,1,194.5,194.5,1174.66
TRX002305,CLI0021,CRT02069,PRD0021,2026-05-14 05:34:53,8,175.98,1407.84,3802.27
TRX002306,CLI0211,CRT00227,PRD0147,2026-04-23 01:40:25,4,208.25,833.0,6575.63
TRX002307,CLI0154,CRT03486,PRD0030,2026-04-14 17:36:42,3,153.58,460.74,4397.49
TRX002308,CLI0099,CRT00078,PRD0114,2026-02-21 02:05:53,5,141.38,706.9,2973.0699999999997
TRX002309,CLI0387,CRT01570,PRD0119,2026-01-25 04:30:25,7,332.64,2328.48,2467.83
TRX002310,CLI0100,CRT02276,PRD0048,2026-06-11 21:19:27,7,275.16,1926.1200000000001,5346.82
TRX002311,CLI0085,CRT03136,PRD0122,2026-02-20 12:43:00,9,224.09,2016.81,3867.29
TRX002312,CLI0166,CRT01669,PRD0178,2026-05-27 03:33:29,10,198.09,1980.9,7495.34
TRX002313,CLI0389,CRT02473,PRD0110,2026-02-01 11:14:41,10,286.9,2869.0,5795.38
TRX002314,CLI0399,CRT00224,PRD0132,2026-04-02 22:15:31,8,153.95,1231.6,1231.6
TRX002315,CLI0428,CRT01241,PRD0084,2026-02-25 21:49:22,5,129.22,646.1,646.1
TRX002316,CLI0263,CRT03342,PRD0071,2026-02-21 14:34:15,10,76.57,765.6999999999999,1914.5
TRX002317,CLI0047,CRT00967,PRD0045,2026-01-30 16:21:43,1,301.22,301.22,2959.85
TRX002318,CLI0340,CRT00883,PRD0190,2026-06-18 13:06:54,4,23.22,92.88,2042.66
TRX002319,CLI0275,CRT03138,PRD0017,2026-06-26 05:51:01,1,134.36,134.36,3169.0499999999997
TRX002320,CLI0115,CRT00097,PRD0079,2026-03-06 22:08:56,5,98.65,493.25,3923.05
TRX002321,CLI0363,CRT02093,PRD0157,2026-01-07 20:49:32,4,263.29,1053.16,6001.6
TRX002322,CLI0387,CRT01508,PRD0132,2026-02-05 07:15:17,9,153.95,1385.55,1385.55
TRX002323,CLI0243,CRT02676,PRD0139,2026-02-15 01:54:37,2,30.96,61.92,5665.9800000000005
TRX002324,CLI0309,CRT00467,PRD0018,2026-07-03 04:18:29,8,115.19,921.52,1497.22
TRX002325,CLI0023,CRT01387,PRD0049,2026-01-11 17:08:09,8,36.18,289.44,4467.14
TRX002326,CLI0293,CRT02317,PRD0100,2026-02-10 13:37:14,10,252.5,2525.0,2807.7799999999997
TRX002327,CLI0037,CRT01085,PRD0042,2026-03-21 22:19:41,10,88.65,886.5,5072.79
TRX002328,CLI0047,CRT02441,PRD0027,2026-01-05 15:21:10,9,209.57,1886.1299999999999,4425.41
TRX002329,CLI0236,CRT01067,PRD0012,2026-04-10 19:01:04,10,69.32,693.1999999999999,3845.46
TRX002330,CLI0293,CRT00814,PRD0139,2026-05-27 05:37:58,10,30.96,309.6,3870.57
TRX002331,CLI0188,CRT02795,PRD0156,2026-02-04 18:42:09,3,87.81,263.43,2601.6299999999997
TRX002332,CLI0189,CRT01778,PRD0155,2026-02-16 14:19:36,5,289.44,1447.2,1447.2
TRX002333,CLI0142,CRT01425,PRD0189,2026-01-14 02:18:25,7,80.62,564.34,2308.51
TRX002334,CLI0089,CRT02683,PRD0055,2026-06-17 13:40:00,10,349.75,3497.5,6192.97
TRX002335,CLI0180,CRT03431,PRD0123,2026-03-14 18:16:37,3,85.64,256.92,1217.98
TRX002336,CLI0266,CRT02055,PRD0163,2026-07-19 14:22:24,5,278.04,1390.2,2976.73
TRX002337,CLI0245,CRT03020,PRD0192,2026-06-02 05:45:32,8,241.82,1934.56,6637.39
TRX002338,CLI0397,CRT03399,PRD0181,2026-06-19 21:41:25,1,318.21,318.21,3107.7799999999997
TRX002339,CLI0139,CRT00186,PRD0004,2026-06-09 22:03:01,5,178.11,890.5500000000001,5905.620000000001
TRX002340,CLI0418,CRT02641,PRD0180,2026-03-17 07:58:12,9,217.4,1956.6000000000001,6908.97
TRX002341,CLI0326,CRT02057,PRD0078,2026-04-19 16:01:22,2,172.26,344.52,3690.71
TRX002342,CLI0045,CRT02712,PRD0056,2026-05-24 09:20:54,2,143.73,287.46,2989.46
TRX002343,CLI0382,CRT00249,PRD0042,2026-06-17 00:38:49,4,88.65,354.6,2796.26
TRX002344,CLI0093,CRT00223,PRD0027,2026-06-06 13:49:34,1,209.57,209.57,3125.6000000000004
TRX002345,CLI0304,CRT01448,PRD0025,2026-06-20 19:18:09,2,265.13,530.26,4030.74
TRX002346,CLI0129,CRT00565,PRD0058,2026-06-27 16:07:14,9,275.33,2477.97,7371.049999999999
TRX002347,CLI0409,CRT00682,PRD0157,2026-03-16 21:44:10,7,263.29,1843.0300000000002,4571.7
TRX002348,CLI0026,CRT03430,PRD0119,2026-03-06 05:00:51,5,332.64,1663.1999999999998,2978.5299999999997
TRX002349,CLI0410,CRT02709,PRD0060,2026-03-22 04:28:47,4,339.13,1356.52,1745.52
TRX002350,CLI0207,CRT03464,PRD0155,2026-06-21 00:13:00,3,289.44,868.3199999999999,1429.57
TRX002351,CLI0113,CRT02926,PRD0080,2026-07-07 10:10:59,4,342.98,1371.92,3103.31
TRX002352,CLI0004,CRT00104,PRD0065,2026-05-11 13:37:31,2,88.06,176.12,3420.6499999999996
TRX002353,CLI0224,CRT03251,PRD0056,2026-05-12 14:33:41,5,143.73,718.65,2096.33
TRX002354,CLI0376,CRT02551,PRD0029,2026-04-16 03:14:08,6,95.22,571.3199999999999,4554.7
TRX002355,CLI0071,CRT01162,PRD0116,2026-06-14 15:08:27,7,281.93,1973.51,1973.51
TRX002356,CLI0062,CRT00330,PRD0167,2026-04-07 01:28:46,6,82.61,495.65999999999997,2027.1699999999996
TRX002357,CLI0027,CRT01413,PRD0033,2026-01-29 13:56:34,2,267.47,534.94,5060.05
TRX002358,CLI0162,CRT02454,PRD0169,2026-01-04 14:10:11,9,259.17,2332.53,2735.8900000000003
TRX002359,CLI0213,CRT02399,PRD0060,2026-03-05 06:32:17,2,339.13,678.26,1460.82
TRX002360,CLI0203,CRT02818,PRD0151,2026-04-06 10:53:47,3,121.08,363.24,688.52
TRX002361,CLI0093,CRT01335,PRD0042,2026-07-03 18:12:01,8,88.65,709.2,3101.62
TRX002362,CLI0157,CRT01661,PRD0164,2026-01-30 12:17:29,6,242.9,1457.4,4587.88
TRX002363,CLI0423,CRT02966,PRD0120,2026-01-12 03:44:36,10,291.12,2911.2,11492.789999999999
TRX002364,CLI0324,CRT00641,PRD0093,2026-06-06 20:48:45,2,302.86,605.72,2386.55
TRX002365,CLI0045,CRT01090,PRD0150,2026-04-20 14:16:09,8,151.36,1210.88,2260.4300000000003
TRX002366,CLI0403,CRT00621,PRD0118,2026-05-05 10:55:26,1,163.96,163.96,2532.63
TRX002367,CLI0285,CRT01507,PRD0162,2026-04-29 20:40:37,1,195.42,195.42,628.62
TRX002368,CLI0340,CRT00883,PRD0127,2026-06-18 13:06:54,4,24.14,96.56,2042.66
TRX002369,CLI0404,CRT00318,PRD0061,2026-06-25 11:23:00,5,111.48,557.4,1939.0299999999997
TRX002370,CLI0070,CRT00912,PRD0044,2026-04-21 05:17:05,4,248.47,993.88,2733.08
TRX002371,CLI0065,CRT00703,PRD0165,2026-07-03 15:57:44,8,194.83,1558.64,2183.3900000000003
TRX002372,CLI0376,CRT01230,PRD0053,2026-06-22 21:26:05,5,99.29,496.45000000000005,496.45000000000005
TRX002373,CLI0254,CRT02266,PRD0170,2026-02-26 00:08:04,4,100.84,403.36,1014.57
TRX002374,CLI0355,CRT00286,PRD0016,2026-07-15 09:02:17,3,223.15,669.45,669.45
TRX002375,CLI0003,CRT01582,PRD0134,2026-07-05 03:35:34,6,343.3,2059.8,5101.07
TRX002376,CLI0062,CRT00330,PRD0037,2026-04-07 01:28:46,7,171.38,1199.6599999999999,2027.1699999999996
TRX002377,CLI0348,CRT00903,PRD0083,2026-06-06 22:46:28,8,194.5,1556.0,5071.66
TRX002378,CLI0230,CRT03078,PRD0183,2026-07-21 04:46:36,5,74.71,373.54999999999995,1790.3
TRX002379,CLI0418,CRT00214,PRD0144,2026-03-29 06:39:29,1,213.05,213.05,2260.3
TRX002380,CLI0372,CRT01950,PRD0114,2026-02-19 17:05:04,6,141.38,848.28,4692.7
TRX002381,CLI0074,CRT02390,PRD0018,2026-04-25 02:19:44,4,115.19,460.76,3183.2900000000004
TRX002382,CLI0021,CRT00335,PRD0082,2026-02-09 11:44:47,7,316.62,2216.34,4134.48
TRX002383,CLI0282,CRT00007,PRD0198,2026-05-06 05:35:31,3,156.17,468.51,2498.14
TRX002384,CLI0291,CRT03448,PRD0006,2026-06-10 16:47:24,6,207.27,1243.6200000000001,5795.6
TRX002385,CLI0142,CRT00045,PRD0137,2026-05-14 16:40:51,2,116.26,232.52,3495.68
TRX002386,CLI0032,CRT01145,PRD0111,2026-04-05 19:59:03,3,282.78,848.3399999999999,2759.16
TRX002387,CLI0393,CRT01072,PRD0044,2026-06-18 11:22:37,4,248.47,993.88,3586.33
TRX002388,CLI0154,CRT02801,PRD0045,2026-05-04 10:41:15,2,301.22,602.44,2732.94
TRX002389,CLI0172,CRT01989,PRD0023,2026-02-05 04:28:39,2,262.09,524.18,5190.43
TRX002390,CLI0219,CRT01312,PRD0021,2026-03-28 14:38:12,6,175.98,1055.8799999999999,2642.33
TRX002391,CLI0115,CRT00243,PRD0078,2026-05-21 23:25:20,5,172.26,861.3,2033.82
TRX002392,CLI0133,CRT00604,PRD0034,2026-02-17 19:58:21,2,115.14,230.28,6266.45
TRX002393,CLI0206,CRT02228,PRD0158,2026-01-25 22:28:31,2,12.47,24.94,942.5
TRX002394,CLI0354,CRT01744,PRD0115,2026-07-21 08:43:34,2,301.5,603.0,8375.09
TRX002395,CLI0427,CRT01874,PRD0023,2026-04-05 18:39:54,10,262.09,2620.8999999999996,7503.07
TRX002396,CLI0063,CRT03416,PRD0156,2026-04-21 16:34:01,1,87.81,87.81,1287.4699999999998
TRX002397,CLI0402,CRT00340,PRD0050,2026-07-01 11:34:22,3,164.79,494.37,3395.4300000000003
TRX002398,CLI0414,CRT02392,PRD0121,2026-03-05 19:08:45,1,301.87,301.87,4414.12
TRX002399,CLI0328,CRT00542,PRD0147,2026-05-07 15:58:56,7,208.25,1457.75,3233.9
TRX002400,CLI0255,CRT01310,PRD0007,2026-06-02 22:24:51,1,149.36,149.36,1060.04
TRX002401,CLI0274,CRT00620,PRD0151,2026-07-04 11:29:43,8,121.08,968.64,6421.389999999999
TRX002402,CLI0071,CRT01543,PRD0039,2026-05-13 10:14:45,2,305.67,611.34,5340.160000000001
TRX002403,CLI0418,CRT02961,PRD0047,2026-02-11 11:11:29,4,327.59,1310.36,4269.38
TRX002404,CLI0402,CRT02702,PRD0195,2026-05-16 17:47:16,7,11.49,80.43,3478.1099999999997
TRX002405,CLI0424,CRT01776,PRD0044,2026-03-25 10:15:35,10,248.47,2484.7,6794.39
TRX002406,CLI0077,CRT02851,PRD0184,2026-02-28 04:23:09,4,85.85,343.4,3561.52
TRX002407,CLI0015,CRT01558,PRD0084,2026-07-10 04:19:04,1,129.22,129.22,2699.08
TRX002408,CLI0019,CRT02178,PRD0097,2026-03-13 17:56:37,1,275.78,275.78,451.9
TRX002409,CLI0063,CRT03274,PRD0161,2026-01-03 11:35:58,6,331.95,1991.6999999999998,4988.08
TRX002410,CLI0205,CRT03109,PRD0192,2026-01-19 08:07:15,3,241.82,725.46,895.2
TRX002411,CLI0041,CRT02778,PRD0055,2026-01-20 08:44:22,3,349.75,1049.25,5125.61
TRX002412,CLI0246,CRT00421,PRD0159,2026-04-29 16:12:53,2,125.8,251.6,6573.8
TRX002413,CLI0405,CRT03270,PRD0057,2026-02-17 13:01:30,5,59.71,298.55,2881.5299999999997
TRX002414,CLI0075,CRT03273,PRD0166,2026-07-19 11:26:55,5,124.75,623.75,5755.51
TRX002415,CLI0004,CRT00378,PRD0110,2026-06-14 22:30:48,3,286.9,860.6999999999999,6500.1
TRX002416,CLI0423,CRT02391,PRD0139,2026-04-13 22:01:18,7,30.96,216.72,6276.3099999999995
TRX002417,CLI0190,CRT02066,PRD0018,2026-01-31 21:54:12,8,115.19,921.52,4778.17
TRX002418,CLI0183,CRT00586,PRD0013,2026-02-09 03:53:03,4,103.06,412.24,2259.09
TRX002419,CLI0005,CRT00350,PRD0015,2026-01-30 12:35:51,6,125.96,755.76,5916.48
TRX002420,CLI0268,CRT00677,PRD0087,2026-07-14 04:57:45,4,302.95,1211.8,1947.5500000000002
TRX002421,CLI0412,CRT00544,PRD0121,2026-05-13 10:24:47,9,301.87,2716.83,4750.110000000001
TRX002422,CLI0300,CRT02147,PRD0008,2026-05-11 10:14:32,5,119.47,597.35,4106.37
TRX002423,CLI0380,CRT01181,PRD0199,2026-06-19 02:50:34,3,223.09,669.27,11144.84
TRX002424,CLI0361,CRT01592,PRD0182,2026-03-15 20:17:04,6,200.1,1200.6,2232.84
TRX002425,CLI0199,CRT02305,PRD0019,2026-07-12 23:29:10,7,13.65,95.55,3887.46
TRX002426,CLI0283,CRT02912,PRD0081,2026-01-31 06:13:47,2,151.12,302.24,2002.74
TRX002427,CLI0064,CRT02745,PRD0196,2026-05-17 04:00:16,2,349.85,699.7,4753.3
TRX002428,CLI0153,CRT03305,PRD0116,2026-06-28 16:33:02,7,281.93,1973.51,2190.59
TRX002429,CLI0145,CRT02341,PRD0143,2026-03-30 14:42:08,2,331.85,663.7,5146.66
TRX002430,CLI0393,CRT00230,PRD0133,2026-07-10 20:59:42,6,238.5,1431.0,2352.52
TRX002431,CLI0023,CRT00862,PRD0017,2026-03-01 07:16:13,10,134.36,1343.6000000000001,4339.56
TRX002432,CLI0315,CRT00495,PRD0005,2026-06-03 01:25:16,10,228.33,2283.3,4053.1400000000003
TRX002433,CLI0253,CRT03362,PRD0170,2026-05-13 15:47:08,10,100.84,1008.4000000000001,9808.12
TRX002434,CLI0401,CRT01718,PRD0132,2026-01-06 02:00:51,5,153.95,769.75,1425.3799999999999
TRX002435,CLI0030,CRT02780,PRD0185,2026-01-22 10:24:27,5,144.46,722.3000000000001,6171.8
TRX002436,CLI0161,CRT00146,PRD0179,2026-06-12 02:06:43,3,196.43,589.29,589.29
TRX002437,CLI0417,CRT00206,PRD0008,2026-02-14 01:26:10,7,119.47,836.29,5250.07
TRX002438,CLI0198,CRT03439,PRD0106,2026-04-19 14:31:52,2,102.2,204.4,1601.25
TRX002439,CLI0049,CRT01682,PRD0167,2026-06-01 12:15:50,9,82.61,743.49,3707.25
TRX002440,CLI0023,CRT02953,PRD0084,2026-02-03 09:02:30,5,129.22,646.1,5999.150000000001
TRX002441,CLI0270,CRT02309,PRD0084,2026-06-27 17:35:46,6,129.22,775.3199999999999,6120.25
TRX002442,CLI0256,CRT02642,PRD0024,2026-06-24 16:35:40,6,78.71,472.26,2787.7799999999997
TRX002443,CLI0021,CRT02069,PRD0184,2026-05-14 05:34:53,4,85.85,343.4,3802.27
TRX002444,CLI0262,CRT02968,PRD0200,2026-04-17 05:09:50,8,144.4,1155.2,3544.32
TRX002445,CLI0283,CRT00319,PRD0150,2026-01-14 00:28:19,6,151.36,908.1600000000001,3936.19
TRX002446,CLI0407,CRT02292,PRD0015,2026-02-18 06:58:44,9,125.96,1133.6399999999999,3562.9799999999996
TRX002447,CLI0163,CRT03192,PRD0125,2026-03-27 06:12:16,3,54.91,164.73,164.73
TRX002448,CLI0221,CRT01971,PRD0008,2026-01-30 22:29:05,7,119.47,836.29,5321.93
TRX002449,CLI0023,CRT02458,PRD0059,2026-01-18 07:57:27,9,252.15,2269.35,3808.4400000000005
TRX002450,CLI0265,CRT01826,PRD0025,2026-03-22 15:51:57,3,265.13,795.39,989.23
TRX002451,CLI0031,CRT02650,PRD0170,2026-03-27 05:33:34,10,100.84,1008.4000000000001,1776.4300000000003
TRX002452,CLI0005,CRT02252,PRD0041,2026-05-13 21:21:05,6,228.33,1369.98,3588.06
TRX002453,CLI0143,CRT00989,PRD0101,2026-06-08 22:53:16,1,26.82,26.82,2388.99
TRX002454,CLI0083,CRT00475,PRD0149,2026-02-04 22:55:15,9,344.39,3099.5099999999998,6637.679999999999
TRX002455,CLI0053,CRT02673,PRD0066,2026-06-23 05:22:26,2,148.18,296.36,3841.07
TRX002456,CLI0180,CRT01026,PRD0111,2026-05-24 23:12:38,5,282.78,1413.8999999999999,5195.68
TRX002457,CLI0233,CRT02193,PRD0178,2026-01-01 15:33:02,10,198.09,1980.9,4534.8
TRX002458,CLI0021,CRT01415,PRD0200,2026-04-04 13:20:29,10,144.4,1444.0,4842.76
TRX002459,CLI0357,CRT01320,PRD0042,2026-04-05 20:08:56,5,88.65,443.25,10432.75
TRX002460,CLI0330,CRT01717,PRD0040,2026-01-11 17:41:20,1,256.15,256.15,6423.09
TRX002461,CLI0153,CRT01720,PRD0086,2026-01-17 14:49:07,3,197.06,591.1800000000001,2307.6800000000003
TRX002462,CLI0304,CRT01126,PRD0140,2026-06-02 16:51:14,4,80.42,321.68,5009.6
TRX002463,CLI0296,CRT01695,PRD0114,2026-05-08 07:45:12,3,141.38,424.14,2479.11
TRX002464,CLI0122,CRT01361,PRD0135,2026-07-08 15:01:19,4,198.63,794.52,1061.8
TRX002465,CLI0331,CRT01742,PRD0098,2026-06-05 01:16:02,6,136.36,818.1600000000001,933.3500000000001
TRX002466,CLI0401,CRT02753,PRD0188,2026-02-01 06:23:53,9,281.86,2536.7400000000002,8549.54
TRX002467,CLI0069,CRT01006,PRD0119,2026-02-01 09:59:28,6,332.64,1995.84,6726.46
TRX002468,CLI0021,CRT02395,PRD0042,2026-07-08 03:19:01,10,88.65,886.5,4956.4800000000005
TRX002469,CLI0426,CRT00193,PRD0109,2026-05-14 07:20:33,4,181.62,726.48,1062.85
TRX002470,CLI0133,CRT02910,PRD0012,2026-03-19 08:01:19,6,69.32,415.91999999999996,2918.28
TRX002471,CLI0080,CRT00659,PRD0065,2026-01-22 23:50:30,9,88.06,792.54,6917.66
TRX002472,CLI0115,CRT00313,PRD0097,2026-07-10 23:33:39,1,275.78,275.78,1331.6599999999999
TRX002473,CLI0017,CRT03123,PRD0172,2026-06-03 13:50:44,4,97.82,391.28,542.4
TRX002474,CLI0344,CRT02618,PRD0177,2026-02-01 04:56:33,6,221.23,1327.3799999999999,3369.8099999999995
TRX002475,CLI0212,CRT02000,PRD0159,2026-04-15 16:42:09,3,125.8,377.4,9151.84
TRX002476,CLI0188,CRT00607,PRD0024,2026-02-17 18:09:34,9,78.71,708.39,4564.62
TRX002477,CLI0050,CRT01098,PRD0176,2026-04-27 11:18:03,9,288.19,2593.71,5909.18
TRX002478,CLI0385,CRT00168,PRD0157,2026-02-18 06:00:11,1,263.29,263.29,1869.4699999999998
TRX002479,CLI0413,CRT00098,PRD0020,2026-03-20 23:24:05,6,75.82,454.91999999999996,4294.860000000001
TRX002480,CLI0136,CRT03384,PRD0137,2026-01-20 06:12:57,1,116.26,116.26,2005.7
TRX002481,CLI0028,CRT01348,PRD0186,2026-06-15 13:15:35,8,13.84,110.72,215.1
TRX002482,CLI0173,CRT01232,PRD0164,2026-06-23 06:33:02,6,242.9,1457.4,7112.280000000001
TRX002483,CLI0347,CRT01883,PRD0200,2026-02-27 23:34:43,1,144.4,144.4,4173.92
TRX002484,CLI0039,CRT02884,PRD0061,2026-05-20 22:32:14,8,111.48,891.84,5045.110000000001
TRX002485,CLI0021,CRT02395,PRD0093,2026-07-08 03:19:01,9,302.86,2725.7400000000002,4956.4800000000005
TRX002486,CLI0353,CRT01519,PRD0174,2026-06-15 08:54:39,2,6.76,13.52,1744.96
TRX002487,CLI0011,CRT01780,PRD0033,2026-01-06 20:20:07,10,267.47,2674.7000000000003,3250.2000000000003
TRX002488,CLI0352,CRT02973,PRD0187,2026-07-03 04:05:33,8,241.37,1930.96,3946.01
TRX002489,CLI0332,CRT01781,PRD0112,2026-06-06 22:48:53,4,344.42,1377.68,7167.0
TRX002490,CLI0106,CRT02384,PRD0132,2026-03-21 15:44:09,6,153.95,923.6999999999999,3861.67
TRX002491,CLI0098,CRT00157,PRD0058,2026-01-05 00:09:00,5,275.33,1376.6499999999999,2870.47
TRX002492,CLI0141,CRT00751,PRD0024,2026-06-03 20:11:22,5,78.71,393.54999999999995,10183.78
TRX002493,CLI0348,CRT01601,PRD0169,2026-04-05 06:31:40,3,259.17,777.51,2058.73
TRX002494,CLI0095,CRT00650,PRD0092,2026-01-06 04:33:09,6,10.72,64.32000000000001,2705.59
TRX002495,CLI0311,CRT00776,PRD0127,2026-07-03 02:34:49,3,24.14,72.42,3252.82
TRX002496,CLI0279,CRT01122,PRD0064,2026-06-27 08:35:53,5,237.14,1185.6999999999998,8484.73
TRX002497,CLI0160,CRT02500,PRD0182,2026-02-12 07:11:31,8,200.1,1600.8,4232.93
TRX002498,CLI0131,CRT01734,PRD0187,2026-05-31 02:02:10,8,241.37,1930.96,8364.53
TRX002499,CLI0212,CRT02000,PRD0016,2026-04-15 16:42:09,8,223.15,1785.2,9151.84
TRX002500,CLI0180,CRT02146,PRD0186,2026-06-11 07:44:46,8,13.84,110.72,6687.56
TRX002501,CLI0116,CRT00159,PRD0043,2026-06-27 12:32:14,5,194.99,974.95,4703.02
TRX002502,CLI0314,CRT01336,PRD0088,2026-01-23 22:50:07,5,64.83,324.15,3536.03
TRX002503,CLI0050,CRT03152,PRD0170,2026-01-10 07:57:35,5,100.84,504.20000000000005,4442.71
TRX002504,CLI0344,CRT00408,PRD0074,2026-06-17 08:32:20,10,229.76,2297.6,4357.9
TRX002505,CLI0315,CRT01017,PRD0077,2026-05-25 18:04:23,7,75.69,529.8299999999999,649.2499999999999
TRX002506,CLI0220,CRT03166,PRD0173,2026-04-06 06:26:26,5,330.57,1652.85,6177.139999999999
TRX002507,CLI0270,CRT02309,PRD0038,2026-06-27 17:35:46,10,231.76,2317.6,6120.25
TRX002508,CLI0432,CRT03204,PRD0015,2026-07-15 22:50:23,4,125.96,503.84,567.55
TRX002509,CLI0069,CRT01158,PRD0111,2026-01-03 02:36:43,1,282.78,282.78,3225.8
TRX002510,CLI0274,CRT00620,PRD0193,2026-07-04 11:29:43,5,190.14,950.6999999999999,6421.389999999999
TRX002511,CLI0075,CRT01365,PRD0008,2026-02-25 22:11:19,7,119.47,836.29,6292.23
TRX002512,CLI0167,CRT00800,PRD0128,2026-04-06 15:00:46,5,9.29,46.449999999999996,1456.1000000000001
TRX002513,CLI0381,CRT03212,PRD0061,2026-07-07 04:45:11,1,111.48,111.48,4240.33
TRX002514,CLI0219,CRT01407,PRD0195,2026-07-12 09:49:21,1,11.49,11.49,3110.8
TRX002515,CLI0262,CRT00546,PRD0132,2026-05-13 08:26:05,7,153.95,1077.6499999999999,2460.3599999999997
TRX002516,CLI0330,CRT02096,PRD0076,2026-05-24 03:06:01,1,260.49,260.49,4333.27
TRX002517,CLI0120,CRT02177,PRD0157,2026-05-07 13:12:59,7,263.29,1843.0300000000002,2818.2000000000003
TRX002518,CLI0352,CRT00904,PRD0200,2026-02-28 15:11:40,10,144.4,1444.0,4118.5199999999995
TRX002519,CLI0212,CRT03228,PRD0034,2026-01-19 17:42:48,9,115.14,1036.26,1736.46
TRX002520,CLI0245,CRT02382,PRD0129,2026-07-10 02:30:12,9,4.55,40.949999999999996,4640.24
TRX002521,CLI0118,CRT02486,PRD0024,2026-07-07 12:03:40,3,78.71,236.13,3008.5800000000004
TRX002522,CLI0190,CRT03158,PRD0057,2026-04-04 00:35:22,7,59.71,417.97,417.97
TRX002523,CLI0037,CRT01085,PRD0010,2026-03-21 22:19:41,5,162.15,810.75,5072.79
TRX002524,CLI0122,CRT03291,PRD0142,2026-05-28 00:46:27,9,55.45,499.05,829.62
TRX002525,CLI0234,CRT02287,PRD0017,2026-03-03 13:27:29,7,134.36,940.5200000000001,2320.12
TRX002526,CLI0207,CRT03199,PRD0068,2026-03-23 18:50:00,3,140.04,420.12,7461.8
TRX002527,CLI0042,CRT01433,PRD0067,2026-04-11 06:30:37,8,327.31,2618.48,4892.27
TRX002528,CLI0089,CRT00036,PRD0083,2026-02-12 07:42:52,6,194.5,1167.0,3029.45
TRX002529,CLI0361,CRT02883,PRD0133,2026-04-25 03:35:28,6,238.5,1431.0,3442.63
TRX002530,CLI0357,CRT01320,PRD0194,2026-04-05 20:08:56,4,311.57,1246.28,10432.75
TRX002531,CLI0309,CRT02950,PRD0038,2026-01-26 13:45:28,8,231.76,1854.08,2572.65
TRX002532,CLI0015,CRT00664,PRD0014,2026-01-09 12:59:31,8,99.1,792.8,934.18
TRX002533,CLI0303,CRT02728,PRD0110,2026-04-02 10:05:58,10,286.9,2869.0,7090.14
TRX002534,CLI0162,CRT00887,PRD0163,2026-05-05 21:44:23,4,278.04,1112.16,4892.88
TRX002535,CLI0414,CRT00037,PRD0068,2026-02-19 04:35:39,9,140.04,1260.36,2762.85
TRX002536,CLI0431,CRT02424,PRD0200,2026-02-11 06:12:39,6,144.4,866.4000000000001,1155.5
TRX002537,CLI0003,CRT00147,PRD0036,2026-04-26 09:57:31,5,86.2,431.0,4939.87
TRX002538,CLI0046,CRT02685,PRD0132,2026-07-19 16:52:54,7,153.95,1077.6499999999999,5815.450000000001
TRX002539,CLI0166,CRT00452,PRD0148,2026-01-27 18:58:57,1,270.94,270.94,368.76
TRX002540,CLI0038,CRT02414,PRD0179,2026-06-13 16:49:02,10,196.43,1964.3000000000002,3257.51
TRX002541,CLI0046,CRT00247,PRD0001,2026-05-08 16:16:38,2,260.19,520.38,899.48
TRX002542,CLI0059,CRT00401,PRD0127,2026-02-16 20:39:16,3,24.14,72.42,371.14000000000004
TRX002543,CLI0116,CRT00557,PRD0057,2026-06-05 07:04:56,2,59.71,119.42,1810.5800000000002
TRX002544,CLI0348,CRT02770,PRD0145,2026-06-05 15:13:40,1,40.06,40.06,4648.639999999999
TRX002545,CLI0268,CRT00233,PRD0014,2026-06-26 22:30:33,5,99.1,495.5,4688.12
TRX002546,CLI0096,CRT01880,PRD0142,2026-04-22 22:57:45,1,55.45,55.45,2502.9300000000003
TRX002547,CLI0183,CRT00586,PRD0117,2026-02-09 03:53:03,8,196.2,1569.6,2259.09
TRX002548,CLI0309,CRT02591,PRD0120,2026-02-01 19:19:10,3,291.12,873.36,2573.46
TRX002549,CLI0217,CRT03344,PRD0123,2026-02-12 11:10:58,6,85.64,513.84,3784.5
TRX002550,CLI0147,CRT02503,PRD0105,2026-05-28 16:19:15,5,200.26,1001.3,2467.25
TRX002551,CLI0227,CRT02433,PRD0183,2026-06-28 01:44:19,6,74.71,448.26,6051.58
TRX002552,CLI0083,CRT00997,PRD0072,2026-06-22 10:21:14,4,308.05,1232.2,2613.29
TRX002553,CLI0189,CRT01003,PRD0079,2026-04-08 02:27:49,10,98.65,986.5,986.5
TRX002554,CLI0181,CRT02995,PRD0057,2026-03-23 17:59:36,7,59.71,417.97,5673.08
TRX002555,CLI0095,CRT00916,PRD0115,2026-03-23 05:17:53,1,301.5,301.5,5958.01
TRX002556,CLI0166,CRT02664,PRD0190,2026-07-12 21:07:52,2,23.22,46.44,3996.57
TRX002557,CLI0377,CRT01383,PRD0045,2026-03-05 09:01:23,7,301.22,2108.54,4525.1
TRX002558,CLI0226,CRT03100,PRD0012,2026-04-04 18:39:31,1,69.32,69.32,5227.25
TRX002559,CLI0191,CRT00708,PRD0074,2026-04-29 01:09:19,10,229.76,2297.6,7180.0
TRX002560,CLI0147,CRT00303,PRD0119,2026-04-19 00:27:53,10,332.64,3326.3999999999996,4375.53
TRX002561,CLI0125,CRT02963,PRD0126,2026-01-15 19:47:21,4,146.67,586.68,5306.03
TRX002562,CLI0065,CRT00703,PRD0147,2026-07-03 15:57:44,3,208.25,624.75,2183.3900000000003
TRX002563,CLI0203,CRT01814,PRD0087,2026-06-21 13:30:14,5,302.95,1514.75,6141.75
TRX002564,CLI0431,CRT00125,PRD0070,2026-06-18 20:19:30,8,218.35,1746.8,5235.799999999999
TRX002565,CLI0255,CRT01676,PRD0133,2026-06-12 02:44:32,1,238.5,238.5,6865.97
TRX002566,CLI0153,CRT00390,PRD0081,2026-06-23 23:35:26,8,151.12,1208.96,1303.57
TRX002567,CLI0151,CRT00134,PRD0074,2026-04-29 04:17:17,10,229.76,2297.6,3705.4399999999996
TRX002568,CLI0118,CRT01359,PRD0156,2026-07-19 04:00:35,3,87.81,263.43,1443.61
TRX002569,CLI0324,CRT00293,PRD0060,2026-02-25 07:18:50,7,339.13,2373.91,9838.789999999999
TRX002570,CLI0087,CRT02428,PRD0030,2026-01-20 00:24:29,3,153.58,460.74,782.73
TRX002571,CLI0198,CRT00236,PRD0199,2026-02-08 20:19:43,6,223.09,1338.54,7700.51
TRX002572,CLI0263,CRT01526,PRD0090,2026-07-07 20:56:40,2,15.96,31.92,1462.2600000000002
TRX002573,CLI0077,CRT01299,PRD0145,2026-07-09 21:05:36,8,40.06,320.48,8133.150000000001
TRX002574,CLI0162,CRT02585,PRD0092,2026-03-03 13:09:04,5,10.72,53.6,4555.29
TRX002575,CLI0408,CRT01548,PRD0078,2026-05-24 22:20:03,4,172.26,689.04,1258.94
TRX002576,CLI0012,CRT02692,PRD0027,2026-05-31 20:51:41,2,209.57,419.14,2632.78
TRX002577,CLI0181,CRT02321,PRD0131,2026-02-28 21:15:41,7,212.13,1484.9099999999999,7822.360000000001
TRX002578,CLI0378,CRT01763,PRD0082,2026-03-25 16:30:09,1,316.62,316.62,3940.06
TRX002579,CLI0348,CRT03411,PRD0006,2026-03-31 12:03:30,4,207.27,829.08,1432.08
TRX002580,CLI0063,CRT02690,PRD0077,2026-05-06 23:21:10,3,75.69,227.07,4016.13
TRX002581,CLI0358,CRT02538,PRD0002,2026-06-20 23:29:45,6,38.12,228.71999999999997,5535.87
TRX002582,CLI0003,CRT00154,PRD0005,2026-01-10 19:26:03,1,228.33,228.33,5427.589999999999
TRX002583,CLI0299,CRT00050,PRD0009,2026-07-14 03:38:53,4,297.0,1188.0,5921.8099999999995
TRX002584,CLI0308,CRT00535,PRD0059,2026-04-22 03:12:32,10,252.15,2521.5,2841.98
TRX002585,CLI0031,CRT03009,PRD0200,2026-03-31 13:08:18,5,144.4,722.0,2610.7799999999997
TRX002586,CLI0031,CRT00878,PRD0185,2026-03-14 07:18:25,4,144.46,577.84,5404.64
TRX002587,CLI0222,CRT00615,PRD0023,2026-04-08 07:08:18,10,262.09,2620.8999999999996,6462.86
TRX002588,CLI0076,CRT01618,PRD0045,2026-07-16 16:33:09,9,301.22,2710.9800000000005,5170.55
TRX002589,CLI0179,CRT03156,PRD0198,2026-02-23 06:57:35,9,156.17,1405.53,4446.32
TRX002590,CLI0121,CRT00198,PRD0076,2026-01-01 00:27:51,5,260.49,1302.45,1991.23
TRX002591,CLI0074,CRT01331,PRD0130,2026-06-13 09:51:53,5,312.35,1561.75,7383.87
TRX002592,CLI0353,CRT03314,PRD0193,2026-01-14 09:27:17,3,190.14,570.42,3658.84
TRX002593,CLI0057,CRT01770,PRD0173,2026-02-10 09:05:16,8,330.57,2644.56,6248.84
TRX002594,CLI0128,CRT00789,PRD0053,2026-05-26 22:46:02,9,99.29,893.61,1814.73
TRX002595,CLI0433,CRT02196,PRD0158,2026-04-15 09:58:38,10,12.47,124.7,6439.55
TRX002596,CLI0374,CRT01176,PRD0103,2026-07-07 19:09:57,6,234.25,1405.5,1405.5
TRX002597,CLI0197,CRT02525,PRD0156,2026-05-06 11:12:25,3,87.81,263.43,5065.46
TRX002598,CLI0146,CRT00089,PRD0021,2026-01-08 14:04:27,4,175.98,703.92,3674.0299999999997
TRX002599,CLI0181,CRT01542,PRD0002,2026-02-06 00:28:10,7,38.12,266.84,4487.78
TRX002600,CLI0424,CRT02952,PRD0194,2026-01-04 23:27:53,2,311.57,623.14,1609.6399999999999
TRX002601,CLI0311,CRT02106,PRD0197,2026-03-24 14:37:44,8,267.68,2141.44,5319.370000000001
TRX002602,CLI0269,CRT01008,PRD0083,2026-02-23 07:36:40,10,194.5,1945.0,6459.45
TRX002603,CLI0276,CRT00564,PRD0109,2026-07-23 20:55:52,5,181.62,908.1,4984.8099999999995
TRX002604,CLI0372,CRT01915,PRD0012,2026-05-05 11:01:28,10,69.32,693.1999999999999,693.1999999999999
TRX002605,CLI0167,CRT01112,PRD0055,2026-05-23 23:38:44,7,349.75,2448.25,3973.8100000000004
TRX002606,CLI0153,CRT00390,PRD0195,2026-06-23 23:35:26,5,11.49,57.45,1303.57
TRX002607,CLI0033,CRT00228,PRD0152,2026-03-08 23:50:48,6,336.37,2018.22,3762.58
TRX002608,CLI0203,CRT01814,PRD0098,2026-06-21 13:30:14,5,136.36,681.8000000000001,6141.75
TRX002609,CLI0191,CRT00062,PRD0108,2026-01-06 12:18:04,10,166.93,1669.3000000000002,5859.58
TRX002610,CLI0374,CRT02522,PRD0002,2026-07-05 13:37:34,6,38.12,228.71999999999997,3762.87
TRX002611,CLI0125,CRT02535,PRD0082,2026-05-03 01:15:22,10,316.62,3166.2,4472.599999999999
TRX002612,CLI0304,CRT01126,PRD0039,2026-06-02 16:51:14,6,305.67,1834.02,5009.6
TRX002613,CLI0241,CRT00135,PRD0145,2026-01-14 23:05:51,8,40.06,320.48,3551.01
TRX002614,CLI0179,CRT03156,PRD0025,2026-02-23 06:57:35,9,265.13,2386.17,4446.32
TRX002615,CLI0148,CRT02396,PRD0175,2026-06-15 16:36:49,2,120.9,241.8,3440.61
TRX002616,CLI0226,CRT00021,PRD0132,2026-04-30 09:35:24,3,153.95,461.84999999999997,461.84999999999997
TRX002617,CLI0050,CRT00012,PRD0029,2026-01-07 07:32:05,8,95.22,761.76,4077.2999999999997
TRX002618,CLI0238,CRT00205,PRD0029,2026-01-13 03:38:02,4,95.22,380.88,1890.1399999999999
TRX002619,CLI0304,CRT01357,PRD0030,2026-05-29 11:52:05,2,153.58,307.16,3296.6800000000003
TRX002620,CLI0186,CRT01985,PRD0035,2026-02-10 10:38:09,8,344.9,2759.2,2759.2
TRX002621,CLI0282,CRT03000,PRD0032,2026-05-08 19:36:54,5,224.53,1122.65,2118.7300000000005
TRX002622,CLI0357,CRT02668,PRD0003,2026-05-04 10:35:52,3,149.12,447.36,6543.92
TRX002623,CLI0260,CRT00124,PRD0056,2026-03-18 06:11:20,8,143.73,1149.84,2891.44
TRX002624,CLI0223,CRT01910,PRD0066,2026-05-17 00:39:08,2,148.18,296.36,4339.700000000001
TRX002625,CLI0097,CRT00070,PRD0032,2026-04-24 07:41:47,9,224.53,2020.77,5673.6900000000005
TRX002626,CLI0039,CRT02884,PRD0039,2026-05-20 22:32:14,4,305.67,1222.68,5045.110000000001
TRX002627,CLI0194,CRT01668,PRD0200,2026-05-27 14:12:37,3,144.4,433.20000000000005,5640.62
TRX002628,CLI0265,CRT02001,PRD0119,2026-07-23 13:10:18,3,332.64,997.92,5975.35
TRX002629,CLI0023,CRT01352,PRD0060,2026-01-27 01:54:35,5,339.13,1695.65,4048.45
TRX002630,CLI0317,CRT02400,PRD0001,2026-07-07 15:43:53,1,260.19,260.19,7199.16
TRX002631,CLI0403,CRT01354,PRD0019,2026-01-08 17:39:37,3,13.65,40.95,416.32
TRX002632,CLI0338,CRT03186,PRD0146,2026-03-09 11:11:31,4,318.04,1272.16,6424.13
TRX002633,CLI0006,CRT00832,PRD0111,2026-06-12 23:01:02,10,282.78,2827.7999999999997,6605.8
TRX002634,CLI0330,CRT01717,PRD0091,2026-01-11 17:41:20,4,321.66,1286.64,6423.09
TRX002635,CLI0193,CRT00876,PRD0161,2026-05-30 19:10:48,7,331.95,2323.65,8502.19
TRX002636,CLI0180,CRT03431,PRD0046,2026-03-14 18:16:37,3,234.97,704.91,1217.98
TRX002637,CLI0386,CRT02229,PRD0178,2026-04-16 08:29:14,8,198.09,1584.72,9667.08
TRX002638,CLI0431,CRT01677,PRD0021,2026-05-18 07:47:39,7,175.98,1231.86,3024.58
TRX002639,CLI0008,CRT03146,PRD0024,2026-02-08 16:41:57,2,78.71,157.42,2195.2999999999997
TRX002640,CLI0239,CRT01590,PRD0050,2026-01-29 18:55:21,8,164.79,1318.32,3699.25
TRX002641,CLI0174,CRT03079,PRD0134,2026-03-16 13:07:07,7,343.3,2403.1,4958.219999999999
TRX002642,CLI0428,CRT00784,PRD0166,2026-03-19 02:50:15,5,124.75,623.75,4910.05
TRX002643,CLI0034,CRT01005,PRD0190,2026-03-16 17:08:30,1,23.22,23.22,5545.29
TRX002644,CLI0269,CRT02559,PRD0063,2026-04-17 23:49:49,5,30.34,151.7,4108.5199999999995
TRX002645,CLI0113,CRT03371,PRD0064,2026-07-07 09:46:02,1,237.14,237.14,1606.5899999999997
TRX002646,CLI0167,CRT01360,PRD0156,2026-02-28 03:34:13,5,87.81,439.05,3123.84
TRX002647,CLI0337,CRT00901,PRD0089,2026-02-05 03:11:47,7,57.82,404.74,2508.1099999999997
TRX002648,CLI0151,CRT00562,PRD0030,2026-03-29 04:15:36,6,153.58,921.48,2910.41
TRX002649,CLI0309,CRT02591,PRD0154,2026-02-01 19:19:10,6,283.35,1700.1000000000001,2573.46
TRX002650,CLI0156,CRT01512,PRD0107,2026-05-07 20:21:46,2,114.48,228.96,3989.21
TRX002651,CLI0311,CRT01050,PRD0027,2026-04-10 06:49:20,2,209.57,419.14,2921.64
TRX002652,CLI0296,CRT00149,PRD0166,2026-07-15 05:46:06,3,124.75,374.25,3419.45
TRX002653,CLI0078,CRT01437,PRD0159,2026-02-22 18:57:27,9,125.8,1132.2,1540.8400000000001
TRX002654,CLI0320,CRT03080,PRD0088,2026-04-21 01:27:24,7,64.83,453.81,2946.87
TRX002655,CLI0093,CRT02981,PRD0024,2026-06-23 15:28:57,4,78.71,314.84,1895.9399999999998
TRX002656,CLI0014,CRT03457,PRD0141,2026-07-16 15:19:30,9,13.28,119.52,2800.5
TRX002657,CLI0262,CRT00438,PRD0133,2026-01-24 14:26:47,2,238.5,477.0,989.3
TRX002658,CLI0233,CRT02193,PRD0192,2026-01-01 15:33:02,2,241.82,483.64,4534.8
TRX002659,CLI0062,CRT00729,PRD0112,2026-04-12 08:51:02,1,344.42,344.42,2276.61
TRX002660,CLI0245,CRT01421,PRD0009,2026-07-08 21:07:17,6,297.0,1782.0,7697.77
TRX002661,CLI0364,CRT03093,PRD0152,2026-07-17 16:46:30,1,336.37,336.37,3176.98
TRX002662,CLI0392,CRT01613,PRD0105,2026-07-02 21:11:13,3,200.26,600.78,8127.950000000001
TRX002663,CLI0188,CRT01584,PRD0006,2026-06-28 21:27:31,3,207.27,621.8100000000001,7245.81
TRX002664,CLI0240,CRT03334,PRD0186,2026-04-09 06:50:30,9,13.84,124.56,6600.02
TRX002665,CLI0426,CRT01623,PRD0004,2026-01-18 18:08:11,10,178.11,1781.1000000000001,4574.05
TRX002666,CLI0409,CRT01183,PRD0015,2026-05-29 11:22:39,3,125.96,377.88,1141.6799999999998
TRX002667,CLI0039,CRT02329,PRD0179,2026-04-02 03:00:02,1,196.43,196.43,4693.49
TRX002668,CLI0096,CRT00466,PRD0021,2026-02-10 13:11:17,8,175.98,1407.84,4541.81
TRX002669,CLI0305,CRT01855,PRD0058,2026-06-18 00:12:40,5,275.33,1376.6499999999999,4966.5
TRX002670,CLI0023,CRT00862,PRD0174,2026-03-01 07:16:13,6,6.76,40.56,4339.56
TRX002671,CLI0105,CRT02495,PRD0189,2026-02-02 03:20:27,10,80.62,806.2,7108.72
TRX002672,CLI0435,CRT01990,PRD0049,2026-02-21 15:59:14,6,36.18,217.07999999999998,3146.5299999999997
TRX002673,CLI0358,CRT03319,PRD0016,2026-02-13 05:00:56,3,223.15,669.45,5185.74
TRX002674,CLI0398,CRT02553,PRD0067,2026-07-24 12:32:20,9,327.31,2945.79,7263.709999999999
TRX002675,CLI0064,CRT02745,PRD0152,2026-05-17 04:00:16,3,336.37,1009.11,4753.3
TRX002676,CLI0433,CRT01272,PRD0158,2026-07-06 02:33:08,8,12.47,99.76,3037.81
TRX002677,CLI0051,CRT01622,PRD0103,2026-07-08 01:55:27,7,234.25,1639.75,5352.92
TRX002678,CLI0340,CRT03019,PRD0182,2026-05-29 02:41:09,8,200.1,1600.8,2516.64
TRX002679,CLI0258,CRT02773,PRD0186,2026-03-15 10:02:32,8,13.84,110.72,1760.21
TRX002680,CLI0219,CRT01312,PRD0053,2026-03-28 14:38:12,5,99.29,496.45000000000005,2642.33
TRX002681,CLI0103,CRT01075,PRD0094,2026-02-19 10:26:00,3,179.52,538.5600000000001,1135.66
TRX002682,CLI0113,CRT01375,PRD0082,2026-03-17 21:58:39,4,316.62,1266.48,4326.59
TRX002683,CLI0081,CRT01646,PRD0091,2026-05-10 02:01:45,10,321.66,3216.6000000000004,9667.160000000002
TRX002684,CLI0059,CRT01900,PRD0147,2026-07-09 16:51:10,4,208.25,833.0,1863.32
TRX002685,CLI0188,CRT01584,PRD0126,2026-06-28 21:27:31,6,146.67,880.02,7245.81
TRX002686,CLI0284,CRT03167,PRD0111,2026-06-02 05:55:19,5,282.78,1413.8999999999999,4429.93
TRX002687,CLI0076,CRT03346,PRD0036,2026-04-29 03:54:07,4,86.2,344.8,7622.78
TRX002688,CLI0329,CRT03046,PRD0129,2026-04-14 13:51:08,4,4.55,18.2,1110.73
TRX002689,CLI0033,CRT01443,PRD0135,2026-01-06 08:27:31,8,198.63,1589.04,3062.38
TRX002690,CLI0232,CRT00698,PRD0186,2026-03-11 22:40:25,4,13.84,55.36,6545.639999999999
TRX002691,CLI0351,CRT01182,PRD0045,2026-06-12 19:37:53,3,301.22,903.6600000000001,6454.070000000001
TRX002692,CLI0394,CRT03115,PRD0078,2026-04-21 07:15:45,8,172.26,1378.08,2119.96
TRX002693,CLI0270,CRT02309,PRD0152,2026-06-27 17:35:46,9,336.37,3027.33,6120.25
TRX002694,CLI0270,CRT03280,PRD0100,2026-02-25 03:44:49,4,252.5,1010.0,9199.67
TRX002695,CLI0156,CRT01512,PRD0183,2026-05-07 20:21:46,10,74.71,747.0999999999999,3989.21
TRX002696,CLI0205,CRT03302,PRD0129,2026-01-21 20:15:35,7,4.55,31.849999999999998,1672.95
TRX002697,CLI0124,CRT00084,PRD0194,2026-04-06 17:47:46,10,311.57,3115.7,4569.3
TRX002698,CLI0247,CRT00723,PRD0135,2026-06-13 10:52:46,3,198.63,595.89,4298.849999999999
TRX002699,CLI0363,CRT01986,PRD0046,2026-04-24 18:25:08,2,234.97,469.94,5269.3
TRX002700,CLI0133,CRT00604,PRD0112,2026-02-17 19:58:21,6,344.42,2066.52,6266.45
TRX002701,CLI0412,CRT03443,PRD0155,2026-05-29 05:04:02,2,289.44,578.88,2735.57
TRX002702,CLI0200,CRT02383,PRD0134,2026-02-22 04:43:50,1,343.3,343.3,2845.6600000000003
TRX002703,CLI0294,CRT02693,PRD0020,2026-05-03 09:57:57,1,75.82,75.82,857.5
TRX002704,CLI0031,CRT02245,PRD0165,2026-02-02 11:20:50,3,194.83,584.49,2020.83
TRX002705,CLI0177,CRT02013,PRD0125,2026-01-03 10:11:11,7,54.91,384.37,3247.19
TRX002706,CLI0378,CRT02803,PRD0181,2026-06-11 20:42:39,1,318.21,318.21,318.21
TRX002707,CLI0052,CRT00528,PRD0089,2026-02-24 18:30:29,8,57.82,462.56,5486.58
TRX002708,CLI0145,CRT01108,PRD0187,2026-07-16 12:41:33,8,241.37,1930.96,3227.8
TRX002709,CLI0180,CRT00860,PRD0181,2026-06-07 16:06:01,3,318.21,954.6299999999999,1736.03
TRX002710,CLI0162,CRT02585,PRD0165,2026-03-03 13:09:04,2,194.83,389.66,4555.29
TRX002711,CLI0412,CRT02670,PRD0081,2026-07-11 07:07:24,5,151.12,755.6,5556.82
TRX002712,CLI0164,CRT01704,PRD0116,2026-01-17 23:04:50,4,281.93,1127.72,4586.72
TRX002713,CLI0105,CRT02137,PRD0064,2026-07-20 05:11:00,5,237.14,1185.6999999999998,2416.5999999999995
TRX002714,CLI0186,CRT02672,PRD0067,2026-07-05 20:57:35,9,327.31,2945.79,6929.820000000001
TRX002715,CLI0375,CRT01858,PRD0065,2026-07-07 20:43:20,7,88.06,616.4200000000001,3475.6400000000003
TRX002716,CLI0265,CRT02199,PRD0069,2026-07-14 01:34:57,10,112.37,1123.7,5793.83
TRX002717,CLI0260,CRT00124,PRD0099,2026-03-18 06:11:20,7,248.8,1741.6000000000001,2891.44
TRX002718,CLI0402,CRT00340,PRD0075,2026-07-01 11:34:22,6,38.5,231.0,3395.4300000000003
TRX002719,CLI0161,CRT00229,PRD0115,2026-01-04 19:06:28,4,301.5,1206.0,5013.900000000001
TRX002720,CLI0207,CRT00076,PRD0140,2026-02-04 19:05:19,8,80.42,643.36,2172.07
TRX002721,CLI0297,CRT03221,PRD0005,2026-01-27 04:02:20,2,228.33,456.66,456.66
TRX002722,CLI0310,CRT03044,PRD0152,2026-01-20 17:03:18,6,336.37,2018.22,8519.11
TRX002723,CLI0224,CRT01161,PRD0038,2026-02-04 03:04:57,6,231.76,1390.56,3565.83
TRX002724,CLI0262,CRT00315,PRD0179,2026-07-20 10:28:21,8,196.43,1571.44,2316.82
TRX002725,CLI0197,CRT03261,PRD0001,2026-04-20 07:16:17,4,260.19,1040.76,1725.75
TRX002726,CLI0233,CRT01249,PRD0084,2026-03-12 15:32:45,2,129.22,258.44,736.38
TRX002727,CLI0338,CRT02603,PRD0193,2026-06-29 03:39:26,1,190.14,190.14,3511.08
TRX002728,CLI0221,CRT03353,PRD0114,2026-02-24 05:29:02,6,141.38,848.28,5906.83
TRX002729,CLI0396,CRT01077,PRD0010,2026-04-23 04:17:00,3,162.15,486.45000000000005,3629.8900000000003
TRX002730,CLI0343,CRT00232,PRD0060,2026-03-28 18:53:59,1,339.13,339.13,5010.05
TRX002731,CLI0057,CRT02182,PRD0179,2026-03-13 20:43:13,9,196.43,1767.8700000000001,2298.61
TRX002732,CLI0250,CRT01105,PRD0104,2026-01-08 02:22:47,10,46.73,467.29999999999995,1806.2
TRX002733,CLI0220,CRT03166,PRD0161,2026-04-06 06:26:26,9,331.95,2987.5499999999997,6177.139999999999
TRX002734,CLI0388,CRT01564,PRD0086,2026-04-21 01:32:52,4,197.06,788.24,6546.029999999999
TRX002735,CLI0241,CRT01186,PRD0076,2026-04-27 18:39:55,2,260.49,520.98,5811.17
TRX002736,CLI0412,CRT00614,PRD0146,2026-03-02 20:13:09,9,318.04,2862.36,3110.83
TRX002737,CLI0248,CRT01062,PRD0078,2026-07-07 19:03:52,8,172.26,1378.08,6774.39
TRX002738,CLI0153,CRT02809,PRD0085,2026-04-01 03:54:06,4,239.52,958.08,1927.61
TRX002739,CLI0209,CRT00560,PRD0049,2026-05-10 03:52:34,1,36.18,36.18,1447.62
TRX002740,CLI0123,CRT03082,PRD0091,2026-02-23 22:13:24,10,321.66,3216.6000000000004,6179.39
TRX002741,CLI0347,CRT00572,PRD0055,2026-06-29 08:22:17,6,349.75,2098.5,9772.52
TRX002742,CLI0414,CRT00415,PRD0089,2026-03-22 15:35:39,1,57.82,57.82,2823.13
TRX002743,CLI0338,CRT03186,PRD0009,2026-03-09 11:11:31,8,297.0,2376.0,6424.13
TRX002744,CLI0148,CRT01434,PRD0080,2026-01-20 03:58:54,10,342.98,3429.8,4630.4
TRX002745,CLI0286,CRT01966,PRD0029,2026-01-13 00:39:36,4,95.22,380.88,4563.83
TRX002746,CLI0143,CRT02201,PRD0083,2026-04-18 19:23:04,4,194.5,778.0,1482.9099999999999
TRX002747,CLI0203,CRT02450,PRD0186,2026-04-20 04:23:54,8,13.84,110.72,1712.8100000000002
TRX002748,CLI0112,CRT00985,PRD0084,2026-05-31 17:19:12,8,129.22,1033.76,2401.7
TRX002749,CLI0262,CRT02968,PRD0113,2026-04-17 05:09:50,4,310.43,1241.72,3544.32
TRX002750,CLI0385,CRT00873,PRD0060,2026-03-08 19:58:52,2,339.13,678.26,956.9
TRX002751,CLI0109,CRT00397,PRD0180,2026-04-16 23:31:03,3,217.4,652.2,2234.37
TRX002752,CLI0025,CRT03309,PRD0012,2026-01-03 05:03:04,10,69.32,693.1999999999999,3308.22
TRX002753,CLI0421,CRT03183,PRD0072,2026-06-15 14:24:39,8,308.05,2464.4,9011.970000000001
TRX002754,CLI0402,CRT00340,PRD0128,2026-07-01 11:34:22,4,9.29,37.16,3395.4300000000003
TRX002755,CLI0257,CRT00138,PRD0103,2026-01-31 13:53:46,5,234.25,1171.25,8168.21
TRX002756,CLI0365,CRT03081,PRD0039,2026-07-18 14:06:47,2,305.67,611.34,3663.88
TRX002757,CLI0175,CRT01655,PRD0145,2026-04-08 03:32:39,5,40.06,200.3,1361.75
TRX002758,CLI0414,CRT01670,PRD0124,2026-05-06 03:38:34,9,96.92,872.28,5878.5599999999995
TRX002759,CLI0046,CRT02685,PRD0033,2026-07-19 16:52:54,6,267.47,1604.8200000000002,5815.450000000001
TRX002760,CLI0110,CRT02052,PRD0123,2026-04-25 02:50:33,1,85.64,85.64,4288.95
TRX002761,CLI0046,CRT03458,PRD0080,2026-07-13 05:07:06,3,342.98,1028.94,1579.6
TRX002762,CLI0201,CRT01269,PRD0054,2026-05-28 00:08:05,8,301.82,2414.56,2716.06
TRX002763,CLI0191,CRT01544,PRD0092,2026-07-19 17:39:16,6,10.72,64.32000000000001,1700.87
TRX002764,CLI0016,CRT02002,PRD0168,2026-04-24 05:18:02,10,260.65,2606.5,4060.27
TRX002765,CLI0407,CRT01566,PRD0172,2026-06-18 18:41:42,1,97.82,97.82,4930.54
TRX002766,CLI0097,CRT00070,PRD0037,2026-04-24 07:41:47,9,171.38,1542.42,5673.6900000000005
TRX002767,CLI0047,CRT01722,PRD0161,2026-04-12 05:07:03,3,331.95,995.8499999999999,1160.6399999999999
TRX002768,CLI0395,CRT02352,PRD0163,2026-06-28 15:12:27,7,278.04,1946.2800000000002,10472.720000000001
TRX002769,CLI0229,CRT01204,PRD0107,2026-04-05 06:23:09,9,114.48,1030.32,3576.0
TRX002770,CLI0356,CRT01190,PRD0136,2026-06-02 11:04:15,1,303.73,303.73,1948.67
TRX002771,CLI0166,CRT00298,PRD0049,2026-07-01 04:12:06,1,36.18,36.18,2625.81
TRX002772,CLI0173,CRT01295,PRD0029,2026-07-21 01:33:31,10,95.22,952.2,1369.72
TRX002773,CLI0403,CRT00621,PRD0051,2026-05-05 10:55:26,1,142.41,142.41,2532.63
TRX002774,CLI0345,CRT02185,PRD0043,2026-06-24 21:57:12,8,194.99,1559.92,3131.73
TRX002775,CLI0088,CRT02371,PRD0103,2026-01-27 20:07:50,3,234.25,702.75,702.75
TRX002776,CLI0079,CRT03209,PRD0154,2026-01-08 22:30:15,3,283.35,850.0500000000001,2830.9500000000003
TRX002777,CLI0152,CRT00389,PRD0055,2026-06-12 05:14:44,1,349.75,349.75,1834.75
TRX002778,CLI0075,CRT03273,PRD0091,2026-07-19 11:26:55,9,321.66,2894.94,5755.51
TRX002779,CLI0253,CRT03362,PRD0026,2026-05-13 15:47:08,8,238.97,1911.76,9808.12
TRX002780,CLI0321,CRT00690,PRD0023,2026-03-03 18:48:33,2,262.09,524.18,2100.66
TRX002781,CLI0018,CRT02220,PRD0067,2026-04-07 11:24:22,3,327.31,981.9300000000001,4484.67
TRX002782,CLI0410,CRT01024,PRD0050,2026-06-07 15:05:46,2,164.79,329.58,1466.9199999999998
TRX002783,CLI0157,CRT02775,PRD0175,2026-06-12 03:09:55,9,120.9,1088.1000000000001,4600.990000000001
TRX002784,CLI0270,CRT02754,PRD0121,2026-07-06 11:09:40,10,301.87,3018.7,3667.1699999999996
TRX002785,CLI0327,CRT01242,PRD0066,2026-02-01 04:22:05,5,148.18,740.9000000000001,2870.76
TRX002786,CLI0412,CRT03443,PRD0068,2026-05-29 05:04:02,6,140.04,840.24,2735.57
TRX002787,CLI0055,CRT01732,PRD0092,2026-02-14 07:47:43,3,10.72,32.160000000000004,3000.5
TRX002788,CLI0120,CRT02177,PRD0170,2026-05-07 13:12:59,4,100.84,403.36,2818.2000000000003
TRX002789,CLI0210,CRT02067,PRD0117,2026-01-29 04:24:02,10,196.2,1962.0,4401.44
TRX002790,CLI0032,CRT03471,PRD0006,2026-02-01 21:17:06,6,207.27,1243.6200000000001,2644.32
TRX002791,CLI0274,CRT01279,PRD0035,2026-03-29 02:55:45,10,344.9,3449.0,5318.42
TRX002792,CLI0333,CRT00885,PRD0100,2026-04-09 08:24:59,7,252.5,1767.5,2813.02
TRX002793,CLI0215,CRT01797,PRD0162,2026-02-16 14:52:26,1,195.42,195.42,1506.9
TRX002794,CLI0416,CRT03438,PRD0003,2026-06-23 23:11:38,3,149.12,447.36,3396.21
TRX002795,CLI0059,CRT03165,PRD0056,2026-02-15 16:42:18,4,143.73,574.92,2243.26
TRX002796,CLI0064,CRT00083,PRD0074,2026-06-24 01:06:45,4,229.76,919.04,6546.14
TRX002797,CLI0303,CRT01115,PRD0013,2026-04-16 08:41:10,2,103.06,206.12,12062.19
TRX002798,CLI0104,CRT00585,PRD0200,2026-03-05 22:31:20,6,144.4,866.4000000000001,7462.18
TRX002799,CLI0006,CRT02273,PRD0043,2026-01-19 13:01:48,10,194.99,1949.9,2412.46
TRX002800,CLI0183,CRT02452,PRD0132,2026-03-24 06:19:16,10,153.95,1539.5,5484.83
TRX002801,CLI0399,CRT00921,PRD0125,2026-02-18 03:53:14,9,54.91,494.18999999999994,1091.63
TRX002802,CLI0095,CRT03487,PRD0068,2026-03-02 19:54:19,8,140.04,1120.32,2482.7799999999997
TRX002803,CLI0351,CRT01182,PRD0120,2026-06-12 19:37:53,6,291.12,1746.72,6454.070000000001
TRX002804,CLI0314,CRT00955,PRD0072,2026-01-14 18:49:20,2,308.05,616.1,3804.53
TRX002805,CLI0054,CRT03483,PRD0187,2026-05-02 00:53:51,8,241.37,1930.96,6073.09
TRX002806,CLI0127,CRT02299,PRD0170,2026-01-14 22:55:04,6,100.84,605.04,2036.29
TRX002807,CLI0092,CRT02308,PRD0065,2026-03-24 13:36:45,8,88.06,704.48,5862.42
TRX002808,CLI0283,CRT01166,PRD0108,2026-04-26 14:00:25,10,166.93,1669.3000000000002,2062.1600000000003
TRX002809,CLI0134,CRT00110,PRD0163,2026-06-17 23:43:09,1,278.04,278.04,6290.1
TRX002810,CLI0278,CRT03053,PRD0106,2026-01-28 02:22:41,4,102.2,408.8,7873.91
TRX002811,CLI0111,CRT03243,PRD0046,2026-04-04 04:10:45,3,234.97,704.91,2531.55
TRX002812,CLI0022,CRT00038,PRD0056,2026-04-19 02:51:11,4,143.73,574.92,2425.25
TRX002813,CLI0078,CRT02008,PRD0183,2026-05-28 02:06:17,1,74.71,74.71,1945.31
TRX002814,CLI0410,CRT01060,PRD0028,2026-05-04 18:12:23,9,301.62,2714.58,6284.44
TRX002815,CLI0252,CRT00699,PRD0088,2026-02-18 11:40:27,9,64.83,583.47,2216.78
TRX002816,CLI0081,CRT01646,PRD0037,2026-05-10 02:01:45,9,171.38,1542.42,9667.160000000002
TRX002817,CLI0167,CRT01360,PRD0177,2026-02-28 03:34:13,1,221.23,221.23,3123.84
TRX002818,CLI0429,CRT02434,PRD0124,2026-06-12 19:02:14,7,96.92,678.44,1744.41
TRX002819,CLI0267,CRT00946,PRD0019,2026-01-28 16:26:33,1,13.65,13.65,3069.09
TRX002820,CLI0167,CRT01313,PRD0032,2026-01-31 20:58:13,10,224.53,2245.3,4354.35
TRX002821,CLI0357,CRT01284,PRD0098,2026-04-10 03:53:14,5,136.36,681.8000000000001,3539.35
TRX002822,CLI0106,CRT01795,PRD0191,2026-06-03 07:50:54,2,288.92,577.84,3152.98
TRX002823,CLI0413,CRT03478,PRD0121,2026-05-05 22:42:24,8,301.87,2414.96,6157.37
TRX002824,CLI0276,CRT01486,PRD0166,2026-04-25 03:10:52,6,124.75,748.5,748.5
TRX002825,CLI0041,CRT02476,PRD0006,2026-01-16 05:00:29,1,207.27,207.27,805.12
TRX002826,CLI0040,CRT00464,PRD0018,2026-05-12 23:25:41,3,115.19,345.57,3034.4
TRX002827,CLI0086,CRT01212,PRD0093,2026-02-23 21:02:07,5,302.86,1514.3000000000002,4307.14
TRX002828,CLI0095,CRT00916,PRD0186,2026-03-23 05:17:53,2,13.84,27.68,5958.01
TRX002829,CLI0156,CRT00676,PRD0036,2026-01-03 00:00:12,4,86.2,344.8,2818.9100000000003
TRX002830,CLI0233,CRT00986,PRD0024,2026-04-15 16:05:17,1,78.71,78.71,4306.75
TRX002831,CLI0161,CRT00292,PRD0137,2026-07-02 20:09:19,1,116.26,116.26,1981.69
TRX002832,CLI0297,CRT01575,PRD0119,2026-03-31 12:49:23,8,332.64,2661.12,7608.37
TRX002833,CLI0395,CRT02352,PRD0180,2026-06-28 15:12:27,9,217.4,1956.6000000000001,10472.720000000001
TRX002834,CLI0275,CRT02820,PRD0077,2026-03-10 03:57:26,9,75.69,681.21,5193.75
TRX002835,CLI0220,CRT03197,PRD0042,2026-02-02 23:09:57,7,88.65,620.5500000000001,2914.67
TRX002836,CLI0194,CRT03016,PRD0172,2026-07-07 00:57:33,8,97.82,782.56,1737.08
TRX002837,CLI0085,CRT03136,PRD0167,2026-02-20 12:43:00,6,82.61,495.65999999999997,3867.29
TRX002838,CLI0141,CRT00081,PRD0080,2026-04-05 16:54:06,9,342.98,3086.82,9449.42
TRX002839,CLI0199,CRT00450,PRD0198,2026-05-01 16:33:11,8,156.17,1249.36,3784.92
TRX002840,CLI0357,CRT02668,PRD0164,2026-05-04 10:35:52,6,242.9,1457.4,6543.92
TRX002841,CLI0377,CRT00851,PRD0151,2026-05-15 08:57:55,6,121.08,726.48,2111.6
TRX002842,CLI0274,CRT00620,PRD0195,2026-07-04 11:29:43,9,11.49,103.41,6421.389999999999
TRX002843,CLI0033,CRT00228,PRD0025,2026-03-08 23:50:48,6,265.13,1590.78,3762.58
TRX002844,CLI0016,CRT02002,PRD0047,2026-04-24 05:18:02,1,327.59,327.59,4060.27
TRX002845,CLI0062,CRT00830,PRD0032,2026-07-17 08:15:16,10,224.53,2245.3,3256.63
TRX002846,CLI0344,CRT00306,PRD0010,2026-01-15 07:16:41,6,162.15,972.9000000000001,2884.7200000000003
TRX002847,CLI0281,CRT00264,PRD0107,2026-05-14 13:36:46,10,114.48,1144.8,3241.38
TRX002848,CLI0261,CRT02531,PRD0188,2026-07-01 17:47:24,2,281.86,563.72,3356.52
TRX002849,CLI0405,CRT02578,PRD0072,2026-01-11 03:31:33,5,308.05,1540.25,2641.5699999999997
TRX002850,CLI0294,CRT01194,PRD0037,2026-01-14 23:53:45,6,171.38,1028.28,2497.73
TRX002851,CLI0407,CRT03182,PRD0010,2026-04-29 15:02:04,1,162.15,162.15,208.11
TRX002852,CLI0046,CRT00247,PRD0020,2026-05-08 16:16:38,5,75.82,379.09999999999997,899.48
TRX002853,CLI0290,CRT02040,PRD0118,2026-07-02 22:51:19,10,163.96,1639.6000000000001,7405.13
TRX002854,CLI0086,CRT03380,PRD0022,2026-02-17 12:05:36,8,51.02,408.16,2820.8
TRX002855,CLI0387,CRT03392,PRD0048,2026-02-07 03:25:08,3,275.16,825.48,6322.76
TRX002856,CLI0050,CRT02209,PRD0049,2026-01-08 17:28:30,4,36.18,144.72,3320.94
TRX002857,CLI0332,CRT01159,PRD0075,2026-01-05 05:14:33,7,38.5,269.5,3795.5199999999995
TRX002858,CLI0120,CRT02328,PRD0046,2026-03-09 23:29:47,7,234.97,1644.79,3971.96
TRX002859,CLI0031,CRT02144,PRD0121,2026-05-04 09:57:02,10,301.87,3018.7,4533.45
TRX002860,CLI0353,CRT00197,PRD0017,2026-05-04 12:02:12,5,134.36,671.8000000000001,1390.65
TRX002861,CLI0320,CRT00486,PRD0013,2026-06-18 18:35:52,7,103.06,721.4200000000001,1593.18
TRX002862,CLI0399,CRT03214,PRD0012,2026-04-02 06:47:32,3,69.32,207.95999999999998,5722.75
TRX002863,CLI0111,CRT03243,PRD0005,2026-04-04 04:10:45,8,228.33,1826.64,2531.55
TRX002864,CLI0095,CRT00650,PRD0142,2026-01-06 04:33:09,3,55.45,166.35000000000002,2705.59
TRX002865,CLI0284,CRT02514,PRD0130,2026-07-06 06:23:49,9,312.35,2811.15,5154.63
TRX002866,CLI0318,CRT00321,PRD0087,2026-07-19 16:07:53,7,302.95,2120.65,3408.61
TRX002867,CLI0328,CRT01516,PRD0076,2026-06-12 17:12:16,6,260.49,1562.94,1562.94
TRX002868,CLI0317,CRT02400,PRD0037,2026-07-07 15:43:53,2,171.38,342.76,7199.16
TRX002869,CLI0174,CRT00736,PRD0069,2026-07-14 22:45:37,9,112.37,1011.33,2294.81
TRX002870,CLI0420,CRT02510,PRD0144,2026-07-23 17:32:56,2,213.05,426.1,4010.02
TRX002871,CLI0264,CRT01355,PRD0136,2026-01-30 02:34:47,5,303.73,1518.65,3717.31
TRX002872,CLI0099,CRT02190,PRD0141,2026-06-23 00:50:30,3,13.28,39.839999999999996,2991.08
TRX002873,CLI0212,CRT00675,PRD0013,2026-03-08 05:40:10,1,103.06,103.06,761.4399999999999
TRX002874,CLI0138,CRT02862,PRD0148,2026-04-04 10:12:53,5,270.94,1354.7,4741.98
TRX002875,CLI0105,CRT02479,PRD0071,2026-06-14 01:22:48,4,76.57,306.28,4484.01
TRX002876,CLI0131,CRT01734,PRD0120,2026-05-31 02:02:10,9,291.12,2620.08,8364.53
TRX002877,CLI0120,CRT02472,PRD0001,2026-01-06 22:26:26,5,260.19,1300.95,16103.4
TRX002878,CLI0346,CRT01643,PRD0090,2026-05-06 20:09:45,6,15.96,95.76,293.46999999999997
TRX002879,CLI0088,CRT02561,PRD0200,2026-02-15 13:38:26,1,144.4,144.4,4292.76
TRX002880,CLI0249,CRT02072,PRD0163,2026-01-08 05:12:06,5,278.04,1390.2,1390.2
TRX002881,CLI0029,CRT03014,PRD0029,2026-07-11 05:01:01,7,95.22,666.54,5123.43
TRX002882,CLI0354,CRT01549,PRD0001,2026-05-15 19:22:22,3,260.19,780.5699999999999,1116.94
TRX002883,CLI0102,CRT01777,PRD0159,2026-01-22 15:05:28,2,125.8,251.6,2866.72
TRX002884,CLI0284,CRT00279,PRD0069,2026-04-21 21:18:12,8,112.37,898.96,6987.15
TRX002885,CLI0270,CRT03410,PRD0161,2026-02-14 09:39:34,7,331.95,2323.65,2850.23
TRX002886,CLI0068,CRT00922,PRD0044,2026-02-17 00:57:13,5,248.47,1242.35,1673.35
TRX002887,CLI0111,CRT03074,PRD0149,2026-07-26 23:49:09,4,344.39,1377.56,1559.1799999999998
TRX002888,CLI0359,CRT02015,PRD0017,2026-04-14 16:14:42,5,134.36,671.8000000000001,9789.220000000001
TRX002889,CLI0068,CRT00663,PRD0078,2026-05-15 06:12:41,10,172.26,1722.6,3066.27
TRX002890,CLI0188,CRT00435,PRD0126,2026-04-11 08:07:49,4,146.67,586.68,823.8199999999999
TRX002891,CLI0235,CRT02666,PRD0094,2026-06-17 05:57:35,10,179.52,1795.2,4253.52
TRX002892,CLI0080,CRT00659,PRD0157,2026-01-22 23:50:30,5,263.29,1316.45,6917.66
TRX002893,CLI0076,CRT02971,PRD0154,2026-04-01 23:51:39,2,283.35,566.7,566.7
TRX002894,CLI0245,CRT02648,PRD0057,2026-06-11 07:51:12,7,59.71,417.97,3851.4
TRX002895,CLI0274,CRT00798,PRD0076,2026-06-03 16:07:46,7,260.49,1823.43,8458.74
TRX002896,CLI0008,CRT01382,PRD0089,2026-07-06 15:35:13,8,57.82,462.56,2439.57
TRX002897,CLI0091,CRT02927,PRD0058,2026-03-07 00:34:09,5,275.33,1376.6499999999999,4424.6
TRX002898,CLI0322,CRT01039,PRD0050,2026-04-28 19:33:01,1,164.79,164.79,3980.25
TRX002899,CLI0033,CRT01443,PRD0003,2026-01-06 08:27:31,8,149.12,1192.96,3062.38
TRX002900,CLI0228,CRT02243,PRD0149,2026-02-17 08:51:10,9,344.39,3099.5099999999998,3099.5099999999998
TRX002901,CLI0314,CRT00764,PRD0123,2026-03-14 11:44:43,9,85.64,770.76,3301.98
TRX002902,CLI0405,CRT00879,PRD0189,2026-06-28 22:29:57,7,80.62,564.34,2831.1400000000003
TRX002903,CLI0017,CRT01207,PRD0071,2026-03-29 03:04:22,10,76.57,765.6999999999999,1266.4299999999998
TRX002904,CLI0244,CRT00843,PRD0136,2026-05-27 01:47:43,9,303.73,2733.57,6092.25
TRX002905,CLI0414,CRT00025,PRD0140,2026-05-19 15:04:22,6,80.42,482.52,1687.4
TRX002906,CLI0163,CRT03117,PRD0021,2026-03-29 22:00:15,9,175.98,1583.82,8988.16
TRX002907,CLI0169,CRT02393,PRD0017,2026-05-26 17:52:30,6,134.36,806.1600000000001,4404.73
TRX002908,CLI0233,CRT00986,PRD0091,2026-04-15 16:05:17,8,321.66,2573.28,4306.75
TRX002909,CLI0129,CRT00565,PRD0100,2026-06-27 16:07:14,5,252.5,1262.5,7371.049999999999
TRX002910,CLI0234,CRT00216,PRD0194,2026-03-11 14:02:36,10,311.57,3115.7,4000.8799999999997
TRX002911,CLI0169,CRT01729,PRD0143,2026-05-30 14:11:51,2,331.85,663.7,2894.6000000000004
TRX002912,CLI0420,CRT03160,PRD0068,2026-02-01 18:10:22,2,140.04,280.08,280.08
TRX002913,CLI0225,CRT00212,PRD0069,2026-06-09 09:46:07,1,112.37,112.37,4385.17
TRX002914,CLI0307,CRT02645,PRD0132,2026-03-23 11:14:47,7,153.95,1077.6499999999999,4262.0
TRX002915,CLI0140,CRT01506,PRD0130,2026-04-17 06:22:03,7,312.35,2186.4500000000003,5479.33
TRX002916,CLI0391,CRT02360,PRD0152,2026-07-19 19:34:24,8,336.37,2690.96,5517.49
TRX002917,CLI0008,CRT03146,PRD0014,2026-02-08 16:41:57,3,99.1,297.29999999999995,2195.2999999999997
TRX002918,CLI0065,CRT01561,PRD0006,2026-02-23 04:44:27,7,207.27,1450.89,1450.89
TRX002919,CLI0268,CRT03421,PRD0116,2026-03-16 22:42:42,5,281.93,1409.65,5088.04
TRX002920,CLI0154,CRT02361,PRD0111,2026-03-25 21:22:13,2,282.78,565.56,3103.29
TRX002921,CLI0303,CRT01115,PRD0165,2026-04-16 08:41:10,9,194.83,1753.47,12062.19
TRX002922,CLI0095,CRT02700,PRD0130,2026-04-14 00:43:08,8,312.35,2498.8,4623.71
TRX002923,CLI0051,CRT03201,PRD0096,2026-07-01 04:35:58,10,15.79,157.89999999999998,157.89999999999998
TRX002924,CLI0113,CRT02444,PRD0011,2026-01-25 06:06:44,4,104.38,417.52,417.52
TRX002925,CLI0164,CRT02120,PRD0133,2026-02-06 15:01:49,10,238.5,2385.0,3294.46
TRX002926,CLI0196,CRT03358,PRD0160,2026-07-07 15:23:09,8,246.16,1969.28,3280.96
TRX002927,CLI0147,CRT01993,PRD0125,2026-05-10 06:14:07,9,54.91,494.18999999999994,7464.969999999999
TRX002928,CLI0042,CRT02546,PRD0032,2026-05-13 06:52:29,10,224.53,2245.3,2828.7700000000004
TRX002929,CLI0082,CRT01117,PRD0050,2026-05-04 13:58:27,6,164.79,988.74,5171.139999999999
TRX002930,CLI0031,CRT01254,PRD0136,2026-03-08 09:38:10,4,303.73,1214.92,5314.4400000000005
TRX002931,CLI0220,CRT02839,PRD0079,2026-06-02 00:17:32,8,98.65,789.2,1687.3200000000002
TRX002932,CLI0414,CRT01297,PRD0126,2026-06-17 19:02:46,8,146.67,1173.36,3635.3199999999997
TRX002933,CLI0305,CRT01051,PRD0136,2026-01-30 11:13:27,1,303.73,303.73,568.86
TRX002934,CLI0224,CRT01712,PRD0089,2026-04-19 23:33:13,2,57.82,115.64,2430.69
TRX002935,CLI0003,CRT01911,PRD0078,2026-04-12 04:14:53,3,172.26,516.78,6046.98
TRX002936,CLI0408,CRT02608,PRD0166,2026-01-23 10:58:18,5,124.75,623.75,2201.36
TRX002937,CLI0181,CRT00799,PRD0127,2026-03-22 20:01:40,10,24.14,241.4,241.4
TRX002938,CLI0258,CRT00597,PRD0041,2026-03-30 14:20:05,4,228.33,913.32,4962.74
TRX002939,CLI0344,CRT02419,PRD0050,2026-07-11 16:54:09,2,164.79,329.58,3374.38
TRX002940,CLI0085,CRT01435,PRD0031,2026-03-12 04:04:43,7,267.28,1870.9599999999998,7508.799999999999
TRX002941,CLI0320,CRT03080,PRD0137,2026-04-21 01:27:24,5,116.26,581.3000000000001,2946.87
TRX002942,CLI0339,CRT01136,PRD0025,2026-02-08 16:29:32,6,265.13,1590.78,2285.74
TRX002943,CLI0426,CRT02787,PRD0072,2026-07-10 00:15:55,10,308.05,3080.5,6404.92
TRX002944,CLI0025,CRT03309,PRD0032,2026-01-03 05:03:04,9,224.53,2020.77,3308.22
TRX002945,CLI0264,CRT01412,PRD0174,2026-06-22 13:15:08,3,6.76,20.28,2379.97
TRX002946,CLI0381,CRT03041,PRD0076,2026-02-24 14:34:41,5,260.49,1302.45,3875.53
TRX002947,CLI0079,CRT01626,PRD0128,2026-03-19 22:38:42,4,9.29,37.16,1550.52
TRX002948,CLI0308,CRT00535,PRD0145,2026-04-22 03:12:32,8,40.06,320.48,2841.98
TRX002949,CLI0310,CRT02583,PRD0130,2026-04-20 12:15:12,9,312.35,2811.15,7217.51
TRX002950,CLI0129,CRT01350,PRD0074,2026-03-27 22:27:27,1,229.76,229.76,229.76
TRX002951,CLI0268,CRT03324,PRD0045,2026-05-16 08:45:25,5,301.22,1506.1000000000001,6029.87
TRX002952,CLI0017,CRT03057,PRD0100,2026-03-03 09:48:00,8,252.5,2020.0,2575.36
TRX002953,CLI0051,CRT02759,PRD0017,2026-01-13 06:13:00,1,134.36,134.36,1907.3500000000001
TRX002954,CLI0314,CRT01336,PRD0170,2026-01-23 22:50:07,5,100.84,504.20000000000005,3536.03
TRX002955,CLI0329,CRT03046,PRD0122,2026-04-14 13:51:08,1,224.09,224.09,1110.73
TRX002956,CLI0130,CRT00523,PRD0039,2026-03-20 21:01:53,8,305.67,2445.36,2787.92
TRX002957,CLI0431,CRT01280,PRD0009,2026-04-28 10:33:25,10,297.0,2970.0,2970.0
TRX002958,CLI0253,CRT01521,PRD0188,2026-01-18 21:48:17,4,281.86,1127.44,4261.18
TRX002959,CLI0027,CRT02861,PRD0049,2026-03-19 04:00:25,7,36.18,253.26,3687.6000000000004
TRX002960,CLI0146,CRT03169,PRD0167,2026-06-18 15:55:43,6,82.61,495.65999999999997,2668.67
TRX002961,CLI0206,CRT00529,PRD0155,2026-07-21 12:19:19,2,289.44,578.88,4608.58
TRX002962,CLI0098,CRT03312,PRD0050,2026-07-05 13:25:49,9,164.79,1483.11,1678.75
TRX002963,CLI0165,CRT00760,PRD0151,2026-07-04 02:18:22,8,121.08,968.64,3150.9900000000002
TRX002964,CLI0312,CRT00058,PRD0113,2026-06-24 14:37:34,6,310.43,1862.58,5289.98
TRX002965,CLI0014,CRT01654,PRD0140,2026-07-15 22:45:40,7,80.42,562.94,3988.8999999999996
TRX002966,CLI0377,CRT00949,PRD0175,2026-01-11 20:18:18,10,120.9,1209.0,4100.14
TRX002967,CLI0146,CRT00693,PRD0141,2026-06-16 19:22:02,3,13.28,39.839999999999996,225.6
TRX002968,CLI0421,CRT01741,PRD0015,2026-03-20 00:46:02,7,125.96,881.7199999999999,3565.04
TRX002969,CLI0372,CRT00555,PRD0029,2026-05-24 21:13:26,10,95.22,952.2,3247.4
TRX002970,CLI0106,CRT02905,PRD0088,2026-02-17 00:07:51,3,64.83,194.49,9444.0
TRX002971,CLI0164,CRT02989,PRD0120,2026-02-07 14:13:16,1,291.12,291.12,1292.59
TRX002972,CLI0282,CRT00972,PRD0126,2026-04-08 01:35:54,4,146.67,586.68,3608.17
TRX002973,CLI0167,CRT00665,PRD0171,2026-05-02 17:00:35,3,127.91,383.73,6267.12
TRX002974,CLI0301,CRT02124,PRD0076,2026-03-02 17:56:55,8,260.49,2083.92,8418.94
TRX002975,CLI0416,CRT01747,PRD0042,2026-06-25 04:26:37,4,88.65,354.6,2779.2400000000002
TRX002976,CLI0247,CRT01523,PRD0195,2026-05-25 15:52:36,6,11.49,68.94,5231.17
TRX002977,CLI0093,CRT02981,PRD0151,2026-06-23 15:28:57,8,121.08,968.64,1895.9399999999998
TRX002978,CLI0422,CRT01706,PRD0108,2026-03-15 23:31:18,2,166.93,333.86,1648.48
TRX002979,CLI0280,CRT02331,PRD0052,2026-06-14 02:50:44,3,68.6,205.79999999999998,1332.56
TRX002980,CLI0180,CRT01237,PRD0099,2026-02-26 10:18:52,6,248.8,1492.8000000000002,6044.61
TRX002981,CLI0286,CRT00372,PRD0111,2026-01-19 20:56:01,7,282.78,1979.4599999999998,7487.92
TRX002982,CLI0107,CRT03336,PRD0161,2026-06-01 19:12:39,8,331.95,2655.6,8072.28
TRX002983,CLI0120,CRT02472,PRD0100,2026-01-06 22:26:26,3,252.5,757.5,16103.4
TRX002984,CLI0284,CRT02128,PRD0069,2026-04-15 02:22:59,2,112.37,224.74,1575.5500000000002
TRX002985,CLI0402,CRT00496,PRD0015,2026-05-17 18:19:32,3,125.96,377.88,7158.02
TRX002986,CLI0298,CRT01816,PRD0198,2026-02-15 09:28:36,4,156.17,624.68,4525.31
TRX002987,CLI0413,CRT01730,PRD0180,2026-07-11 08:35:24,1,217.4,217.4,260.28000000000003
TRX002988,CLI0010,CRT00758,PRD0184,2026-06-08 13:15:20,1,85.85,85.85,2913.71
TRX002989,CLI0330,CRT01717,PRD0028,2026-01-11 17:41:20,9,301.62,2714.58,6423.09
TRX002990,CLI0137,CRT03349,PRD0019,2026-01-08 17:20:21,6,13.65,81.9,3030.95
TRX002991,CLI0304,CRT02211,PRD0156,2026-07-24 22:48:10,8,87.81,702.48,4781.82
TRX002992,CLI0241,CRT01186,PRD0134,2026-04-27 18:39:55,9,343.3,3089.7000000000003,5811.17
TRX002993,CLI0242,CRT01088,PRD0007,2026-06-22 01:50:13,10,149.36,1493.6000000000001,5970.06
TRX002994,CLI0334,CRT02165,PRD0078,2026-01-20 19:36:41,6,172.26,1033.56,2030.71
TRX002995,CLI0022,CRT02141,PRD0071,2026-01-01 16:55:02,10,76.57,765.6999999999999,5664.26
TRX002996,CLI0099,CRT02097,PRD0141,2026-06-08 19:43:39,2,13.28,26.56,282.61
TRX002997,CLI0233,CRT01854,PRD0079,2026-06-10 09:48:20,6,98.65,591.9000000000001,2132.29
TRX002998,CLI0294,CRT01194,PRD0037,2026-01-14 23:53:45,4,171.38,685.52,2497.73
TRX002999,CLI0234,CRT01307,PRD0090,2026-06-06 06:12:52,3,15.96,47.88,3139.3500000000004
TRX003000,CLI0393,CRT02410,PRD0159,2026-07-19 11:52:11,5,125.8,629.0,4007.34
TRX003001,CLI0266,CRT00449,PRD0045,2026-07-22 13:09:09,3,301.22,903.6600000000001,3578.3600000000006
TRX003002,CLI0410,CRT01979,PRD0178,2026-04-28 04:02:19,6,198.09,1188.54,3341.3799999999997
TRX003003,CLI0339,CRT01658,PRD0013,2026-03-04 09:00:55,7,103.06,721.4200000000001,4565.55
TRX003004,CLI0191,CRT00062,PRD0029,2026-01-06 12:18:04,7,95.22,666.54,5859.58
TRX003005,CLI0208,CRT01296,PRD0037,2026-01-31 07:42:25,1,171.38,171.38,765.38
TRX003006,CLI0023,CRT00862,PRD0056,2026-03-01 07:16:13,1,143.73,143.73,4339.56
TRX003007,CLI0432,CRT03307,PRD0189,2026-04-06 22:29:59,10,80.62,806.2,3007.51
TRX003008,CLI0387,CRT02409,PRD0045,2026-01-27 18:21:52,9,301.22,2710.9800000000005,3682.5800000000004
TRX003009,CLI0338,CRT03186,PRD0162,2026-03-09 11:11:31,1,195.42,195.42,6424.13
TRX003010,CLI0155,CRT03159,PRD0050,2026-03-20 18:16:49,6,164.79,988.74,4599.93
TRX003011,CLI0064,CRT02219,PRD0191,2026-01-22 02:12:34,8,288.92,2311.36,7663.320000000001
TRX003012,CLI0348,CRT03157,PRD0074,2026-05-28 00:31:23,9,229.76,2067.84,3780.86
TRX003013,CLI0302,CRT01667,PRD0079,2026-01-06 11:31:26,4,98.65,394.6,3905.22
TRX003014,CLI0007,CRT00982,PRD0187,2026-04-28 18:07:05,7,241.37,1689.5900000000001,3788.09
TRX003015,CLI0243,CRT01193,PRD0078,2026-05-29 06:09:21,10,172.26,1722.6,5101.74
TRX003016,CLI0048,CRT02779,PRD0094,2026-02-12 20:56:47,1,179.52,179.52,2813.84
TRX003017,CLI0371,CRT02445,PRD0083,2026-02-12 01:36:08,4,194.5,778.0,2082.4
TRX003018,CLI0348,CRT03157,PRD0106,2026-05-28 00:31:23,1,102.2,102.2,3780.86
TRX003019,CLI0086,CRT03380,PRD0103,2026-02-17 12:05:36,4,234.25,937.0,2820.8
TRX003020,CLI0323,CRT02736,PRD0118,2026-07-07 09:48:30,5,163.96,819.8000000000001,5066.139999999999
TRX003021,CLI0395,CRT02003,PRD0032,2026-01-03 18:50:09,2,224.53,449.06,1118.33
TRX003022,CLI0014,CRT03190,PRD0056,2026-02-09 13:37:54,4,143.73,574.92,4120.0
TRX003023,CLI0105,CRT02479,PRD0161,2026-06-14 01:22:48,7,331.95,2323.65,4484.01
TRX003024,CLI0391,CRT02133,PRD0058,2026-05-23 23:43:20,6,275.33,1651.98,6249.83
TRX003025,CLI0102,CRT02847,PRD0074,2026-05-02 03:45:08,4,229.76,919.04,8043.56
TRX003026,CLI0105,CRT00872,PRD0025,2026-05-20 19:03:05,3,265.13,795.39,7360.26
TRX003027,CLI0117,CRT01972,PRD0062,2026-01-31 20:27:40,10,321.99,3219.9,13128.26
TRX003028,CLI0163,CRT03117,PRD0126,2026-03-29 22:00:15,9,146.67,1320.03,8988.16
TRX003029,CLI0050,CRT01098,PRD0063,2026-04-27 11:18:03,6,30.34,182.04,5909.18
TRX003030,CLI0311,CRT03083,PRD0192,2026-01-20 05:32:55,7,241.82,1692.74,7032.67
TRX003031,CLI0058,CRT01345,PRD0116,2026-07-23 05:25:58,9,281.93,2537.37,11416.449999999999
TRX003032,CLI0212,CRT00520,PRD0195,2026-05-22 20:18:00,5,11.49,57.45,6401.39
TRX003033,CLI0304,CRT01126,PRD0084,2026-06-02 16:51:14,10,129.22,1292.2,5009.6
TRX003034,CLI0426,CRT01853,PRD0077,2026-07-01 17:28:15,10,75.69,756.9,8946.14
TRX003035,CLI0251,CRT01620,PRD0186,2026-05-08 08:24:14,8,13.84,110.72,9009.8
TRX003036,CLI0050,CRT03152,PRD0172,2026-01-10 07:57:35,8,97.82,782.56,4442.71
TRX003037,CLI0025,CRT03316,PRD0029,2026-03-19 02:43:55,1,95.22,95.22,95.22
TRX003038,CLI0130,CRT02548,PRD0135,2026-06-27 11:00:12,8,198.63,1589.04,4116.8
TRX003039,CLI0247,CRT00235,PRD0174,2026-03-30 23:21:10,1,6.76,6.76,3583.37
TRX003040,CLI0249,CRT01364,PRD0154,2026-01-14 15:52:09,7,283.35,1983.4500000000003,5839.25
TRX003041,CLI0268,CRT00677,PRD0151,2026-07-14 04:57:45,1,121.08,121.08,1947.5500000000002
TRX003042,CLI0407,CRT02695,PRD0176,2026-06-01 06:35:36,1,288.19,288.19,5568.49
TRX003043,CLI0323,CRT02492,PRD0143,2026-01-02 02:21:09,8,331.85,2654.8,2654.8
TRX003044,CLI0197,CRT01274,PRD0036,2026-06-26 17:33:05,5,86.2,431.0,3168.27
TRX003045,CLI0262,CRT02723,PRD0189,2026-02-23 03:36:17,7,80.62,564.34,1548.98
TRX003046,CLI0121,CRT01659,PRD0148,2026-06-15 11:21:47,2,270.94,541.88,4115.66
TRX003047,CLI0422,CRT00782,PRD0141,2026-06-07 09:40:40,5,13.28,66.39999999999999,933.16
TRX003048,CLI0308,CRT00011,PRD0123,2026-05-03 07:16:11,4,85.64,342.56,1993.03
TRX003049,CLI0130,CRT01247,PRD0117,2026-03-17 17:00:04,4,196.2,784.8,6874.58
TRX003050,CLI0114,CRT02173,PRD0044,2026-07-10 00:43:12,8,248.47,1987.76,3215.0
TRX003051,CLI0184,CRT01967,PRD0137,2026-03-08 12:59:58,1,116.26,116.26,390.65999999999997
TRX003052,CLI0195,CRT02743,PRD0054,2026-01-07 21:58:36,1,301.82,301.82,5630.62
TRX003053,CLI0137,CRT03349,PRD0028,2026-01-08 17:20:21,5,301.62,1508.1,3030.95
TRX003054,CLI0138,CRT01697,PRD0027,2026-06-13 19:23:44,10,209.57,2095.7,2319.83
TRX003055,CLI0241,CRT01100,PRD0023,2026-03-01 08:08:53,2,262.09,524.18,10853.04
TRX003056,CLI0046,CRT03092,PRD0088,2026-01-19 06:31:26,8,64.83,518.64,4452.33
TRX003057,CLI0274,CRT00701,PRD0157,2026-01-06 06:46:11,5,263.29,1316.45,3966.51
TRX003058,CLI0027,CRT02838,PRD0075,2026-06-23 12:27:25,5,38.5,192.5,583.9399999999999
TRX003059,CLI0080,CRT00659,PRD0001,2026-01-22 23:50:30,4,260.19,1040.76,6917.66
TRX003060,CLI0153,CRT03233,PRD0030,2026-01-03 06:30:19,7,153.58,1075.0600000000002,3633.4700000000003
TRX003061,CLI0014,CRT02118,PRD0040,2026-07-02 02:07:47,9,256.15,2305.35,4693.27
TRX003062,CLI0100,CRT01035,PRD0179,2026-03-26 12:18:14,8,196.43,1571.44,6025.13
TRX003063,CLI0225,CRT00212,PRD0093,2026-06-09 09:46:07,2,302.86,605.72,4385.17
TRX003064,CLI0250,CRT03097,PRD0197,2026-01-11 13:14:01,7,267.68,1873.76,6943.9400000000005
TRX003065,CLI0084,CRT01833,PRD0138,2026-06-30 17:00:28,4,308.17,1232.68,1232.68
TRX003066,CLI0329,CRT01765,PRD0171,2026-06-14 06:41:23,9,127.91,1151.19,5466.29
TRX003067,CLI0157,CRT00869,PRD0134,2026-04-26 17:09:19,8,343.3,2746.4,6898.06
TRX003068,CLI0089,CRT01317,PRD0140,2026-03-27 02:18:06,7,80.42,562.94,3102.22
TRX003069,CLI0008,CRT02453,PRD0058,2026-04-13 23:48:40,3,275.33,825.99,921.54
TRX003070,CLI0339,CRT02985,PRD0069,2026-04-05 09:39:46,2,112.37,224.74,3885.21
TRX003071,CLI0107,CRT01044,PRD0099,2026-05-28 12:04:39,6,248.8,1492.8000000000002,6651.62
TRX003072,CLI0198,CRT00715,PRD0114,2026-07-17 16:07:39,8,141.38,1131.04,14078.150000000001
TRX003073,CLI0409,CRT01037,PRD0172,2026-01-10 23:30:26,8,97.82,782.56,2142.64
TRX003074,CLI0112,CRT00101,PRD0028,2026-04-30 11:00:02,5,301.62,1508.1,1508.1
TRX003075,CLI0030,CRT02254,PRD0024,2026-03-02 18:27:47,1,78.71,78.71,5185.009999999999
TRX003076,CLI0342,CRT01475,PRD0104,2026-02-07 20:34:46,6,46.73,280.38,5184.56
TRX003077,CLI0033,CRT01291,PRD0140,2026-07-22 19:40:51,5,80.42,402.1,2012.0500000000002
TRX003078,CLI0217,CRT02716,PRD0011,2026-06-18 00:00:11,6,104.38,626.28,3098.06
TRX003079,CLI0080,CRT03476,PRD0005,2026-03-19 22:52:24,9,228.33,2054.9700000000003,5184.1900000000005
TRX003080,CLI0388,CRT01564,PRD0047,2026-04-21 01:32:52,7,327.59,2293.1299999999997,6546.029999999999
TRX003081,CLI0179,CRT01338,PRD0123,2026-04-18 00:09:59,7,85.64,599.48,1672.22
TRX003082,CLI0142,CRT00550,PRD0027,2026-07-19 14:32:34,2,209.57,419.14,7309.38
TRX003083,CLI0419,CRT01555,PRD0059,2026-04-24 21:45:35,9,252.15,2269.35,3377.55
TRX003084,CLI0241,CRT01100,PRD0112,2026-03-01 08:08:53,3,344.42,1033.26,10853.04
TRX003085,CLI0270,CRT03280,PRD0169,2026-02-25 03:44:49,5,259.17,1295.8500000000001,9199.67
TRX003086,CLI0308,CRT01596,PRD0189,2026-07-08 11:21:35,9,80.62,725.58,1505.94
TRX003087,CLI0146,CRT00693,PRD0190,2026-06-16 19:22:02,8,23.22,185.76,225.6
TRX003088,CLI0104,CRT02123,PRD0155,2026-03-03 21:44:10,5,289.44,1447.2,2678.8
TRX003089,CLI0083,CRT00997,PRD0039,2026-06-22 10:21:14,2,305.67,611.34,2613.29
TRX003090,CLI0190,CRT02053,PRD0130,2026-06-23 19:09:37,5,312.35,1561.75,4760.9400000000005
TRX003091,CLI0307,CRT01130,PRD0177,2026-01-28 21:42:52,3,221.23,663.6899999999999,1512.0299999999997
TRX003092,CLI0354,CRT00060,PRD0139,2026-03-02 01:47:40,8,30.96,247.68,5345.24
TRX003093,CLI0005,CRT00184,PRD0186,2026-03-19 15:19:24,9,13.84,124.56,124.56
TRX003094,CLI0314,CRT01143,PRD0140,2026-05-11 14:42:58,6,80.42,482.52,5167.57
TRX003095,CLI0414,CRT01670,PRD0054,2026-05-06 03:38:34,4,301.82,1207.28,5878.5599999999995
TRX003096,CLI0386,CRT00497,PRD0013,2026-01-31 03:23:34,2,103.06,206.12,2676.14
TRX003097,CLI0283,CRT02912,PRD0185,2026-01-31 06:13:47,5,144.46,722.3000000000001,2002.74
TRX003098,CLI0167,CRT01313,PRD0098,2026-01-31 20:58:13,2,136.36,272.72,4354.35
TRX003099,CLI0026,CRT00090,PRD0154,2026-02-11 20:50:07,10,283.35,2833.5,4834.5
TRX003100,CLI0015,CRT01520,PRD0090,2026-01-31 10:05:35,9,15.96,143.64000000000001,6637.59
TRX003101,CLI0298,CRT01134,PRD0080,2026-07-13 23:09:39,9,342.98,3086.82,8470.55
TRX003102,CLI0025,CRT00623,PRD0082,2026-04-12 03:36:12,8,316.62,2532.96,3138.36
TRX003103,CLI0180,CRT02146,PRD0044,2026-06-11 07:44:46,3,248.47,745.41,6687.56
TRX003104,CLI0357,CRT02662,PRD0029,2026-02-19 19:57:08,7,95.22,666.54,5591.61
TRX003105,CLI0337,CRT02253,PRD0173,2026-06-23 05:15:53,4,330.57,1322.28,4801.53
TRX003106,CLI0415,CRT01135,PRD0196,2026-01-01 05:20:31,5,349.85,1749.25,2657.83
TRX003107,CLI0245,CRT02648,PRD0105,2026-06-11 07:51:12,10,200.26,2002.6,3851.4
TRX003108,CLI0257,CRT00138,PRD0041,2026-01-31 13:53:46,3,228.33,684.99,8168.21
TRX003109,CLI0061,CRT01791,PRD0023,2026-02-27 07:23:46,2,262.09,524.18,4063.82
TRX003110,CLI0131,CRT02530,PRD0198,2026-07-17 12:41:28,3,156.17,468.51,4632.490000000001
TRX003111,CLI0121,CRT02498,PRD0177,2026-05-10 02:50:45,3,221.23,663.6899999999999,2819.76
TRX003112,CLI0402,CRT01739,PRD0166,2026-02-07 13:12:58,4,124.75,499.0,3735.5
TRX003113,CLI0071,CRT03245,PRD0006,2026-02-26 03:02:17,4,207.27,829.08,5887.08
TRX003114,CLI0198,CRT00490,PRD0190,2026-02-03 03:57:10,10,23.22,232.2,6425.79
TRX003115,CLI0264,CRT00358,PRD0010,2026-07-25 18:31:20,10,162.15,1621.5,3224.19
TRX003116,CLI0347,CRT00572,PRD0178,2026-06-29 08:22:17,9,198.09,1782.81,9772.52
TRX003117,CLI0219,CRT02499,PRD0136,2026-07-05 17:00:20,3,303.73,911.19,2312.57
TRX003118,CLI0425,CRT00322,PRD0059,2026-02-27 23:04:31,2,252.15,504.3,2179.7599999999998
TRX003119,CLI0053,CRT01262,PRD0184,2026-01-09 02:39:17,6,85.85,515.0999999999999,10205.3
TRX003120,CLI0355,CRT01250,PRD0026,2026-06-20 11:46:29,10,238.97,2389.7,3013.71
TRX003121,CLI0197,CRT00285,PRD0164,2026-04-18 22:10:22,1,242.9,242.9,370.58000000000004
TRX003122,CLI0379,CRT01203,PRD0155,2026-02-08 23:59:56,1,289.44,289.44,316.74
TRX003123,CLI0194,CRT00244,PRD0174,2026-04-14 08:33:21,8,6.76,54.08,1458.17
TRX003124,CLI0405,CRT01402,PRD0041,2026-04-05 22:49:17,2,228.33,456.66,2111.3399999999997
TRX003125,CLI0333,CRT00218,PRD0199,2026-07-24 06:04:20,4,223.09,892.36,892.36
TRX003126,CLI0147,CRT01458,PRD0043,2026-02-16 06:23:04,3,194.99,584.97,3027.6400000000003
TRX003127,CLI0366,CRT02765,PRD0170,2026-02-09 23:56:28,1,100.84,100.84,3401.6800000000003
TRX003128,CLI0346,CRT02432,PRD0136,2026-05-17 07:52:13,5,303.73,1518.65,1987.0300000000002
TRX003129,CLI0065,CRT01919,PRD0077,2026-02-04 00:30:18,5,75.69,378.45,378.45
TRX003130,CLI0288,CRT00314,PRD0190,2026-04-10 08:39:02,9,23.22,208.98,2594.26
TRX003131,CLI0121,CRT00726,PRD0102,2026-06-12 15:48:26,5,233.03,1165.15,2809.94
TRX003132,CLI0116,CRT00557,PRD0188,2026-06-05 07:04:56,6,281.86,1691.16,1810.5800000000002
TRX003133,CLI0412,CRT02670,PRD0139,2026-07-11 07:07:24,7,30.96,216.72,5556.82
TRX003134,CLI0381,CRT03041,PRD0122,2026-02-24 14:34:41,8,224.09,1792.72,3875.53
TRX003135,CLI0282,CRT00796,PRD0100,2026-04-13 18:22:31,8,252.5,2020.0,5194.46
TRX003136,CLI0121,CRT00198,PRD0149,2026-01-01 00:27:51,2,344.39,688.78,1991.23
TRX003137,CLI0169,CRT02393,PRD0018,2026-05-26 17:52:30,6,115.19,691.14,4404.73
TRX003138,CLI0305,CRT00085,PRD0042,2026-04-25 06:27:56,5,88.65,443.25,4351.87
TRX003139,CLI0176,CRT02251,PRD0002,2026-03-16 13:25:43,2,38.12,76.24,468.64
TRX003140,CLI0047,CRT02441,PRD0068,2026-01-05 15:21:10,8,140.04,1120.32,4425.41
TRX003141,CLI0255,CRT01676,PRD0136,2026-06-12 02:44:32,7,303.73,2126.11,6865.97
TRX003142,CLI0108,CRT00148,PRD0122,2026-07-14 06:08:19,7,224.09,1568.63,7225.42
TRX003143,CLI0373,CRT02655,PRD0058,2026-04-11 10:53:23,1,275.33,275.33,1907.48
TRX003144,CLI0296,CRT03325,PRD0087,2026-05-03 17:50:38,5,302.95,1514.75,5761.77
TRX003145,CLI0198,CRT03341,PRD0184,2026-04-26 22:35:27,6,85.85,515.0999999999999,1441.7399999999998
TRX003146,CLI0311,CRT00482,PRD0027,2026-05-01 17:32:13,7,209.57,1466.99,2907.8100000000004
TRX003147,CLI0417,CRT01119,PRD0113,2026-06-27 21:30:59,9,310.43,2793.87,9964.51
TRX003148,CLI0304,CRT01357,PRD0075,2026-05-29 11:52:05,10,38.5,385.0,3296.6800000000003
TRX003149,CLI0435,CRT02221,PRD0084,2026-06-27 02:22:03,4,129.22,516.88,1725.8400000000001
TRX003150,CLI0294,CRT01386,PRD0114,2026-01-02 15:12:38,10,141.38,1413.8,9419.52
TRX003151,CLI0077,CRT01786,PRD0167,2026-01-23 13:23:44,2,82.61,165.22,3975.4800000000005
TRX003152,CLI0219,CRT01014,PRD0023,2026-06-05 11:31:22,2,262.09,524.18,2775.8
TRX003153,CLI0064,CRT00083,PRD0038,2026-06-24 01:06:45,7,231.76,1622.32,6546.14
TRX003154,CLI0311,CRT02502,PRD0053,2026-03-05 11:02:08,5,99.29,496.45000000000005,4045.82
TRX003155,CLI0117,CRT01453,PRD0074,2026-05-04 13:32:25,6,229.76,1378.56,3005.08
TRX003156,CLI0330,CRT00238,PRD0174,2026-02-10 18:24:25,8,6.76,54.08,2805.38
TRX003157,CLI0274,CRT00701,PRD0182,2026-01-06 06:46:11,7,200.1,1400.7,3966.51
TRX003158,CLI0242,CRT00127,PRD0187,2026-02-02 09:25:02,8,241.37,1930.96,5167.29
TRX003159,CLI0280,CRT00804,PRD0075,2026-02-24 13:39:20,8,38.5,308.0,865.4
TRX003160,CLI0187,CRT01721,PRD0165,2026-06-21 23:56:10,7,194.83,1363.8100000000002,3406.26
TRX003161,CLI0272,CRT01223,PRD0194,2026-06-24 01:29:36,6,311.57,1869.42,3336.12
TRX003162,CLI0199,CRT00283,PRD0175,2026-06-18 21:51:54,8,120.9,967.2,967.2
TRX003163,CLI0074,CRT03086,PRD0016,2026-07-16 11:16:12,7,223.15,1562.05,5365.009999999999
TRX003164,CLI0102,CRT01783,PRD0180,2026-03-09 06:08:39,7,217.4,1521.8,2730.3
TRX003165,CLI0385,CRT02902,PRD0059,2026-05-11 13:59:11,7,252.15,1765.05,3538.35
TRX003166,CLI0232,CRT01391,PRD0022,2026-05-07 08:45:24,5,51.02,255.10000000000002,3699.67
TRX003167,CLI0003,CRT00533,PRD0069,2026-07-25 03:18:59,8,112.37,898.96,8103.900000000001
TRX003168,CLI0388,CRT00026,PRD0180,2026-05-31 08:17:00,7,217.4,1521.8,1521.8
TRX003169,CLI0063,CRT02197,PRD0144,2026-06-24 18:52:13,1,213.05,213.05,213.05
TRX003170,CLI0108,CRT02180,PRD0179,2026-01-02 07:08:21,9,196.43,1767.8700000000001,3853.71
TRX003171,CLI0192,CRT00930,PRD0129,2026-02-17 14:06:25,6,4.55,27.299999999999997,2278.49
TRX003172,CLI0113,CRT01311,PRD0109,2026-01-17 07:22:40,3,181.62,544.86,4778.89
TRX003173,CLI0167,CRT01360,PRD0010,2026-02-28 03:34:13,1,162.15,162.15,3123.84
TRX003174,CLI0136,CRT02922,PRD0191,2026-07-04 04:51:52,9,288.92,2600.28,4049.57
TRX003175,CLI0236,CRT02640,PRD0147,2026-03-22 05:16:06,6,208.25,1249.5,4798.97
TRX003176,CLI0416,CRT00897,PRD0116,2026-01-16 22:47:03,3,281.93,845.79,1976.9099999999999
TRX003177,CLI0203,CRT00686,PRD0152,2026-03-05 05:56:40,10,336.37,3363.7,6281.889999999999
TRX003178,CLI0040,CRT03143,PRD0148,2026-07-05 21:03:43,7,270.94,1896.58,5356.9400000000005
TRX003179,CLI0113,CRT01375,PRD0058,2026-03-17 21:58:39,5,275.33,1376.6499999999999,4326.59
TRX003180,CLI0392,CRT02277,PRD0128,2026-04-03 01:35:54,6,9.29,55.739999999999995,5102.299999999999
TRX003181,CLI0145,CRT01581,PRD0013,2026-02-13 19:33:22,6,103.06,618.36,2848.12
TRX003182,CLI0353,CRT01560,PRD0013,2026-02-28 11:11:35,3,103.06,309.18,602.53
TRX003183,CLI0127,CRT03388,PRD0049,2026-05-01 03:58:57,2,36.18,72.36,72.36
TRX003184,CLI0395,CRT02352,PRD0070,2026-06-28 15:12:27,8,218.35,1746.8,10472.720000000001
TRX003185,CLI0197,CRT02696,PRD0077,2026-05-04 23:28:08,6,75.69,454.14,3838.92
TRX003186,CLI0102,CRT00717,PRD0102,2026-04-28 03:25:15,1,233.03,233.03,5037.5599999999995
TRX003187,CLI0281,CRT00395,PRD0016,2026-01-22 11:05:36,5,223.15,1115.75,5435.4400000000005
TRX003188,CLI0304,CRT01357,PRD0043,2026-05-29 11:52:05,10,194.99,1949.9,3296.6800000000003
TRX003189,CLI0209,CRT00374,PRD0067,2026-04-10 16:25:29,10,327.31,3273.1,3803.2799999999997
TRX003190,CLI0151,CRT03266,PRD0105,2026-06-04 23:29:14,9,200.26,1802.34,1802.34
TRX003191,CLI0166,CRT00720,PRD0131,2026-02-10 22:54:25,9,212.13,1909.17,5253.78
TRX003192,CLI0201,CRT02660,PRD0055,2026-01-19 19:13:05,8,349.75,2798.0,4305.5
TRX003193,CLI0345,CRT02575,PRD0130,2026-07-14 03:40:13,9,312.35,2811.15,2815.7000000000003
TRX003194,CLI0034,CRT01046,PRD0096,2026-02-08 10:12:40,3,15.79,47.37,569.27
TRX003195,CLI0196,CRT02415,PRD0092,2026-03-29 14:32:22,10,10.72,107.2,1080.48
TRX003196,CLI0141,CRT00751,PRD0071,2026-06-03 20:11:22,9,76.57,689.1299999999999,10183.78
TRX003197,CLI0002,CRT02077,PRD0010,2026-02-01 19:56:06,9,162.15,1459.3500000000001,3800.92
TRX003198,CLI0248,CRT01062,PRD0009,2026-07-07 19:03:52,8,297.0,2376.0,6774.39
TRX003199,CLI0348,CRT01624,PRD0128,2026-01-07 06:31:14,3,9.29,27.869999999999997,2216.5299999999997
TRX003200,CLI0239,CRT02268,PRD0021,2026-06-09 07:45:36,8,175.98,1407.84,2632.39
TRX003201,CLI0393,CRT00805,PRD0081,2026-05-21 09:15:03,6,151.12,906.72,8455.99
TRX003202,CLI0206,CRT03116,PRD0187,2026-03-26 02:20:50,5,241.37,1206.85,5272.0
TRX003203,CLI0023,CRT02953,PRD0077,2026-02-03 09:02:30,5,75.69,378.45,5999.150000000001
TRX003204,CLI0398,CRT00759,PRD0090,2026-06-08 08:41:38,3,15.96,47.88,1459.44
TRX003205,CLI0124,CRT00084,PRD0098,2026-04-06 17:47:46,3,136.36,409.08000000000004,4569.3
TRX003206,CLI0204,CRT00044,PRD0164,2026-05-22 11:52:26,1,242.9,242.9,5124.24
TRX003207,CLI0206,CRT02904,PRD0110,2026-06-05 09:53:05,7,286.9,2008.2999999999997,8624.66
TRX003208,CLI0428,CRT03012,PRD0008,2026-05-22 15:19:51,2,119.47,238.94,5125.63
TRX003209,CLI0247,CRT00723,PRD0193,2026-06-13 10:52:46,9,190.14,1711.2599999999998,4298.849999999999
TRX003210,CLI0353,CRT03314,PRD0122,2026-01-14 09:27:17,6,224.09,1344.54,3658.84
TRX003211,CLI0122,CRT01361,PRD0031,2026-07-08 15:01:19,1,267.28,267.28,1061.8
TRX003212,CLI0028,CRT01146,PRD0093,2026-01-01 20:23:24,7,302.86,2120.02,6902.13
TRX003213,CLI0129,CRT03445,PRD0183,2026-02-04 15:09:26,10,74.71,747.0999999999999,2860.19
TRX003214,CLI0302,CRT02107,PRD0021,2026-01-12 17:53:38,3,175.98,527.9399999999999,4062.1800000000003
TRX003215,CLI0244,CRT00579,PRD0180,2026-03-22 12:52:18,10,217.4,2174.0,3098.36
TRX003216,CLI0187,CRT01721,PRD0106,2026-06-21 23:56:10,9,102.2,919.8000000000001,3406.26
TRX003217,CLI0311,CRT01963,PRD0112,2026-05-06 03:40:25,8,344.42,2755.36,2755.36
TRX003218,CLI0294,CRT00999,PRD0141,2026-07-21 20:28:05,4,13.28,53.12,4455.38
TRX003219,CLI0240,CRT03454,PRD0097,2026-04-01 15:34:15,9,275.78,2482.0199999999995,4945.139999999999
TRX003220,CLI0274,CRT03001,PRD0021,2026-05-07 19:23:12,7,175.98,1231.86,4280.65
TRX003221,CLI0012,CRT00870,PRD0019,2026-03-26 07:36:35,5,13.65,68.25,245.55
TRX003222,CLI0307,CRT02158,PRD0074,2026-03-26 00:34:40,1,229.76,229.76,1521.3600000000001
TRX003223,CLI0072,CRT03096,PRD0186,2026-02-01 20:42:25,1,13.84,13.84,3364.22
TRX003224,CLI0339,CRT02985,PRD0085,2026-04-05 09:39:46,7,239.52,1676.64,3885.21
TRX003225,CLI0417,CRT02168,PRD0160,2026-04-07 21:53:35,8,246.16,1969.28,4826.62
TRX003226,CLI0274,CRT03001,PRD0196,2026-05-07 19:23:12,3,349.85,1049.5500000000002,4280.65
TRX003227,CLI0353,CRT03314,PRD0023,2026-01-14 09:27:17,5,262.09,1310.4499999999998,3658.84
TRX003228,CLI0160,CRT03256,PRD0114,2026-02-12 07:29:38,7,141.38,989.66,4681.77
TRX003229,CLI0159,CRT01063,PRD0095,2026-07-18 11:55:04,7,42.58,298.06,849.26
TRX003230,CLI0093,CRT01335,PRD0167,2026-07-03 18:12:01,4,82.61,330.44,3101.62
TRX003231,CLI0172,CRT01989,PRD0088,2026-02-05 04:28:39,10,64.83,648.3,5190.43
TRX003232,CLI0003,CRT00559,PRD0116,2026-03-08 06:22:22,1,281.93,281.93,3026.2000000000003
TRX003233,CLI0426,CRT00188,PRD0143,2026-01-27 18:37:34,4,331.85,1327.4,3168.9
TRX003234,CLI0420,CRT00754,PRD0041,2026-03-09 19:43:09,3,228.33,684.99,1255.4099999999999
TRX003235,CLI0091,CRT00668,PRD0040,2026-06-01 21:45:26,2,256.15,512.3,665.4399999999999
TRX003236,CLI0168,CRT01482,PRD0083,2026-01-15 22:08:31,5,194.5,972.5,6205.68
TRX003237,CLI0052,CRT03068,PRD0096,2026-05-09 05:28:05,4,15.79,63.16,5104.16
TRX003238,CLI0421,CRT00267,PRD0009,2026-07-03 14:53:56,1,297.0,297.0,5341.6900000000005
TRX003239,CLI0065,CRT01462,PRD0065,2026-04-23 09:28:52,4,88.06,352.24,634.1
TRX003240,CLI0128,CRT00079,PRD0006,2026-01-09 16:37:07,2,207.27,414.54,2177.8500000000004
TRX003241,CLI0360,CRT02697,PRD0194,2026-04-22 10:51:47,9,311.57,2804.13,9658.1
TRX003242,CLI0341,CRT03145,PRD0108,2026-07-07 11:31:26,4,166.93,667.72,3887.6500000000005
TRX003243,CLI0399,CRT01058,PRD0075,2026-02-21 03:22:17,10,38.5,385.0,6108.18
TRX003244,CLI0379,CRT00920,PRD0052,2026-03-12 05:31:57,4,68.6,274.4,6730.61
TRX003245,CLI0160,CRT03256,PRD0129,2026-02-12 07:29:38,4,4.55,18.2,4681.77
TRX003246,CLI0359,CRT03106,PRD0014,2026-05-24 00:17:21,1,99.1,99.1,3972.6
TRX003247,CLI0136,CRT02802,PRD0070,2026-02-24 00:04:52,2,218.35,436.7,1951.7
TRX003248,CLI0102,CRT00717,PRD0066,2026-04-28 03:25:15,2,148.18,296.36,5037.5599999999995
TRX003249,CLI0395,CRT03218,PRD0142,2026-03-08 01:53:02,2,55.45,110.9,2490.13
TRX003250,CLI0311,CRT02605,PRD0110,2026-02-19 05:12:44,9,286.9,2582.1,6743.13
TRX003251,CLI0159,CRT02387,PRD0050,2026-05-31 07:23:24,5,164.79,823.9499999999999,6873.19
TRX003252,CLI0351,CRT00107,PRD0191,2026-01-28 17:32:22,1,288.92,288.92,2036.7
TRX003253,CLI0383,CRT03259,PRD0198,2026-03-11 11:36:19,7,156.17,1093.1899999999998,3275.37
TRX003254,CLI0194,CRT01668,PRD0116,2026-05-27 14:12:37,6,281.93,1691.58,5640.62
TRX003255,CLI0055,CRT00051,PRD0119,2026-05-25 03:40:37,5,332.64,1663.1999999999998,3727.46
TRX003256,CLI0346,CRT00302,PRD0153,2026-07-11 19:26:19,9,63.71,573.39,5960.91
TRX003257,CLI0371,CRT00822,PRD0033,2026-03-25 17:34:06,9,267.47,2407.2300000000005,7021.610000000001
TRX003258,CLI0245,CRT03045,PRD0032,2026-03-22 23:45:50,6,224.53,1347.18,2914.6400000000003
TRX003259,CLI0133,CRT02030,PRD0081,2026-03-03 11:03:58,6,151.12,906.72,2231.6000000000004
TRX003260,CLI0260,CRT01952,PRD0029,2026-02-26 21:23:45,9,95.22,856.98,6487.39
TRX003261,CLI0267,CRT00946,PRD0094,2026-01-28 16:26:33,8,179.52,1436.16,3069.09
TRX003262,CLI0406,CRT02461,PRD0156,2026-05-26 06:14:33,6,87.81,526.86,5548.88
TRX003263,CLI0412,CRT01680,PRD0097,2026-02-27 22:44:23,6,275.78,1654.6799999999998,2461.3999999999996
TRX003264,CLI0088,CRT02561,PRD0112,2026-02-15 13:38:26,3,344.42,1033.26,4292.76
TRX003265,CLI0190,CRT00537,PRD0014,2026-01-21 22:10:26,5,99.1,495.5,926.77
TRX003266,CLI0161,CRT00229,PRD0067,2026-01-04 19:06:28,6,327.31,1963.8600000000001,5013.900000000001
TRX003267,CLI0102,CRT02374,PRD0163,2026-01-18 14:02:59,3,278.04,834.1200000000001,1790.0
TRX003268,CLI0288,CRT00105,PRD0186,2026-06-15 21:37:06,10,13.84,138.4,7678.25
TRX003269,CLI0421,CRT01741,PRD0086,2026-03-20 00:46:02,7,197.06,1379.42,3565.04
TRX003270,CLI0304,CRT02907,PRD0097,2026-06-28 00:19:21,2,275.78,551.56,2640.0299999999997
TRX003271,CLI0428,CRT01444,PRD0174,2026-05-14 23:28:18,6,6.76,40.56,238.76
TRX003272,CLI0185,CRT03406,PRD0001,2026-02-22 03:15:01,2,260.19,520.38,3141.2799999999997
TRX003273,CLI0416,CRT02019,PRD0175,2026-07-20 23:37:13,5,120.9,604.5,3690.63
TRX003274,CLI0103,CRT00155,PRD0041,2026-07-07 13:35:03,4,228.33,913.32,3696.31
TRX003275,CLI0214,CRT00221,PRD0031,2026-06-01 17:34:25,7,267.28,1870.9599999999998,2545.1
TRX003276,CLI0356,CRT02694,PRD0104,2026-07-10 03:26:33,10,46.73,467.29999999999995,4393.959999999999
TRX003277,CLI0256,CRT00983,PRD0041,2026-05-20 00:12:33,8,228.33,1826.64,3379.37
TRX003278,CLI0233,CRT00986,PRD0181,2026-04-15 16:05:17,5,318.21,1591.05,4306.75
TRX003279,CLI0148,CRT01678,PRD0093,2026-03-09 01:43:50,6,302.86,1817.16,5942.58
TRX003280,CLI0030,CRT02807,PRD0096,2026-04-02 00:12:52,8,15.79,126.32,1930.44
TRX003281,CLI0243,CRT00086,PRD0077,2026-05-31 20:04:24,9,75.69,681.21,681.21
TRX003282,CLI0226,CRT00952,PRD0119,2026-04-12 11:05:18,4,332.64,1330.56,5153.07
TRX003283,CLI0123,CRT03052,PRD0163,2026-03-14 05:55:33,6,278.04,1668.2400000000002,12641.93
TRX003284,CLI0371,CRT00822,PRD0045,2026-03-25 17:34:06,2,301.22,602.44,7021.610000000001
TRX003285,CLI0061,CRT01568,PRD0064,2026-03-06 01:34:32,8,237.14,1897.12,5236.8
TRX003286,CLI0282,CRT00007,PRD0128,2026-05-06 05:35:31,10,9.29,92.89999999999999,2498.14
TRX003287,CLI0100,CRT02276,PRD0163,2026-06-11 21:19:27,9,278.04,2502.36,5346.82
TRX003288,CLI0044,CRT03058,PRD0143,2026-05-26 20:33:49,4,331.85,1327.4,2542.94
TRX003289,CLI0167,CRT02924,PRD0033,2026-01-15 22:47:25,9,267.47,2407.2300000000005,6278.35
TRX003290,CLI0133,CRT01524,PRD0026,2026-06-10 17:19:55,8,238.97,1911.76,7445.09
TRX003291,CLI0007,CRT03333,PRD0104,2026-06-21 07:52:09,2,46.73,93.46,5400.75
TRX003292,CLI0015,CRT01710,PRD0189,2026-03-04 11:18:23,4,80.62,322.48,2821.28
TRX003293,CLI0110,CRT00811,PRD0086,2026-03-22 00:47:24,6,197.06,1182.3600000000001,3751.6800000000003
TRX003294,CLI0117,CRT02970,PRD0194,2026-04-20 14:01:52,6,311.57,1869.42,1869.42
TRX003295,CLI0223,CRT00166,PRD0001,2026-06-25 04:52:16,7,260.19,1821.33,1821.33
TRX003296,CLI0063,CRT01275,PRD0109,2026-05-26 19:29:23,7,181.62,1271.3400000000001,2098.9
TRX003297,CLI0323,CRT02094,PRD0164,2026-07-23 11:14:41,10,242.9,2429.0,2811.85
TRX003298,CLI0352,CRT01597,PRD0189,2026-04-24 08:13:25,7,80.62,564.34,2031.04
TRX003299,CLI0014,CRT01654,PRD0002,2026-07-15 22:45:40,4,38.12,152.48,3988.8999999999996
TRX003300,CLI0181,CRT00574,PRD0184,2026-05-13 19:30:08,4,85.85,343.4,343.4
TRX003301,CLI0385,CRT02306,PRD0185,2026-05-11 13:37:35,9,144.46,1300.14,1986.14
TRX003302,CLI0120,CRT01300,PRD0026,2026-01-19 01:20:33,10,238.97,2389.7,5789.99
TRX003303,CLI0379,CRT01929,PRD0145,2026-06-29 16:12:41,6,40.06,240.36,643.72
TRX003304,CLI0097,CRT00510,PRD0002,2026-01-02 00:15:32,9,38.12,343.08,5784.85
TRX003305,CLI0121,CRT02574,PRD0092,2026-05-03 17:39:55,7,10.72,75.04,2362.13
TRX003306,CLI0329,CRT01214,PRD0166,2026-03-09 04:13:23,5,124.75,623.75,5648.86
TRX003307,CLI0359,CRT00609,PRD0112,2026-07-12 13:33:19,2,344.42,688.84,2472.36
TRX003308,CLI0219,CRT01407,PRD0144,2026-07-12 09:49:21,8,213.05,1704.4,3110.8
TRX003309,CLI0017,CRT01637,PRD0034,2026-02-15 20:16:03,9,115.14,1036.26,2247.06
TRX003310,CLI0244,CRT01217,PRD0097,2026-07-11 19:23:18,3,275.78,827.3399999999999,2558.79
TRX003311,CLI0410,CRT01024,PRD0096,2026-06-07 15:05:46,6,15.79,94.74,1466.9199999999998
TRX003312,CLI0303,CRT02850,PRD0092,2026-06-11 23:06:02,7,10.72,75.04,75.04
TRX003313,CLI0161,CRT02631,PRD0150,2026-04-08 21:00:17,1,151.36,151.36,483.55
TRX003314,CLI0217,CRT01731,PRD0152,2026-02-25 05:15:10,2,336.37,672.74,7822.91
TRX003315,CLI0131,CRT01898,PRD0025,2026-05-30 02:58:37,10,265.13,2651.3,5371.37
TRX003316,CLI0053,CRT01262,PRD0152,2026-01-09 02:39:17,10,336.37,3363.7,10205.3
TRX003317,CLI0422,CRT01511,PRD0059,2026-03-19 21:18:24,10,252.15,2521.5,6720.52
TRX003318,CLI0012,CRT02108,PRD0064,2026-03-29 15:54:40,2,237.14,474.28,2345.24
TRX003319,CLI0250,CRT03097,PRD0139,2026-01-11 13:14:01,7,30.96,216.72,6943.9400000000005
TRX003320,CLI0233,CRT01165,PRD0097,2026-05-11 15:26:30,3,275.78,827.3399999999999,4549.96
TRX003321,CLI0252,CRT01256,PRD0101,2026-02-21 22:13:13,5,26.82,134.1,1801.96
TRX003322,CLI0280,CRT01633,PRD0078,2026-01-05 01:09:01,7,172.26,1205.82,2380.67
TRX003323,CLI0303,CRT02638,PRD0001,2026-02-26 03:52:50,10,260.19,2601.9,2601.9
TRX003324,CLI0357,CRT03017,PRD0121,2026-04-19 13:31:57,5,301.87,1509.35,6698.98
TRX003325,CLI0005,CRT00575,PRD0002,2026-06-29 09:35:17,8,38.12,304.96,6339.99
TRX003326,CLI0251,CRT00150,PRD0182,2026-07-21 03:12:19,7,200.1,1400.7,4549.9400000000005
TRX003327,CLI0352,CRT01773,PRD0030,2026-04-16 11:37:44,3,153.58,460.74,933.55
TRX003328,CLI0031,CRT03009,PRD0010,2026-03-31 13:08:18,10,162.15,1621.5,2610.7799999999997
TRX003329,CLI0066,CRT02188,PRD0029,2026-03-08 20:44:58,4,95.22,380.88,2956.8
TRX003330,CLI0330,CRT02096,PRD0172,2026-05-24 03:06:01,7,97.82,684.74,4333.27
TRX003331,CLI0268,CRT01891,PRD0029,2026-04-20 10:45:29,9,95.22,856.98,5736.22
TRX003332,CLI0115,CRT02913,PRD0060,2026-01-12 19:25:35,5,339.13,1695.65,3186.4700000000003
TRX003333,CLI0233,CRT00558,PRD0059,2026-04-14 20:55:54,3,252.15,756.45,5580.7300000000005
TRX003334,CLI0181,CRT02796,PRD0044,2026-01-14 15:23:27,7,248.47,1739.29,3577.9
TRX003335,CLI0036,CRT00489,PRD0136,2026-02-28 13:46:12,9,303.73,2733.57,5182.93
TRX003336,CLI0157,CRT02857,PRD0011,2026-06-29 23:03:29,6,104.38,626.28,1323.8400000000001
TRX003337,CLI0373,CRT00721,PRD0148,2026-01-11 20:00:34,2,270.94,541.88,2512.25
TRX003338,CLI0064,CRT02427,PRD0097,2026-05-17 14:13:49,8,275.78,2206.24,5615.03
TRX003339,CLI0141,CRT00287,PRD0165,2026-04-12 12:28:59,10,194.83,1948.3000000000002,2050.34
TRX003340,CLI0277,CRT01467,PRD0133,2026-02-11 19:25:45,8,238.5,1908.0,6101.51
TRX003341,CLI0285,CRT00392,PRD0198,2026-02-06 04:29:12,4,156.17,624.68,4932.9
TRX003342,CLI0209,CRT01755,PRD0019,2026-07-22 01:14:00,7,13.65,95.55,170.37
TRX003343,CLI0003,CRT00147,PRD0124,2026-04-26 09:57:31,8,96.92,775.36,4939.87
TRX003344,CLI0034,CRT00364,PRD0186,2026-02-23 22:55:11,10,13.84,138.4,4473.81
TRX003345,CLI0158,CRT00015,PRD0143,2026-07-20 14:28:16,10,331.85,3318.5,6826.68
TRX003346,CLI0126,CRT03271,PRD0086,2026-01-19 07:50:04,1,197.06,197.06,8073.75
TRX003347,CLI0013,CRT02327,PRD0025,2026-02-15 16:04:52,2,265.13,530.26,9184.79
TRX003348,CLI0205,CRT00577,PRD0116,2026-06-22 12:27:05,1,281.93,281.93,5143.0
TRX003349,CLI0360,CRT00794,PRD0127,2026-06-20 15:32:57,3,24.14,72.42,4351.71
TRX003350,CLI0332,CRT02485,PRD0022,2026-03-15 00:51:45,8,51.02,408.16,5436.96
TRX003351,CLI0291,CRT01173,PRD0073,2026-05-04 13:25:10,2,292.23,584.46,2536.9
TRX003352,CLI0036,CRT00410,PRD0122,2026-02-19 11:34:12,10,224.09,2240.9,5365.71
TRX003353,CLI0096,CRT02562,PRD0070,2026-06-30 04:53:27,1,218.35,218.35,4961.139999999999
TRX003354,CLI0379,CRT02790,PRD0080,2026-06-19 19:13:40,10,342.98,3429.8,5445.75
TRX003355,CLI0098,CRT01920,PRD0154,2026-01-29 00:34:42,6,283.35,1700.1000000000001,4201.72
TRX003356,CLI0377,CRT01383,PRD0082,2026-03-05 09:01:23,3,316.62,949.86,4525.1
TRX003357,CLI0408,CRT02300,PRD0009,2026-03-13 04:36:15,1,297.0,297.0,1542.48
TRX003358,CLI0113,CRT01375,PRD0122,2026-03-17 21:58:39,4,224.09,896.36,4326.59
TRX003359,CLI0208,CRT02020,PRD0137,2026-07-18 07:10:59,9,116.26,1046.3400000000001,3180.7400000000002
TRX003360,CLI0224,CRT02625,PRD0105,2026-07-26 08:29:47,8,200.26,1602.08,4957.65
TRX003361,CLI0063,CRT02408,PRD0047,2026-04-05 02:47:11,3,327.59,982.77,5743.01
TRX003362,CLI0046,CRT03458,PRD0058,2026-07-13 05:07:06,2,275.33,550.66,1579.6
TRX003363,CLI0213,CRT00791,PRD0054,2026-07-11 03:50:29,3,301.82,905.46,1624.1100000000001
TRX003364,CLI0030,CRT02254,PRD0004,2026-03-02 18:27:47,2,178.11,356.22,5185.009999999999
TRX003365,CLI0100,CRT00545,PRD0143,2026-01-09 21:49:39,6,331.85,1991.1000000000001,5921.43
TRX003366,CLI0347,CRT02429,PRD0031,2026-03-11 05:35:19,2,267.28,534.56,2206.2
TRX003367,CLI0267,CRT02637,PRD0188,2026-06-19 21:54:15,10,281.86,2818.6000000000004,4935.0
TRX003368,CLI0086,CRT02507,PRD0168,2026-05-01 16:04:12,1,260.65,260.65,3126.18
TRX003369,CLI0012,CRT03127,PRD0189,2026-07-14 15:23:53,5,80.62,403.1,5305.219999999999
TRX003370,CLI0052,CRT03393,PRD0198,2026-03-19 12:13:17,6,156.17,937.02,4524.15
TRX003371,CLI0393,CRT02800,PRD0076,2026-01-31 10:33:39,7,260.49,1823.43,3769.71
TRX003372,CLI0131,CRT01734,PRD0143,2026-05-31 02:02:10,3,331.85,995.5500000000001,8364.53
TRX003373,CLI0166,CRT03206,PRD0040,2026-02-22 03:23:43,5,256.15,1280.75,2945.17
TRX003374,CLI0227,CRT02433,PRD0092,2026-06-28 01:44:19,5,10.72,53.6,6051.58
TRX003375,CLI0012,CRT01073,PRD0041,2026-05-28 11:21:53,7,228.33,1598.3100000000002,6280.610000000001
TRX003376,CLI0258,CRT02646,PRD0139,2026-06-26 04:29:42,3,30.96,92.88,1517.7600000000002
TRX003377,CLI0079,CRT01061,PRD0026,2026-02-18 12:22:59,3,238.97,716.91,716.91
TRX003378,CLI0191,CRT00733,PRD0018,2026-07-17 03:15:28,1,115.19,115.19,1907.15
TRX003379,CLI0174,CRT02234,PRD0016,2026-06-16 00:56:44,2,223.15,446.3,875.55
TRX003380,CLI0356,CRT03331,PRD0052,2026-01-20 02:44:09,7,68.6,480.19999999999993,5881.88
TRX003381,CLI0234,CRT00669,PRD0197,2026-06-11 23:09:02,6,267.68,1606.08,5111.33
TRX003382,CLI0207,CRT00057,PRD0141,2026-02-06 22:30:34,7,13.28,92.96,5898.62
TRX003383,CLI0345,CRT01036,PRD0092,2026-05-03 17:16:33,7,10.72,75.04,1384.3000000000002
TRX003384,CLI0342,CRT00725,PRD0073,2026-02-25 04:06:41,4,292.23,1168.92,3281.66
TRX003385,CLI0024,CRT02897,PRD0057,2026-05-25 02:12:48,4,59.71,238.84,6129.58
TRX003386,CLI0245,CRT02382,PRD0135,2026-07-10 02:30:12,10,198.63,1986.3,4640.24
TRX003387,CLI0247,CRT00235,PRD0085,2026-03-30 23:21:10,4,239.52,958.08,3583.37
TRX003388,CLI0095,CRT01585,PRD0153,2026-04-23 03:54:27,6,63.71,382.26,3001.03
TRX003389,CLI0127,CRT00417,PRD0067,2026-07-21 08:03:55,1,327.31,327.31,1175.1599999999999
TRX003390,CLI0053,CRT03308,PRD0158,2026-01-08 08:09:22,9,12.47,112.23,5001.59
TRX003391,CLI0157,CRT02316,PRD0118,2026-04-19 13:43:45,3,163.96,491.88,2513.21
TRX003392,CLI0414,CRT00037,PRD0017,2026-02-19 04:35:39,5,134.36,671.8000000000001,2762.85
TRX003393,CLI0331,CRT02092,PRD0189,2026-01-23 06:01:47,4,80.62,322.48,322.48
TRX003394,CLI0310,CRT01202,PRD0008,2026-02-14 21:32:44,3,119.47,358.40999999999997,4132.5599999999995
TRX003395,CLI0167,CRT01313,PRD0141,2026-01-31 20:58:13,7,13.28,92.96,4354.35
TRX003396,CLI0074,CRT01064,PRD0009,2026-07-16 03:34:38,3,297.0,891.0,891.0
TRX003397,CLI0417,CRT02168,PRD0080,2026-04-07 21:53:35,6,342.98,2057.88,4826.62
TRX003398,CLI0141,CRT03219,PRD0166,2026-01-22 05:14:04,4,124.75,499.0,4031.5199999999995
TRX003399,CLI0155,CRT02224,PRD0031,2026-06-06 22:47:55,9,267.28,2405.5199999999995,5038.4
TRX003400,CLI0002,CRT02077,PRD0002,2026-02-01 19:56:06,2,38.12,76.24,3800.92
TRX003401,CLI0036,CRT02377,PRD0101,2026-04-27 02:05:30,5,26.82,134.1,134.1
TRX003402,CLI0239,CRT03420,PRD0027,2026-06-24 05:28:10,1,209.57,209.57,209.57
TRX003403,CLI0131,CRT01750,PRD0070,2026-03-19 03:17:09,4,218.35,873.4,2593.2799999999997
TRX003404,CLI0395,CRT01231,PRD0115,2026-02-19 18:55:51,1,301.5,301.5,301.5
TRX003405,CLI0121,CRT00896,PRD0042,2026-05-09 10:02:39,8,88.65,709.2,6829.1
TRX003406,CLI0339,CRT01658,PRD0053,2026-03-04 09:00:55,6,99.29,595.74,4565.55
TRX003407,CLI0346,CRT02793,PRD0094,2026-07-15 19:03:38,6,179.52,1077.1200000000001,4346.65
TRX003408,CLI0409,CRT02636,PRD0068,2026-06-23 04:35:55,10,140.04,1400.3999999999999,2124.5099999999998
TRX003409,CLI0407,CRT02695,PRD0092,2026-06-01 06:35:36,9,10.72,96.48,5568.49
TRX003410,CLI0206,CRT01480,PRD0112,2026-06-08 08:01:23,5,344.42,1722.1000000000001,1722.1000000000001
TRX003411,CLI0266,CRT02055,PRD0171,2026-07-19 14:22:24,2,127.91,255.82,2976.73
TRX003412,CLI0311,CRT03083,PRD0045,2026-01-20 05:32:55,5,301.22,1506.1000000000001,7032.67
TRX003413,CLI0386,CRT03322,PRD0058,2026-05-30 15:02:51,3,275.33,825.99,1428.99
TRX003414,CLI0178,CRT02397,PRD0101,2026-06-29 10:49:47,1,26.82,26.82,601.44
TRX003415,CLI0050,CRT03482,PRD0042,2026-03-05 07:26:17,3,88.65,265.95000000000005,6276.35
TRX003416,CLI0355,CRT01330,PRD0099,2026-02-02 07:30:21,5,248.8,1244.0,4968.55
TRX003417,CLI0201,CRT03370,PRD0018,2026-04-11 03:41:18,9,115.19,1036.71,1036.71
TRX003418,CLI0012,CRT02657,PRD0038,2026-05-21 14:16:57,5,231.76,1158.8,3305.3
TRX003419,CLI0268,CRT00304,PRD0057,2026-01-28 00:55:12,4,59.71,238.84,3668.6400000000003
TRX003420,CLI0340,CRT00883,PRD0081,2026-06-18 13:06:54,6,151.12,906.72,2042.66
TRX003421,CLI0361,CRT00323,PRD0115,2026-07-01 23:34:46,1,301.5,301.5,3050.01
TRX003422,CLI0395,CRT00859,PRD0164,2026-03-20 06:09:44,8,242.9,1943.2,2899.45
TRX003423,CLI0405,CRT02908,PRD0077,2026-05-12 16:34:55,5,75.69,378.45,378.45
TRX003424,CLI0222,CRT02210,PRD0195,2026-07-26 00:52:28,6,11.49,68.94,5436.57
TRX003425,CLI0062,CRT00330,PRD0143,2026-04-07 01:28:46,1,331.85,331.85,2027.1699999999996
TRX003426,CLI0355,CRT01330,PRD0185,2026-02-02 07:30:21,10,144.46,1444.6000000000001,4968.55
TRX003427,CLI0380,CRT01181,PRD0197,2026-06-19 02:50:34,4,267.68,1070.72,11144.84
TRX003428,CLI0147,CRT02113,PRD0078,2026-02-06 06:39:02,4,172.26,689.04,7058.89
TRX003429,CLI0346,CRT01643,PRD0057,2026-05-06 20:09:45,3,59.71,179.13,293.46999999999997
TRX003430,CLI0395,CRT01131,PRD0167,2026-04-08 11:55:14,9,82.61,743.49,3268.46
TRX003431,CLI0323,CRT01935,PRD0163,2026-07-02 15:43:15,1,278.04,278.04,4036.2799999999997
TRX003432,CLI0171,CRT02465,PRD0005,2026-02-14 23:07:57,10,228.33,2283.3,4974.04
TRX003433,CLI0112,CRT01580,PRD0042,2026-07-03 06:58:26,10,88.65,886.5,886.5
TRX003434,CLI0289,CRT02149,PRD0189,2026-01-18 10:56:45,10,80.62,806.2,806.2
TRX003435,CLI0300,CRT00333,PRD0190,2026-03-07 00:12:19,8,23.22,185.76,1469.47
TRX003436,CLI0236,CRT02394,PRD0139,2026-04-29 20:58:34,1,30.96,30.96,3118.92
TRX003437,CLI0179,CRT02078,PRD0164,2026-01-18 01:37:36,3,242.9,728.7,4591.57
TRX003438,CLI0291,CRT02364,PRD0082,2026-06-11 21:57:16,5,316.62,1583.1,4624.28
TRX003439,CLI0141,CRT00099,PRD0073,2026-04-19 13:42:25,5,292.23,1461.15,4043.06
TRX003440,CLI0352,CRT01773,PRD0156,2026-04-16 11:37:44,1,87.81,87.81,933.55
TRX003441,CLI0143,CRT00242,PRD0029,2026-01-13 18:27:24,5,95.22,476.1,1794.42
TRX003442,CLI0182,CRT00635,PRD0079,2026-03-25 18:35:04,4,98.65,394.6,2337.8
TRX003443,CLI0233,CRT00962,PRD0067,2026-06-01 07:21:07,2,327.31,654.62,1196.5
TRX003444,CLI0362,CRT01978,PRD0172,2026-01-13 15:56:26,1,97.82,97.82,5020.73
TRX003445,CLI0330,CRT02805,PRD0119,2026-05-12 01:17:23,10,332.64,3326.3999999999996,7795.84
TRX003446,CLI0103,CRT01875,PRD0034,2026-05-06 16:13:05,1,115.14,115.14,3151.37
TRX003447,CLI0417,CRT02536,PRD0145,2026-04-03 22:58:20,8,40.06,320.48,4308.84
TRX003448,CLI0162,CRT00887,PRD0134,2026-05-05 21:44:23,8,343.3,2746.4,4892.88
TRX003449,CLI0316,CRT00412,PRD0059,2026-06-18 11:07:45,2,252.15,504.3,1686.66
TRX003450,CLI0121,CRT01809,PRD0008,2026-05-01 12:53:59,9,119.47,1075.23,5942.62
TRX003451,CLI0359,CRT00609,PRD0007,2026-07-12 13:33:19,3,149.36,448.08000000000004,2472.36
TRX003452,CLI0003,CRT01582,PRD0177,2026-07-05 03:35:34,4,221.23,884.92,5101.07
TRX003453,CLI0399,CRT02988,PRD0136,2026-06-17 05:20:13,6,303.73,1822.38,3170.6000000000004
TRX003454,CLI0028,CRT00140,PRD0029,2026-02-08 05:00:04,4,95.22,380.88,10739.25
TRX003455,CLI0126,CRT02104,PRD0110,2026-06-30 21:06:03,3,286.9,860.6999999999999,4172.9400000000005
TRX003456,CLI0180,CRT01494,PRD0133,2026-03-20 16:13:22,8,238.5,1908.0,4489.59
TRX003457,CLI0123,CRT02404,PRD0018,2026-02-10 09:58:04,8,115.19,921.52,4689.01
TRX003458,CLI0349,CRT03390,PRD0134,2026-03-16 08:18:42,4,343.3,1373.2,4794.57
TRX003459,CLI0101,CRT00269,PRD0076,2026-02-18 04:23:46,8,260.49,2083.92,4397.68
TRX003460,CLI0412,CRT01688,PRD0004,2026-03-18 15:45:42,7,178.11,1246.77,2574.37
TRX003461,CLI0105,CRT00872,PRD0018,2026-05-20 19:03:05,6,115.19,691.14,7360.26
TRX003462,CLI0121,CRT01356,PRD0005,2026-07-04 16:11:43,6,228.33,1369.98,3081.0
TRX003463,CLI0267,CRT02606,PRD0154,2026-05-27 18:22:23,5,283.35,1416.75,4621.129999999999
TRX003464,CLI0270,CRT02289,PRD0056,2026-07-24 22:41:24,8,143.73,1149.84,4914.51
TRX003465,CLI0069,CRT00619,PRD0165,2026-06-11 18:49:25,7,194.83,1363.8100000000002,5024.93
TRX003466,CLI0388,CRT01319,PRD0100,2026-04-17 06:07:06,2,252.5,505.0,1493.74
TRX003467,CLI0399,CRT01058,PRD0023,2026-02-21 03:22:17,8,262.09,2096.72,6108.18
TRX003468,CLI0422,CRT00782,PRD0191,2026-06-07 09:40:40,3,288.92,866.76,933.16
TRX003469,CLI0356,CRT03030,PRD0041,2026-01-04 10:26:27,8,228.33,1826.64,3036.65
TRX003470,CLI0146,CRT02043,PRD0012,2026-06-20 20:51:13,6,69.32,415.91999999999996,3388.9700000000003
TRX003471,CLI0255,CRT01727,PRD0129,2026-01-24 08:40:05,8,4.55,36.4,1737.1399999999999
TRX003472,CLI0219,CRT02499,PRD0146,2026-07-05 17:00:20,4,318.04,1272.16,2312.57
TRX003473,CLI0061,CRT02830,PRD0198,2026-04-18 17:48:23,6,156.17,937.02,2007.6999999999998
TRX003474,CLI0358,CRT03319,PRD0065,2026-02-13 05:00:56,6,88.06,528.36,5185.74
TRX003475,CLI0170,CRT00407,PRD0085,2026-04-02 04:40:05,5,239.52,1197.6000000000001,4013.67
TRX003476,CLI0128,CRT00576,PRD0132,2026-03-15 03:23:10,9,153.95,1385.55,2922.59
TRX003477,CLI0004,CRT00462,PRD0044,2026-05-09 05:03:34,2,248.47,496.94,5830.4800000000005
TRX003478,CLI0112,CRT03426,PRD0120,2026-03-14 21:35:35,5,291.12,1455.6,4599.63
TRX003479,CLI0153,CRT02119,PRD0153,2026-04-10 03:35:42,8,63.71,509.68,2421.68
TRX003480,CLI0064,CRT00083,PRD0180,2026-06-24 01:06:45,2,217.4,434.8,6546.14
TRX003481,CLI0280,CRT01737,PRD0163,2026-04-19 17:17:20,3,278.04,834.1200000000001,1752.6000000000001
TRX003482,CLI0284,CRT02781,PRD0018,2026-05-07 00:23:21,7,115.19,806.3299999999999,1243.03
TRX003483,CLI0004,CRT01505,PRD0012,2026-04-15 23:15:29,7,69.32,485.23999999999995,8646.029999999999
TRX003484,CLI0122,CRT02480,PRD0145,2026-07-05 21:46:30,7,40.06,280.42,1321.32
TRX003485,CLI0401,CRT03142,PRD0118,2026-06-02 07:13:45,2,163.96,327.92,3580.9700000000003
TRX003486,CLI0123,CRT01290,PRD0106,2026-05-06 14:09:16,6,102.2,613.2,3000.96
TRX003487,CLI0043,CRT01903,PRD0120,2026-04-17 10:50:13,4,291.12,1164.48,5790.889999999999
TRX003488,CLI0076,CRT01466,PRD0047,2026-04-06 16:19:36,10,327.59,3275.8999999999996,10066.05
TRX003489,CLI0199,CRT00118,PRD0111,2026-07-08 01:17:09,4,282.78,1131.12,4192.5
TRX003490,CLI0298,CRT01528,PRD0105,2026-01-15 05:19:14,10,200.26,2002.6,6818.18
TRX003491,CLI0023,CRT02458,PRD0146,2026-01-18 07:57:27,3,318.04,954.1200000000001,3808.4400000000005
TRX003492,CLI0247,CRT00235,PRD0162,2026-03-30 23:21:10,10,195.42,1954.1999999999998,3583.37
TRX003493,CLI0344,CRT00306,PRD0062,2026-01-15 07:16:41,5,321.99,1609.95,2884.7200000000003
TRX003494,CLI0321,CRT03073,PRD0165,2026-01-24 08:25:52,3,194.83,584.49,6953.1900000000005
TRX003495,CLI0013,CRT02327,PRD0194,2026-02-15 16:04:52,8,311.57,2492.56,9184.79
TRX003496,CLI0087,CRT01662,PRD0035,2026-01-06 19:36:11,1,344.9,344.9,344.9
TRX003497,CLI0134,CRT01775,PRD0129,2026-02-14 21:35:28,3,4.55,13.649999999999999,5414.35
TRX003498,CLI0125,CRT00852,PRD0190,2026-01-19 09:41:38,2,23.22,46.44,1988.68
TRX003499,CLI0103,CRT03248,PRD0068,2026-01-24 12:41:25,6,140.04,840.24,1666.99
TRX003500,CLI0311,CRT00482,PRD0191,2026-05-01 17:32:13,1,288.92,288.92,2907.8100000000004
TRX003501,CLI0305,CRT00085,PRD0013,2026-04-25 06:27:56,2,103.06,206.12,4351.87
TRX003502,CLI0147,CRT00303,PRD0109,2026-04-19 00:27:53,4,181.62,726.48,4375.53
TRX003503,CLI0053,CRT00654,PRD0189,2026-01-25 02:19:21,5,80.62,403.1,5187.9
TRX003504,CLI0200,CRT00688,PRD0152,2026-04-07 08:01:53,4,336.37,1345.48,7780.32
TRX003505,CLI0367,CRT02310,PRD0125,2026-05-07 17:14:56,4,54.91,219.64,1430.79
TRX003506,CLI0003,CRT01911,PRD0011,2026-04-12 04:14:53,10,104.38,1043.8,6046.98
TRX003507,CLI0177,CRT01951,PRD0148,2026-04-23 08:27:02,1,270.94,270.94,1528.69
TRX003508,CLI0416,CRT01673,PRD0010,2026-07-15 12:21:44,7,162.15,1135.05,1863.75
TRX003509,CLI0397,CRT03399,PRD0053,2026-06-19 21:41:25,3,99.29,297.87,3107.7799999999997
TRX003510,CLI0097,CRT02297,PRD0045,2026-05-18 10:42:39,8,301.22,2409.76,8494.58
TRX003511,CLI0233,CRT02038,PRD0089,2026-03-28 08:35:45,10,57.82,578.2,4842.16
TRX003512,CLI0372,CRT00406,PRD0085,2026-05-29 17:44:17,9,239.52,2155.6800000000003,3522.6000000000004
TRX003513,CLI0028,CRT00140,PRD0049,2026-02-08 05:00:04,10,36.18,361.8,10739.25
TRX003514,CLI0170,CRT00709,PRD0084,2026-01-21 05:19:08,6,129.22,775.3199999999999,4674.54
TRX003515,CLI0362,CRT01052,PRD0035,2026-03-22 01:09:05,9,344.9,3104.1,7457.92
TRX003516,CLI0055,CRT02614,PRD0184,2026-04-22 01:03:50,3,85.85,257.54999999999995,4052.61
TRX003517,CLI0369,CRT01368,PRD0005,2026-02-19 23:00:40,5,228.33,1141.65,7058.67
TRX003518,CLI0335,CRT01302,PRD0158,2026-01-05 17:09:23,8,12.47,99.76,1065.24
TRX003519,CLI0077,CRT01786,PRD0017,2026-01-23 13:23:44,8,134.36,1074.88,3975.4800000000005
TRX003520,CLI0045,CRT00043,PRD0198,2026-04-10 20:15:23,4,156.17,624.68,1943.71
TRX003521,CLI0364,CRT01836,PRD0135,2026-05-24 17:39:56,4,198.63,794.52,5522.38
TRX003522,CLI0252,CRT00931,PRD0086,2026-05-02 05:00:24,10,197.06,1970.6,9575.79
TRX003523,CLI0319,CRT01857,PRD0014,2026-04-26 11:49:47,2,99.1,198.2,4463.41
TRX003524,CLI0248,CRT01062,PRD0171,2026-07-07 19:03:52,3,127.91,383.73,6774.39
TRX003525,CLI0145,CRT02841,PRD0174,2026-05-05 03:00:28,10,6.76,67.6,767.5799999999999
TRX003526,CLI0417,CRT01119,PRD0115,2026-06-27 21:30:59,10,301.5,3015.0,9964.51
TRX003527,CLI0398,CRT00853,PRD0156,2026-04-21 11:46:30,1,87.81,87.81,2234.4700000000003
TRX003528,CLI0049,CRT01682,PRD0179,2026-06-01 12:15:50,4,196.43,785.72,3707.25
TRX003529,CLI0357,CRT00748,PRD0197,2026-05-06 06:54:34,8,267.68,2141.44,3520.86
TRX003530,CLI0210,CRT02325,PRD0154,2026-04-05 18:06:53,2,283.35,566.7,1783.67
TRX003531,CLI0086,CRT01674,PRD0170,2026-06-07 10:54:18,10,100.84,1008.4000000000001,1008.4000000000001
TRX003532,CLI0179,CRT00750,PRD0175,2026-03-24 17:03:13,2,120.9,241.8,7399.039999999999
TRX003533,CLI0133,CRT00604,PRD0183,2026-02-17 19:58:21,3,74.71,224.13,6266.45
TRX003534,CLI0213,CRT01936,PRD0045,2026-05-07 21:04:06,8,301.22,2409.76,5938.49
TRX003535,CLI0027,CRT02195,PRD0199,2026-03-24 15:44:54,6,223.09,1338.54,7609.3
TRX003536,CLI0186,CRT03006,PRD0173,2026-01-01 07:24:04,10,330.57,3305.7,4161.92
TRX003537,CLI0382,CRT00249,PRD0018,2026-06-17 00:38:49,4,115.19,460.76,2796.26
TRX003538,CLI0103,CRT02335,PRD0196,2026-03-27 07:09:34,10,349.85,3498.5,9806.0
TRX003539,CLI0043,CRT03003,PRD0137,2026-05-29 15:21:31,6,116.26,697.5600000000001,9409.33
TRX003540,CLI0279,CRT00509,PRD0190,2026-04-15 09:23:11,6,23.22,139.32,5027.45
TRX003541,CLI0357,CRT02662,PRD0135,2026-02-19 19:57:08,8,198.63,1589.04,5591.61
TRX003542,CLI0173,CRT01672,PRD0149,2026-05-08 18:18:18,2,344.39,688.78,3627.3999999999996
TRX003543,CLI0237,CRT03465,PRD0002,2026-07-26 18:51:36,5,38.12,190.6,2046.5099999999998
TRX003544,CLI0336,CRT00255,PRD0123,2026-06-21 16:36:36,3,85.64,256.92,5336.5199999999995
TRX003545,CLI0205,CRT00577,PRD0100,2026-06-22 12:27:05,2,252.5,505.0,5143.0
TRX003546,CLI0027,CRT02195,PRD0041,2026-03-24 15:44:54,2,228.33,456.66,7609.3
TRX003547,CLI0304,CRT01448,PRD0090,2026-06-20 19:18:09,7,15.96,111.72,4030.74
TRX003548,CLI0099,CRT02190,PRD0101,2026-06-23 00:50:30,3,26.82,80.46000000000001,2991.08
TRX003549,CLI0414,CRT03282,PRD0196,2026-06-21 02:43:27,3,349.85,1049.5500000000002,1796.65
TRX003550,CLI0407,CRT02898,PRD0019,2026-06-27 06:55:28,1,13.65,13.65,2704.49
TRX003551,CLI0165,CRT01423,PRD0117,2026-04-01 09:44:03,7,196.2,1373.3999999999999,3263.84
TRX003552,CLI0098,CRT02634,PRD0025,2026-04-10 15:25:35,6,265.13,1590.78,8540.71
TRX003553,CLI0067,CRT00151,PRD0062,2026-06-07 15:47:27,10,321.99,3219.9,3219.9
TRX003554,CLI0279,CRT01122,PRD0134,2026-06-27 08:35:53,2,343.3,686.6,8484.73
TRX003555,CLI0008,CRT01382,PRD0122,2026-07-06 15:35:13,1,224.09,224.09,2439.57
TRX003556,CLI0212,CRT00675,PRD0095,2026-03-08 05:40:10,1,42.58,42.58,761.4399999999999
TRX003557,CLI0007,CRT02543,PRD0082,2026-01-30 03:21:38,5,316.62,1583.1,2031.1799999999998
TRX003558,CLI0428,CRT01308,PRD0173,2026-06-01 02:19:43,5,330.57,1652.85,6594.19
TRX003559,CLI0297,CRT01575,PRD0130,2026-03-31 12:49:23,4,312.35,1249.4,7608.37
TRX003560,CLI0276,CRT02928,PRD0152,2026-06-18 21:14:09,7,336.37,2354.59,7073.05
TRX003561,CLI0273,CRT00787,PRD0021,2026-04-09 06:53:52,5,175.98,879.9,3444.3
TRX003562,CLI0413,CRT03177,PRD0163,2026-01-09 10:33:18,4,278.04,1112.16,5547.21
TRX003563,CLI0148,CRT01678,PRD0086,2026-03-09 01:43:50,7,197.06,1379.42,5942.58
TRX003564,CLI0327,CRT03323,PRD0139,2026-04-25 04:27:19,5,30.96,154.8,5323.66
TRX003565,CLI0026,CRT01784,PRD0020,2026-04-13 22:30:03,5,75.82,379.09999999999997,1357.1699999999998
TRX003566,CLI0165,CRT01423,PRD0100,2026-04-01 09:44:03,5,252.5,1262.5,3263.84
TRX003567,CLI0123,CRT03052,PRD0080,2026-03-14 05:55:33,4,342.98,1371.92,12641.93
TRX003568,CLI0155,CRT02224,PRD0180,2026-06-06 22:47:55,3,217.4,652.2,5038.4
TRX003569,CLI0044,CRT00845,PRD0132,2026-04-13 18:16:14,10,153.95,1539.5,9234.060000000001
TRX003570,CLI0425,CRT01825,PRD0109,2026-07-14 09:36:11,7,181.62,1271.3400000000001,2532.0800000000004
TRX003571,CLI0244,CRT01740,PRD0192,2026-07-03 13:23:20,10,241.82,2418.2,4795.5
TRX003572,CLI0182,CRT00263,PRD0082,2026-06-12 10:37:50,2,316.62,633.24,3279.06
TRX003573,CLI0385,CRT02100,PRD0048,2026-05-02 18:18:01,5,275.16,1375.8000000000002,1375.8000000000002
TRX003574,CLI0022,CRT01461,PRD0109,2026-03-23 20:55:04,3,181.62,544.86,5401.040000000001
TRX003575,CLI0286,CRT01966,PRD0182,2026-01-13 00:39:36,3,200.1,600.3,4563.83
TRX003576,CLI0390,CRT02466,PRD0134,2026-06-26 11:34:36,1,343.3,343.3,343.3
TRX003577,CLI0072,CRT02720,PRD0005,2026-05-28 17:51:23,1,228.33,228.33,3294.51
TRX003578,CLI0338,CRT02706,PRD0146,2026-01-31 06:34:40,8,318.04,2544.32,4350.33
TRX003579,CLI0028,CRT00140,PRD0080,2026-02-08 05:00:04,3,342.98,1028.94,10739.25
TRX003580,CLI0314,CRT00971,PRD0156,2026-02-10 13:47:14,3,87.81,263.43,2722.4700000000003
TRX003581,CLI0256,CRT00983,PRD0128,2026-05-20 00:12:33,8,9.29,74.32,3379.37
TRX003582,CLI0100,CRT02276,PRD0092,2026-06-11 21:19:27,7,10.72,75.04,5346.82
TRX003583,CLI0240,CRT03454,PRD0081,2026-04-01 15:34:15,9,151.12,1360.08,4945.139999999999
TRX003584,CLI0014,CRT01196,PRD0119,2026-03-15 17:38:58,4,332.64,1330.56,4546.14
TRX003585,CLI0276,CRT02928,PRD0037,2026-06-18 21:14:09,6,171.38,1028.28,7073.05
TRX003586,CLI0153,CRT02119,PRD0087,2026-04-10 03:35:42,3,302.95,908.8499999999999,2421.68
TRX003587,CLI0395,CRT03218,PRD0089,2026-03-08 01:53:02,8,57.82,462.56,2490.13
TRX003588,CLI0066,CRT02994,PRD0167,2026-02-16 14:01:05,9,82.61,743.49,3581.1499999999996
TRX003589,CLI0241,CRT01645,PRD0103,2026-05-02 20:28:15,1,234.25,234.25,7430.02
TRX003590,CLI0121,CRT01708,PRD0114,2026-04-14 08:40:58,9,141.38,1272.42,2428.1000000000004
TRX003591,CLI0424,CRT02651,PRD0138,2026-07-03 07:40:05,8,308.17,2465.36,5315.2
TRX003592,CLI0236,CRT02939,PRD0090,2026-02-17 06:24:43,9,15.96,143.64000000000001,1759.3200000000002
TRX003593,CLI0234,CRT02064,PRD0080,2026-05-02 01:11:13,6,342.98,2057.88,7752.959999999999
TRX003594,CLI0342,CRT01961,PRD0190,2026-05-04 04:42:00,8,23.22,185.76,7456.82
TRX003595,CLI0258,CRT02388,PRD0198,2026-07-03 16:42:36,2,156.17,312.34,1483.69
TRX003596,CLI0296,CRT02098,PRD0065,2026-07-13 01:55:30,1,88.06,88.06,2274.12
TRX003597,CLI0006,CRT02751,PRD0038,2026-01-26 13:43:54,10,231.76,2317.6,3662.14
TRX003598,CLI0044,CRT00481,PRD0184,2026-02-25 16:21:17,4,85.85,343.4,4245.01
TRX003599,CLI0126,CRT01180,PRD0121,2026-05-01 22:57:42,4,301.87,1207.48,2564.0
TRX003600,CLI0249,CRT02420,PRD0179,2026-04-29 02:29:03,9,196.43,1767.8700000000001,3705.3900000000003
TRX003601,CLI0022,CRT03414,PRD0108,2026-05-29 18:56:07,6,166.93,1001.58,1590.8
TRX003602,CLI0123,CRT01865,PRD0122,2026-07-17 14:31:26,4,224.09,896.36,1953.68
TRX003603,CLI0307,CRT02158,PRD0093,2026-03-26 00:34:40,1,302.86,302.86,1521.3600000000001
TRX003604,CLI0214,CRT00221,PRD0117,2026-06-01 17:34:25,1,196.2,196.2,2545.1
TRX003605,CLI0230,CRT02202,PRD0049,2026-03-22 00:11:16,1,36.18,36.18,271.46000000000004
TRX003606,CLI0405,CRT03270,PRD0064,2026-02-17 13:01:30,10,237.14,2371.3999999999996,2881.5299999999997
TRX003607,CLI0183,CRT03062,PRD0108,2026-07-12 10:16:55,1,166.93,166.93,3163.79
TRX003608,CLI0173,CRT02081,PRD0028,2026-07-20 13:44:14,1,301.62,301.62,2932.62
TRX003609,CLI0274,CRT00798,PRD0069,2026-06-03 16:07:46,7,112.37,786.59,8458.74
TRX003610,CLI0112,CRT03244,PRD0096,2026-01-08 11:55:31,4,15.79,63.16,4233.45
TRX003611,CLI0415,CRT01135,PRD0093,2026-01-01 05:20:31,3,302.86,908.58,2657.83
TRX003612,CLI0229,CRT00838,PRD0087,2026-07-12 21:40:05,6,302.95,1817.6999999999998,3747.5099999999998
TRX003613,CLI0289,CRT00670,PRD0195,2026-04-22 19:03:30,9,11.49,103.41,1218.8600000000001
TRX003614,CLI0183,CRT03404,PRD0168,2026-05-08 01:07:30,7,260.65,1824.5499999999997,6769.0199999999995
TRX003615,CLI0159,CRT00672,PRD0077,2026-03-30 17:32:11,8,75.69,605.52,979.3599999999999
TRX003616,CLI0291,CRT01173,PRD0005,2026-05-04 13:25:10,8,228.33,1826.64,2536.9
TRX003617,CLI0033,CRT02367,PRD0168,2026-05-17 14:04:10,6,260.65,1563.8999999999999,2452.98
TRX003618,CLI0084,CRT00975,PRD0183,2026-02-07 06:30:44,5,74.71,373.54999999999995,1841.4199999999998
TRX003619,CLI0363,CRT02093,PRD0074,2026-01-07 20:49:32,7,229.76,1608.32,6001.6
TRX003620,CLI0263,CRT02344,PRD0149,2026-07-14 05:26:06,6,344.39,2066.34,2742.76
TRX003621,CLI0200,CRT00660,PRD0005,2026-03-21 08:21:02,9,228.33,2054.9700000000003,4611.150000000001
TRX003622,CLI0180,CRT02146,PRD0006,2026-06-11 07:44:46,7,207.27,1450.89,6687.56
TRX003623,CLI0302,CRT02755,PRD0015,2026-07-26 17:49:35,2,125.96,251.92,1797.3600000000001
TRX003624,CLI0316,CRT02808,PRD0143,2026-04-28 11:57:43,8,331.85,2654.8,2654.8
TRX003625,CLI0393,CRT02410,PRD0188,2026-07-19 11:52:11,3,281.86,845.58,4007.34
TRX003626,CLI0167,CRT00665,PRD0025,2026-05-02 17:00:35,9,265.13,2386.17,6267.12
TRX003627,CLI0235,CRT02401,PRD0089,2026-04-09 23:59:46,5,57.82,289.1,289.1
TRX003628,CLI0105,CRT02495,PRD0179,2026-02-02 03:20:27,8,196.43,1571.44,7108.72
TRX003629,CLI0213,CRT01936,PRD0157,2026-05-07 21:04:06,1,263.29,263.29,5938.49
TRX003630,CLI0127,CRT00716,PRD0066,2026-07-08 01:13:12,4,148.18,592.72,5521.290000000001
TRX003631,CLI0251,CRT01620,PRD0111,2026-05-08 08:24:14,5,282.78,1413.8999999999999,9009.8
TRX003632,CLI0060,CRT01821,PRD0038,2026-03-22 01:36:28,5,231.76,1158.8,2367.16
TRX003633,CLI0249,CRT00411,PRD0014,2026-04-26 11:57:16,7,99.1,693.6999999999999,800.9799999999999
TRX003634,CLI0131,CRT02530,PRD0165,2026-07-17 12:41:28,4,194.83,779.32,4632.490000000001
TRX003635,CLI0100,CRT01021,PRD0119,2026-01-01 04:18:13,4,332.64,1330.56,1330.56
TRX003636,CLI0058,CRT00865,PRD0190,2026-07-09 01:59:08,3,23.22,69.66,4985.530000000001
TRX003637,CLI0323,CRT02094,PRD0071,2026-07-23 11:14:41,5,76.57,382.84999999999997,2811.85
TRX003638,CLI0321,CRT02218,PRD0080,2026-04-25 21:04:42,7,342.98,2400.86,3883.9700000000003
TRX003639,CLI0380,CRT01181,PRD0161,2026-06-19 02:50:34,6,331.95,1991.6999999999998,11144.84
TRX003640,CLI0359,CRT03106,PRD0107,2026-05-24 00:17:21,7,114.48,801.36,3972.6
TRX003641,CLI0068,CRT02834,PRD0089,2026-01-29 03:55:39,9,57.82,520.38,4066.59
TRX003642,CLI0167,CRT01313,PRD0130,2026-01-31 20:58:13,5,312.35,1561.75,4354.35
TRX003643,CLI0355,CRT01371,PRD0169,2026-05-26 02:10:18,2,259.17,518.34,4279.8099999999995
TRX003644,CLI0420,CRT02510,PRD0062,2026-07-23 17:32:56,6,321.99,1931.94,4010.02
TRX003645,CLI0086,CRT03264,PRD0086,2026-01-09 18:37:04,5,197.06,985.3,2946.64
TRX003646,CLI0356,CRT01607,PRD0012,2026-06-01 03:42:12,7,69.32,485.23999999999995,3987.6200000000003
TRX003647,CLI0150,CRT01195,PRD0131,2026-07-08 22:43:50,4,212.13,848.52,5347.34
TRX003648,CLI0157,CRT00892,PRD0155,2026-03-27 17:50:16,6,289.44,1736.6399999999999,4109.79
TRX003649,CLI0317,CRT00253,PRD0001,2026-06-13 11:05:24,2,260.19,520.38,3287.3100000000004
TRX003650,CLI0396,CRT00436,PRD0121,2026-05-31 10:35:41,8,301.87,2414.96,4822.4
TRX003651,CLI0062,CRT01318,PRD0053,2026-03-12 05:08:32,6,99.29,595.74,7612.33
TRX003652,CLI0060,CRT01928,PRD0119,2026-02-12 05:32:58,8,332.64,2661.12,9269.33
TRX003653,CLI0081,CRT01376,PRD0128,2026-07-22 23:13:43,4,9.29,37.16,1052.5
TRX003654,CLI0268,CRT00233,PRD0105,2026-06-26 22:30:33,6,200.26,1201.56,4688.12
TRX003655,CLI0390,CRT02842,PRD0090,2026-04-20 09:01:12,2,15.96,31.92,31.92
TRX003656,CLI0157,CRT00892,PRD0168,2026-03-27 17:50:16,9,260.65,2345.85,4109.79
TRX003657,CLI0141,CRT01733,PRD0099,2026-04-23 14:52:06,6,248.8,1492.8000000000002,2139.51
TRX003658,CLI0337,CRT03272,PRD0128,2026-04-06 13:32:34,2,9.29,18.58,1279.46
TRX003659,CLI0060,CRT01928,PRD0199,2026-02-12 05:32:58,8,223.09,1784.72,9269.33
TRX003660,CLI0381,CRT02875,PRD0126,2026-07-19 21:26:29,7,146.67,1026.6899999999998,1518.5699999999997
TRX003661,CLI0223,CRT01789,PRD0129,2026-07-17 16:31:08,10,4.55,45.5,1950.2
TRX003662,CLI0260,CRT01472,PRD0155,2026-03-26 23:33:55,7,289.44,2026.08,2494.59
TRX003663,CLI0192,CRT00930,PRD0118,2026-02-17 14:06:25,6,163.96,983.76,2278.49
TRX003664,CLI0149,CRT03436,PRD0004,2026-02-26 01:10:12,10,178.11,1781.1000000000001,2052.04
TRX003665,CLI0265,CRT02199,PRD0021,2026-07-14 01:34:57,6,175.98,1055.8799999999999,5793.83
TRX003666,CLI0140,CRT01714,PRD0176,2026-02-04 01:03:39,10,288.19,2881.9,4581.9400000000005
TRX003667,CLI0033,CRT00379,PRD0068,2026-07-13 21:19:16,7,140.04,980.28,4299.34
TRX003668,CLI0140,CRT01531,PRD0003,2026-04-03 15:16:26,6,149.12,894.72,2489.02
TRX003669,CLI0291,CRT01096,PRD0129,2026-02-03 03:22:58,7,4.55,31.849999999999998,6528.97
TRX003670,CLI0198,CRT00490,PRD0079,2026-02-03 03:57:10,1,98.65,98.65,6425.79
TRX003671,CLI0208,CRT00431,PRD0126,2026-07-16 21:28:57,1,146.67,146.67,6944.34
TRX003672,CLI0373,CRT02661,PRD0099,2026-03-14 10:16:50,4,248.8,995.2,1560.7
TRX003673,CLI0035,CRT03480,PRD0035,2026-01-01 05:34:16,4,344.9,1379.6,2345.46
TRX003674,CLI0399,CRT00144,PRD0151,2026-01-21 17:45:08,8,121.08,968.64,6441.209999999999
TRX003675,CLI0411,CRT00246,PRD0005,2026-05-27 16:18:53,6,228.33,1369.98,1907.42
TRX003676,CLI0345,CRT00377,PRD0133,2026-01-31 19:28:21,3,238.5,715.5,3787.41
TRX003677,CLI0427,CRT01874,PRD0121,2026-04-05 18:39:54,3,301.87,905.61,7503.07
TRX003678,CLI0390,CRT00446,PRD0030,2026-05-05 08:26:15,10,153.58,1535.8000000000002,4936.29
TRX003679,CLI0306,CRT00336,PRD0037,2026-01-14 22:46:08,7,171.38,1199.6599999999999,3265.56
TRX003680,CLI0379,CRT02601,PRD0046,2026-06-06 02:57:45,5,234.97,1174.85,2475.13
TRX003681,CLI0168,CRT01482,PRD0038,2026-01-15 22:08:31,9,231.76,2085.84,6205.68
TRX003682,CLI0028,CRT00140,PRD0121,2026-02-08 05:00:04,5,301.87,1509.35,10739.25
TRX003683,CLI0327,CRT02312,PRD0165,2026-07-22 21:15:43,3,194.83,584.49,5348.31
TRX003684,CLI0005,CRT00210,PRD0127,2026-02-05 23:33:49,2,24.14,48.28,3559.33
TRX003685,CLI0192,CRT00391,PRD0004,2026-01-03 20:09:11,1,178.11,178.11,2478.97
TRX003686,CLI0256,CRT03419,PRD0034,2026-06-25 05:21:24,10,115.14,1151.4,1151.4
TRX003687,CLI0070,CRT02519,PRD0009,2026-07-03 17:05:06,3,297.0,891.0,1042.6399999999999
TRX003688,CLI0170,CRT00995,PRD0157,2026-01-23 01:47:06,3,263.29,789.8700000000001,9661.98
TRX003689,CLI0244,CRT00843,PRD0100,2026-05-27 01:47:43,3,252.5,757.5,6092.25
TRX003690,CLI0429,CRT00772,PRD0040,2026-04-10 23:57:15,6,256.15,1536.8999999999999,7263.54
TRX003691,CLI0147,CRT02113,PRD0189,2026-02-06 06:39:02,2,80.62,161.24,7058.89
TRX003692,CLI0378,CRT02632,PRD0163,2026-01-01 11:18:57,5,278.04,1390.2,2054.89
TRX003693,CLI0103,CRT03248,PRD0158,2026-01-24 12:41:25,6,12.47,74.82000000000001,1666.99
TRX003694,CLI0129,CRT01238,PRD0181,2026-02-19 01:14:21,6,318.21,1909.2599999999998,3040.2999999999997
TRX003695,CLI0395,CRT00828,PRD0131,2026-03-27 12:40:03,8,212.13,1697.04,4598.17
TRX003696,CLI0141,CRT00081,PRD0085,2026-04-05 16:54:06,10,239.52,2395.2000000000003,9449.42
TRX003697,CLI0267,CRT02045,PRD0052,2026-07-08 09:00:57,6,68.6,411.59999999999997,3209.6
TRX003698,CLI0075,CRT02669,PRD0161,2026-02-23 07:56:31,4,331.95,1327.8,2898.9700000000003
TRX003699,CLI0195,CRT00602,PRD0091,2026-05-29 03:40:05,8,321.66,2573.28,4090.36
TRX003700,CLI0172,CRT03383,PRD0048,2026-01-06 06:27:47,3,275.16,825.48,4094.71
TRX003701,CLI0260,CRT01342,PRD0190,2026-02-26 16:54:05,4,23.22,92.88,1114.88
TRX003702,CLI0339,CRT01896,PRD0147,2026-07-04 20:41:51,8,208.25,1666.0,5842.719999999999
TRX003703,CLI0191,CRT00062,PRD0058,2026-01-06 12:18:04,7,275.33,1927.31,5859.58
TRX003704,CLI0151,CRT00562,PRD0005,2026-03-29 04:15:36,7,228.33,1598.3100000000002,2910.41
TRX003705,CLI0212,CRT02000,PRD0162,2026-04-15 16:42:09,1,195.42,195.42,9151.84
TRX003706,CLI0046,CRT02150,PRD0099,2026-04-12 04:28:38,5,248.8,1244.0,5941.48
TRX003707,CLI0270,CRT03410,PRD0157,2026-02-14 09:39:34,2,263.29,526.58,2850.23
TRX003708,CLI0068,CRT02834,PRD0019,2026-01-29 03:55:39,5,13.65,68.25,4066.59
TRX003709,CLI0396,CRT00436,PRD0129,2026-05-31 10:35:41,3,4.55,13.649999999999999,4822.4
TRX003710,CLI0023,CRT00862,PRD0056,2026-03-01 07:16:13,7,143.73,1006.1099999999999,4339.56
TRX003711,CLI0165,CRT01423,PRD0079,2026-04-01 09:44:03,5,98.65,493.25,3263.84
TRX003712,CLI0287,CRT00848,PRD0133,2026-02-20 17:45:44,4,238.5,954.0,4548.6
TRX003713,CLI0403,CRT02134,PRD0120,2026-02-02 11:05:26,1,291.12,291.12,2530.77
TRX003714,CLI0110,CRT03122,PRD0181,2026-03-23 20:41:15,3,318.21,954.6299999999999,3746.95
TRX003715,CLI0381,CRT03212,PRD0136,2026-07-07 04:45:11,10,303.73,3037.3,4240.33
TRX003716,CLI0148,CRT00979,PRD0182,2026-06-10 06:34:44,8,200.1,1600.8,7559.410000000001
TRX003717,CLI0050,CRT00012,PRD0052,2026-01-07 07:32:05,1,68.6,68.6,4077.2999999999997
TRX003718,CLI0175,CRT02350,PRD0145,2026-07-22 03:07:35,9,40.06,360.54,360.54
TRX003719,CLI0133,CRT01524,PRD0109,2026-06-10 17:19:55,2,181.62,363.24,7445.09
TRX003720,CLI0029,CRT03014,PRD0099,2026-07-11 05:01:01,4,248.8,995.2,5123.43
TRX003721,CLI0252,CRT02974,PRD0042,2026-02-13 04:00:35,8,88.65,709.2,1213.1200000000001
TRX003722,CLI0041,CRT01562,PRD0130,2026-04-19 04:04:03,3,312.35,937.0500000000001,1943.45
TRX003723,CLI0284,CRT00813,PRD0051,2026-05-11 20:15:18,3,142.41,427.23,3158.31
TRX003724,CLI0423,CRT02966,PRD0075,2026-01-12 03:44:36,10,38.5,385.0,11492.789999999999
TRX003725,CLI0150,CRT01430,PRD0051,2026-04-26 22:36:29,9,142.41,1281.69,6623.37
TRX003726,CLI0419,CRT01555,PRD0145,2026-04-24 21:45:35,3,40.06,120.18,3377.55
TRX003727,CLI0401,CRT00527,PRD0057,2026-06-29 05:53:26,2,59.71,119.42,313.91
TRX003728,CLI0205,CRT03109,PRD0132,2026-01-19 08:07:15,1,153.95,153.95,895.2
TRX003729,CLI0044,CRT02978,PRD0180,2026-01-12 22:00:33,10,217.4,2174.0,4421.0599999999995
TRX003730,CLI0046,CRT02628,PRD0196,2026-03-29 21:33:40,4,349.85,1399.4,2088.5299999999997
TRX003731,CLI0141,CRT00081,PRD0133,2026-04-05 16:54:06,6,238.5,1431.0,9449.42
TRX003732,CLI0174,CRT02678,PRD0084,2026-06-01 15:47:41,3,129.22,387.65999999999997,3928.71
TRX003733,CLI0267,CRT00718,PRD0186,2026-06-20 07:35:21,5,13.84,69.2,297.91999999999996
TRX003734,CLI0256,CRT02357,PRD0103,2026-06-18 12:54:46,4,234.25,937.0,6535.44
TRX003735,CLI0164,CRT01529,PRD0134,2026-04-29 04:55:59,10,343.3,3433.0,4732.1
TRX003736,CLI0162,CRT03064,PRD0175,2026-07-12 14:13:22,3,120.9,362.70000000000005,2550.0
TRX003737,CLI0130,CRT01199,PRD0102,2026-02-03 22:25:13,3,233.03,699.09,3152.3199999999997
TRX003738,CLI0421,CRT00073,PRD0158,2026-01-15 18:45:37,10,12.47,124.7,3415.4300000000003
TRX003739,CLI0102,CRT01777,PRD0113,2026-01-22 15:05:28,6,310.43,1862.58,2866.72
TRX003740,CLI0215,CRT01358,PRD0172,2026-02-20 11:51:28,1,97.82,97.82,4359.71
TRX003741,CLI0408,CRT01548,PRD0133,2026-05-24 22:20:03,2,238.5,477.0,1258.94
TRX003742,CLI0166,CRT00720,PRD0186,2026-02-10 22:54:25,5,13.84,69.2,5253.78
TRX003743,CLI0051,CRT00506,PRD0131,2026-04-19 04:52:28,10,212.13,2121.3,3399.48
TRX003744,CLI0423,CRT00271,PRD0189,2026-07-20 06:56:19,7,80.62,564.34,2155.39
TRX003745,CLI0335,CRT02930,PRD0126,2026-03-07 22:48:01,3,146.67,440.01,2264.5599999999995
TRX003746,CLI0414,CRT02392,PRD0171,2026-03-05 19:08:45,9,127.91,1151.19,4414.12
TRX003747,CLI0318,CRT00590,PRD0167,2026-03-22 17:55:32,5,82.61,413.05,1717.05
TRX003748,CLI0021,CRT01415,PRD0044,2026-04-04 13:20:29,1,248.47,248.47,4842.76
TRX003749,CLI0393,CRT00763,PRD0196,2026-05-22 05:36:42,8,349.85,2798.8,4725.51
TRX003750,CLI0180,CRT01237,PRD0166,2026-02-26 10:18:52,7,124.75,873.25,6044.61
TRX003751,CLI0202,CRT00960,PRD0104,2026-04-16 11:46:36,10,46.73,467.29999999999995,1935.7800000000002
TRX003752,CLI0147,CRT02503,PRD0049,2026-05-28 16:19:15,6,36.18,217.07999999999998,2467.25
TRX003753,CLI0341,CRT03145,PRD0006,2026-07-07 11:31:26,4,207.27,829.08,3887.6500000000005
TRX003754,CLI0356,CRT01329,PRD0133,2026-07-26 17:19:51,10,238.5,2385.0,2385.0
TRX003755,CLI0321,CRT03073,PRD0093,2026-01-24 08:25:52,1,302.86,302.86,6953.1900000000005
TRX003756,CLI0056,CRT03363,PRD0073,2026-06-24 01:48:56,9,292.23,2630.07,3063.52
TRX003757,CLI0049,CRT02403,PRD0095,2026-04-11 01:35:23,8,42.58,340.64,1976.4899999999998
TRX003758,CLI0117,CRT01972,PRD0185,2026-01-31 20:27:40,9,144.46,1300.14,13128.26
TRX003759,CLI0356,CRT02260,PRD0181,2026-06-27 17:01:03,4,318.21,1272.84,2958.87
TRX003760,CLI0211,CRT00227,PRD0059,2026-04-23 01:40:25,5,252.15,1260.75,6575.63
TRX003761,CLI0089,CRT02496,PRD0032,2026-06-01 19:58:58,8,224.53,1796.24,6071.32
TRX003762,CLI0292,CRT00077,PRD0177,2026-01-08 06:19:32,7,221.23,1548.61,3779.51
TRX003763,CLI0265,CRT02001,PRD0082,2026-07-23 13:10:18,8,316.62,2532.96,5975.35
TRX003764,CLI0277,CRT01259,PRD0161,2026-07-16 15:42:05,10,331.95,3319.5,4847.95
TRX003765,CLI0389,CRT00072,PRD0113,2026-05-13 13:36:49,1,310.43,310.43,842.89
TRX003766,CLI0298,CRT01528,PRD0132,2026-01-15 05:19:14,1,153.95,153.95,6818.18
TRX003767,CLI0114,CRT01559,PRD0130,2026-02-02 05:10:59,8,312.35,2498.8,2872.6400000000003
TRX003768,CLI0101,CRT01485,PRD0061,2026-01-06 03:02:36,9,111.48,1003.32,3673.38
TRX003769,CLI0140,CRT01531,PRD0175,2026-04-03 15:16:26,3,120.9,362.70000000000005,2489.02
TRX003770,CLI0243,CRT01219,PRD0146,2026-03-09 05:17:05,5,318.04,1590.2,4501.4
TRX003771,CLI0369,CRT00942,PRD0200,2026-03-22 14:21:02,5,144.4,722.0,3923.23
TRX003772,CLI0431,CRT03191,PRD0139,2026-05-13 21:50:36,7,30.96,216.72,4986.72
TRX003773,CLI0351,CRT00910,PRD0174,2026-07-24 07:21:57,7,6.76,47.32,486.37
TRX003774,CLI0047,CRT00554,PRD0007,2026-05-21 10:21:29,7,149.36,1045.52,2995.31
TRX003775,CLI0338,CRT00767,PRD0005,2026-01-18 01:35:37,7,228.33,1598.3100000000002,6103.45
TRX003776,CLI0042,CRT02050,PRD0145,2026-01-24 02:15:51,10,40.06,400.6,635.57
TRX003777,CLI0364,CRT01811,PRD0062,2026-07-11 01:39:25,5,321.99,1609.95,5520.79
TRX003778,CLI0067,CRT01859,PRD0160,2026-02-24 01:46:20,9,246.16,2215.44,3901.84
TRX003779,CLI0211,CRT00685,PRD0073,2026-05-24 15:54:52,4,292.23,1168.92,3661.48
TRX003780,CLI0372,CRT00128,PRD0145,2026-07-26 20:21:13,7,40.06,280.42,6569.53
TRX003781,CLI0314,CRT01336,PRD0120,2026-01-23 22:50:07,1,291.12,291.12,3536.03
TRX003782,CLI0385,CRT00168,PRD0107,2026-02-18 06:00:11,10,114.48,1144.8,1869.4699999999998
TRX003783,CLI0392,CRT00801,PRD0081,2026-06-12 15:40:38,5,151.12,755.6,764.7
TRX003784,CLI0388,CRT02475,PRD0034,2026-03-04 22:33:53,4,115.14,460.56,4538.42
TRX003785,CLI0179,CRT00556,PRD0165,2026-03-30 10:04:02,9,194.83,1753.47,4624.6
TRX003786,CLI0134,CRT02155,PRD0011,2026-07-12 16:28:58,7,104.38,730.66,2286.09
TRX003787,CLI0323,CRT01935,PRD0040,2026-07-02 15:43:15,9,256.15,2305.35,4036.2799999999997
TRX003788,CLI0023,CRT00877,PRD0035,2026-03-07 06:12:04,3,344.9,1034.6999999999998,5202.07
TRX003789,CLI0064,CRT01839,PRD0198,2026-03-31 03:24:25,6,156.17,937.02,2785.32
TRX003790,CLI0010,CRT00894,PRD0121,2026-03-30 12:48:45,1,301.87,301.87,2153.4700000000003
TRX003791,CLI0287,CRT00522,PRD0040,2026-05-23 17:36:47,9,256.15,2305.35,4641.47
TRX003792,CLI0402,CRT00496,PRD0010,2026-05-17 18:19:32,6,162.15,972.9000000000001,7158.02
TRX003793,CLI0263,CRT01526,PRD0094,2026-07-07 20:56:40,6,179.52,1077.1200000000001,1462.2600000000002
TRX003794,CLI0139,CRT03049,PRD0046,2026-01-28 03:48:03,10,234.97,2349.7,2854.7
TRX003795,CLI0381,CRT00652,PRD0148,2026-06-29 02:54:54,3,270.94,812.8199999999999,6244.07
TRX003796,CLI0148,CRT01434,PRD0182,2026-01-20 03:58:54,6,200.1,1200.6,4630.4
TRX003797,CLI0136,CRT00584,PRD0169,2026-02-22 08:20:42,7,259.17,1814.19,2781.4700000000003
TRX003798,CLI0049,CRT00234,PRD0119,2026-04-21 09:03:01,3,332.64,997.92,4263.4400000000005
TRX003799,CLI0123,CRT03052,PRD0054,2026-03-14 05:55:33,10,301.82,3018.2,12641.93
TRX003800,CLI0389,CRT02174,PRD0158,2026-03-13 13:01:40,8,12.47,99.76,804.6800000000001
TRX003801,CLI0162,CRT02005,PRD0070,2026-04-13 05:58:58,3,218.35,655.05,7204.25
TRX003802,CLI0084,CRT02741,PRD0126,2026-04-18 05:35:18,7,146.67,1026.6899999999998,2465.87
TRX003803,CLI0123,CRT03052,PRD0138,2026-03-14 05:55:33,7,308.17,2157.19,12641.93
TRX003804,CLI0083,CRT03034,PRD0049,2026-01-03 14:25:55,10,36.18,361.8,5647.0599999999995
TRX003805,CLI0352,CRT02594,PRD0186,2026-06-18 17:18:05,3,13.84,41.519999999999996,2231.85
TRX003806,CLI0314,CRT01009,PRD0013,2026-01-15 03:58:46,4,103.06,412.24,2986.76
TRX003807,CLI0081,CRT01646,PRD0028,2026-05-10 02:01:45,3,301.62,904.86,9667.160000000002
TRX003808,CLI0168,CRT01482,PRD0112,2026-01-15 22:08:31,6,344.42,2066.52,6205.68
TRX003809,CLI0315,CRT00588,PRD0071,2026-01-02 19:42:52,8,76.57,612.56,612.56
TRX003810,CLI0382,CRT00061,PRD0071,2026-05-02 09:46:43,3,76.57,229.70999999999998,5461.59
TRX003811,CLI0113,CRT03365,PRD0136,2026-01-30 01:56:04,8,303.73,2429.84,5240.05
TRX003812,CLI0271,CRT02110,PRD0138,2026-03-23 13:54:30,4,308.17,1232.68,1893.3200000000002
TRX003813,CLI0202,CRT00270,PRD0128,2026-02-25 16:38:25,5,9.29,46.449999999999996,1765.6399999999999
TRX003814,CLI0064,CRT02705,PRD0060,2026-07-12 07:33:12,7,339.13,2373.91,4139.71
TRX003815,CLI0369,CRT00942,PRD0069,2026-03-22 14:21:02,9,112.37,1011.33,3923.23
TRX003816,CLI0162,CRT02742,PRD0132,2026-07-21 15:47:16,10,153.95,1539.5,7306.88
TRX003817,CLI0079,CRT01869,PRD0192,2026-01-31 10:52:11,3,241.82,725.46,1765.54
TRX003818,CLI0309,CRT02727,PRD0019,2026-05-22 07:51:56,8,13.65,109.2,5999.33
TRX003819,CLI0149,CRT01938,PRD0042,2026-01-10 17:44:57,1,88.65,88.65,3903.25
TRX003820,CLI0330,CRT01292,PRD0046,2026-03-20 18:11:34,5,234.97,1174.85,6932.87
TRX003821,CLI0231,CRT00627,PRD0013,2026-07-10 12:11:04,8,103.06,824.48,2530.4300000000003
TRX003822,CLI0146,CRT01868,PRD0182,2026-06-15 23:48:49,3,200.1,600.3,2684.0099999999998
TRX003823,CLI0053,CRT00654,PRD0120,2026-01-25 02:19:21,4,291.12,1164.48,5187.9
TRX003824,CLI0302,CRT02755,PRD0155,2026-07-26 17:49:35,4,289.44,1157.76,1797.3600000000001
TRX003825,CLI0154,CRT01140,PRD0138,2026-05-26 11:05:17,5,308.17,1540.8500000000001,5063.81
TRX003826,CLI0195,CRT00602,PRD0137,2026-05-29 03:40:05,5,116.26,581.3000000000001,4090.36
TRX003827,CLI0086,CRT00954,PRD0165,2026-04-19 10:43:10,7,194.83,1363.8100000000002,1513.3100000000002
TRX003828,CLI0102,CRT02847,PRD0151,2026-05-02 03:45:08,7,121.08,847.56,8043.56
TRX003829,CLI0416,CRT01754,PRD0125,2026-07-16 23:27:46,7,54.91,384.37,2329.97
TRX003830,CLI0215,CRT03132,PRD0167,2026-05-15 07:47:43,2,82.61,165.22,327.76
TRX003831,CLI0211,CRT01379,PRD0067,2026-05-14 17:48:42,1,327.31,327.31,327.31
TRX003832,CLI0104,CRT00585,PRD0016,2026-03-05 22:31:20,6,223.15,1338.9,7462.18
TRX003833,CLI0392,CRT01642,PRD0145,2026-01-29 20:42:40,2,40.06,80.12,2301.65
TRX003834,CLI0125,CRT02963,PRD0182,2026-01-15 19:47:21,5,200.1,1000.5,5306.03
TRX003835,CLI0391,CRT00847,PRD0023,2026-02-04 17:30:35,10,262.09,2620.8999999999996,5086.26
TRX003836,CLI0346,CRT02132,PRD0048,2026-01-26 08:58:05,7,275.16,1926.1200000000001,1926.1200000000001
TRX003837,CLI0250,CRT01286,PRD0071,2026-01-22 23:02:21,2,76.57,153.14,1609.99
TRX003838,CLI0162,CRT02742,PRD0006,2026-07-21 15:47:16,9,207.27,1865.43,7306.88
TRX003839,CLI0056,CRT01619,PRD0199,2026-02-01 09:07:38,1,223.09,223.09,4558.65
TRX003840,CLI0370,CRT01593,PRD0034,2026-01-11 02:59:40,7,115.14,805.98,805.98
TRX003841,CLI0118,CRT02486,PRD0072,2026-07-07 12:03:40,9,308.05,2772.4500000000003,3008.5800000000004
TRX003842,CLI0121,CRT02498,PRD0177,2026-05-10 02:50:45,7,221.23,1548.61,2819.76
TRX003843,CLI0398,CRT00568,PRD0164,2026-04-28 16:46:27,3,242.9,728.7,1668.12
TRX003844,CLI0424,CRT02122,PRD0030,2026-01-31 01:53:19,9,153.58,1382.22,3812.0600000000004
TRX003845,CLI0108,CRT00148,PRD0087,2026-07-14 06:08:19,9,302.95,2726.5499999999997,7225.42
TRX003846,CLI0051,CRT03440,PRD0136,2026-03-08 10:59:46,7,303.73,2126.11,2781.9500000000003
TRX003847,CLI0263,CRT00476,PRD0182,2026-01-11 20:50:08,9,200.1,1800.8999999999999,2447.66
TRX003848,CLI0069,CRT01006,PRD0162,2026-02-01 09:59:28,9,195.42,1758.78,6726.46
TRX003849,CLI0015,CRT01852,PRD0069,2026-01-21 16:45:23,8,112.37,898.96,2196.52
TRX003850,CLI0133,CRT01715,PRD0139,2026-07-22 10:06:48,10,30.96,309.6,309.6
TRX003851,CLI0236,CRT02640,PRD0105,2026-03-22 05:16:06,3,200.26,600.78,4798.97
TRX003852,CLI0243,CRT01927,PRD0100,2026-04-19 00:47:39,5,252.5,1262.5,3887.13
TRX003853,CLI0297,CRT02542,PRD0106,2026-06-19 05:52:38,5,102.2,511.0,8403.119999999999
TRX003854,CLI0179,CRT03111,PRD0111,2026-04-30 17:03:25,10,282.78,2827.7999999999997,5519.54
TRX003855,CLI0221,CRT01634,PRD0136,2026-01-31 13:58:03,5,303.73,1518.65,2033.75
TRX003856,CLI0254,CRT02266,PRD0070,2026-02-26 00:08:04,1,218.35,218.35,1014.57
TRX003857,CLI0046,CRT01819,PRD0069,2026-03-23 19:18:43,4,112.37,449.48,2701.1000000000004
TRX003858,CLI0401,CRT02753,PRD0017,2026-02-01 06:23:53,10,134.36,1343.6000000000001,8549.54
TRX003859,CLI0276,CRT02022,PRD0127,2026-03-27 14:11:57,6,24.14,144.84,5336.95
TRX003860,CLI0106,CRT02932,PRD0087,2026-04-24 08:01:59,2,302.95,605.9,2740.05
TRX003861,CLI0071,CRT01419,PRD0009,2026-03-27 08:41:18,9,297.0,2673.0,4626.15
TRX003862,CLI0336,CRT00881,PRD0121,2026-01-03 02:25:29,7,301.87,2113.09,2113.09
TRX003863,CLI0270,CRT03280,PRD0182,2026-02-25 03:44:49,10,200.1,2001.0,9199.67
TRX003864,CLI0104,CRT00585,PRD0017,2026-03-05 22:31:20,6,134.36,806.1600000000001,7462.18
TRX003865,CLI0043,CRT03003,PRD0047,2026-05-29 15:21:31,7,327.59,2293.1299999999997,9409.33
TRX003866,CLI0072,CRT00442,PRD0019,2026-04-25 05:47:49,2,13.65,27.3,7872.34
TRX003867,CLI0372,CRT00128,PRD0096,2026-07-26 20:21:13,4,15.79,63.16,6569.53
TRX003868,CLI0419,CRT00257,PRD0181,2026-02-27 16:32:46,5,318.21,1591.05,2040.53
TRX003869,CLI0050,CRT03482,PRD0061,2026-03-05 07:26:17,5,111.48,557.4,6276.35
TRX003870,CLI0331,CRT02947,PRD0166,2026-04-14 03:38:57,1,124.75,124.75,6109.43
TRX003871,CLI0129,CRT00405,PRD0063,2026-01-26 07:11:15,9,30.34,273.06,7149.48
TRX003872,CLI0059,CRT03165,PRD0137,2026-02-15 16:42:18,9,116.26,1046.3400000000001,2243.26
TRX003873,CLI0061,CRT01340,PRD0138,2026-05-16 03:29:01,4,308.17,1232.68,6054.54
TRX003874,CLI0432,CRT01049,PRD0140,2026-02-12 20:47:19,4,80.42,321.68,1343.8899999999999
TRX003875,CLI0124,CRT00084,PRD0185,2026-04-06 17:47:46,2,144.46,288.92,4569.3
TRX003876,CLI0422,CRT01706,PRD0084,2026-03-15 23:31:18,9,129.22,1162.98,1648.48
TRX003877,CLI0149,CRT02627,PRD0095,2026-01-23 04:03:19,4,42.58,170.32,3906.69
TRX003878,CLI0188,CRT00755,PRD0109,2026-04-27 00:01:34,9,181.62,1634.58,1816.62
TRX003879,CLI0386,CRT02713,PRD0022,2026-01-09 03:04:50,1,51.02,51.02,1743.42
TRX003880,CLI0149,CRT02627,PRD0092,2026-01-23 04:03:19,2,10.72,21.44,3906.69
TRX003881,CLI0297,CRT01575,PRD0050,2026-03-31 12:49:23,7,164.79,1153.53,7608.37
TRX003882,CLI0210,CRT02067,PRD0051,2026-01-29 04:24:02,10,142.41,1424.1,4401.44
TRX003883,CLI0418,CRT02656,PRD0020,2026-06-18 05:47:45,4,75.82,303.28,349.23999999999995
TRX003884,CLI0198,CRT00490,PRD0169,2026-02-03 03:57:10,5,259.17,1295.8500000000001,6425.79
TRX003885,CLI0048,CRT02779,PRD0170,2026-02-12 20:56:47,8,100.84,806.72,2813.84
TRX003886,CLI0376,CRT01388,PRD0134,2026-07-16 18:21:28,7,343.3,2403.1,7274.96
TRX003887,CLI0309,CRT00499,PRD0167,2026-05-19 00:02:37,10,82.61,826.1,4536.79
TRX003888,CLI0050,CRT03152,PRD0075,2026-01-10 07:57:35,2,38.5,77.0,4442.71
TRX003889,CLI0425,CRT03163,PRD0085,2026-05-19 15:30:16,3,239.52,718.5600000000001,3835.14
TRX003890,CLI0195,CRT00886,PRD0145,2026-05-11 03:37:35,4,40.06,160.24,646.04
TRX003891,CLI0361,CRT01398,PRD0174,2026-04-28 20:46:00,8,6.76,54.08,3875.23
TRX003892,CLI0089,CRT02496,PRD0034,2026-06-01 19:58:58,8,115.14,921.12,6071.32
TRX003893,CLI0377,CRT01301,PRD0086,2026-02-06 17:48:00,10,197.06,1970.6,2655.72
TRX003894,CLI0102,CRT00717,PRD0177,2026-04-28 03:25:15,4,221.23,884.92,5037.5599999999995
TRX003895,CLI0335,CRT00457,PRD0035,2026-01-20 18:48:40,10,344.9,3449.0,4677.5
TRX003896,CLI0100,CRT03359,PRD0085,2026-03-17 06:53:51,9,239.52,2155.6800000000003,5098.89
TRX003897,CLI0395,CRT00859,PRD0103,2026-03-20 06:09:44,1,234.25,234.25,2899.45
TRX003898,CLI0097,CRT00510,PRD0106,2026-01-02 00:15:32,2,102.2,204.4,5784.85
TRX003899,CLI0132,CRT02241,PRD0103,2026-04-01 15:19:42,3,234.25,702.75,2785.43
TRX003900,CLI0198,CRT00355,PRD0157,2026-03-07 19:40:09,3,263.29,789.8700000000001,4271.3
TRX003901,CLI0255,CRT01310,PRD0089,2026-06-02 22:24:51,1,57.82,57.82,1060.04
TRX003902,CLI0139,CRT01227,PRD0032,2026-03-10 03:34:41,2,224.53,449.06,1439.43
TRX003903,CLI0421,CRT03183,PRD0118,2026-06-15 14:24:39,7,163.96,1147.72,9011.970000000001
TRX003904,CLI0330,CRT03105,PRD0187,2026-01-15 08:54:48,4,241.37,965.48,4800.02
TRX003905,CLI0278,CRT03053,PRD0085,2026-01-28 02:22:41,2,239.52,479.04,7873.91
TRX003906,CLI0325,CRT00274,PRD0047,2026-06-22 21:26:16,9,327.59,2948.31,4302.0
TRX003907,CLI0131,CRT01029,PRD0121,2026-07-22 02:28:11,6,301.87,1811.22,2793.37
TRX003908,CLI0185,CRT02874,PRD0087,2026-07-09 13:09:27,3,302.95,908.8499999999999,4572.639999999999
TRX003909,CLI0231,CRT01931,PRD0005,2026-05-30 08:50:01,1,228.33,228.33,2030.7099999999998
TRX003910,CLI0292,CRT00142,PRD0169,2026-04-28 05:12:52,1,259.17,259.17,3902.72
TRX003911,CLI0222,CRT03435,PRD0185,2026-05-30 02:56:19,3,144.46,433.38,2690.17
TRX003912,CLI0423,CRT02966,PRD0120,2026-01-12 03:44:36,4,291.12,1164.48,11492.789999999999
TRX003913,CLI0330,CRT00238,PRD0190,2026-02-10 18:24:25,10,23.22,232.2,2805.38
TRX003914,CLI0224,CRT01161,PRD0088,2026-02-04 03:04:57,2,64.83,129.66,3565.83
TRX003915,CLI0026,CRT01087,PRD0099,2026-02-03 01:03:20,6,248.8,1492.8000000000002,5570.01
TRX003916,CLI0232,CRT01774,PRD0012,2026-05-03 04:51:39,3,69.32,207.95999999999998,6720.68
TRX003917,CLI0350,CRT00039,PRD0068,2026-04-22 07:21:05,4,140.04,560.16,3043.6
TRX003918,CLI0198,CRT00355,PRD0143,2026-03-07 19:40:09,2,331.85,663.7,4271.3
TRX003919,CLI0267,CRT02606,PRD0145,2026-05-27 18:22:23,4,40.06,160.24,4621.129999999999
TRX003920,CLI0286,CRT01966,PRD0165,2026-01-13 00:39:36,4,194.83,779.32,4563.83
TRX003921,CLI0005,CRT00210,PRD0108,2026-02-05 23:33:49,7,166.93,1168.51,3559.33
TRX003922,CLI0026,CRT01784,PRD0184,2026-04-13 22:30:03,4,85.85,343.4,1357.1699999999998
TRX003923,CLI0033,CRT02208,PRD0026,2026-06-10 22:45:58,2,238.97,477.94,6290.22
TRX003924,CLI0120,CRT01300,PRD0136,2026-01-19 01:20:33,5,303.73,1518.65,5789.99
TRX003925,CLI0387,CRT01570,PRD0145,2026-01-25 04:30:25,1,40.06,40.06,2467.83
TRX003926,CLI0365,CRT01170,PRD0089,2026-05-09 09:48:11,10,57.82,578.2,7386.17
TRX003927,CLI0180,CRT02146,PRD0136,2026-06-11 07:44:46,9,303.73,2733.57,6687.56
TRX003928,CLI0027,CRT01215,PRD0020,2026-02-12 16:53:39,3,75.82,227.45999999999998,6525.33
TRX003929,CLI0314,CRT01143,PRD0035,2026-05-11 14:42:58,2,344.9,689.8,5167.57
TRX003930,CLI0072,CRT01288,PRD0153,2026-01-10 07:01:49,3,63.71,191.13,191.13
TRX003931,CLI0330,CRT02805,PRD0057,2026-05-12 01:17:23,8,59.71,477.68,7795.84
TRX003932,CLI0042,CRT02050,PRD0046,2026-01-24 02:15:51,1,234.97,234.97,635.57
TRX003933,CLI0364,CRT03093,PRD0156,2026-07-17 16:46:30,3,87.81,263.43,3176.98
TRX003934,CLI0373,CRT02655,PRD0184,2026-04-11 10:53:23,4,85.85,343.4,1907.48
TRX003935,CLI0064,CRT01517,PRD0107,2026-06-17 10:28:27,2,114.48,228.96,1286.06
TRX003936,CLI0149,CRT01799,PRD0008,2026-03-09 08:34:25,9,119.47,1075.23,1075.23
TRX003937,CLI0051,CRT02333,PRD0101,2026-01-31 02:35:51,10,26.82,268.2,611.64
TRX003938,CLI0412,CRT01918,PRD0171,2026-03-19 03:11:26,7,127.91,895.37,1483.69
TRX003939,CLI0034,CRT02622,PRD0019,2026-06-14 12:29:47,8,13.65,109.2,1297.74
TRX003940,CLI0265,CRT01771,PRD0059,2026-07-02 23:38:09,3,252.15,756.45,5195.6
TRX003941,CLI0149,CRT03496,PRD0031,2026-03-16 03:38:29,1,267.28,267.28,3294.35
TRX003942,CLI0190,CRT00537,PRD0030,2026-01-21 22:10:26,2,153.58,307.16,926.77
TRX003943,CLI0370,CRT02887,PRD0122,2026-02-09 01:35:42,3,224.09,672.27,1216.3700000000001
TRX003944,CLI0431,CRT01156,PRD0049,2026-04-17 05:37:00,10,36.18,361.8,4817.629999999999
TRX003945,CLI0160,CRT02500,PRD0060,2026-02-12 07:11:31,6,339.13,2034.78,4232.93
TRX003946,CLI0088,CRT02561,PRD0010,2026-02-15 13:38:26,10,162.15,1621.5,4292.76
TRX003947,CLI0155,CRT02224,PRD0136,2026-06-06 22:47:55,1,303.73,303.73,5038.4
TRX003948,CLI0405,CRT00504,PRD0111,2026-07-16 13:52:49,4,282.78,1131.12,3464.93
TRX003949,CLI0357,CRT02668,PRD0158,2026-05-04 10:35:52,2,12.47,24.94,6543.92
TRX003950,CLI0200,CRT00688,PRD0048,2026-04-07 08:01:53,8,275.16,2201.28,7780.32
TRX003951,CLI0002,CRT02160,PRD0050,2026-06-05 17:20:59,8,164.79,1318.32,3613.1
TRX003952,CLI0368,CRT00966,PRD0027,2026-07-07 04:29:53,6,209.57,1257.42,2125.89
TRX003953,CLI0017,CRT00771,PRD0073,2026-05-27 23:21:55,7,292.23,2045.6100000000001,2969.31
TRX003954,CLI0103,CRT00155,PRD0075,2026-07-07 13:35:03,10,38.5,385.0,3696.31
TRX003955,CLI0045,CRT00043,PRD0076,2026-04-10 20:15:23,1,260.49,260.49,1943.71
TRX003956,CLI0096,CRT00466,PRD0037,2026-02-10 13:11:17,1,171.38,171.38,4541.81
TRX003957,CLI0341,CRT01465,PRD0122,2026-03-23 12:31:08,1,224.09,224.09,785.75
TRX003958,CLI0177,CRT00678,PRD0023,2026-03-15 17:04:58,2,262.09,524.18,3826.3799999999997
TRX003959,CLI0348,CRT02799,PRD0067,2026-03-05 19:37:43,10,327.31,3273.1,5372.02
TRX003960,CLI0046,CRT03092,PRD0119,2026-01-19 06:31:26,2,332.64,665.28,4452.33
TRX003961,CLI0288,CRT01495,PRD0150,2026-01-23 07:51:11,8,151.36,1210.88,6497.110000000001
TRX003962,CLI0172,CRT01989,PRD0126,2026-02-05 04:28:39,7,146.67,1026.6899999999998,5190.43
TRX003963,CLI0029,CRT03467,PRD0039,2026-03-11 23:39:41,6,305.67,1834.02,2721.87
TRX003964,CLI0331,CRT00738,PRD0018,2026-02-09 19:31:40,4,115.19,460.76,4736.43
TRX003965,CLI0050,CRT03469,PRD0171,2026-03-16 20:35:13,3,127.91,383.73,3349.35
TRX003966,CLI0347,CRT00572,PRD0041,2026-06-29 08:22:17,5,228.33,1141.65,9772.52
TRX003967,CLI0216,CRT00132,PRD0060,2026-07-21 12:03:46,5,339.13,1695.65,3235.51
TRX003968,CLI0042,CRT02546,PRD0088,2026-05-13 06:52:29,9,64.83,583.47,2828.7700000000004
TRX003969,CLI0302,CRT02755,PRD0124,2026-07-26 17:49:35,4,96.92,387.68,1797.3600000000001
TRX003970,CLI0338,CRT00767,PRD0046,2026-01-18 01:35:37,5,234.97,1174.85,6103.45
TRX003971,CLI0296,CRT03203,PRD0160,2026-07-20 14:16:21,4,246.16,984.64,3285.4
TRX003972,CLI0112,CRT00580,PRD0178,2026-05-27 09:47:48,9,198.09,1782.81,6761.61
TRX003973,CLI0072,CRT02355,PRD0138,2026-05-28 04:40:22,8,308.17,2465.36,2465.36
TRX003974,CLI0428,CRT00400,PRD0172,2026-03-06 07:04:30,2,97.82,195.64,1733.5
TRX003975,CLI0007,CRT02343,PRD0133,2026-05-01 23:48:53,6,238.5,1431.0,1431.0
TRX003976,CLI0145,CRT02841,PRD0118,2026-05-05 03:00:28,2,163.96,327.92,767.5799999999999
TRX003977,CLI0144,CRT01200,PRD0097,2026-03-12 09:21:19,6,275.78,1654.6799999999998,5819.86
TRX003978,CLI0130,CRT02548,PRD0136,2026-06-27 11:00:12,5,303.73,1518.65,4116.8
TRX003979,CLI0317,CRT01303,PRD0022,2026-01-12 08:50:08,8,51.02,408.16,732.46
TRX003980,CLI0392,CRT01642,PRD0004,2026-01-29 20:42:40,5,178.11,890.5500000000001,2301.65
TRX003981,CLI0009,CRT03348,PRD0030,2026-04-28 06:48:34,7,153.58,1075.0600000000002,6704.18
TRX003982,CLI0208,CRT02020,PRD0117,2026-07-18 07:10:59,10,196.2,1962.0,3180.7400000000002
TRX003983,CLI0412,CRT01918,PRD0190,2026-03-19 03:11:26,2,23.22,46.44,1483.69
TRX003984,CLI0308,CRT03155,PRD0188,2026-04-07 07:52:09,2,281.86,563.72,4860.78
TRX003985,CLI0024,CRT02598,PRD0121,2026-07-26 11:51:07,8,301.87,2414.96,7802.360000000001
TRX003986,CLI0304,CRT02211,PRD0078,2026-07-24 22:48:10,1,172.26,172.26,4781.82
TRX003987,CLI0314,CRT01143,PRD0157,2026-05-11 14:42:58,9,263.29,2369.61,5167.57
TRX003988,CLI0100,CRT00545,PRD0068,2026-01-09 21:49:39,8,140.04,1120.32,5921.43
TRX003989,CLI0159,CRT02387,PRD0013,2026-05-31 07:23:24,1,103.06,103.06,6873.19
TRX003990,CLI0217,CRT02508,PRD0091,2026-05-10 22:11:14,3,321.66,964.98,4162.4400000000005
TRX003991,CLI0060,CRT01821,PRD0172,2026-03-22 01:36:28,8,97.82,782.56,2367.16
TRX003992,CLI0215,CRT00977,PRD0102,2026-03-20 11:16:09,3,233.03,699.09,7139.0
TRX003993,CLI0214,CRT02079,PRD0169,2026-05-04 20:51:52,9,259.17,2332.53,6517.530000000001
TRX003994,CLI0357,CRT03139,PRD0029,2026-04-22 12:54:50,3,95.22,285.65999999999997,5216.46
TRX003995,CLI0393,CRT00792,PRD0123,2026-06-13 20:59:31,1,85.64,85.64,1388.0900000000001
TRX003996,CLI0099,CRT00078,PRD0149,2026-02-21 02:05:53,5,344.39,1721.9499999999998,2973.0699999999997
TRX003997,CLI0233,CRT01692,PRD0147,2026-06-21 19:56:10,1,208.25,208.25,2195.9500000000003
TRX003998,CLI0222,CRT01149,PRD0098,2026-06-29 21:29:13,1,136.36,136.36,208.72000000000003
TRX003999,CLI0332,CRT01781,PRD0165,2026-06-06 22:48:53,10,194.83,1948.3000000000002,7167.0
TRX004000,CLI0416,CRT01747,PRD0032,2026-06-25 04:26:37,4,224.53,898.12,2779.2400000000002
TRX004001,CLI0125,CRT02535,PRD0020,2026-05-03 01:15:22,9,75.82,682.3799999999999,4472.599999999999
TRX004002,CLI0361,CRT01417,PRD0110,2026-01-18 20:24:59,1,286.9,286.9,286.9
TRX004003,CLI0007,CRT03333,PRD0080,2026-06-21 07:52:09,9,342.98,3086.82,5400.75
TRX004004,CLI0362,CRT01052,PRD0180,2026-03-22 01:09:05,4,217.4,869.6,7457.92
TRX004005,CLI0016,CRT03021,PRD0158,2026-02-07 13:17:53,5,12.47,62.35,4225.360000000001
TRX004006,CLI0421,CRT00373,PRD0089,2026-02-28 09:25:01,10,57.82,578.2,4577.42
TRX004007,CLI0188,CRT00518,PRD0136,2026-06-06 10:01:58,2,303.73,607.46,2234.51
TRX004008,CLI0271,CRT00783,PRD0088,2026-01-11 02:33:45,3,64.83,194.49,4941.0
TRX004009,CLI0195,CRT02743,PRD0097,2026-01-07 21:58:36,4,275.78,1103.12,5630.62
TRX004010,CLI0311,CRT03083,PRD0155,2026-01-20 05:32:55,3,289.44,868.3199999999999,7032.67
TRX004011,CLI0379,CRT00871,PRD0072,2026-05-18 07:42:50,2,308.05,616.1,8124.78
TRX004012,CLI0146,CRT03169,PRD0113,2026-06-18 15:55:43,7,310.43,2173.01,2668.67
TRX004013,CLI0263,CRT03242,PRD0137,2026-07-14 05:32:48,1,116.26,116.26,1353.4
TRX004014,CLI0047,CRT02441,PRD0098,2026-01-05 15:21:10,1,136.36,136.36,4425.41
TRX004015,CLI0265,CRT01771,PRD0089,2026-07-02 23:38:09,6,57.82,346.92,5195.6
TRX004016,CLI0172,CRT01445,PRD0059,2026-04-16 21:04:11,10,252.15,2521.5,5637.83
TRX004017,CLI0233,CRT01400,PRD0171,2026-04-29 05:02:49,4,127.91,511.64,1663.04
TRX004018,CLI0323,CRT01984,PRD0149,2026-01-31 07:28:40,3,344.39,1033.17,2034.47
TRX004019,CLI0431,CRT01047,PRD0169,2026-01-08 12:20:53,5,259.17,1295.8500000000001,1295.8500000000001
TRX004020,CLI0203,CRT00849,PRD0017,2026-06-16 20:48:05,2,134.36,268.72,3315.96
TRX004021,CLI0421,CRT02181,PRD0173,2026-06-13 14:25:15,9,330.57,2975.13,3039.96
TRX004022,CLI0299,CRT03320,PRD0012,2026-04-28 04:21:55,4,69.32,277.28,1603.1100000000001
TRX004023,CLI0181,CRT02321,PRD0055,2026-02-28 21:15:41,3,349.75,1049.25,7822.360000000001
TRX004024,CLI0386,CRT02713,PRD0011,2026-01-09 03:04:50,6,104.38,626.28,1743.42
TRX004025,CLI0263,CRT03242,PRD0162,2026-07-14 05:32:48,3,195.42,586.26,1353.4
TRX004026,CLI0428,CRT00200,PRD0036,2026-05-27 17:59:23,8,86.2,689.6,753.3100000000001
TRX004027,CLI0245,CRT01421,PRD0027,2026-07-08 21:07:17,7,209.57,1466.99,7697.77
TRX004028,CLI0379,CRT01513,PRD0130,2026-04-29 08:10:28,3,312.35,937.0500000000001,937.0500000000001
TRX004029,CLI0235,CRT01450,PRD0149,2026-03-19 20:39:10,6,344.39,2066.34,5973.900000000001
TRX004030,CLI0008,CRT03425,PRD0105,2026-04-27 01:29:27,3,200.26,600.78,2520.81
TRX004031,CLI0296,CRT01169,PRD0113,2026-05-08 08:37:11,1,310.43,310.43,5120.650000000001
TRX004032,CLI0414,CRT01297,PRD0111,2026-06-17 19:02:46,3,282.78,848.3399999999999,3635.3199999999997
TRX004033,CLI0141,CRT01079,PRD0007,2026-01-30 00:33:19,2,149.36,298.72,945.29
TRX004034,CLI0433,CRT01703,PRD0043,2026-04-22 14:56:13,4,194.99,779.96,906.28
TRX004035,CLI0124,CRT03493,PRD0189,2026-02-13 18:37:25,2,80.62,161.24,6236.67
TRX004036,CLI0103,CRT03248,PRD0128,2026-01-24 12:41:25,2,9.29,18.58,1666.99
TRX004037,CLI0376,CRT01388,PRD0177,2026-07-16 18:21:28,7,221.23,1548.61,7274.96
TRX004038,CLI0179,CRT00750,PRD0035,2026-03-24 17:03:13,8,344.9,2759.2,7399.039999999999
TRX004039,CLI0140,CRT01506,PRD0064,2026-04-17 06:22:03,10,237.14,2371.3999999999996,5479.33
TRX004040,CLI0089,CRT00823,PRD0080,2026-05-05 20:58:47,6,342.98,2057.88,7347.469999999999
TRX004041,CLI0125,CRT00852,PRD0153,2026-01-19 09:41:38,5,63.71,318.55,1988.68
TRX004042,CLI0080,CRT02816,PRD0010,2026-07-16 23:54:26,3,162.15,486.45000000000005,2084.77
TRX004043,CLI0385,CRT01177,PRD0130,2026-07-19 10:10:24,9,312.35,2811.15,7921.7
TRX004044,CLI0363,CRT02093,PRD0010,2026-01-07 20:49:32,4,162.15,648.6,6001.6
TRX004045,CLI0179,CRT02078,PRD0002,2026-01-18 01:37:36,3,38.12,114.35999999999999,4591.57
TRX004046,CLI0404,CRT02987,PRD0157,2026-01-01 05:24:42,7,263.29,1843.0300000000002,2551.2500000000005
TRX004047,CLI0021,CRT00353,PRD0158,2026-06-24 11:41:05,8,12.47,99.76,2055.7599999999998
TRX004048,CLI0071,CRT00289,PRD0055,2026-04-16 21:56:14,1,349.75,349.75,1130.32
TRX004049,CLI0243,CRT02582,PRD0137,2026-07-13 12:16:15,2,116.26,232.52,6225.9
TRX004050,CLI0383,CRT00526,PRD0092,2026-02-28 16:15:36,2,10.72,21.44,1627.02
TRX004051,CLI0428,CRT01500,PRD0070,2026-05-31 21:46:12,7,218.35,1528.45,1528.45
TRX004052,CLI0357,CRT03139,PRD0126,2026-04-22 12:54:50,8,146.67,1173.36,5216.46
TRX004053,CLI0126,CRT03271,PRD0108,2026-01-19 07:50:04,9,166.93,1502.3700000000001,8073.75
TRX004054,CLI0041,CRT02778,PRD0145,2026-01-20 08:44:22,2,40.06,80.12,5125.61
TRX004055,CLI0047,CRT02441,PRD0049,2026-01-05 15:21:10,2,36.18,72.36,4425.41
TRX004056,CLI0083,CRT00532,PRD0085,2026-04-10 23:09:05,7,239.52,1676.64,4935.98
TRX004057,CLI0228,CRT00180,PRD0101,2026-04-08 04:29:59,8,26.82,214.56,214.56
TRX004058,CLI0165,CRT01650,PRD0009,2026-01-16 01:01:29,9,297.0,2673.0,5501.37
TRX004059,CLI0349,CRT00115,PRD0178,2026-02-05 00:55:36,7,198.09,1386.63,4215.7300000000005
TRX004060,CLI0313,CRT01020,PRD0167,2026-03-01 10:34:34,3,82.61,247.82999999999998,4956.929999999999
TRX004061,CLI0023,CRT02953,PRD0134,2026-02-03 09:02:30,10,343.3,3433.0,5999.150000000001
TRX004062,CLI0150,CRT02376,PRD0090,2026-06-18 19:05:33,1,15.96,15.96,584.63
TRX004063,CLI0399,CRT03214,PRD0015,2026-04-02 06:47:32,3,125.96,377.88,5722.75
TRX004064,CLI0203,CRT02450,PRD0175,2026-04-20 04:23:54,6,120.9,725.4000000000001,1712.8100000000002
TRX004065,CLI0403,CRT02332,PRD0063,2026-03-12 08:17:30,2,30.34,60.68,515.5999999999999
TRX004066,CLI0137,CRT00307,PRD0049,2026-07-12 05:51:34,6,36.18,217.07999999999998,286.28
TRX004067,CLI0244,CRT00579,PRD0057,2026-03-22 12:52:18,4,59.71,238.84,3098.36
TRX004068,CLI0037,CRT01085,PRD0013,2026-03-21 22:19:41,9,103.06,927.54,5072.79
TRX004069,CLI0005,CRT00350,PRD0110,2026-01-30 12:35:51,7,286.9,2008.2999999999997,5916.48
TRX004070,CLI0134,CRT03488,PRD0032,2026-06-06 15:59:17,5,224.53,1122.65,1122.65
TRX004071,CLI0071,CRT00289,PRD0001,2026-04-16 21:56:14,3,260.19,780.5699999999999,1130.32
TRX004072,CLI0272,CRT00139,PRD0048,2026-03-18 15:02:26,7,275.16,1926.1200000000001,3301.92
TRX004073,CLI0052,CRT00001,PRD0132,2026-03-26 07:29:01,8,153.95,1231.6,2764.4
TRX004074,CLI0321,CRT03229,PRD0034,2026-01-20 07:39:23,4,115.14,460.56,4893.34
TRX004075,CLI0133,CRT02764,PRD0160,2026-01-03 18:41:54,1,246.16,246.16,594.22
TRX004076,CLI0355,CRT03140,PRD0035,2026-05-27 14:10:05,3,344.9,1034.6999999999998,6091.83
TRX004077,CLI0176,CRT02885,PRD0155,2026-03-19 17:15:54,3,289.44,868.3199999999999,1766.44
TRX004078,CLI0330,CRT01717,PRD0149,2026-01-11 17:41:20,1,344.39,344.39,6423.09
TRX004079,CLI0388,CRT00936,PRD0138,2026-02-22 02:24:28,10,308.17,3081.7000000000003,5405.35
TRX004080,CLI0313,CRT01020,PRD0016,2026-03-01 10:34:34,10,223.15,2231.5,4956.929999999999
TRX004081,CLI0055,CRT02929,PRD0151,2026-07-04 13:54:27,5,121.08,605.4,1661.87
TRX004082,CLI0019,CRT00251,PRD0078,2026-05-23 19:59:31,2,172.26,344.52,4038.54
TRX004083,CLI0307,CRT02145,PRD0025,2026-03-06 13:50:27,8,265.13,2121.04,2121.04
TRX004084,CLI0320,CRT00486,PRD0156,2026-06-18 18:35:52,6,87.81,526.86,1593.18
TRX004085,CLI0056,CRT01619,PRD0083,2026-02-01 09:07:38,4,194.5,778.0,4558.65
TRX004086,CLI0054,CRT02984,PRD0084,2026-03-11 18:10:37,1,129.22,129.22,650.52
TRX004087,CLI0181,CRT00551,PRD0002,2026-06-21 14:23:12,5,38.12,190.6,3277.63
TRX004088,CLI0128,CRT02717,PRD0108,2026-03-18 01:40:51,1,166.93,166.93,166.93
TRX004089,CLI0241,CRT01803,PRD0136,2026-02-04 11:46:08,6,303.73,1822.38,4527.38
TRX004090,CLI0350,CRT01738,PRD0137,2026-03-05 10:06:43,4,116.26,465.04,2914.74
TRX004091,CLI0428,CRT00784,PRD0130,2026-03-19 02:50:15,2,312.35,624.7,4910.05
TRX004092,CLI0075,CRT00993,PRD0141,2026-01-09 21:02:51,10,13.28,132.79999999999998,2656.42
TRX004093,CLI0314,CRT01377,PRD0199,2026-02-13 21:02:55,9,223.09,2007.81,6860.72
TRX004094,CLI0241,CRT01186,PRD0148,2026-04-27 18:39:55,5,270.94,1354.7,5811.17
TRX004095,CLI0060,CRT00570,PRD0121,2026-03-08 02:27:34,2,301.87,603.74,2967.9700000000003
TRX004096,CLI0175,CRT01655,PRD0094,2026-04-08 03:32:39,1,179.52,179.52,1361.75
TRX004097,CLI0188,CRT01584,PRD0103,2026-06-28 21:27:31,6,234.25,1405.5,7245.81
TRX004098,CLI0356,CRT03331,PRD0142,2026-01-20 02:44:09,1,55.45,55.45,5881.88
TRX004099,CLI0012,CRT01073,PRD0130,2026-05-28 11:21:53,8,312.35,2498.8,6280.610000000001
TRX004100,CLI0415,CRT02288,PRD0086,2026-04-06 06:14:20,6,197.06,1182.3600000000001,3585.92
TRX004101,CLI0068,CRT02852,PRD0037,2026-04-13 01:23:48,6,171.38,1028.28,4913.67
TRX004102,CLI0190,CRT01463,PRD0009,2026-02-17 07:28:10,1,297.0,297.0,885.5999999999999
TRX004103,CLI0370,CRT03257,PRD0071,2026-05-05 15:46:55,9,76.57,689.1299999999999,2622.7799999999997
TRX004104,CLI0030,CRT02780,PRD0017,2026-01-22 10:24:27,5,134.36,671.8000000000001,6171.8
TRX004105,CLI0279,CRT02965,PRD0140,2026-02-01 00:46:19,9,80.42,723.78,4108.469999999999
TRX004106,CLI0403,CRT02332,PRD0020,2026-03-12 08:17:30,6,75.82,454.91999999999996,515.5999999999999
TRX004107,CLI0031,CRT00737,PRD0011,2026-01-16 12:56:38,3,104.38,313.14,4026.0999999999995
TRX004108,CLI0205,CRT01615,PRD0095,2026-04-02 17:19:27,9,42.58,383.21999999999997,7091.219999999999
TRX004109,CLI0129,CRT02462,PRD0002,2026-01-25 21:50:25,5,38.12,190.6,1110.4
TRX004110,CLI0391,CRT00129,PRD0023,2026-02-16 12:13:12,7,262.09,1834.6299999999999,6610.22
TRX004111,CLI0417,CRT00206,PRD0049,2026-02-14 01:26:10,8,36.18,289.44,5250.07
TRX004112,CLI0204,CRT03063,PRD0113,2026-05-09 07:05:43,8,310.43,2483.44,5245.05
TRX004113,CLI0275,CRT00517,PRD0175,2026-04-19 20:33:32,1,120.9,120.9,3579.92
TRX004114,CLI0380,CRT03494,PRD0006,2026-06-29 19:54:14,4,207.27,829.08,1937.06
TRX004115,CLI0072,CRT00442,PRD0131,2026-04-25 05:47:49,8,212.13,1697.04,7872.34
TRX004116,CLI0131,CRT02530,PRD0107,2026-07-17 12:41:28,9,114.48,1030.32,4632.490000000001
TRX004117,CLI0143,CRT00989,PRD0122,2026-06-08 22:53:16,5,224.09,1120.45,2388.99
TRX004118,CLI0233,CRT01165,PRD0021,2026-05-11 15:26:30,7,175.98,1231.86,4549.96
TRX004119,CLI0221,CRT01120,PRD0044,2026-07-20 15:51:02,8,248.47,1987.76,1987.76
TRX004120,CLI0229,CRT00838,PRD0002,2026-07-12 21:40:05,10,38.12,381.2,3747.5099999999998
TRX004121,CLI0408,CRT01686,PRD0075,2026-01-20 23:43:18,8,38.5,308.0,308.0
TRX004122,CLI0085,CRT01435,PRD0153,2026-03-12 04:04:43,1,63.71,63.71,7508.799999999999
TRX004123,CLI0407,CRT03255,PRD0177,2026-07-16 21:23:35,1,221.23,221.23,2697.67
TRX004124,CLI0071,CRT02339,PRD0117,2026-07-12 19:46:28,9,196.2,1765.8,3984.79
TRX004125,CLI0161,CRT02351,PRD0017,2026-02-18 15:36:42,4,134.36,537.44,670.24
TRX004126,CLI0398,CRT02553,PRD0053,2026-07-24 12:32:20,1,99.29,99.29,7263.709999999999
TRX004127,CLI0228,CRT01059,PRD0129,2026-05-10 00:54:28,8,4.55,36.4,1908.6799999999998
TRX004128,CLI0069,CRT02482,PRD0073,2026-03-13 11:33:40,7,292.23,2045.6100000000001,9534.51
TRX004129,CLI0220,CRT03135,PRD0187,2026-03-29 10:48:35,5,241.37,1206.85,3104.6299999999997
TRX004130,CLI0097,CRT02297,PRD0085,2026-05-18 10:42:39,5,239.52,1197.6000000000001,8494.58
TRX004131,CLI0063,CRT01275,PRD0095,2026-05-26 19:29:23,1,42.58,42.58,2098.9
TRX004132,CLI0369,CRT01368,PRD0124,2026-02-19 23:00:40,6,96.92,581.52,7058.67
TRX004133,CLI0075,CRT01208,PRD0069,2026-06-02 05:36:44,9,112.37,1011.33,5385.62
TRX004134,CLI0302,CRT00172,PRD0078,2026-05-10 06:09:09,4,172.26,689.04,2604.04
TRX004135,CLI0352,CRT02944,PRD0023,2026-06-05 06:50:21,6,262.09,1572.54,3639.06
TRX004136,CLI0102,CRT02813,PRD0038,2026-01-22 19:15:49,6,231.76,1390.56,6290.7
TRX004137,CLI0249,CRT01364,PRD0086,2026-01-14 15:52:09,1,197.06,197.06,5839.25
TRX004138,CLI0096,CRT02844,PRD0016,2026-03-05 10:14:09,2,223.15,446.3,3113.7200000000003
TRX004139,CLI0426,CRT01623,PRD0088,2026-01-18 18:08:11,8,64.83,518.64,4574.05
TRX004140,CLI0172,CRT03383,PRD0147,2026-01-06 06:27:47,3,208.25,624.75,4094.71
TRX004141,CLI0127,CRT02744,PRD0163,2026-01-20 09:50:05,8,278.04,2224.32,3983.1000000000004
TRX004142,CLI0245,CRT03020,PRD0138,2026-06-02 05:45:32,3,308.17,924.51,6637.39
TRX004143,CLI0434,CRT01574,PRD0136,2026-07-11 10:05:56,8,303.73,2429.84,4339.02
TRX004144,CLI0195,CRT02856,PRD0101,2026-04-15 19:06:49,10,26.82,268.2,2194.32
TRX004145,CLI0427,CRT02609,PRD0151,2026-06-22 19:58:45,8,121.08,968.64,4974.91
TRX004146,CLI0041,CRT02476,PRD0170,2026-01-16 05:00:29,4,100.84,403.36,805.12
TRX004147,CLI0199,CRT02305,PRD0049,2026-07-12 23:29:10,3,36.18,108.53999999999999,3887.46
TRX004148,CLI0204,CRT03354,PRD0071,2026-05-09 15:41:12,9,76.57,689.1299999999999,725.3099999999998
TRX004149,CLI0161,CRT02631,PRD0022,2026-04-08 21:00:17,3,51.02,153.06,483.55
TRX004150,CLI0081,CRT03039,PRD0149,2026-03-11 03:20:50,10,344.39,3443.8999999999996,6798.5
TRX004151,CLI0161,CRT00644,PRD0153,2026-03-23 23:46:31,1,63.71,63.71,1866.75
TRX004152,CLI0201,CRT03043,PRD0077,2026-02-17 20:21:47,2,75.69,151.38,151.38
TRX004153,CLI0005,CRT00575,PRD0156,2026-06-29 09:35:17,9,87.81,790.29,6339.99
TRX004154,CLI0031,CRT00878,PRD0109,2026-03-14 07:18:25,4,181.62,726.48,5404.64
TRX004155,CLI0151,CRT00327,PRD0188,2026-04-25 06:27:35,3,281.86,845.58,3391.2599999999998
TRX004156,CLI0372,CRT03065,PRD0075,2026-04-02 04:42:56,1,38.5,38.5,1648.45
TRX004157,CLI0211,CRT01171,PRD0099,2026-05-20 20:59:03,6,248.8,1492.8000000000002,1792.6400000000003
TRX004158,CLI0108,CRT00148,PRD0092,2026-07-14 06:08:19,2,10.72,21.44,7225.42
TRX004159,CLI0259,CRT00492,PRD0040,2026-06-25 15:17:03,2,256.15,512.3,4389.3099999999995
TRX004160,CLI0106,CRT01795,PRD0170,2026-06-03 07:50:54,3,100.84,302.52,3152.98
TRX004161,CLI0131,CRT01734,PRD0105,2026-05-31 02:02:10,2,200.26,400.52,8364.53
TRX004162,CLI0394,CRT00973,PRD0150,2026-02-13 12:12:14,4,151.36,605.44,3007.98
TRX004163,CLI0191,CRT00708,PRD0165,2026-04-29 01:09:19,5,194.83,974.1500000000001,7180.0
TRX004164,CLI0102,CRT00632,PRD0010,2026-05-28 20:58:03,1,162.15,162.15,1704.5700000000002
TRX004165,CLI0241,CRT00135,PRD0146,2026-01-14 23:05:51,7,318.04,2226.28,3551.01
TRX004166,CLI0293,CRT00033,PRD0044,2026-05-13 20:48:25,4,248.47,993.88,5933.81
TRX004167,CLI0037,CRT01263,PRD0132,2026-05-27 09:07:26,7,153.95,1077.6499999999999,4177.43
TRX004168,CLI0008,CRT01201,PRD0144,2026-07-09 04:03:41,9,213.05,1917.45,7110.4800000000005
TRX004169,CLI0313,CRT02153,PRD0192,2026-05-10 11:35:20,1,241.82,241.82,5490.34
TRX004170,CLI0380,CRT01181,PRD0134,2026-06-19 02:50:34,2,343.3,686.6,11144.84
TRX004171,CLI0276,CRT00367,PRD0193,2026-06-29 15:50:47,10,190.14,1901.3999999999999,6999.0199999999995
TRX004172,CLI0202,CRT02701,PRD0061,2026-05-23 19:31:49,10,111.48,1114.8,2764.66
TRX004173,CLI0052,CRT03393,PRD0158,2026-03-19 12:13:17,1,12.47,12.47,4524.15
TRX004174,CLI0253,CRT00706,PRD0178,2026-02-25 12:26:55,6,198.09,1188.54,3781.13
TRX004175,CLI0188,CRT00518,PRD0036,2026-06-06 10:01:58,1,86.2,86.2,2234.51
TRX004176,CLI0245,CRT02382,PRD0085,2026-07-10 02:30:12,3,239.52,718.5600000000001,4640.24
TRX004177,CLI0043,CRT03003,PRD0146,2026-05-29 15:21:31,5,318.04,1590.2,9409.33
TRX004178,CLI0311,CRT02605,PRD0001,2026-02-19 05:12:44,1,260.19,260.19,6743.13
TRX004179,CLI0058,CRT00958,PRD0191,2026-02-16 21:18:55,7,288.92,2022.44,2263.81
TRX004180,CLI0369,CRT01368,PRD0023,2026-02-19 23:00:40,6,262.09,1572.54,7058.67
TRX004181,CLI0055,CRT01851,PRD0162,2026-03-24 05:35:55,2,195.42,390.84,796.02
TRX004182,CLI0210,CRT02067,PRD0084,2026-01-29 04:24:02,2,129.22,258.44,4401.44
TRX004183,CLI0112,CRT03244,PRD0020,2026-01-08 11:55:31,8,75.82,606.56,4233.45
TRX004184,CLI0135,CRT00689,PRD0060,2026-01-21 15:22:23,5,339.13,1695.65,2636.17
TRX004185,CLI0356,CRT02694,PRD0126,2026-07-10 03:26:33,8,146.67,1173.36,4393.959999999999
TRX004186,CLI0148,CRT02560,PRD0021,2026-07-07 15:41:25,2,175.98,351.96,351.96
TRX004187,CLI0257,CRT00138,PRD0038,2026-01-31 13:53:46,2,231.76,463.52,8168.21
TRX004188,CLI0148,CRT03375,PRD0103,2026-07-07 00:06:47,8,234.25,1874.0,6787.18
TRX004189,CLI0021,CRT02069,PRD0023,2026-05-14 05:34:53,1,262.09,262.09,3802.27
TRX004190,CLI0320,CRT01016,PRD0080,2026-04-01 04:43:21,7,342.98,2400.86,8480.2
TRX004191,CLI0337,CRT03489,PRD0107,2026-06-07 04:29:07,5,114.48,572.4,3861.76
TRX004192,CLI0284,CRT01598,PRD0085,2026-04-15 10:34:48,9,239.52,2155.6800000000003,3142.1800000000003
TRX004193,CLI0056,CRT00996,PRD0178,2026-04-17 06:29:23,6,198.09,1188.54,2958.62
TRX004194,CLI0419,CRT00063,PRD0084,2026-07-23 11:02:02,8,129.22,1033.76,1033.76
TRX004195,CLI0061,CRT02063,PRD0096,2026-06-27 07:44:31,10,15.79,157.89999999999998,1407.2599999999998
TRX004196,CLI0379,CRT03378,PRD0169,2026-03-20 08:41:16,7,259.17,1814.19,4219.360000000001
TRX004197,CLI0433,CRT00220,PRD0078,2026-02-10 03:46:33,9,172.26,1550.34,4536.99
TRX004198,CLI0206,CRT02904,PRD0076,2026-06-05 09:53:05,9,260.49,2344.41,8624.66
TRX004199,CLI0022,CRT01461,PRD0196,2026-03-23 20:55:04,7,349.85,2448.9500000000003,5401.040000000001
TRX004200,CLI0426,CRT01623,PRD0078,2026-01-18 18:08:11,4,172.26,689.04,4574.05
TRX004201,CLI0072,CRT03096,PRD0103,2026-02-01 20:42:25,2,234.25,468.5,3364.22
TRX004202,CLI0016,CRT02002,PRD0097,2026-04-24 05:18:02,3,275.78,827.3399999999999,4060.27
TRX004203,CLI0161,CRT03231,PRD0005,2026-06-12 16:24:57,5,228.33,1141.65,1462.13
TRX004204,CLI0136,CRT02922,PRD0076,2026-07-04 04:51:52,1,260.49,260.49,4049.57
TRX004205,CLI0421,CRT00781,PRD0112,2026-04-05 02:07:21,8,344.42,2755.36,4432.0
TRX004206,CLI0184,CRT00927,PRD0193,2026-01-21 17:21:09,10,190.14,1901.3999999999999,3556.1499999999996
TRX004207,CLI0241,CRT03121,PRD0001,2026-02-07 23:18:34,1,260.19,260.19,2631.5899999999997
TRX004208,CLI0320,CRT02983,PRD0056,2026-03-15 12:41:03,5,143.73,718.65,1944.3700000000001
TRX004209,CLI0219,CRT02859,PRD0044,2026-05-03 02:14:01,5,248.47,1242.35,2773.17
TRX004210,CLI0134,CRT02340,PRD0137,2026-01-03 10:54:12,9,116.26,1046.3400000000001,4123.46
TRX004211,CLI0408,CRT02029,PRD0185,2026-05-19 21:34:20,2,144.46,288.92,3875.84
TRX004212,CLI0008,CRT01382,PRD0046,2026-07-06 15:35:13,4,234.97,939.88,2439.57
TRX004213,CLI0158,CRT00015,PRD0146,2026-07-20 14:28:16,9,318.04,2862.36,6826.68
TRX004214,CLI0312,CRT00803,PRD0139,2026-03-03 20:30:12,9,30.96,278.64,3158.14
TRX004215,CLI0007,CRT00777,PRD0016,2026-02-23 23:52:30,2,223.15,446.3,446.3
TRX004216,CLI0271,CRT02876,PRD0069,2026-06-04 13:31:45,10,112.37,1123.7,1271.88
TRX004217,CLI0079,CRT00837,PRD0196,2026-01-13 14:18:15,1,349.85,349.85,349.85
TRX004218,CLI0028,CRT00008,PRD0150,2026-04-03 00:08:20,2,151.36,302.72,1083.29
TRX004219,CLI0385,CRT00168,PRD0029,2026-02-18 06:00:11,2,95.22,190.44,1869.4699999999998
TRX004220,CLI0421,CRT00267,PRD0191,2026-07-03 14:53:56,5,288.92,1444.6000000000001,5341.6900000000005
TRX004221,CLI0052,CRT02812,PRD0198,2026-04-21 17:54:53,6,156.17,937.02,2775.5
TRX004222,CLI0427,CRT01874,PRD0119,2026-04-05 18:39:54,7,332.64,2328.48,7503.07
TRX004223,CLI0135,CRT03149,PRD0133,2026-05-14 00:08:01,8,238.5,1908.0,3008.08
TRX004224,CLI0168,CRT03290,PRD0034,2026-06-01 13:56:21,7,115.14,805.98,4667.88
TRX004225,CLI0312,CRT00058,PRD0188,2026-06-24 14:37:34,8,281.86,2254.88,5289.98
TRX004226,CLI0268,CRT03040,PRD0077,2026-04-07 04:33:21,8,75.69,605.52,4426.47
TRX004227,CLI0291,CRT02565,PRD0120,2026-02-24 06:45:31,7,291.12,2037.8400000000001,4777.66
TRX004228,CLI0398,CRT02684,PRD0057,2026-06-27 23:58:33,2,59.71,119.42,327.49
TRX004229,CLI0283,CRT02758,PRD0009,2026-03-11 22:07:01,10,297.0,2970.0,5379.12
TRX004230,CLI0012,CRT02692,PRD0053,2026-05-31 20:51:41,6,99.29,595.74,2632.78
TRX004231,CLI0022,CRT02322,PRD0076,2026-04-30 18:39:03,3,260.49,781.47,7126.6
TRX004232,CLI0402,CRT01739,PRD0188,2026-02-07 13:12:58,5,281.86,1409.3000000000002,3735.5
TRX004233,CLI0372,CRT02031,PRD0030,2026-04-19 18:23:47,10,153.58,1535.8000000000002,4682.43
TRX004234,CLI0252,CRT01870,PRD0019,2026-07-25 15:44:30,7,13.65,95.55,4547.21
TRX004235,CLI0171,CRT01934,PRD0109,2026-01-03 03:44:16,1,181.62,181.62,6386.52
TRX004236,CLI0066,CRT02729,PRD0035,2026-07-06 22:39:27,2,344.9,689.8,3400.7800000000007
TRX004237,CLI0066,CRT02994,PRD0103,2026-02-16 14:01:05,8,234.25,1874.0,3581.1499999999996
TRX004238,CLI0099,CRT03240,PRD0057,2026-06-05 01:04:33,1,59.71,59.71,6517.38
TRX004239,CLI0103,CRT01362,PRD0025,2026-04-07 08:02:02,10,265.13,2651.3,7388.38
TRX004240,CLI0131,CRT02541,PRD0039,2026-03-05 21:55:24,3,305.67,917.01,3783.45
TRX004241,CLI0403,CRT00621,PRD0018,2026-05-05 10:55:26,2,115.19,230.38,2532.63
TRX004242,CLI0097,CRT02297,PRD0023,2026-05-18 10:42:39,8,262.09,2096.72,8494.58
TRX004243,CLI0299,CRT00050,PRD0140,2026-07-14 03:38:53,7,80.42,562.94,5921.8099999999995
TRX004244,CLI0388,CRT01504,PRD0155,2026-04-07 03:13:13,5,289.44,1447.2,2063.62
TRX004245,CLI0365,CRT01151,PRD0190,2026-04-08 14:46:59,6,23.22,139.32,5981.91
TRX004246,CLI0180,CRT00860,PRD0131,2026-06-07 16:06:01,2,212.13,424.26,1736.03
TRX004247,CLI0412,CRT01680,PRD0170,2026-02-27 22:44:23,8,100.84,806.72,2461.3999999999996
TRX004248,CLI0244,CRT00349,PRD0097,2026-05-24 23:38:25,8,275.78,2206.24,4083.8
TRX004249,CLI0383,CRT03259,PRD0136,2026-03-11 11:36:19,1,303.73,303.73,3275.37
TRX004250,CLI0269,CRT02559,PRD0106,2026-04-17 23:49:49,3,102.2,306.6,4108.5199999999995
TRX004251,CLI0094,CRT00592,PRD0146,2026-07-15 18:36:35,3,318.04,954.1200000000001,954.1200000000001
TRX004252,CLI0410,CRT01024,PRD0168,2026-06-07 15:05:46,4,260.65,1042.6,1466.9199999999998
TRX004253,CLI0078,CRT00900,PRD0105,2026-03-29 14:18:11,9,200.26,1802.34,5265.0
TRX004254,CLI0395,CRT00567,PRD0051,2026-03-04 12:22:00,1,142.41,142.41,4504.58
TRX004255,CLI0007,CRT01493,PRD0116,2026-03-14 12:33:29,5,281.93,1409.65,10058.01
TRX004256,CLI0398,CRT02553,PRD0179,2026-07-24 12:32:20,6,196.43,1178.58,7263.709999999999
TRX004257,CLI0328,CRT01266,PRD0117,2026-01-01 01:22:39,4,196.2,784.8,3542.64
TRX004258,CLI0174,CRT02678,PRD0090,2026-06-01 15:47:41,5,15.96,79.80000000000001,3928.71
TRX004259,CLI0271,CRT01011,PRD0121,2026-01-23 17:36:34,8,301.87,2414.96,4008.46
TRX004260,CLI0124,CRT03493,PRD0064,2026-02-13 18:37:25,9,237.14,2134.2599999999998,6236.67
TRX004261,CLI0043,CRT02421,PRD0186,2026-05-21 23:55:17,3,13.84,41.519999999999996,4010.17
TRX004262,CLI0053,CRT02237,PRD0027,2026-01-04 21:40:10,8,209.57,1676.56,1712.74
TRX004263,CLI0421,CRT00267,PRD0099,2026-07-03 14:53:56,8,248.8,1990.4,5341.6900000000005
TRX004264,CLI0100,CRT00545,PRD0023,2026-01-09 21:49:39,3,262.09,786.27,5921.43
TRX004265,CLI0276,CRT00426,PRD0110,2026-02-20 09:35:02,6,286.9,1721.3999999999999,5635.61
TRX004266,CLI0270,CRT03280,PRD0082,2026-02-25 03:44:49,4,316.62,1266.48,9199.67
TRX004267,CLI0363,CRT03338,PRD0068,2026-04-27 23:51:30,3,140.04,420.12,1707.01
TRX004268,CLI0371,CRT00231,PRD0084,2026-05-25 08:09:18,1,129.22,129.22,2402.31
TRX004269,CLI0360,CRT02697,PRD0104,2026-04-22 10:51:47,10,46.73,467.29999999999995,9658.1
TRX004270,CLI0373,CRT02655,PRD0019,2026-04-11 10:53:23,6,13.65,81.9,1907.48
TRX004271,CLI0267,CRT00946,PRD0124,2026-01-28 16:26:33,10,96.92,969.2,3069.09
TRX004272,CLI0231,CRT00627,PRD0133,2026-07-10 12:11:04,3,238.5,715.5,2530.4300000000003
TRX004273,CLI0174,CRT02678,PRD0199,2026-06-01 15:47:41,9,223.09,2007.81,3928.71
TRX004274,CLI0351,CRT01182,PRD0179,2026-06-12 19:37:53,5,196.43,982.1500000000001,6454.070000000001
TRX004275,CLI0153,CRT01752,PRD0002,2026-02-23 05:50:01,9,38.12,343.08,2406.78
TRX004276,CLI0167,CRT02924,PRD0016,2026-01-15 22:47:25,10,223.15,2231.5,6278.35
TRX004277,CLI0351,CRT01872,PRD0043,2026-06-04 04:46:48,9,194.99,1754.91,2849.8500000000004
TRX004278,CLI0008,CRT01788,PRD0161,2026-07-03 19:08:42,8,331.95,2655.6,3958.85
TRX004279,CLI0219,CRT01685,PRD0171,2026-02-23 12:38:43,4,127.91,511.64,3315.7200000000003
TRX004280,CLI0426,CRT02151,PRD0174,2026-02-05 20:15:38,6,6.76,40.56,4552.94
TRX004281,CLI0409,CRT02750,PRD0063,2026-02-27 09:57:47,9,30.34,273.06,6621.69
TRX004282,CLI0130,CRT01247,PRD0173,2026-03-17 17:00:04,8,330.57,2644.56,6874.58
TRX004283,CLI0361,CRT00323,PRD0019,2026-07-01 23:34:46,3,13.65,40.95,3050.01
TRX004284,CLI0091,CRT00618,PRD0082,2026-04-18 18:11:23,8,316.62,2532.96,2532.96
TRX004285,CLI0184,CRT02824,PRD0166,2026-07-01 07:13:33,3,124.75,374.25,726.21
TRX004286,CLI0133,CRT01909,PRD0034,2026-06-22 03:52:16,10,115.14,1151.4,1944.2
TRX004287,CLI0193,CRT00876,PRD0093,2026-05-30 19:10:48,10,302.86,3028.6000000000004,8502.19
TRX004288,CLI0160,CRT00064,PRD0192,2026-03-13 17:53:57,4,241.82,967.28,5564.969999999999
TRX004289,CLI0207,CRT03199,PRD0167,2026-03-23 18:50:00,4,82.61,330.44,7461.8
TRX004290,CLI0080,CRT02816,PRD0090,2026-07-16 23:54:26,6,15.96,95.76,2084.77
TRX004291,CLI0433,CRT02777,PRD0036,2026-01-24 23:06:28,8,86.2,689.6,5658.4
TRX004292,CLI0147,CRT00303,PRD0174,2026-04-19 00:27:53,1,6.76,6.76,4375.53
TRX004293,CLI0093,CRT00223,PRD0083,2026-06-06 13:49:34,3,194.5,583.5,3125.6000000000004
TRX004294,CLI0296,CRT00511,PRD0084,2026-05-14 04:17:24,5,129.22,646.1,3085.1800000000003
TRX004295,CLI0151,CRT00562,PRD0062,2026-03-29 04:15:36,1,321.99,321.99,2910.41
TRX004296,CLI0219,CRT02854,PRD0083,2026-01-05 22:26:41,10,194.5,1945.0,4473.66
TRX004297,CLI0351,CRT01872,PRD0098,2026-06-04 04:46:48,4,136.36,545.44,2849.8500000000004
TRX004298,CLI0255,CRT01676,PRD0113,2026-06-12 02:44:32,10,310.43,3104.3,6865.97
TRX004299,CLI0315,CRT03237,PRD0015,2026-06-03 19:53:48,9,125.96,1133.6399999999999,2364.4399999999996
TRX004300,CLI0304,CRT02211,PRD0115,2026-07-24 22:48:10,7,301.5,2110.5,4781.82
TRX004301,CLI0288,CRT00105,PRD0179,2026-06-15 21:37:06,7,196.43,1375.01,7678.25
TRX004302,CLI0399,CRT02988,PRD0106,2026-06-17 05:20:13,4,102.2,408.8,3170.6000000000004
TRX004303,CLI0157,CRT02775,PRD0138,2026-06-12 03:09:55,10,308.17,3081.7000000000003,4600.990000000001
TRX004304,CLI0014,CRT01514,PRD0118,2026-07-22 00:05:20,9,163.96,1475.64,4234.84
TRX004305,CLI0021,CRT02826,PRD0117,2026-02-04 14:21:53,5,196.2,981.0,3473.94
TRX004306,CLI0217,CRT02716,PRD0118,2026-06-18 00:00:11,7,163.96,1147.72,3098.06
TRX004307,CLI0295,CRT01409,PRD0079,2026-07-23 07:32:31,5,98.65,493.25,2715.07
TRX004308,CLI0062,CRT00587,PRD0196,2026-01-21 17:56:14,9,349.85,3148.65,4447.16
TRX004309,CLI0389,CRT02174,PRD0034,2026-03-13 13:01:40,5,115.14,575.7,804.6800000000001
TRX004310,CLI0233,CRT01692,PRD0010,2026-06-21 19:56:10,5,162.15,810.75,2195.9500000000003
TRX004311,CLI0190,CRT02053,PRD0153,2026-06-23 19:09:37,3,63.71,191.13,4760.9400000000005
TRX004312,CLI0047,CRT02441,PRD0129,2026-01-05 15:21:10,8,4.55,36.4,4425.41
TRX004313,CLI0291,CRT03417,PRD0003,2026-07-22 12:38:01,4,149.12,596.48,596.48
TRX004314,CLI0017,CRT02607,PRD0016,2026-02-02 18:07:44,10,223.15,2231.5,4678.12
TRX004315,CLI0043,CRT02921,PRD0199,2026-06-30 19:59:54,9,223.09,2007.81,3230.7
TRX004316,CLI0415,CRT03269,PRD0070,2026-03-24 15:38:00,4,218.35,873.4,6443.48
TRX004317,CLI0234,CRT02733,PRD0160,2026-01-22 09:15:15,6,246.16,1476.96,1476.96
TRX004318,CLI0260,CRT01952,PRD0140,2026-02-26 21:23:45,7,80.42,562.94,6487.39
TRX004319,CLI0345,CRT01603,PRD0023,2026-01-27 14:25:52,6,262.09,1572.54,8903.16
TRX004320,CLI0421,CRT01128,PRD0045,2026-04-24 06:24:51,3,301.22,903.6600000000001,903.6600000000001
TRX004321,CLI0330,CRT01292,PRD0197,2026-03-20 18:11:34,4,267.68,1070.72,6932.87
TRX004322,CLI0231,CRT03150,PRD0039,2026-02-02 23:05:38,10,305.67,3056.7000000000003,7782.700000000001
TRX004323,CLI0372,CRT00128,PRD0185,2026-07-26 20:21:13,2,144.46,288.92,6569.53
TRX004324,CLI0080,CRT00659,PRD0161,2026-01-22 23:50:30,9,331.95,2987.5499999999997,6917.66
TRX004325,CLI0071,CRT01999,PRD0049,2026-07-25 15:36:46,9,36.18,325.62,8050.73
TRX004326,CLI0354,CRT00060,PRD0095,2026-03-02 01:47:40,7,42.58,298.06,5345.24
TRX004327,CLI0013,CRT02327,PRD0173,2026-02-15 16:04:52,8,330.57,2644.56,9184.79
TRX004328,CLI0360,CRT01304,PRD0066,2026-06-16 04:45:09,7,148.18,1037.26,4317.66
TRX004329,CLI0241,CRT01186,PRD0116,2026-04-27 18:39:55,3,281.93,845.79,5811.17
TRX004330,CLI0224,CRT02625,PRD0151,2026-07-26 08:29:47,3,121.08,363.24,4957.65
TRX004331,CLI0284,CRT00027,PRD0010,2026-01-16 14:05:38,8,162.15,1297.2,6808.740000000001
TRX004332,CLI0404,CRT01104,PRD0138,2026-03-25 16:30:12,4,308.17,1232.68,1699.98
TRX004333,CLI0426,CRT01623,PRD0167,2026-01-18 18:08:11,6,82.61,495.65999999999997,4574.05
TRX004334,CLI0247,CRT00470,PRD0049,2026-06-22 17:25:59,4,36.18,144.72,1884.01
TRX004335,CLI0306,CRT00336,PRD0135,2026-01-14 22:46:08,4,198.63,794.52,3265.56
TRX004336,CLI0066,CRT01822,PRD0121,2026-05-08 10:13:51,5,301.87,1509.35,4626.85
TRX004337,CLI0155,CRT02682,PRD0150,2026-06-26 21:42:19,1,151.36,151.36,332.12
TRX004338,CLI0420,CRT02076,PRD0075,2026-07-09 17:47:47,7,38.5,269.5,1814.08
TRX004339,CLI0339,CRT01658,PRD0156,2026-03-04 09:00:55,3,87.81,263.43,4565.55
TRX004340,CLI0149,CRT01938,PRD0101,2026-01-10 17:44:57,1,26.82,26.82,3903.25
TRX004341,CLI0231,CRT01931,PRD0069,2026-05-30 08:50:01,2,112.37,224.74,2030.7099999999998
TRX004342,CLI0235,CRT02666,PRD0085,2026-06-17 05:57:35,7,239.52,1676.64,4253.52
TRX004343,CLI0069,CRT00420,PRD0194,2026-06-23 12:04:18,7,311.57,2180.99,6483.099999999999
TRX004344,CLI0027,CRT02838,PRD0174,2026-06-23 12:27:25,4,6.76,27.04,583.9399999999999
TRX004345,CLI0114,CRT02752,PRD0137,2026-04-07 03:49:22,4,116.26,465.04,713.51
TRX004346,CLI0174,CRT02234,PRD0184,2026-06-16 00:56:44,5,85.85,429.25,875.55
TRX004347,CLI0023,CRT00862,PRD0110,2026-03-01 07:16:13,1,286.9,286.9,4339.56
TRX004348,CLI0096,CRT01880,PRD0167,2026-04-22 22:57:45,2,82.61,165.22,2502.9300000000003
TRX004349,CLI0342,CRT01490,PRD0031,2026-04-03 14:28:28,5,267.28,1336.3999999999999,5172.61
TRX004350,CLI0037,CRT00137,PRD0171,2026-05-01 07:04:59,3,127.91,383.73,3487.13
TRX004351,CLI0209,CRT00374,PRD0200,2026-04-10 16:25:29,2,144.4,288.8,3803.2799999999997
TRX004352,CLI0256,CRT03287,PRD0044,2026-01-12 09:59:28,6,248.47,1490.82,4991.0
TRX004353,CLI0013,CRT02327,PRD0127,2026-02-15 16:04:52,7,24.14,168.98000000000002,9184.79
TRX004354,CLI0103,CRT03495,PRD0030,2026-05-02 17:29:35,4,153.58,614.32,837.4100000000001
TRX004355,CLI0200,CRT02436,PRD0065,2026-06-26 11:13:32,5,88.06,440.3,5224.31
TRX004356,CLI0103,CRT02855,PRD0193,2026-01-24 01:51:18,6,190.14,1140.84,4761.91
TRX004357,CLI0342,CRT03498,PRD0069,2026-03-12 14:14:33,3,112.37,337.11,4475.99
TRX004358,CLI0256,CRT00983,PRD0088,2026-05-20 00:12:33,7,64.83,453.81,3379.37
TRX004359,CLI0115,CRT02975,PRD0055,2026-01-27 10:15:37,4,349.75,1399.0,3633.65
TRX004360,CLI0222,CRT03435,PRD0167,2026-05-30 02:56:19,7,82.61,578.27,2690.17
TRX004361,CLI0142,CRT03413,PRD0141,2026-03-21 06:56:18,3,13.28,39.839999999999996,1354.0
TRX004362,CLI0197,CRT01274,PRD0037,2026-06-26 17:33:05,9,171.38,1542.42,3168.27
TRX004363,CLI0130,CRT01745,PRD0112,2026-05-22 14:00:22,9,344.42,3099.78,3099.78
TRX004364,CLI0341,CRT02586,PRD0176,2026-04-13 13:46:42,7,288.19,2017.33,4698.82
TRX004365,CLI0142,CRT01425,PRD0126,2026-01-14 02:18:25,3,146.67,440.01,2308.51
TRX004366,CLI0332,CRT00092,PRD0169,2026-02-27 07:31:36,4,259.17,1036.68,1036.68
TRX004367,CLI0294,CRT00999,PRD0181,2026-07-21 20:28:05,4,318.21,1272.84,4455.38
TRX004368,CLI0139,CRT00647,PRD0167,2026-04-24 13:13:20,6,82.61,495.65999999999997,4714.639999999999
TRX004369,CLI0101,CRT00326,PRD0167,2026-07-18 07:02:42,8,82.61,660.88,2894.8900000000003
TRX004370,CLI0044,CRT00481,PRD0174,2026-02-25 16:21:17,1,6.76,6.76,4245.01
TRX004371,CLI0434,CRT01838,PRD0180,2026-07-04 05:23:25,5,217.4,1087.0,1665.2
TRX004372,CLI0292,CRT02099,PRD0181,2026-05-14 06:53:44,5,318.21,1591.05,2936.5299999999997
TRX004373,CLI0229,CRT00351,PRD0022,2026-03-03 23:23:02,5,51.02,255.10000000000002,4552.38
TRX004374,CLI0109,CRT00397,PRD0141,2026-04-16 23:31:03,6,13.28,79.67999999999999,2234.37
TRX004375,CLI0201,CRT03412,PRD0037,2026-05-31 15:11:35,6,171.38,1028.28,2884.1899999999996
TRX004376,CLI0228,CRT02688,PRD0038,2026-04-05 00:25:20,2,231.76,463.52,4332.24
TRX004377,CLI0303,CRT01115,PRD0163,2026-04-16 08:41:10,5,278.04,1390.2,12062.19
TRX004378,CLI0242,CRT00434,PRD0025,2026-06-17 05:24:41,4,265.13,1060.52,5003.32
TRX004379,CLI0334,CRT02018,PRD0109,2026-04-24 12:34:12,5,181.62,908.1,4686.0
TRX004380,CLI0233,CRT02038,PRD0047,2026-03-28 08:35:45,5,327.59,1637.9499999999998,4842.16
TRX004381,CLI0235,CRT00276,PRD0120,2026-06-18 21:27:22,3,291.12,873.36,4440.64
TRX004382,CLI0302,CRT00172,PRD0072,2026-05-10 06:09:09,2,308.05,616.1,2604.04
TRX004383,CLI0092,CRT01091,PRD0020,2026-06-30 21:42:14,2,75.82,151.64,713.3
TRX004384,CLI0202,CRT02663,PRD0042,2026-01-25 04:45:57,2,88.65,177.3,2921.1400000000003
TRX004385,CLI0256,CRT02642,PRD0155,2026-06-24 16:35:40,8,289.44,2315.52,2787.7799999999997
TRX004386,CLI0425,CRT03196,PRD0051,2026-01-14 21:02:20,6,142.41,854.46,1197.9
TRX004387,CLI0284,CRT00279,PRD0047,2026-04-21 21:18:12,5,327.59,1637.9499999999998,6987.15
TRX004388,CLI0105,CRT02495,PRD0063,2026-02-02 03:20:27,10,30.34,303.4,7108.72
TRX004389,CLI0063,CRT03274,PRD0044,2026-01-03 11:35:58,5,248.47,1242.35,4988.08
TRX004390,CLI0085,CRT03047,PRD0011,2026-01-14 13:31:30,5,104.38,521.9,2219.4300000000003
TRX004391,CLI0007,CRT01912,PRD0049,2026-02-13 23:52:37,10,36.18,361.8,2014.6499999999999
TRX004392,CLI0316,CRT03173,PRD0179,2026-04-16 03:46:28,6,196.43,1178.58,5610.280000000001
TRX004393,CLI0402,CRT02303,PRD0161,2026-05-01 22:23:14,8,331.95,2655.6,7725.2
TRX004394,CLI0315,CRT00352,PRD0120,2026-06-09 08:52:38,5,291.12,1455.6,4474.299999999999
TRX004395,CLI0027,CRT01413,PRD0105,2026-01-29 13:56:34,3,200.26,600.78,5060.05
TRX004396,CLI0229,CRT03258,PRD0148,2026-04-19 21:42:42,2,270.94,541.88,8111.16
TRX004397,CLI0304,CRT01092,PRD0156,2026-06-11 16:13:56,9,87.81,790.29,1983.25
TRX004398,CLI0321,CRT03073,PRD0125,2026-01-24 08:25:52,9,54.91,494.18999999999994,6953.1900000000005
TRX004399,CLI0101,CRT00326,PRD0131,2026-07-18 07:02:42,5,212.13,1060.65,2894.8900000000003
TRX004400,CLI0182,CRT01167,PRD0086,2026-02-27 06:45:52,3,197.06,591.1800000000001,1321.54
TRX004401,CLI0352,CRT02594,PRD0133,2026-06-18 17:18:05,5,238.5,1192.5,2231.85
TRX004402,CLI0327,CRT00480,PRD0073,2026-01-05 10:19:12,7,292.23,2045.6100000000001,3558.15
TRX004403,CLI0220,CRT00331,PRD0158,2026-03-13 20:15:54,4,12.47,49.88,2011.19
TRX004404,CLI0432,CRT03307,PRD0108,2026-04-06 22:29:59,9,166.93,1502.3700000000001,3007.51
TRX004405,CLI0158,CRT00015,PRD0028,2026-07-20 14:28:16,2,301.62,603.24,6826.68
TRX004406,CLI0020,CRT03120,PRD0056,2026-05-20 05:40:13,6,143.73,862.3799999999999,862.3799999999999
TRX004407,CLI0296,CRT00149,PRD0146,2026-07-15 05:46:06,2,318.04,636.08,3419.45
TRX004408,CLI0068,CRT02834,PRD0113,2026-01-29 03:55:39,3,310.43,931.29,4066.59
TRX004409,CLI0245,CRT01421,PRD0150,2026-07-08 21:07:17,10,151.36,1513.6000000000001,7697.77
TRX004410,CLI0323,CRT00375,PRD0122,2026-04-14 15:45:57,2,224.09,448.18,2684.2200000000003
TRX004411,CLI0179,CRT00556,PRD0036,2026-03-30 10:04:02,2,86.2,172.4,4624.6
TRX004412,CLI0232,CRT03289,PRD0022,2026-02-13 21:53:50,7,51.02,357.14000000000004,3091.7
TRX004413,CLI0343,CRT03133,PRD0097,2026-03-08 06:42:07,5,275.78,1378.8999999999999,1378.8999999999999
TRX004414,CLI0427,CRT00867,PRD0156,2026-03-15 00:30:00,8,87.81,702.48,702.48
TRX004415,CLI0365,CRT01170,PRD0038,2026-05-09 09:48:11,10,231.76,2317.6,7386.17
TRX004416,CLI0383,CRT00648,PRD0131,2026-05-31 18:58:00,3,212.13,636.39,5320.610000000001
TRX004417,CLI0399,CRT03214,PRD0153,2026-04-02 06:47:32,5,63.71,318.55,5722.75
TRX004418,CLI0008,CRT02453,PRD0019,2026-04-13 23:48:40,7,13.65,95.55,921.54
TRX004419,CLI0034,CRT00364,PRD0081,2026-02-23 22:55:11,5,151.12,755.6,4473.81
TRX004420,CLI0317,CRT02843,PRD0013,2026-02-09 18:36:49,3,103.06,309.18,3854.06
TRX004421,CLI0201,CRT01647,PRD0176,2026-03-09 18:00:40,10,288.19,2881.9,5241.91
TRX004422,CLI0376,CRT02551,PRD0044,2026-04-16 03:14:08,10,248.47,2484.7,4554.7
TRX004423,CLI0338,CRT00444,PRD0125,2026-02-07 17:36:13,9,54.91,494.18999999999994,3167.19
TRX004424,CLI0310,CRT02583,PRD0039,2026-04-20 12:15:12,8,305.67,2445.36,7217.51
TRX004425,CLI0108,CRT02878,PRD0086,2026-05-30 13:58:58,3,197.06,591.1800000000001,1440.5100000000002
TRX004426,CLI0142,CRT02389,PRD0006,2026-02-21 00:16:15,5,207.27,1036.3500000000001,5076.860000000001
TRX004427,CLI0168,CRT00836,PRD0139,2026-05-09 08:02:20,8,30.96,247.68,433.44
TRX004428,CLI0425,CRT01428,PRD0025,2026-02-01 17:07:05,4,265.13,1060.52,1246.28
TRX004429,CLI0419,CRT02385,PRD0132,2026-07-01 17:17:10,6,153.95,923.6999999999999,923.6999999999999
TRX004430,CLI0204,CRT03063,PRD0142,2026-05-09 07:05:43,4,55.45,221.8,5245.05
TRX004431,CLI0416,CRT02019,PRD0195,2026-07-20 23:37:13,10,11.49,114.9,3690.63
TRX004432,CLI0384,CRT02555,PRD0142,2026-02-23 14:29:22,10,55.45,554.5,2441.16
TRX004433,CLI0331,CRT02947,PRD0037,2026-04-14 03:38:57,9,171.38,1542.42,6109.43
TRX004434,CLI0268,CRT01725,PRD0027,2026-06-20 21:07:56,8,209.57,1676.56,5967.75
TRX004435,CLI0196,CRT00833,PRD0035,2026-01-14 11:05:48,6,344.9,2069.3999999999996,5556.379999999999
TRX004436,CLI0004,CRT01505,PRD0035,2026-04-15 23:15:29,10,344.9,3449.0,8646.029999999999
TRX004437,CLI0300,CRT02147,PRD0171,2026-05-11 10:14:32,2,127.91,255.82,4106.37
TRX004438,CLI0167,CRT01360,PRD0055,2026-02-28 03:34:13,6,349.75,2098.5,3123.84
TRX004439,CLI0066,CRT02888,PRD0138,2026-02-19 15:13:35,4,308.17,1232.68,1232.68
TRX004440,CLI0212,CRT01025,PRD0106,2026-01-12 12:09:10,1,102.2,102.2,1119.07
TRX004441,CLI0076,CRT00477,PRD0159,2026-01-15 06:03:22,1,125.8,125.8,3037.1499999999996
TRX004442,CLI0348,CRT03409,PRD0145,2026-05-20 16:21:26,8,40.06,320.48,2147.12
TRX004443,CLI0216,CRT01441,PRD0163,2026-04-24 23:28:20,6,278.04,1668.2400000000002,6622.2300000000005
TRX004444,CLI0110,CRT02025,PRD0013,2026-01-24 18:37:45,2,103.06,206.12,2568.2400000000002
TRX004445,CLI0314,CRT00943,PRD0135,2026-07-10 20:49:24,5,198.63,993.15,5606.93
TRX004446,CLI0307,CRT02158,PRD0050,2026-03-26 00:34:40,6,164.79,988.74,1521.3600000000001
TRX004447,CLI0375,CRT03114,PRD0147,2026-01-28 14:27:08,2,208.25,416.5,4244.1
TRX004448,CLI0388,CRT02475,PRD0087,2026-03-04 22:33:53,9,302.95,2726.5499999999997,4538.42
TRX004449,CLI0202,CRT00893,PRD0062,2026-07-10 05:42:58,4,321.99,1287.96,2493.7799999999997
TRX004450,CLI0153,CRT02119,PRD0003,2026-04-10 03:35:42,5,149.12,745.6,2421.68
TRX004451,CLI0026,CRT00006,PRD0179,2026-04-11 20:49:03,8,196.43,1571.44,3852.08
TRX004452,CLI0028,CRT00402,PRD0020,2026-07-12 19:58:59,10,75.82,758.1999999999999,1308.52
TRX004453,CLI0190,CRT02068,PRD0159,2026-05-27 10:32:37,3,125.8,377.4,4072.8399999999997
TRX004454,CLI0055,CRT02614,PRD0059,2026-04-22 01:03:50,4,252.15,1008.6,4052.61
TRX004455,CLI0249,CRT02420,PRD0034,2026-04-29 02:29:03,1,115.14,115.14,3705.3900000000003
TRX004456,CLI0416,CRT02019,PRD0153,2026-07-20 23:37:13,6,63.71,382.26,3690.63
TRX004457,CLI0077,CRT02851,PRD0111,2026-02-28 04:23:09,8,282.78,2262.24,3561.52
TRX004458,CLI0372,CRT02031,PRD0171,2026-04-19 18:23:47,9,127.91,1151.19,4682.43
TRX004459,CLI0305,CRT03386,PRD0032,2026-04-01 17:15:05,3,224.53,673.59,2011.9900000000002
TRX004460,CLI0379,CRT00871,PRD0198,2026-05-18 07:42:50,5,156.17,780.8499999999999,8124.78
TRX004461,CLI0411,CRT02489,PRD0007,2026-06-25 08:05:56,6,149.36,896.1600000000001,896.1600000000001
TRX004462,CLI0146,CRT00808,PRD0139,2026-06-02 00:35:36,4,30.96,123.84,1277.37
TRX004463,CLI0356,CRT00875,PRD0049,2026-06-28 00:40:10,2,36.18,72.36,4276.45
TRX004464,CLI0422,CRT00163,PRD0168,2026-01-12 10:51:25,1,260.65,260.65,2612.77
TRX004465,CLI0317,CRT00253,PRD0074,2026-06-13 11:05:24,9,229.76,2067.84,3287.3100000000004
TRX004466,CLI0008,CRT01382,PRD0140,2026-07-06 15:35:13,2,80.42,160.84,2439.57
TRX004467,CLI0088,CRT03379,PRD0062,2026-03-22 02:31:43,3,321.99,965.97,6112.93
TRX004468,CLI0325,CRT00968,PRD0083,2026-04-03 03:06:21,5,194.5,972.5,3753.0299999999997
TRX004469,CLI0281,CRT00395,PRD0141,2026-01-22 11:05:36,7,13.28,92.96,5435.4400000000005
TRX004470,CLI0422,CRT00010,PRD0188,2026-06-19 22:45:31,5,281.86,1409.3000000000002,7384.2300000000005
TRX004471,CLI0174,CRT00736,PRD0024,2026-07-14 22:45:37,4,78.71,314.84,2294.81
TRX004472,CLI0408,CRT00388,PRD0148,2026-07-24 19:52:09,8,270.94,2167.52,3454.16
TRX004473,CLI0228,CRT02437,PRD0086,2026-01-14 21:46:47,9,197.06,1773.54,2142.7799999999997
TRX004474,CLI0403,CRT01447,PRD0014,2026-03-25 17:42:00,7,99.1,693.6999999999999,6318.36
TRX004475,CLI0150,CRT01195,PRD0068,2026-07-08 22:43:50,3,140.04,420.12,5347.34
TRX004476,CLI0101,CRT01565,PRD0198,2026-01-28 01:11:38,5,156.17,780.8499999999999,5719.88
TRX004477,CLI0080,CRT00515,PRD0002,2026-04-20 23:43:23,4,38.12,152.48,152.48
TRX004478,CLI0239,CRT02268,PRD0161,2026-06-09 07:45:36,1,331.95,331.95,2632.39
TRX004479,CLI0109,CRT00432,PRD0058,2026-01-10 20:04:58,2,275.33,550.66,1118.2
TRX004480,CLI0033,CRT01291,PRD0062,2026-07-22 19:40:51,5,321.99,1609.95,2012.0500000000002
TRX004481,CLI0268,CRT03421,PRD0071,2026-03-16 22:42:42,7,76.57,535.99,5088.04
TRX004482,CLI0004,CRT01326,PRD0125,2026-01-02 06:31:56,1,54.91,54.91,1144.63
TRX004483,CLI0087,CRT01817,PRD0125,2026-05-09 17:56:37,7,54.91,384.37,1509.58
TRX004484,CLI0233,CRT00963,PRD0013,2026-01-24 09:06:18,7,103.06,721.4200000000001,2821.9100000000003
TRX004485,CLI0181,CRT02321,PRD0039,2026-02-28 21:15:41,10,305.67,3056.7000000000003,7822.360000000001
TRX004486,CLI0043,CRT03003,PRD0008,2026-05-29 15:21:31,7,119.47,836.29,9409.33
TRX004487,CLI0296,CRT00511,PRD0063,2026-05-14 04:17:24,2,30.34,60.68,3085.1800000000003
TRX004488,CLI0038,CRT01363,PRD0128,2026-05-01 21:18:09,1,9.29,9.29,2712.1
TRX004489,CLI0080,CRT00659,PRD0061,2026-01-22 23:50:30,7,111.48,780.36,6917.66
TRX004490,CLI0280,CRT02331,PRD0065,2026-06-14 02:50:44,10,88.06,880.6,1332.56
TRX004491,CLI0353,CRT03314,PRD0019,2026-01-14 09:27:17,7,13.65,95.55,3658.84
TRX004492,CLI0101,CRT00850,PRD0127,2026-05-24 22:25:39,4,24.14,96.56,1660.4599999999998
TRX004493,CLI0224,CRT01712,PRD0012,2026-04-19 23:33:13,8,69.32,554.56,2430.69
TRX004494,CLI0357,CRT00959,PRD0182,2026-05-20 04:55:34,5,200.1,1000.5,2078.81
TRX004495,CLI0302,CRT00172,PRD0036,2026-05-10 06:09:09,10,86.2,862.0,2604.04
TRX004496,CLI0308,CRT00011,PRD0173,2026-05-03 07:16:11,2,330.57,661.14,1993.03
TRX004497,CLI0426,CRT01623,PRD0134,2026-01-18 18:08:11,3,343.3,1029.9,4574.05
TRX004498,CLI0059,CRT00215,PRD0165,2026-04-13 14:34:21,2,194.83,389.66,1839.48
TRX004499,CLI0329,CRT03112,PRD0015,2026-05-17 16:55:29,9,125.96,1133.6399999999999,3167.5199999999995
TRX004500,CLI0049,CRT00209,PRD0129,2026-07-14 01:40:14,8,4.55,36.4,2648.75
TRX004501,CLI0074,CRT01606,PRD0064,2026-04-12 14:35:10,10,237.14,2371.3999999999996,5210.389999999999
TRX004502,CLI0371,CRT01012,PRD0064,2026-06-26 22:01:09,1,237.14,237.14,720.02
TRX004503,CLI0403,CRT01447,PRD0054,2026-03-25 17:42:00,7,301.82,2112.74,6318.36
TRX004504,CLI0050,CRT03085,PRD0150,2026-07-26 00:32:38,6,151.36,908.1600000000001,908.1600000000001
TRX004505,CLI0424,CRT00493,PRD0119,2026-02-08 22:02:45,1,332.64,332.64,4087.3
TRX004506,CLI0374,CRT00978,PRD0036,2026-07-16 16:14:51,7,86.2,603.4,6012.43
TRX004507,CLI0190,CRT01492,PRD0127,2026-04-09 13:34:27,2,24.14,48.28,2889.13
TRX004508,CLI0076,CRT00049,PRD0035,2026-05-26 21:24:21,5,344.9,1724.5,4953.7
TRX004509,CLI0409,CRT02750,PRD0097,2026-02-27 09:57:47,8,275.78,2206.24,6621.69
TRX004510,CLI0233,CRT01854,PRD0143,2026-06-10 09:48:20,2,331.85,663.7,2132.29
TRX004511,CLI0190,CRT02053,PRD0087,2026-06-23 19:09:37,6,302.95,1817.6999999999998,4760.9400000000005
TRX004512,CLI0120,CRT01218,PRD0133,2026-04-08 14:12:07,10,238.5,2385.0,8660.7
TRX004513,CLI0420,CRT02255,PRD0200,2026-05-24 01:59:17,1,144.4,144.4,2067.5
TRX004514,CLI0015,CRT01573,PRD0120,2026-01-24 05:17:58,2,291.12,582.24,3332.7300000000005
TRX004515,CLI0393,CRT02410,PRD0156,2026-07-19 11:52:11,2,87.81,175.62,4007.34
TRX004516,CLI0365,CRT00965,PRD0114,2026-07-23 05:58:15,3,141.38,424.14,1129.49
TRX004517,CLI0166,CRT01669,PRD0047,2026-05-27 03:33:29,6,327.59,1965.54,7495.34
TRX004518,CLI0369,CRT01368,PRD0108,2026-02-19 23:00:40,1,166.93,166.93,7058.67
TRX004519,CLI0151,CRT00562,PRD0019,2026-03-29 04:15:36,3,13.65,40.95,2910.41
TRX004520,CLI0429,CRT00772,PRD0051,2026-04-10 23:57:15,4,142.41,569.64,7263.54
TRX004521,CLI0284,CRT03167,PRD0167,2026-06-02 05:55:19,2,82.61,165.22,4429.93
TRX004522,CLI0382,CRT00061,PRD0126,2026-05-02 09:46:43,7,146.67,1026.6899999999998,5461.59
TRX004523,CLI0112,CRT00821,PRD0109,2026-07-07 02:48:38,1,181.62,181.62,1832.58
TRX004524,CLI0187,CRT01701,PRD0151,2026-04-29 05:22:45,1,121.08,121.08,121.08
TRX004525,CLI0338,CRT00767,PRD0122,2026-01-18 01:35:37,5,224.09,1120.45,6103.45
TRX004526,CLI0299,CRT03320,PRD0004,2026-04-28 04:21:55,1,178.11,178.11,1603.1100000000001
TRX004527,CLI0026,CRT01784,PRD0125,2026-04-13 22:30:03,3,54.91,164.73,1357.1699999999998
TRX004528,CLI0415,CRT03269,PRD0047,2026-03-24 15:38:00,8,327.59,2620.72,6443.48
TRX004529,CLI0203,CRT00385,PRD0159,2026-06-19 01:07:19,3,125.8,377.4,377.4
TRX004530,CLI0197,CRT02525,PRD0026,2026-05-06 11:12:25,9,238.97,2150.73,5065.46
TRX004531,CLI0392,CRT01828,PRD0131,2026-02-08 20:13:53,10,212.13,2121.3,2599.1800000000003
TRX004532,CLI0196,CRT02415,PRD0172,2026-03-29 14:32:22,9,97.82,880.3799999999999,1080.48
TRX004533,CLI0226,CRT00952,PRD0059,2026-04-12 11:05:18,7,252.15,1765.05,5153.07
TRX004534,CLI0199,CRT02305,PRD0076,2026-07-12 23:29:10,9,260.49,2344.41,3887.46
TRX004535,CLI0348,CRT02799,PRD0135,2026-03-05 19:37:43,4,198.63,794.52,5372.02
TRX004536,CLI0088,CRT02613,PRD0103,2026-07-12 03:15:22,3,234.25,702.75,1011.9300000000001
TRX004537,CLI0389,CRT00072,PRD0038,2026-05-13 13:36:49,2,231.76,463.52,842.89
TRX004538,CLI0363,CRT01986,PRD0083,2026-04-24 18:25:08,3,194.5,583.5,5269.3
TRX004539,CLI0250,CRT03097,PRD0041,2026-01-11 13:14:01,1,228.33,228.33,6943.9400000000005
TRX004540,CLI0044,CRT00845,PRD0060,2026-04-13 18:16:14,9,339.13,3052.17,9234.060000000001
TRX004541,CLI0286,CRT00990,PRD0104,2026-02-23 01:46:51,7,46.73,327.10999999999996,2803.0200000000004
TRX004542,CLI0068,CRT02834,PRD0121,2026-01-29 03:55:39,2,301.87,603.74,4066.59
TRX004543,CLI0359,CRT02653,PRD0191,2026-07-08 01:54:49,5,288.92,1444.6000000000001,3552.9
TRX004544,CLI0134,CRT02340,PRD0052,2026-01-03 10:54:12,10,68.6,686.0,4123.46
TRX004545,CLI0243,CRT01946,PRD0095,2026-01-30 18:00:52,9,42.58,383.21999999999997,2619.45
TRX004546,CLI0024,CRT02148,PRD0021,2026-02-11 19:26:44,5,175.98,879.9,1808.6699999999998
TRX004547,CLI0254,CRT02797,PRD0192,2026-04-08 06:12:25,3,241.82,725.46,1800.3400000000001
TRX004548,CLI0305,CRT01855,PRD0106,2026-06-18 00:12:40,6,102.2,613.2,4966.5
TRX004549,CLI0324,CRT00641,PRD0088,2026-06-06 20:48:45,1,64.83,64.83,2386.55
TRX004550,CLI0244,CRT01740,PRD0123,2026-07-03 13:23:20,8,85.64,685.12,4795.5
TRX004551,CLI0202,CRT01850,PRD0147,2026-04-06 21:29:36,10,208.25,2082.5,6018.05
TRX004552,CLI0287,CRT00522,PRD0102,2026-05-23 17:36:47,7,233.03,1631.21,4641.47
TRX004553,CLI0310,CRT00069,PRD0156,2026-06-15 03:15:03,7,87.81,614.6700000000001,5167.25
TRX004554,CLI0063,CRT02690,PRD0073,2026-05-06 23:21:10,10,292.23,2922.3,4016.13
TRX004555,CLI0356,CRT02694,PRD0058,2026-07-10 03:26:33,10,275.33,2753.2999999999997,4393.959999999999
TRX004556,CLI0235,CRT01470,PRD0057,2026-03-23 05:40:54,8,59.71,477.68,7832.56
TRX004557,CLI0150,CRT01195,PRD0146,2026-07-08 22:43:50,9,318.04,2862.36,5347.34
TRX004558,CLI0411,CRT01684,PRD0036,2026-05-16 17:18:14,5,86.2,431.0,1868.7200000000003
TRX004559,CLI0014,CRT00656,PRD0189,2026-07-17 14:27:17,3,80.62,241.86,324.47
TRX004560,CLI0291,CRT02565,PRD0189,2026-02-24 06:45:31,1,80.62,80.62,4777.66
TRX004561,CLI0203,CRT02524,PRD0111,2026-07-10 13:35:08,1,282.78,282.78,3743.3900000000003
TRX004562,CLI0263,CRT01487,PRD0069,2026-04-11 07:04:46,2,112.37,224.74,545.22
TRX004563,CLI0228,CRT02437,PRD0090,2026-01-14 21:46:47,5,15.96,79.80000000000001,2142.7799999999997
TRX004564,CLI0226,CRT00952,PRD0041,2026-04-12 11:05:18,2,228.33,456.66,5153.07
TRX004565,CLI0252,CRT00699,PRD0165,2026-02-18 11:40:27,5,194.83,974.1500000000001,2216.78
TRX004566,CLI0219,CRT01407,PRD0005,2026-07-12 09:49:21,5,228.33,1141.65,3110.8
TRX004567,CLI0331,CRT02947,PRD0173,2026-04-14 03:38:57,3,330.57,991.71,6109.43
TRX004568,CLI0311,CRT02106,PRD0033,2026-03-24 14:37:44,5,267.47,1337.3500000000001,5319.370000000001
TRX004569,CLI0394,CRT01975,PRD0152,2026-01-12 20:16:50,7,336.37,2354.59,2354.59
TRX004570,CLI0316,CRT00337,PRD0112,2026-06-19 10:57:52,1,344.42,344.42,856.06
TRX004571,CLI0429,CRT01652,PRD0181,2026-04-04 12:42:07,8,318.21,2545.68,5831.45
TRX004572,CLI0367,CRT00687,PRD0105,2026-07-08 23:31:11,4,200.26,801.04,5358.27
TRX004573,CLI0305,CRT00858,PRD0125,2026-06-17 00:52:52,8,54.91,439.28,622.01
TRX004574,CLI0197,CRT00161,PRD0075,2026-05-09 21:25:58,3,38.5,115.5,4307.42
TRX004575,CLI0385,CRT01177,PRD0055,2026-07-19 10:10:24,4,349.75,1399.0,7921.7
TRX004576,CLI0165,CRT01650,PRD0198,2026-01-16 01:01:29,9,156.17,1405.53,5501.37
TRX004577,CLI0044,CRT00845,PRD0096,2026-04-13 18:16:14,7,15.79,110.53,9234.060000000001
TRX004578,CLI0218,CRT01168,PRD0127,2026-06-04 00:16:13,2,24.14,48.28,160.65
TRX004579,CLI0173,CRT00797,PRD0002,2026-06-18 05:45:32,6,38.12,228.71999999999997,674.64
TRX004580,CLI0282,CRT03352,PRD0114,2026-01-22 12:54:15,10,141.38,1413.8,5875.84
TRX004581,CLI0312,CRT00058,PRD0162,2026-06-24 14:37:34,6,195.42,1172.52,5289.98
TRX004582,CLI0421,CRT00267,PRD0122,2026-07-03 14:53:56,3,224.09,672.27,5341.6900000000005
TRX004583,CLI0410,CRT01979,PRD0193,2026-04-28 04:02:19,9,190.14,1711.2599999999998,3341.3799999999997
TRX004584,CLI0327,CRT00480,PRD0057,2026-01-05 10:19:12,6,59.71,358.26,3558.15
TRX004585,CLI0322,CRT01438,PRD0042,2026-01-06 10:40:26,10,88.65,886.5,3118.9
TRX004586,CLI0003,CRT00154,PRD0121,2026-01-10 19:26:03,10,301.87,3018.7,5427.589999999999
TRX004587,CLI0231,CRT01635,PRD0168,2026-03-22 13:42:07,5,260.65,1303.25,2060.75
TRX004588,CLI0184,CRT01873,PRD0095,2026-06-20 03:29:57,8,42.58,340.64,1458.74
TRX004589,CLI0341,CRT02586,PRD0066,2026-04-13 13:46:42,6,148.18,889.08,4698.82
TRX004590,CLI0152,CRT00360,PRD0052,2026-06-16 07:00:32,8,68.6,548.8,548.8
TRX004591,CLI0237,CRT03465,PRD0025,2026-07-26 18:51:36,7,265.13,1855.9099999999999,2046.5099999999998
TRX004592,CLI0098,CRT01920,PRD0110,2026-01-29 00:34:42,4,286.9,1147.6,4201.72
TRX004593,CLI0132,CRT02515,PRD0041,2026-04-08 16:52:51,8,228.33,1826.64,4054.94
TRX004594,CLI0251,CRT00773,PRD0008,2026-05-15 22:43:05,10,119.47,1194.7,1908.06
TRX004595,CLI0141,CRT00751,PRD0119,2026-06-03 20:11:22,9,332.64,2993.7599999999998,10183.78
TRX004596,CLI0077,CRT01299,PRD0118,2026-07-09 21:05:36,3,163.96,491.88,8133.150000000001
TRX004597,CLI0391,CRT00129,PRD0055,2026-02-16 12:13:12,10,349.75,3497.5,6610.22
TRX004598,CLI0428,CRT00041,PRD0111,2026-06-02 09:23:21,4,282.78,1131.12,6065.48
TRX004599,CLI0326,CRT02057,PRD0190,2026-04-19 16:01:22,1,23.22,23.22,3690.71
TRX004600,CLI0246,CRT00421,PRD0043,2026-04-29 16:12:53,6,194.99,1169.94,6573.8
TRX004601,CLI0007,CRT00982,PRD0055,2026-04-28 18:07:05,6,349.75,2098.5,3788.09
TRX004602,CLI0365,CRT02061,PRD0057,2026-04-28 04:42:38,8,59.71,477.68,2974.2
TRX004603,CLI0297,CRT01575,PRD0146,2026-03-31 12:49:23,8,318.04,2544.32,7608.37
TRX004604,CLI0353,CRT00732,PRD0130,2026-06-02 05:38:35,10,312.35,3123.5,6628.95
TRX004605,CLI0243,CRT01193,PRD0134,2026-05-29 06:09:21,8,343.3,2746.4,5101.74
TRX004606,CLI0419,CRT00829,PRD0104,2026-04-22 15:09:54,10,46.73,467.29999999999995,3278.64
TRX004607,CLI0087,CRT00416,PRD0087,2026-01-02 11:24:13,9,302.95,2726.5499999999997,5447.9400000000005
TRX004608,CLI0187,CRT02819,PRD0090,2026-04-20 06:37:58,4,15.96,63.84,4961.299999999999
TRX004609,CLI0190,CRT02769,PRD0108,2026-07-01 09:04:11,7,166.93,1168.51,1888.8899999999999
TRX004610,CLI0096,CRT01880,PRD0116,2026-04-22 22:57:45,8,281.93,2255.44,2502.9300000000003
TRX004611,CLI0230,CRT02202,PRD0092,2026-03-22 00:11:16,7,10.72,75.04,271.46000000000004
TRX004612,CLI0166,CRT02664,PRD0082,2026-07-12 21:07:52,1,316.62,316.62,3996.57
TRX004613,CLI0103,CRT00155,PRD0022,2026-07-07 13:35:03,8,51.02,408.16,3696.31
TRX004614,CLI0130,CRT02412,PRD0141,2026-02-23 18:25:30,5,13.28,66.39999999999999,2154.42
TRX004615,CLI0056,CRT01894,PRD0172,2026-05-11 15:28:14,2,97.82,195.64,373.75
TRX004616,CLI0261,CRT02301,PRD0005,2026-05-30 17:48:12,1,228.33,228.33,3114.98
TRX004617,CLI0200,CRT02436,PRD0173,2026-06-26 11:13:32,6,330.57,1983.42,5224.31
TRX004618,CLI0032,CRT00023,PRD0172,2026-02-08 03:31:15,10,97.82,978.1999999999999,7092.83
TRX004619,CLI0371,CRT02948,PRD0117,2026-05-15 04:59:55,4,196.2,784.8,2863.8
TRX004620,CLI0262,CRT02860,PRD0018,2026-04-20 23:26:33,10,115.19,1151.9,3343.96
TRX004621,CLI0010,CRT00758,PRD0053,2026-06-08 13:15:20,5,99.29,496.45000000000005,2913.71
TRX004622,CLI0011,CRT01442,PRD0089,2026-03-16 06:53:00,9,57.82,520.38,2697.76
TRX004623,CLI0069,CRT01158,PRD0017,2026-01-03 02:36:43,2,134.36,268.72,3225.8
TRX004624,CLI0017,CRT00311,PRD0006,2026-04-02 16:28:42,6,207.27,1243.6200000000001,7434.48
TRX004625,CLI0341,CRT02041,PRD0152,2026-05-17 21:40:59,1,336.37,336.37,1492.0500000000002
TRX004626,CLI0315,CRT03237,PRD0160,2026-06-03 19:53:48,5,246.16,1230.8,2364.4399999999996
TRX004627,CLI0282,CRT00972,PRD0053,2026-04-08 01:35:54,4,99.29,397.16,3608.17
TRX004628,CLI0288,CRT01495,PRD0191,2026-01-23 07:51:11,10,288.92,2889.2000000000003,6497.110000000001
TRX004629,CLI0196,CRT01222,PRD0144,2026-06-23 11:29:37,1,213.05,213.05,2322.56
TRX004630,CLI0355,CRT01250,PRD0190,2026-06-20 11:46:29,4,23.22,92.88,3013.71
TRX004631,CLI0188,CRT01584,PRD0021,2026-06-28 21:27:31,6,175.98,1055.8799999999999,7245.81
TRX004632,CLI0200,CRT02436,PRD0079,2026-06-26 11:13:32,7,98.65,690.5500000000001,5224.31
TRX004633,CLI0243,CRT00095,PRD0166,2026-02-03 23:34:12,1,124.75,124.75,1995.08
TRX004634,CLI0267,CRT00342,PRD0084,2026-01-18 18:23:29,3,129.22,387.65999999999997,1753.34
TRX004635,CLI0433,CRT02196,PRD0146,2026-04-15 09:58:38,9,318.04,2862.36,6439.55
TRX004636,CLI0160,CRT00075,PRD0001,2026-07-01 18:27:06,6,260.19,1561.1399999999999,4707.48
TRX004637,CLI0166,CRT00964,PRD0068,2026-06-27 23:36:50,9,140.04,1260.36,2545.7799999999997
TRX004638,CLI0167,CRT00603,PRD0109,2026-04-03 22:18:38,7,181.62,1271.3400000000001,4087.1200000000003
TRX004639,CLI0142,CRT00550,PRD0102,2026-07-19 14:32:34,10,233.03,2330.3,7309.38
TRX004640,CLI0243,CRT02582,PRD0189,2026-07-13 12:16:15,7,80.62,564.34,6225.9
TRX004641,CLI0258,CRT02564,PRD0138,2026-01-29 16:24:29,7,308.17,2157.19,8032.889999999999
TRX004642,CLI0203,CRT00686,PRD0077,2026-03-05 05:56:40,1,75.69,75.69,6281.889999999999
TRX004643,CLI0353,CRT00732,PRD0133,2026-06-02 05:38:35,10,238.5,2385.0,6628.95
TRX004644,CLI0144,CRT00465,PRD0053,2026-02-24 05:28:12,7,99.29,695.0300000000001,2454.83
TRX004645,CLI0392,CRT01613,PRD0178,2026-07-02 21:11:13,4,198.09,792.36,8127.950000000001
TRX004646,CLI0157,CRT02316,PRD0137,2026-04-19 13:43:45,6,116.26,697.5600000000001,2513.21
TRX004647,CLI0092,CRT00790,PRD0041,2026-05-23 20:19:16,5,228.33,1141.65,5078.87
TRX004648,CLI0246,CRT00471,PRD0139,2026-02-23 21:30:36,8,30.96,247.68,3918.74
TRX004649,CLI0356,CRT00413,PRD0194,2026-05-30 05:32:54,7,311.57,2180.99,10655.130000000001
TRX004650,CLI0293,CRT03193,PRD0074,2026-04-21 08:48:17,1,229.76,229.76,4880.59
TRX004651,CLI0198,CRT00715,PRD0178,2026-07-17 16:07:39,8,198.09,1584.72,14078.150000000001
TRX004652,CLI0027,CRT02195,PRD0197,2026-03-24 15:44:54,6,267.68,1606.08,7609.3
TRX004653,CLI0365,CRT03081,PRD0116,2026-07-18 14:06:47,2,281.93,563.86,3663.88
TRX004654,CLI0432,CRT01049,PRD0066,2026-02-12 20:47:19,3,148.18,444.54,1343.8899999999999
TRX004655,CLI0123,CRT02404,PRD0177,2026-02-10 09:58:04,2,221.23,442.46,4689.01
TRX004656,CLI0206,CRT00539,PRD0199,2026-06-07 23:53:26,1,223.09,223.09,6071.31
TRX004657,CLI0411,CRT00222,PRD0056,2026-05-26 15:57:10,2,143.73,287.46,287.46
TRX004658,CLI0308,CRT03155,PRD0152,2026-04-07 07:52:09,9,336.37,3027.33,4860.78
TRX004659,CLI0121,CRT01659,PRD0004,2026-06-15 11:21:47,5,178.11,890.5500000000001,4115.66
TRX004660,CLI0284,CRT00027,PRD0068,2026-01-16 14:05:38,3,140.04,420.12,6808.740000000001
TRX004661,CLI0113,CRT01311,PRD0082,2026-01-17 07:22:40,7,316.62,2216.34,4778.89
TRX004662,CLI0046,CRT01866,PRD0172,2026-01-06 07:34:52,3,97.82,293.46,1901.78
TRX004663,CLI0148,CRT02396,PRD0116,2026-06-15 16:36:49,3,281.93,845.79,3440.61
TRX004664,CLI0110,CRT03126,PRD0190,2026-01-14 07:42:00,7,23.22,162.54,4745.45
TRX004665,CLI0024,CRT00380,PRD0097,2026-06-29 02:38:34,5,275.78,1378.8999999999999,3874.99
TRX004666,CLI0243,CRT02676,PRD0063,2026-02-15 01:54:37,5,30.34,151.7,5665.9800000000005
TRX004667,CLI0388,CRT00742,PRD0028,2026-03-30 15:58:23,2,301.62,603.24,1519.08
TRX004668,CLI0206,CRT00539,PRD0143,2026-06-07 23:53:26,9,331.85,2986.65,6071.31
TRX004669,CLI0024,CRT00380,PRD0181,2026-06-29 02:38:34,1,318.21,318.21,3874.99
TRX004670,CLI0312,CRT00803,PRD0181,2026-03-03 20:30:12,3,318.21,954.6299999999999,3158.14
TRX004671,CLI0393,CRT02845,PRD0160,2026-01-30 09:35:41,5,246.16,1230.8,1463.32
TRX004672,CLI0084,CRT00932,PRD0087,2026-02-19 08:14:18,6,302.95,1817.6999999999998,2613.7599999999998
TRX004673,CLI0060,CRT01821,PRD0095,2026-03-22 01:36:28,10,42.58,425.79999999999995,2367.16
TRX004674,CLI0010,CRT01943,PRD0141,2026-04-19 20:59:10,5,13.28,66.39999999999999,747.61
TRX004675,CLI0328,CRT02370,PRD0118,2026-03-19 03:23:41,1,163.96,163.96,350.88
TRX004676,CLI0296,CRT03325,PRD0180,2026-05-03 17:50:38,9,217.4,1956.6000000000001,5761.77
TRX004677,CLI0324,CRT03263,PRD0161,2026-01-17 16:21:44,6,331.95,1991.6999999999998,5337.58
TRX004678,CLI0076,CRT03147,PRD0025,2026-05-08 11:31:12,10,265.13,2651.3,3781.09
TRX004679,CLI0363,CRT03210,PRD0192,2026-05-20 02:52:04,4,241.82,967.28,2193.38
TRX004680,CLI0284,CRT03446,PRD0169,2026-02-21 10:57:40,6,259.17,1555.02,4883.48
TRX004681,CLI0260,CRT03103,PRD0067,2026-04-26 09:34:09,7,327.31,2291.17,5246.56
TRX004682,CLI0181,CRT00551,PRD0197,2026-06-21 14:23:12,6,267.68,1606.08,3277.63
TRX004683,CLI0012,CRT03491,PRD0137,2026-02-17 05:09:31,4,116.26,465.04,1804.17
TRX004684,CLI0123,CRT01865,PRD0049,2026-07-17 14:31:26,6,36.18,217.07999999999998,1953.68
TRX004685,CLI0363,CRT01986,PRD0065,2026-04-24 18:25:08,3,88.06,264.18,5269.3
TRX004686,CLI0363,CRT03338,PRD0142,2026-04-27 23:51:30,5,55.45,277.25,1707.01
TRX004687,CLI0252,CRT01488,PRD0099,2026-03-23 21:57:38,4,248.8,995.2,6386.91
TRX004688,CLI0401,CRT02139,PRD0149,2026-03-04 19:34:15,8,344.39,2755.12,3212.5699999999997
TRX004689,CLI0218,CRT02782,PRD0152,2026-06-23 18:31:14,8,336.37,2690.96,6295.71
TRX004690,CLI0374,CRT00978,PRD0175,2026-07-16 16:14:51,10,120.9,1209.0,6012.43
TRX004691,CLI0071,CRT00911,PRD0061,2026-03-21 19:04:16,6,111.48,668.88,6038.849999999999
TRX004692,CLI0179,CRT00750,PRD0199,2026-03-24 17:03:13,1,223.09,223.09,7399.039999999999
TRX004693,CLI0415,CRT02567,PRD0015,2026-07-14 06:59:10,8,125.96,1007.68,2832.87
TRX004694,CLI0402,CRT02702,PRD0083,2026-05-16 17:47:16,7,194.5,1361.5,3478.1099999999997
TRX004695,CLI0422,CRT00071,PRD0152,2026-04-15 17:38:19,6,336.37,2018.22,4191.57
TRX004696,CLI0245,CRT01421,PRD0104,2026-07-08 21:07:17,6,46.73,280.38,7697.77
TRX004697,CLI0429,CRT01315,PRD0058,2026-07-23 07:45:48,8,275.33,2202.64,4633.67
TRX004698,CLI0103,CRT01875,PRD0049,2026-05-06 16:13:05,4,36.18,144.72,3151.37
TRX004699,CLI0373,CRT03246,PRD0150,2026-06-27 04:36:31,8,151.36,1210.88,2103.48
TRX004700,CLI0183,CRT03062,PRD0172,2026-07-12 10:16:55,5,97.82,489.09999999999997,3163.79
TRX004701,CLI0038,CRT00404,PRD0174,2026-03-16 02:27:09,9,6.76,60.839999999999996,3354.01
TRX004702,CLI0111,CRT02431,PRD0135,2026-07-02 01:15:14,6,198.63,1191.78,3715.64
TRX004703,CLI0382,CRT03153,PRD0040,2026-02-18 15:17:53,3,256.15,768.4499999999999,1547.4
TRX004704,CLI0393,CRT00805,PRD0103,2026-05-21 09:15:03,6,234.25,1405.5,8455.99
TRX004705,CLI0119,CRT02451,PRD0045,2026-02-24 03:51:18,2,301.22,602.44,4963.88
TRX004706,CLI0268,CRT03324,PRD0145,2026-05-16 08:45:25,3,40.06,120.18,6029.87
TRX004707,CLI0109,CRT00397,PRD0017,2026-04-16 23:31:03,3,134.36,403.08000000000004,2234.37
TRX004708,CLI0148,CRT01678,PRD0154,2026-03-09 01:43:50,6,283.35,1700.1000000000001,5942.58
TRX004709,CLI0421,CRT03183,PRD0171,2026-06-15 14:24:39,9,127.91,1151.19,9011.970000000001
TRX004710,CLI0431,CRT02033,PRD0029,2026-04-06 09:27:26,5,95.22,476.1,4502.76
TRX004711,CLI0243,CRT02582,PRD0110,2026-07-13 12:16:15,7,286.9,2008.2999999999997,6225.9
TRX004712,CLI0066,CRT00474,PRD0076,2026-05-27 21:34:00,8,260.49,2083.92,2612.28
TRX004713,CLI0318,CRT01813,PRD0067,2026-04-08 11:00:50,10,327.31,3273.1,7343.65
TRX004714,CLI0149,CRT01887,PRD0194,2026-04-30 15:55:25,1,311.57,311.57,5168.35
TRX004715,CLI0396,CRT00812,PRD0123,2026-06-26 10:02:50,2,85.64,171.28,1608.53
TRX004716,CLI0092,CRT00443,PRD0042,2026-05-25 20:36:02,8,88.65,709.2,7562.71
TRX004717,CLI0398,CRT03179,PRD0152,2026-04-27 20:04:57,6,336.37,2018.22,4591.84
TRX004718,CLI0011,CRT01780,PRD0129,2026-01-06 20:20:07,3,4.55,13.649999999999999,3250.2000000000003
TRX004719,CLI0261,CRT02125,PRD0101,2026-07-12 18:21:55,3,26.82,80.46000000000001,3398.28
TRX004720,CLI0072,CRT03096,PRD0074,2026-02-01 20:42:25,8,229.76,1838.08,3364.22
TRX004721,CLI0223,CRT00846,PRD0182,2026-07-18 04:44:48,10,200.1,2001.0,5712.94
TRX004722,CLI0425,CRT01933,PRD0181,2026-04-11 01:51:14,3,318.21,954.6299999999999,2536.99
TRX004723,CLI0241,CRT01187,PRD0098,2026-05-27 12:04:12,10,136.36,1363.6000000000001,5151.320000000001
TRX004724,CLI0263,CRT01882,PRD0071,2026-03-29 16:52:35,5,76.57,382.84999999999997,3820.7700000000004
TRX004725,CLI0071,CRT00909,PRD0076,2026-05-29 19:42:36,10,260.49,2604.9,11510.77
TRX004726,CLI0234,CRT01163,PRD0095,2026-07-21 22:00:23,7,42.58,298.06,2970.65
TRX004727,CLI0076,CRT00477,PRD0179,2026-01-15 06:03:22,6,196.43,1178.58,3037.1499999999996
TRX004728,CLI0111,CRT00625,PRD0078,2026-03-07 17:21:00,3,172.26,516.78,771.62
TRX004729,CLI0084,CRT01498,PRD0083,2026-07-26 15:25:52,4,194.5,778.0,778.0
TRX004730,CLI0183,CRT02976,PRD0011,2026-01-20 22:25:00,10,104.38,1043.8,2945.2
TRX004731,CLI0243,CRT00719,PRD0039,2026-04-10 11:21:48,7,305.67,2139.69,4731.39
TRX004732,CLI0206,CRT02811,PRD0085,2026-04-01 00:19:21,8,239.52,1916.16,1916.16
TRX004733,CLI0429,CRT00772,PRD0051,2026-04-10 23:57:15,5,142.41,712.05,7263.54
TRX004734,CLI0027,CRT02227,PRD0137,2026-03-17 13:53:18,10,116.26,1162.6000000000001,4267.780000000001
TRX004735,CLI0318,CRT01813,PRD0043,2026-04-08 11:00:50,10,194.99,1949.9,7343.65
TRX004736,CLI0302,CRT02187,PRD0120,2026-02-02 02:22:06,10,291.12,2911.2,2911.2
TRX004737,CLI0019,CRT00251,PRD0081,2026-05-23 19:59:31,1,151.12,151.12,4038.54
TRX004738,CLI0203,CRT02524,PRD0157,2026-07-10 13:35:08,3,263.29,789.8700000000001,3743.3900000000003
TRX004739,CLI0337,CRT01914,PRD0076,2026-07-10 21:54:50,1,260.49,260.49,9751.08
TRX004740,CLI0310,CRT02583,PRD0148,2026-04-20 12:15:12,4,270.94,1083.76,7217.51
TRX004741,CLI0167,CRT01127,PRD0049,2026-05-23 03:33:19,9,36.18,325.62,3472.3199999999997
TRX004742,CLI0205,CRT00577,PRD0021,2026-06-22 12:27:05,6,175.98,1055.8799999999999,5143.0
TRX004743,CLI0325,CRT00968,PRD0015,2026-04-03 03:06:21,5,125.96,629.8,3753.0299999999997
TRX004744,CLI0423,CRT02966,PRD0193,2026-01-12 03:44:36,1,190.14,190.14,11492.789999999999
TRX004745,CLI0288,CRT00105,PRD0040,2026-06-15 21:37:06,8,256.15,2049.2,7678.25
TRX004746,CLI0126,CRT02680,PRD0075,2026-01-09 04:19:31,1,38.5,38.5,1567.3600000000001
TRX004747,CLI0131,CRT02731,PRD0136,2026-03-08 13:54:00,1,303.73,303.73,303.73
TRX004748,CLI0064,CRT02714,PRD0018,2026-05-10 10:52:15,9,115.19,1036.71,1419.93
TRX004749,CLI0344,CRT02419,PRD0143,2026-07-11 16:54:09,5,331.85,1659.25,3374.38
TRX004750,CLI0016,CRT03021,PRD0149,2026-02-07 13:17:53,2,344.39,688.78,4225.360000000001
TRX004751,CLI0261,CRT02531,PRD0010,2026-07-01 17:47:24,6,162.15,972.9000000000001,3356.52
TRX004752,CLI0324,CRT00293,PRD0177,2026-02-25 07:18:50,10,221.23,2212.2999999999997,9838.789999999999
TRX004753,CLI0039,CRT00578,PRD0168,2026-05-22 06:29:54,2,260.65,521.3,521.3
TRX004754,CLI0024,CRT02598,PRD0178,2026-07-26 11:51:07,3,198.09,594.27,7802.360000000001
TRX004755,CLI0307,CRT02230,PRD0061,2026-07-21 22:43:09,5,111.48,557.4,1644.4
TRX004756,CLI0311,CRT00284,PRD0174,2026-03-24 18:21:14,3,6.76,20.28,20.28
TRX004757,CLI0063,CRT02408,PRD0093,2026-04-05 02:47:11,7,302.86,2120.02,5743.01
TRX004758,CLI0140,CRT01683,PRD0178,2026-01-18 20:37:22,10,198.09,1980.9,4330.17
TRX004759,CLI0187,CRT02819,PRD0035,2026-04-20 06:37:58,6,344.9,2069.3999999999996,4961.299999999999
TRX004760,CLI0307,CRT01537,PRD0083,2026-07-12 06:05:06,8,194.5,1556.0,4976.74
TRX004761,CLI0042,CRT03131,PRD0028,2026-03-18 16:26:08,6,301.62,1809.72,1809.72
TRX004762,CLI0328,CRT02267,PRD0050,2026-02-27 08:23:02,4,164.79,659.16,5341.98
TRX004763,CLI0077,CRT00201,PRD0079,2026-01-24 18:37:50,9,98.65,887.85,4024.88
TRX004764,CLI0033,CRT02208,PRD0108,2026-06-10 22:45:58,6,166.93,1001.58,6290.22
TRX004765,CLI0269,CRT03391,PRD0140,2026-05-09 06:05:28,2,80.42,160.84,3574.46
TRX004766,CLI0400,CRT00091,PRD0102,2026-02-24 08:03:32,4,233.03,932.12,3268.6800000000003
TRX004767,CLI0377,CRT00525,PRD0181,2026-02-05 04:20:08,10,318.21,3182.1,4346.58
TRX004768,CLI0180,CRT01237,PRD0111,2026-02-26 10:18:52,8,282.78,2262.24,6044.61
TRX004769,CLI0046,CRT01327,PRD0178,2026-06-30 23:43:46,7,198.09,1386.63,3076.2200000000003
TRX004770,CLI0038,CRT00404,PRD0098,2026-03-16 02:27:09,4,136.36,545.44,3354.01
TRX004771,CLI0082,CRT03200,PRD0100,2026-04-22 08:24:33,6,252.5,1515.0,3261.7200000000003
TRX004772,CLI0356,CRT02260,PRD0157,2026-06-27 17:01:03,3,263.29,789.8700000000001,2958.87
TRX004773,CLI0098,CRT02634,PRD0194,2026-04-10 15:25:35,10,311.57,3115.7,8540.71
TRX004774,CLI0336,CRT00913,PRD0172,2026-05-25 05:45:15,5,97.82,489.09999999999997,3249.5800000000004
TRX004775,CLI0166,CRT00298,PRD0123,2026-07-01 04:12:06,7,85.64,599.48,2625.81
TRX004776,CLI0393,CRT02845,PRD0137,2026-01-30 09:35:41,2,116.26,232.52,1463.32
TRX004777,CLI0273,CRT02102,PRD0131,2026-02-16 00:41:26,5,212.13,1060.65,1107.0900000000001
TRX004778,CLI0334,CRT02018,PRD0189,2026-04-24 12:34:12,3,80.62,241.86,4686.0
TRX004779,CLI0166,CRT01669,PRD0168,2026-05-27 03:33:29,7,260.65,1824.5499999999997,7495.34
TRX004780,CLI0043,CRT01719,PRD0143,2026-03-22 21:54:12,3,331.85,995.5500000000001,1322.8600000000001
TRX004781,CLI0338,CRT03186,PRD0028,2026-03-09 11:11:31,1,301.62,301.62,6424.13
TRX004782,CLI0101,CRT00269,PRD0071,2026-02-18 04:23:46,5,76.57,382.84999999999997,4397.68
TRX004783,CLI0075,CRT00616,PRD0039,2026-07-24 05:26:41,1,305.67,305.67,910.1500000000001
TRX004784,CLI0186,CRT02672,PRD0150,2026-07-05 20:57:35,9,151.36,1362.2400000000002,6929.820000000001
TRX004785,CLI0209,CRT01755,PRD0158,2026-07-22 01:14:00,6,12.47,74.82000000000001,170.37
TRX004786,CLI0163,CRT02760,PRD0176,2026-07-12 14:11:00,3,288.19,864.5699999999999,1780.4099999999999
TRX004787,CLI0241,CRT01100,PRD0174,2026-03-01 08:08:53,1,6.76,6.76,10853.04
TRX004788,CLI0392,CRT01642,PRD0193,2026-01-29 20:42:40,7,190.14,1330.98,2301.65
TRX004789,CLI0424,CRT01776,PRD0157,2026-03-25 10:15:35,4,263.29,1053.16,6794.39
TRX004790,CLI0227,CRT01636,PRD0096,2026-04-28 01:18:36,4,15.79,63.16,4007.54
TRX004791,CLI0103,CRT00155,PRD0094,2026-07-07 13:35:03,5,179.52,897.6,3696.31
TRX004792,CLI0109,CRT00171,PRD0112,2026-07-07 00:47:52,7,344.42,2410.94,3704.51
TRX004793,CLI0131,CRT02318,PRD0057,2026-05-21 03:05:09,2,59.71,119.42,2581.02
TRX004794,CLI0433,CRT03101,PRD0054,2026-06-09 11:25:10,2,301.82,603.64,2562.73
TRX004795,CLI0052,CRT01323,PRD0031,2026-07-22 23:01:03,9,267.28,2405.5199999999995,10596.759999999998
TRX004796,CLI0386,CRT02229,PRD0192,2026-04-16 08:29:14,10,241.82,2418.2,9667.08
TRX004797,CLI0017,CRT00311,PRD0097,2026-04-02 16:28:42,8,275.78,2206.24,7434.48
TRX004798,CLI0198,CRT02534,PRD0094,2026-04-19 08:59:07,9,179.52,1615.68,2697.69
TRX004799,CLI0233,CRT00963,PRD0017,2026-01-24 09:06:18,8,134.36,1074.88,2821.9100000000003
TRX004800,CLI0377,CRT00525,PRD0120,2026-02-05 04:20:08,4,291.12,1164.48,4346.58
TRX004801,CLI0052,CRT01323,PRD0071,2026-07-22 23:01:03,8,76.57,612.56,10596.759999999998
TRX004802,CLI0208,CRT00431,PRD0060,2026-07-16 21:28:57,3,339.13,1017.39,6944.34
TRX004803,CLI0176,CRT01446,PRD0016,2026-06-17 23:31:19,9,223.15,2008.3500000000001,3220.15
TRX004804,CLI0311,CRT02792,PRD0151,2026-04-25 06:08:09,3,121.08,363.24,3267.55
TRX004805,CLI0061,CRT01791,PRD0154,2026-02-27 07:23:46,7,283.35,1983.4500000000003,4063.82
TRX004806,CLI0055,CRT03468,PRD0131,2026-03-27 21:38:21,6,212.13,1272.78,6747.700000000001
TRX004807,CLI0019,CRT01294,PRD0042,2026-03-28 02:02:27,10,88.65,886.5,1786.5900000000001
TRX004808,CLI0302,CRT00172,PRD0125,2026-05-10 06:09:09,4,54.91,219.64,2604.04
TRX004809,CLI0174,CRT01086,PRD0012,2026-05-19 16:09:09,4,69.32,277.28,1662.83
TRX004810,CLI0245,CRT00596,PRD0007,2026-05-19 01:11:08,9,149.36,1344.2400000000002,2136.6000000000004
TRX004811,CLI0416,CRT02019,PRD0144,2026-07-20 23:37:13,1,213.05,213.05,3690.63
TRX004812,CLI0417,CRT02554,PRD0115,2026-02-06 09:47:41,5,301.5,1507.5,6809.639999999999
TRX004813,CLI0171,CRT01934,PRD0056,2026-01-03 03:44:16,2,143.73,287.46,6386.52
TRX004814,CLI0257,CRT00138,PRD0007,2026-01-31 13:53:46,10,149.36,1493.6000000000001,8168.21
TRX004815,CLI0241,CRT01645,PRD0082,2026-05-02 20:28:15,2,316.62,633.24,7430.02
TRX004816,CLI0258,CRT01424,PRD0080,2026-06-24 15:23:54,8,342.98,2743.84,7666.26
TRX004817,CLI0068,CRT00842,PRD0146,2026-03-28 03:00:19,2,318.04,636.08,2226.86
TRX004818,CLI0012,CRT02108,PRD0031,2026-03-29 15:54:40,7,267.28,1870.9599999999998,2345.24
TRX004819,CLI0046,CRT02150,PRD0149,2026-04-12 04:28:38,1,344.39,344.39,5941.48
TRX004820,CLI0063,CRT01611,PRD0145,2026-03-01 15:27:46,4,40.06,160.24,4413.070000000001
TRX004821,CLI0045,CRT01243,PRD0069,2026-06-04 04:43:47,4,112.37,449.48,785.85
TRX004822,CLI0149,CRT03496,PRD0106,2026-03-16 03:38:29,4,102.2,408.8,3294.35
TRX004823,CLI0276,CRT02704,PRD0192,2026-07-02 23:43:39,1,241.82,241.82,7367.3
TRX004824,CLI0154,CRT02726,PRD0067,2026-02-25 04:53:10,9,327.31,2945.79,9658.92
TRX004825,CLI0107,CRT03336,PRD0132,2026-06-01 19:12:39,6,153.95,923.6999999999999,8072.28
TRX004826,CLI0309,CRT02997,PRD0074,2026-07-23 23:10:40,5,229.76,1148.8,4019.75
TRX004827,CLI0428,CRT01841,PRD0069,2026-02-13 18:31:21,5,112.37,561.85,626.1700000000001
TRX004828,CLI0351,CRT00441,PRD0037,2026-02-12 18:43:08,2,171.38,342.76,445.82
TRX004829,CLI0376,CRT00213,PRD0041,2026-01-24 13:34:00,9,228.33,2054.9700000000003,6738.740000000001
TRX004830,CLI0030,CRT02807,PRD0136,2026-04-02 00:12:52,5,303.73,1518.65,1930.44
TRX004831,CLI0363,CRT03249,PRD0189,2026-05-22 23:44:09,4,80.62,322.48,3121.28
TRX004832,CLI0228,CRT03029,PRD0086,2026-07-20 23:28:41,7,197.06,1379.42,3920.0200000000004
TRX004833,CLI0333,CRT00885,PRD0007,2026-04-09 08:24:59,7,149.36,1045.52,2813.02
TRX004834,CLI0055,CRT01851,PRD0137,2026-03-24 05:35:55,1,116.26,116.26,796.02
TRX004835,CLI0206,CRT03116,PRD0184,2026-03-26 02:20:50,3,85.85,257.54999999999995,5272.0
TRX004836,CLI0432,CRT03204,PRD0153,2026-07-15 22:50:23,1,63.71,63.71,567.55
TRX004837,CLI0162,CRT02585,PRD0173,2026-03-03 13:09:04,10,330.57,3305.7,4555.29
TRX004838,CLI0095,CRT00916,PRD0008,2026-03-23 05:17:53,4,119.47,477.88,5958.01
TRX004839,CLI0415,CRT02567,PRD0094,2026-07-14 06:59:10,2,179.52,359.04,2832.87
TRX004840,CLI0052,CRT03368,PRD0172,2026-03-12 08:14:43,4,97.82,391.28,391.28
TRX004841,CLI0030,CRT02254,PRD0115,2026-03-02 18:27:47,8,301.5,2412.0,5185.009999999999
TRX004842,CLI0354,CRT01917,PRD0016,2026-06-22 14:22:53,9,223.15,2008.3500000000001,6558.6
TRX004843,CLI0339,CRT01658,PRD0012,2026-03-04 09:00:55,9,69.32,623.8799999999999,4565.55
TRX004844,CLI0123,CRT03082,PRD0050,2026-02-23 22:13:24,1,164.79,164.79,6179.39
TRX004845,CLI0105,CRT00872,PRD0062,2026-05-20 19:03:05,3,321.99,965.97,7360.26
TRX004846,CLI0274,CRT00679,PRD0198,2026-01-03 17:54:38,2,156.17,312.34,2533.1400000000003
TRX004847,CLI0284,CRT02514,PRD0134,2026-07-06 06:23:49,1,343.3,343.3,5154.63
TRX004848,CLI0269,CRT00657,PRD0165,2026-07-15 03:01:51,10,194.83,1948.3000000000002,3858.7200000000003
TRX004849,CLI0239,CRT02268,PRD0016,2026-06-09 07:45:36,4,223.15,892.6,2632.39
TRX004850,CLI0383,CRT01399,PRD0121,2026-05-30 00:53:19,7,301.87,2113.09,5908.56
TRX004851,CLI0287,CRT00848,PRD0154,2026-02-20 17:45:44,8,283.35,2266.8,4548.6
TRX004852,CLI0157,CRT02356,PRD0101,2026-07-08 00:21:08,7,26.82,187.74,3717.08
TRX004853,CLI0402,CRT00496,PRD0119,2026-05-17 18:19:32,8,332.64,2661.12,7158.02
TRX004854,CLI0361,CRT01401,PRD0080,2026-04-14 06:44:01,8,342.98,2743.84,5841.03
TRX004855,CLI0251,CRT02373,PRD0063,2026-01-07 06:47:50,8,30.34,242.72,357.62
TRX004856,CLI0131,CRT02541,PRD0017,2026-03-05 21:55:24,8,134.36,1074.88,3783.45
TRX004857,CLI0085,CRT01827,PRD0110,2026-03-22 17:53:12,4,286.9,1147.6,5084.38
TRX004858,CLI0097,CRT02259,PRD0137,2026-06-20 17:19:14,7,116.26,813.82,3702.37
TRX004859,CLI0103,CRT02335,PRD0064,2026-03-27 07:09:34,6,237.14,1422.84,9806.0
TRX004860,CLI0396,CRT01077,PRD0044,2026-04-23 04:17:00,8,248.47,1987.76,3629.8900000000003
TRX004861,CLI0154,CRT01042,PRD0193,2026-05-25 11:29:13,7,190.14,1330.98,2923.62
TRX004862,CLI0421,CRT00073,PRD0158,2026-01-15 18:45:37,5,12.47,62.35,3415.4300000000003
TRX004863,CLI0174,CRT03079,PRD0056,2026-03-16 13:07:07,6,143.73,862.3799999999999,4958.219999999999
TRX004864,CLI0245,CRT02648,PRD0086,2026-06-11 07:51:12,6,197.06,1182.3600000000001,3851.4
TRX004865,CLI0335,CRT00457,PRD0063,2026-01-20 18:48:40,5,30.34,151.7,4677.5
TRX004866,CLI0198,CRT02528,PRD0062,2026-05-25 05:54:41,6,321.99,1931.94,6033.9
TRX004867,CLI0377,CRT02958,PRD0090,2026-03-28 03:05:36,10,15.96,159.60000000000002,4072.26
TRX004868,CLI0096,CRT01509,PRD0185,2026-04-08 10:32:20,1,144.46,144.46,927.02
TRX004869,CLI0397,CRT00365,PRD0103,2026-02-24 15:26:41,4,234.25,937.0,3571.48
TRX004870,CLI0056,CRT03363,PRD0153,2026-06-24 01:48:56,5,63.71,318.55,3063.52
TRX004871,CLI0199,CRT00882,PRD0082,2026-06-19 09:52:41,9,316.62,2849.58,4015.8599999999997
TRX004872,CLI0249,CRT01617,PRD0098,2026-05-11 10:09:14,2,136.36,272.72,540.19
TRX004873,CLI0162,CRT00143,PRD0001,2026-07-03 06:33:59,10,260.19,2601.9,6128.700000000001
TRX004874,CLI0233,CRT01366,PRD0145,2026-02-15 14:06:08,6,40.06,240.36,1847.52
TRX004875,CLI0054,CRT03310,PRD0147,2026-03-24 15:51:45,5,208.25,1041.25,3297.21
TRX004876,CLI0304,CRT02211,PRD0083,2026-07-24 22:48:10,4,194.5,778.0,4781.82
TRX004877,CLI0001,CRT00549,PRD0135,2026-02-10 03:09:42,6,198.63,1191.78,3548.3900000000003
TRX004878,CLI0098,CRT03312,PRD0172,2026-07-05 13:25:49,2,97.82,195.64,1678.75
TRX004879,CLI0428,CRT01308,PRD0167,2026-06-01 02:19:43,2,82.61,165.22,6594.19
TRX004880,CLI0267,CRT01018,PRD0110,2026-07-06 23:00:18,1,286.9,286.9,372.65999999999997
TRX004881,CLI0044,CRT03058,PRD0030,2026-05-26 20:33:49,3,153.58,460.74,2542.94
TRX004882,CLI0053,CRT00654,PRD0123,2026-01-25 02:19:21,7,85.64,599.48,5187.9
TRX004883,CLI0093,CRT02761,PRD0149,2026-03-30 19:21:28,10,344.39,3443.8999999999996,4468.76
TRX004884,CLI0203,CRT02524,PRD0143,2026-07-10 13:35:08,4,331.85,1327.4,3743.3900000000003
TRX004885,CLI0330,CRT01292,PRD0074,2026-03-20 18:11:34,10,229.76,2297.6,6932.87
TRX004886,CLI0043,CRT01903,PRD0069,2026-04-17 10:50:13,6,112.37,674.22,5790.889999999999
TRX004887,CLI0243,CRT00655,PRD0121,2026-05-21 01:57:35,6,301.87,1811.22,3091.25
TRX004888,CLI0328,CRT00671,PRD0075,2026-06-13 19:26:04,4,38.5,154.0,2420.8
TRX004889,CLI0356,CRT03030,PRD0106,2026-01-04 10:26:27,4,102.2,408.8,3036.65
TRX004890,CLI0398,CRT02553,PRD0124,2026-07-24 12:32:20,1,96.92,96.92,7263.709999999999
TRX004891,CLI0145,CRT02341,PRD0056,2026-03-30 14:42:08,9,143.73,1293.57,5146.66
TRX004892,CLI0241,CRT01645,PRD0033,2026-05-02 20:28:15,10,267.47,2674.7000000000003,7430.02
TRX004893,CLI0140,CRT01078,PRD0047,2026-02-08 05:44:03,3,327.59,982.77,2974.47
TRX004894,CLI0258,CRT02773,PRD0047,2026-03-15 10:02:32,4,327.59,1310.36,1760.21
TRX004895,CLI0016,CRT03021,PRD0146,2026-02-07 13:17:53,4,318.04,1272.16,4225.360000000001
TRX004896,CLI0422,CRT01796,PRD0115,2026-03-14 06:53:40,4,301.5,1206.0,1882.61
TRX004897,CLI0207,CRT03360,PRD0038,2026-02-15 21:37:43,2,231.76,463.52,4822.4
TRX004898,CLI0319,CRT01857,PRD0085,2026-04-26 11:49:47,4,239.52,958.08,4463.41
TRX004899,CLI0048,CRT03207,PRD0058,2026-01-07 15:55:33,6,275.33,1651.98,4628.43
TRX004900,CLI0128,CRT00079,PRD0004,2026-01-09 16:37:07,2,178.11,356.22,2177.8500000000004
TRX004901,CLI0213,CRT00791,PRD0056,2026-07-11 03:50:29,5,143.73,718.65,1624.1100000000001
TRX004902,CLI0149,CRT00382,PRD0097,2026-07-21 10:58:18,9,275.78,2482.0199999999995,3519.2799999999997
TRX004903,CLI0223,CRT00846,PRD0049,2026-07-18 04:44:48,6,36.18,217.07999999999998,5712.94
TRX004904,CLI0047,CRT02441,PRD0108,2026-01-05 15:21:10,6,166.93,1001.58,4425.41
TRX004905,CLI0298,CRT01816,PRD0035,2026-02-15 09:28:36,1,344.9,344.9,4525.31
TRX004906,CLI0304,CRT02907,PRD0032,2026-06-28 00:19:21,8,224.53,1796.24,2640.0299999999997
TRX004907,CLI0365,CRT00965,PRD0051,2026-07-23 05:58:15,1,142.41,142.41,1129.49
TRX004908,CLI0234,CRT02540,PRD0071,2026-06-24 05:21:55,3,76.57,229.70999999999998,415.46999999999997
TRX004909,CLI0247,CRT00470,PRD0044,2026-06-22 17:25:59,7,248.47,1739.29,1884.01
TRX004910,CLI0043,CRT02136,PRD0018,2026-06-12 18:13:12,5,115.19,575.95,2297.04
TRX004911,CLI0047,CRT02441,PRD0078,2026-01-05 15:21:10,1,172.26,172.26,4425.41
TRX004912,CLI0174,CRT02358,PRD0007,2026-02-27 15:15:38,7,149.36,1045.52,3017.5
TRX004913,CLI0356,CRT01190,PRD0097,2026-06-02 11:04:15,3,275.78,827.3399999999999,1948.67
TRX004914,CLI0219,CRT01014,PRD0091,2026-06-05 11:31:22,7,321.66,2251.6200000000003,2775.8
TRX004915,CLI0053,CRT02237,PRD0049,2026-01-04 21:40:10,1,36.18,36.18,1712.74
TRX004916,CLI0080,CRT03476,PRD0111,2026-03-19 22:52:24,7,282.78,1979.4599999999998,5184.1900000000005
TRX004917,CLI0313,CRT01020,PRD0168,2026-03-01 10:34:34,8,260.65,2085.2,4956.929999999999
TRX004918,CLI0102,CRT00717,PRD0051,2026-04-28 03:25:15,5,142.41,712.05,5037.5599999999995
TRX004919,CLI0195,CRT00757,PRD0147,2026-07-07 06:45:18,2,208.25,416.5,3321.6000000000004
TRX004920,CLI0280,CRT03395,PRD0101,2026-03-07 17:42:45,6,26.82,160.92000000000002,4261.46
TRX004921,CLI0039,CRT02884,PRD0034,2026-05-20 22:32:14,2,115.14,230.28,5045.110000000001
TRX004922,CLI0005,CRT00681,PRD0092,2026-07-16 15:40:18,5,10.72,53.6,1660.09
TRX004923,CLI0422,CRT01842,PRD0173,2026-03-11 20:30:25,5,330.57,1652.85,1652.85
TRX004924,CLI0266,CRT02055,PRD0166,2026-07-19 14:22:24,9,124.75,1122.75,2976.73
TRX004925,CLI0364,CRT03093,PRD0001,2026-07-17 16:46:30,8,260.19,2081.52,3176.98
TRX004926,CLI0373,CRT00428,PRD0066,2026-01-20 00:40:41,7,148.18,1037.26,6518.900000000001
TRX004927,CLI0196,CRT02550,PRD0053,2026-05-31 11:12:47,3,99.29,297.87,1265.15
TRX004928,CLI0184,CRT02824,PRD0021,2026-07-01 07:13:33,2,175.98,351.96,726.21
TRX004929,CLI0225,CRT02821,PRD0187,2026-06-18 15:59:47,7,241.37,1689.5900000000001,1689.5900000000001
TRX004930,CLI0355,CRT00316,PRD0150,2026-06-20 01:42:37,5,151.36,756.8000000000001,7219.01
TRX004931,CLI0312,CRT02490,PRD0135,2026-04-08 18:59:10,9,198.63,1787.67,3580.0600000000004
TRX004932,CLI0361,CRT01592,PRD0184,2026-03-15 20:17:04,4,85.85,343.4,2232.84
TRX004933,CLI0280,CRT01633,PRD0046,2026-01-05 01:09:01,5,234.97,1174.85,2380.67
TRX004934,CLI0257,CRT03076,PRD0101,2026-05-13 22:09:48,3,26.82,80.46000000000001,5368.95
TRX004935,CLI0242,CRT00434,PRD0130,2026-06-17 05:24:41,8,312.35,2498.8,5003.32
TRX004936,CLI0117,CRT00170,PRD0168,2026-02-27 04:46:37,10,260.65,2606.5,2730.34
TRX004937,CLI0360,CRT03415,PRD0199,2026-03-29 22:17:44,8,223.09,1784.72,1784.72
TRX004938,CLI0281,CRT00844,PRD0108,2026-04-13 09:33:33,4,166.93,667.72,1757.44
TRX004939,CLI0381,CRT00320,PRD0150,2026-03-06 07:23:39,1,151.36,151.36,643.6800000000001
TRX004940,CLI0150,CRT02376,PRD0140,2026-06-18 19:05:33,3,80.42,241.26,584.63
TRX004941,CLI0268,CRT01725,PRD0172,2026-06-20 21:07:56,10,97.82,978.1999999999999,5967.75
TRX004942,CLI0083,CRT00472,PRD0083,2026-06-15 14:57:37,5,194.5,972.5,3979.67
TRX004943,CLI0420,CRT02255,PRD0186,2026-05-24 01:59:17,1,13.84,13.84,2067.5
TRX004944,CLI0198,CRT03499,PRD0173,2026-06-28 03:54:28,7,330.57,2313.99,2768.0699999999997
TRX004945,CLI0257,CRT00138,PRD0096,2026-01-31 13:53:46,10,15.79,157.89999999999998,8168.21
TRX004946,CLI0258,CRT01424,PRD0020,2026-06-24 15:23:54,6,75.82,454.91999999999996,7666.26
TRX004947,CLI0352,CRT00122,PRD0019,2026-05-17 23:14:25,8,13.65,109.2,5746.82
TRX004948,CLI0101,CRT00269,PRD0041,2026-02-18 04:23:46,3,228.33,684.99,4397.68
TRX004949,CLI0108,CRT00294,PRD0074,2026-06-09 10:34:46,6,229.76,1378.56,4058.26
TRX004950,CLI0115,CRT02626,PRD0102,2026-03-08 04:12:43,3,233.03,699.09,4585.92
TRX004951,CLI0413,CRT02665,PRD0038,2026-01-14 11:04:15,1,231.76,231.76,3336.34
TRX004952,CLI0402,CRT01739,PRD0029,2026-02-07 13:12:58,3,95.22,285.65999999999997,3735.5
TRX004953,CLI0019,CRT03366,PRD0103,2026-05-28 09:41:28,4,234.25,937.0,2128.16
TRX004954,CLI0247,CRT03470,PRD0040,2026-06-26 12:03:45,6,256.15,1536.8999999999999,2736.5599999999995
TRX004955,CLI0170,CRT00334,PRD0181,2026-04-30 05:38:10,9,318.21,2863.89,5084.92
TRX004956,CLI0056,CRT03363,PRD0195,2026-06-24 01:48:56,10,11.49,114.9,3063.52
TRX004957,CLI0360,CRT03005,PRD0155,2026-01-23 08:33:47,4,289.44,1157.76,1157.76
TRX004958,CLI0309,CRT02727,PRD0107,2026-05-22 07:51:56,8,114.48,915.84,5999.33
TRX004959,CLI0374,CRT02522,PRD0016,2026-07-05 13:37:34,8,223.15,1785.2,3762.87
TRX004960,CLI0364,CRT01836,PRD0043,2026-05-24 17:39:56,2,194.99,389.98,5522.38
TRX004961,CLI0294,CRT00030,PRD0125,2026-03-02 17:20:24,3,54.91,164.73,3434.52
TRX004962,CLI0431,CRT03191,PRD0106,2026-05-13 21:50:36,6,102.2,613.2,4986.72
TRX004963,CLI0402,CRT00731,PRD0108,2026-06-26 17:18:14,9,166.93,1502.3700000000001,3562.05
TRX004964,CLI0138,CRT00093,PRD0128,2026-06-16 14:54:34,3,9.29,27.869999999999997,4103.11
TRX004965,CLI0027,CRT02838,PRD0139,2026-06-23 12:27:25,9,30.96,278.64,583.9399999999999
TRX004966,CLI0110,CRT02052,PRD0098,2026-04-25 02:50:33,5,136.36,681.8000000000001,4288.95
TRX004967,CLI0188,CRT01172,PRD0121,2026-01-09 01:22:43,9,301.87,2716.83,5581.68
TRX004968,CLI0117,CRT01453,PRD0069,2026-05-04 13:32:25,9,112.37,1011.33,3005.08
TRX004969,CLI0098,CRT01925,PRD0125,2026-01-23 10:57:21,10,54.91,549.0999999999999,4578.139999999999
TRX004970,CLI0106,CRT02932,PRD0124,2026-04-24 08:01:59,2,96.92,193.84,2740.05
TRX004971,CLI0224,CRT01834,PRD0162,2026-01-30 18:01:08,10,195.42,1954.1999999999998,7147.33
TRX004972,CLI0007,CRT00046,PRD0105,2026-07-21 22:41:05,10,200.26,2002.6,4853.0199999999995
TRX004973,CLI0393,CRT02410,PRD0142,2026-07-19 11:52:11,5,55.45,277.25,4007.34
TRX004974,CLI0296,CRT01169,PRD0136,2026-05-08 08:37:11,10,303.73,3037.3,5120.650000000001
TRX004975,CLI0386,CRT02229,PRD0195,2026-04-16 08:29:14,6,11.49,68.94,9667.08
TRX004976,CLI0421,CRT01741,PRD0184,2026-03-20 00:46:02,2,85.85,171.7,3565.04
TRX004977,CLI0398,CRT02553,PRD0195,2026-07-24 12:32:20,7,11.49,80.43,7263.709999999999
TRX004978,CLI0062,CRT02881,PRD0111,2026-01-11 21:21:21,6,282.78,1696.6799999999998,3877.6699999999996
TRX004979,CLI0046,CRT02087,PRD0076,2026-07-24 22:44:49,10,260.49,2604.9,6495.79
TRX004980,CLI0253,CRT03362,PRD0073,2026-05-13 15:47:08,10,292.23,2922.3,9808.12
TRX004981,CLI0216,CRT03178,PRD0104,2026-02-24 08:06:53,2,46.73,93.46,784.0100000000001
TRX004982,CLI0079,CRT03209,PRD0178,2026-01-08 22:30:15,10,198.09,1980.9,2830.9500000000003
TRX004983,CLI0256,CRT03088,PRD0174,2026-01-25 16:33:32,5,6.76,33.8,1992.72
TRX004984,CLI0067,CRT02381,PRD0076,2026-05-18 15:14:02,6,260.49,1562.94,2209.04
TRX004985,CLI0144,CRT01372,PRD0070,2026-02-04 04:02:43,7,218.35,1528.45,5502.2300000000005
TRX004986,CLI0291,CRT02135,PRD0125,2026-04-15 16:14:15,5,54.91,274.54999999999995,3677.86
TRX004987,CLI0339,CRT01211,PRD0044,2026-04-23 23:12:48,5,248.47,1242.35,3345.7
TRX004988,CLI0433,CRT03101,PRD0042,2026-06-09 11:25:10,7,88.65,620.5500000000001,2562.73
TRX004989,CLI0421,CRT00267,PRD0171,2026-07-03 14:53:56,5,127.91,639.55,5341.6900000000005
TRX004990,CLI0147,CRT02113,PRD0118,2026-02-06 06:39:02,6,163.96,983.76,7058.89
TRX004991,CLI0061,CRT02830,PRD0063,2026-04-18 17:48:23,3,30.34,91.02,2007.6999999999998
TRX004992,CLI0332,CRT03048,PRD0153,2026-04-19 07:05:23,4,63.71,254.84,1145.58
TRX004993,CLI0366,CRT02238,PRD0115,2026-01-18 21:35:10,10,301.5,3015.0,6001.14
TRX004994,CLI0177,CRT02013,PRD0110,2026-01-03 10:11:11,1,286.9,286.9,3247.19
TRX004995,CLI0184,CRT00381,PRD0144,2026-05-09 03:51:51,1,213.05,213.05,6327.33
TRX004996,CLI0408,CRT01023,PRD0009,2026-01-31 07:32:55,5,297.0,1485.0,2456.45
TRX004997,CLI0004,CRT00810,PRD0012,2026-03-18 08:04:43,2,69.32,138.64,1142.68
TRX004998,CLI0305,CRT01855,PRD0040,2026-06-18 00:12:40,6,256.15,1536.8999999999999,4966.5
TRX004999,CLI0008,CRT01201,PRD0107,2026-07-09 04:03:41,3,114.48,343.44,7110.4800000000005
TRX005000,CLI0138,CRT00093,PRD0164,2026-06-16 14:54:34,5,242.9,1214.5,4103.11
TRX005001,CLI0233,CRT00488,PRD0174,2026-06-02 21:30:10,3,6.76,20.28,2829.07
TRX005002,CLI0222,CRT03490,PRD0038,2026-02-07 23:09:47,9,231.76,2085.84,4146.24
TRX005003,CLI0409,CRT00682,PRD0026,2026-03-16 21:44:10,7,238.97,1672.79,4571.7
TRX005004,CLI0141,CRT02853,PRD0122,2026-02-19 05:19:23,8,224.09,1792.72,1792.72
TRX005005,CLI0208,CRT00552,PRD0164,2026-05-31 07:17:35,9,242.9,2186.1,3657.98
TRX005006,CLI0188,CRT00755,PRD0063,2026-04-27 00:01:34,6,30.34,182.04,1816.62
TRX005007,CLI0302,CRT02107,PRD0032,2026-01-12 17:53:38,6,224.53,1347.18,4062.1800000000003
TRX005008,CLI0188,CRT00518,PRD0138,2026-06-06 10:01:58,5,308.17,1540.8500000000001,2234.51
TRX005009,CLI0403,CRT00841,PRD0176,2026-04-11 05:23:20,8,288.19,2305.52,4221.68
TRX005010,CLI0233,CRT00963,PRD0115,2026-01-24 09:06:18,1,301.5,301.5,2821.9100000000003
TRX005011,CLI0351,CRT01182,PRD0149,2026-06-12 19:37:53,2,344.39,688.78,6454.070000000001
TRX005012,CLI0101,CRT00269,PRD0049,2026-02-18 04:23:46,9,36.18,325.62,4397.68
TRX005013,CLI0010,CRT00894,PRD0153,2026-03-30 12:48:45,10,63.71,637.1,2153.4700000000003
TRX005014,CLI0372,CRT00128,PRD0011,2026-07-26 20:21:13,8,104.38,835.04,6569.53
TRX005015,CLI0124,CRT02612,PRD0118,2026-03-04 07:42:20,8,163.96,1311.68,3819.9300000000003
TRX005016,CLI0050,CRT02558,PRD0185,2026-01-18 15:12:47,10,144.46,1444.6000000000001,1444.6000000000001
TRX005017,CLI0194,CRT00456,PRD0035,2026-04-04 21:23:48,6,344.9,2069.3999999999996,4289.83
TRX005018,CLI0289,CRT01877,PRD0104,2026-06-03 15:24:12,1,46.73,46.73,4089.46
TRX005019,CLI0402,CRT03293,PRD0031,2026-05-28 00:10:09,2,267.28,534.56,4071.63
TRX005020,CLI0251,CRT00150,PRD0181,2026-07-21 03:12:19,5,318.21,1591.05,4549.9400000000005
TRX005021,CLI0357,CRT01284,PRD0060,2026-04-10 03:53:14,7,339.13,2373.91,3539.35
TRX005022,CLI0160,CRT00075,PRD0199,2026-07-01 18:27:06,8,223.09,1784.72,4707.48
TRX005023,CLI0258,CRT02773,PRD0060,2026-03-15 10:02:32,1,339.13,339.13,1760.21
TRX005024,CLI0006,CRT00832,PRD0081,2026-06-12 23:01:02,10,151.12,1511.2,6605.8
TRX005025,CLI0353,CRT03275,PRD0040,2026-01-03 11:58:25,4,256.15,1024.6,4276.18
TRX005026,CLI0045,CRT01501,PRD0017,2026-02-06 07:33:54,7,134.36,940.5200000000001,1537.0
TRX005027,CLI0172,CRT03383,PRD0177,2026-01-06 06:27:47,8,221.23,1769.84,4094.71
TRX005028,CLI0376,CRT02604,PRD0072,2026-04-09 10:41:57,3,308.05,924.1500000000001,1792.47
TRX005029,CLI0174,CRT01818,PRD0040,2026-04-30 04:48:10,6,256.15,1536.8999999999999,3302.7
TRX005030,CLI0306,CRT00336,PRD0011,2026-01-14 22:46:08,1,104.38,104.38,3265.56
TRX005031,CLI0088,CRT02613,PRD0013,2026-07-12 03:15:22,3,103.06,309.18,1011.9300000000001
TRX005032,CLI0007,CRT01493,PRD0045,2026-03-14 12:33:29,9,301.22,2710.9800000000005,10058.01
TRX005033,CLI0125,CRT02963,PRD0038,2026-01-15 19:47:21,1,231.76,231.76,5306.03
TRX005034,CLI0101,CRT03286,PRD0162,2026-01-13 17:59:00,1,195.42,195.42,538.86
TRX005035,CLI0314,CRT03304,PRD0060,2026-01-13 14:19:14,5,339.13,1695.65,1695.65
TRX005036,CLI0183,CRT03062,PRD0090,2026-07-12 10:16:55,2,15.96,31.92,3163.79
TRX005037,CLI0184,CRT00194,PRD0107,2026-06-30 14:55:07,8,114.48,915.84,4461.85
TRX005038,CLI0147,CRT03098,PRD0135,2026-04-13 14:53:32,8,198.63,1589.04,2212.92
TRX005039,CLI0255,CRT01265,PRD0020,2026-02-08 23:46:12,1,75.82,75.82,401.44
TRX005040,CLI0355,CRT01393,PRD0010,2026-07-07 14:48:16,8,162.15,1297.2,8173.58
TRX005041,CLI0198,CRT02126,PRD0200,2026-01-30 09:48:16,4,144.4,577.6,1402.08
TRX005042,CLI0127,CRT02864,PRD0149,2026-03-23 01:43:53,5,344.39,1721.9499999999998,1721.9499999999998
TRX005043,CLI0412,CRT02670,PRD0073,2026-07-11 07:07:24,7,292.23,2045.6100000000001,5556.82
TRX005044,CLI0023,CRT01352,PRD0110,2026-01-27 01:54:35,1,286.9,286.9,4048.45
TRX005045,CLI0201,CRT02398,PRD0133,2026-06-06 06:22:34,4,238.5,954.0,2989.2799999999997
TRX005046,CLI0336,CRT00255,PRD0063,2026-06-21 16:36:36,2,30.34,60.68,5336.5199999999995
TRX005047,CLI0146,CRT03292,PRD0092,2026-01-05 23:26:06,7,10.72,75.04,4796.48
TRX005048,CLI0371,CRT00745,PRD0149,2026-02-04 09:07:39,2,344.39,688.78,930.9399999999999
TRX005049,CLI0250,CRT03335,PRD0142,2026-01-27 12:23:43,4,55.45,221.8,2266.81
TRX005050,CLI0141,CRT02687,PRD0048,2026-06-11 23:46:55,5,275.16,1375.8000000000002,1375.8000000000002
TRX005051,CLI0288,CRT00890,PRD0161,2026-07-02 00:46:56,1,331.95,331.95,331.95
TRX005052,CLI0134,CRT01192,PRD0066,2026-01-16 22:54:43,8,148.18,1185.44,3596.8900000000003
TRX005053,CLI0356,CRT00183,PRD0178,2026-06-25 22:56:56,10,198.09,1980.9,2383.27
TRX005054,CLI0004,CRT01505,PRD0024,2026-04-15 23:15:29,10,78.71,787.0999999999999,8646.029999999999
TRX005055,CLI0243,CRT01927,PRD0112,2026-04-19 00:47:39,3,344.42,1033.26,3887.13
TRX005056,CLI0009,CRT01527,PRD0195,2026-03-08 05:55:44,2,11.49,22.98,104.88000000000001
TRX005057,CLI0184,CRT00381,PRD0120,2026-05-09 03:51:51,7,291.12,2037.8400000000001,6327.33
TRX005058,CLI0233,CRT02193,PRD0020,2026-01-01 15:33:02,5,75.82,379.09999999999997,4534.8
TRX005059,CLI0290,CRT01699,PRD0082,2026-07-06 22:49:10,6,316.62,1899.72,2662.62
TRX005060,CLI0377,CRT02671,PRD0123,2026-06-16 00:19:57,8,85.64,685.12,3934.31
TRX005061,CLI0420,CRT02255,PRD0181,2026-05-24 01:59:17,6,318.21,1909.2599999999998,2067.5
TRX005062,CLI0397,CRT00500,PRD0054,2026-06-23 23:38:16,3,301.82,905.46,4147.1900000000005
TRX005063,CLI0406,CRT00739,PRD0031,2026-01-28 04:34:52,8,267.28,2138.24,3198.89
TRX005064,CLI0364,CRT01836,PRD0084,2026-05-24 17:39:56,6,129.22,775.3199999999999,5522.38
TRX005065,CLI0137,CRT00924,PRD0137,2026-06-05 20:38:43,5,116.26,581.3000000000001,581.3000000000001
TRX005066,CLI0335,CRT02624,PRD0187,2026-06-14 20:27:29,3,241.37,724.11,811.4
TRX005067,CLI0292,CRT00142,PRD0184,2026-04-28 05:12:52,9,85.85,772.65,3902.72
TRX005068,CLI0287,CRT00848,PRD0161,2026-02-20 17:45:44,4,331.95,1327.8,4548.6
TRX005069,CLI0275,CRT03138,PRD0005,2026-06-26 05:51:01,3,228.33,684.99,3169.0499999999997
TRX005070,CLI0199,CRT00018,PRD0195,2026-02-17 13:30:30,9,11.49,103.41,1532.5800000000002
TRX005071,CLI0169,CRT01848,PRD0184,2026-01-07 10:21:01,7,85.85,600.9499999999999,2027.82
TRX005072,CLI0304,CRT01567,PRD0150,2026-01-16 17:04:43,8,151.36,1210.88,3937.53
TRX005073,CLI0387,CRT00680,PRD0197,2026-05-03 10:54:30,9,267.68,2409.12,2716.7999999999997
TRX005074,CLI0410,CRT01045,PRD0077,2026-07-23 12:52:26,6,75.69,454.14,1092.08
TRX005075,CLI0414,CRT01670,PRD0124,2026-05-06 03:38:34,2,96.92,193.84,5878.5599999999995
TRX005076,CLI0103,CRT02335,PRD0004,2026-03-27 07:09:34,6,178.11,1068.66,9806.0
TRX005077,CLI0243,CRT01927,PRD0180,2026-04-19 00:47:39,1,217.4,217.4,3887.13
TRX005078,CLI0091,CRT03129,PRD0178,2026-01-22 05:09:37,7,198.09,1386.63,5541.51
TRX005079,CLI0133,CRT00478,PRD0170,2026-02-16 18:48:37,7,100.84,705.88,2589.62
TRX005080,CLI0157,CRT00162,PRD0146,2026-02-12 02:22:37,9,318.04,2862.36,3860.83
TRX005081,CLI0416,CRT00819,PRD0128,2026-03-18 03:20:46,9,9.29,83.60999999999999,3399.46
TRX005082,CLI0113,CRT01311,PRD0033,2026-01-17 07:22:40,2,267.47,534.94,4778.89
TRX005083,CLI0198,CRT02534,PRD0051,2026-04-19 08:59:07,6,142.41,854.46,2697.69
TRX005084,CLI0359,CRT00187,PRD0161,2026-02-05 15:14:56,6,331.95,1991.6999999999998,2334.2599999999998
TRX005085,CLI0103,CRT02335,PRD0025,2026-03-27 07:09:34,8,265.13,2121.04,9806.0
TRX005086,CLI0145,CRT01581,PRD0108,2026-02-13 19:33:22,2,166.93,333.86,2848.12
TRX005087,CLI0347,CRT02429,PRD0084,2026-03-11 05:35:19,6,129.22,775.3199999999999,2206.2
TRX005088,CLI0164,CRT02120,PRD0101,2026-02-06 15:01:49,6,26.82,160.92000000000002,3294.46
TRX005089,CLI0176,CRT00167,PRD0026,2026-05-06 13:04:47,7,238.97,1672.79,2486.15
TRX005090,CLI0013,CRT01289,PRD0138,2026-07-04 21:35:18,7,308.17,2157.19,2751.79
TRX005091,CLI0137,CRT01976,PRD0127,2026-02-08 18:45:52,2,24.14,48.28,7092.639999999999
TRX005092,CLI0192,CRT02477,PRD0100,2026-05-08 10:47:57,7,252.5,1767.5,4145.88
TRX005093,CLI0052,CRT02812,PRD0186,2026-04-21 17:54:53,7,13.84,96.88,2775.5
TRX005094,CLI0185,CRT01001,PRD0081,2026-01-10 03:23:26,9,151.12,1360.08,2149.95
TRX005095,CLI0041,CRT00637,PRD0131,2026-04-08 22:20:34,10,212.13,2121.3,2725.04
TRX005096,CLI0020,CRT00056,PRD0077,2026-02-14 10:01:39,5,75.69,378.45,766.56
TRX005097,CLI0427,CRT03484,PRD0124,2026-05-10 16:09:31,1,96.92,96.92,2402.27
TRX005098,CLI0346,CRT03472,PRD0156,2026-05-11 01:55:49,10,87.81,878.1,5556.66
TRX005099,CLI0341,CRT02041,PRD0191,2026-05-17 21:40:59,4,288.92,1155.68,1492.0500000000002
TRX005100,CLI0112,CRT00580,PRD0007,2026-05-27 09:47:48,7,149.36,1045.52,6761.61
TRX005101,CLI0141,CRT02647,PRD0039,2026-06-30 20:53:51,4,305.67,1222.68,1222.68
TRX005102,CLI0120,CRT02472,PRD0055,2026-01-06 22:26:26,7,349.75,2448.25,16103.4
TRX005103,CLI0283,CRT02184,PRD0115,2026-02-19 20:35:48,5,301.5,1507.5,2185.94
TRX005104,CLI0355,CRT02191,PRD0187,2026-06-23 19:24:13,7,241.37,1689.5900000000001,3091.41
TRX005105,CLI0398,CRT02684,PRD0018,2026-06-27 23:58:33,1,115.19,115.19,327.49
TRX005106,CLI0162,CRT02005,PRD0001,2026-04-13 05:58:58,6,260.19,1561.1399999999999,7204.25
TRX005107,CLI0392,CRT01316,PRD0070,2026-01-12 21:35:36,10,218.35,2183.5,5137.52
TRX005108,CLI0333,CRT02732,PRD0047,2026-02-11 14:33:56,6,327.59,1965.54,2977.7700000000004
TRX005109,CLI0070,CRT01038,PRD0133,2026-05-04 05:39:26,6,238.5,1431.0,3682.6200000000003
TRX005110,CLI0323,CRT01935,PRD0127,2026-07-02 15:43:15,2,24.14,48.28,4036.2799999999997
TRX005111,CLI0315,CRT02117,PRD0185,2026-03-25 06:36:24,7,144.46,1011.22,8560.28
TRX005112,CLI0273,CRT02102,PRD0190,2026-02-16 00:41:26,2,23.22,46.44,1107.0900000000001
TRX005113,CLI0384,CRT02555,PRD0071,2026-02-23 14:29:22,2,76.57,153.14,2441.16
TRX005114,CLI0102,CRT02374,PRD0026,2026-01-18 14:02:59,4,238.97,955.88,1790.0
TRX005115,CLI0222,CRT03435,PRD0027,2026-05-30 02:56:19,4,209.57,838.28,2690.17
TRX005116,CLI0352,CRT01597,PRD0126,2026-04-24 08:13:25,10,146.67,1466.6999999999998,2031.04
TRX005117,CLI0056,CRT03113,PRD0010,2026-01-22 06:33:48,6,162.15,972.9000000000001,4606.8
TRX005118,CLI0100,CRT01035,PRD0041,2026-03-26 12:18:14,7,228.33,1598.3100000000002,6025.13
TRX005119,CLI0427,CRT01874,PRD0030,2026-04-05 18:39:54,4,153.58,614.32,7503.07
TRX005120,CLI0284,CRT01282,PRD0010,2026-01-11 13:59:13,3,162.15,486.45000000000005,6454.26
TRX005121,CLI0058,CRT01345,PRD0130,2026-07-23 05:25:58,3,312.35,937.0500000000001,11416.449999999999
TRX005122,CLI0254,CRT03332,PRD0093,2026-01-16 07:44:09,5,302.86,1514.3000000000002,6605.900000000001
TRX005123,CLI0157,CRT00869,PRD0170,2026-04-26 17:09:19,6,100.84,605.04,6898.06
TRX005124,CLI0148,CRT01157,PRD0112,2026-06-21 04:34:15,2,344.42,688.84,1562.2
TRX005125,CLI0165,CRT00361,PRD0124,2026-05-12 02:59:53,9,96.92,872.28,1130.72
TRX005126,CLI0160,CRT00075,PRD0148,2026-07-01 18:27:06,3,270.94,812.8199999999999,4707.48
TRX005127,CLI0153,CRT01752,PRD0051,2026-02-23 05:50:01,6,142.41,854.46,2406.78
TRX005128,CLI0294,CRT01084,PRD0039,2026-03-04 06:14:09,7,305.67,2139.69,7178.87
TRX005129,CLI0016,CRT02166,PRD0093,2026-06-21 16:12:30,10,302.86,3028.6000000000004,5209.160000000001
TRX005130,CLI0201,CRT03412,PRD0025,2026-05-31 15:11:35,7,265.13,1855.9099999999999,2884.1899999999996
TRX005131,CLI0005,CRT00681,PRD0123,2026-07-16 15:40:18,2,85.64,171.28,1660.09
TRX005132,CLI0417,CRT00613,PRD0018,2026-01-26 09:49:42,10,115.19,1151.9,1350.5300000000002
TRX005133,CLI0228,CRT00667,PRD0067,2026-02-04 19:38:05,3,327.31,981.9300000000001,6144.900000000001
TRX005134,CLI0383,CRT00648,PRD0181,2026-05-31 18:58:00,2,318.21,636.42,5320.610000000001
TRX005135,CLI0333,CRT02732,PRD0163,2026-02-11 14:33:56,3,278.04,834.1200000000001,2977.7700000000004
TRX005136,CLI0144,CRT02868,PRD0067,2026-06-05 03:40:07,7,327.31,2291.17,2291.17
TRX005137,CLI0282,CRT01031,PRD0200,2026-03-24 00:13:23,10,144.4,1444.0,2501.2
TRX005138,CLI0315,CRT00495,PRD0177,2026-06-03 01:25:16,8,221.23,1769.84,4053.1400000000003
TRX005139,CLI0387,CRT03392,PRD0161,2026-02-07 03:25:08,5,331.95,1659.75,6322.76
TRX005140,CLI0021,CRT01415,PRD0005,2026-04-04 13:20:29,9,228.33,2054.9700000000003,4842.76
TRX005141,CLI0107,CRT01960,PRD0186,2026-03-14 03:08:17,7,13.84,96.88,3492.58
TRX005142,CLI0414,CRT03282,PRD0183,2026-06-21 02:43:27,10,74.71,747.0999999999999,1796.65
TRX005143,CLI0425,CRT01428,PRD0190,2026-02-01 17:07:05,8,23.22,185.76,1246.28
TRX005144,CLI0320,CRT02449,PRD0080,2026-02-23 19:43:22,9,342.98,3086.82,3799.52
TRX005145,CLI0236,CRT03466,PRD0162,2026-01-14 03:04:56,5,195.42,977.0999999999999,3561.8199999999997
TRX005146,CLI0220,CRT01656,PRD0009,2026-03-30 13:00:40,9,297.0,2673.0,2673.0
TRX005147,CLI0355,CRT01393,PRD0111,2026-07-07 14:48:16,8,282.78,2262.24,8173.58
TRX005148,CLI0356,CRT00413,PRD0035,2026-05-30 05:32:54,10,344.9,3449.0,10655.130000000001
TRX005149,CLI0193,CRT02674,PRD0188,2026-04-20 06:07:29,9,281.86,2536.7400000000002,7075.110000000001
TRX005150,CLI0183,CRT03404,PRD0037,2026-05-08 01:07:30,10,171.38,1713.8,6769.0199999999995
TRX005151,CLI0351,CRT00107,PRD0003,2026-01-28 17:32:22,7,149.12,1043.8400000000001,2036.7
TRX005152,CLI0258,CRT01547,PRD0157,2026-02-26 06:51:36,4,263.29,1053.16,3658.12
TRX005153,CLI0194,CRT02623,PRD0170,2026-07-03 13:53:43,2,100.84,201.68,3245.7200000000003
TRX005154,CLI0294,CRT01084,PRD0178,2026-03-04 06:14:09,10,198.09,1980.9,7178.87
TRX005155,CLI0163,CRT03301,PRD0053,2026-07-12 12:35:27,7,99.29,695.0300000000001,1855.93
TRX005156,CLI0417,CRT02536,PRD0191,2026-04-03 22:58:20,4,288.92,1155.68,4308.84
TRX005157,CLI0222,CRT01820,PRD0080,2026-02-06 09:28:51,1,342.98,342.98,3313.0200000000004
TRX005158,CLI0429,CRT00772,PRD0196,2026-04-10 23:57:15,6,349.85,2099.1000000000004,7263.54
TRX005159,CLI0371,CRT02346,PRD0194,2026-07-11 07:38:28,3,311.57,934.71,4366.9
TRX005160,CLI0093,CRT02109,PRD0009,2026-04-17 00:52:33,8,297.0,2376.0,2979.4
TRX005161,CLI0341,CRT01267,PRD0116,2026-04-10 09:42:02,1,281.93,281.93,281.93
TRX005162,CLI0351,CRT00854,PRD0052,2026-05-28 03:15:43,5,68.6,343.0,4227.219999999999
TRX005163,CLI0144,CRT03326,PRD0017,2026-03-24 17:34:29,4,134.36,537.44,587.32
TRX005164,CLI0421,CRT00485,PRD0101,2026-07-16 06:37:19,7,26.82,187.74,1068.12
TRX005165,CLI0355,CRT03140,PRD0146,2026-05-27 14:10:05,10,318.04,3180.4,6091.83
TRX005166,CLI0031,CRT02650,PRD0102,2026-03-27 05:33:34,3,233.03,699.09,1776.4300000000003
TRX005167,CLI0113,CRT02926,PRD0088,2026-07-07 10:10:59,3,64.83,194.49,3103.31
TRX005168,CLI0074,CRT03434,PRD0193,2026-07-07 07:09:45,6,190.14,1140.84,1871.5
TRX005169,CLI0380,CRT02899,PRD0052,2026-04-12 18:01:24,10,68.6,686.0,5355.9
TRX005170,CLI0422,CRT03141,PRD0008,2026-01-03 20:25:19,2,119.47,238.94,6881.280000000001
TRX005171,CLI0142,CRT03361,PRD0181,2026-05-16 22:06:59,7,318.21,2227.47,3361.56
TRX005172,CLI0359,CRT03106,PRD0066,2026-05-24 00:17:21,5,148.18,740.9000000000001,3972.6
TRX005173,CLI0356,CRT00413,PRD0169,2026-05-30 05:32:54,3,259.17,777.51,10655.130000000001
TRX005174,CLI0309,CRT00499,PRD0087,2026-05-19 00:02:37,4,302.95,1211.8,4536.79
TRX005175,CLI0429,CRT02434,PRD0027,2026-06-12 19:02:14,1,209.57,209.57,1744.41
TRX005176,CLI0043,CRT02136,PRD0103,2026-06-12 18:13:12,2,234.25,468.5,2297.04
TRX005177,CLI0150,CRT01195,PRD0099,2026-07-08 22:43:50,3,248.8,746.4000000000001,5347.34
TRX005178,CLI0075,CRT01923,PRD0102,2026-06-16 08:48:10,8,233.03,1864.24,1864.24
TRX005179,CLI0147,CRT02972,PRD0103,2026-02-27 14:00:29,5,234.25,1171.25,1171.25
TRX005180,CLI0300,CRT00516,PRD0146,2026-03-06 09:30:49,7,318.04,2226.28,2704.1600000000003
TRX005181,CLI0210,CRT02067,PRD0077,2026-01-29 04:24:02,10,75.69,756.9,4401.44
TRX005182,CLI0252,CRT01256,PRD0086,2026-02-21 22:13:13,1,197.06,197.06,1801.96
TRX005183,CLI0097,CRT02368,PRD0197,2026-05-02 03:57:19,2,267.68,535.36,1105.78
TRX005184,CLI0015,CRT01520,PRD0196,2026-01-31 10:05:35,8,349.85,2798.8,6637.59
TRX005185,CLI0084,CRT00932,PRD0125,2026-02-19 08:14:18,7,54.91,384.37,2613.7599999999998
TRX005186,CLI0195,CRT02743,PRD0048,2026-01-07 21:58:36,4,275.16,1100.64,5630.62
TRX005187,CLI0286,CRT01339,PRD0042,2026-03-02 06:59:13,2,88.65,177.3,4853.39
TRX005188,CLI0009,CRT01325,PRD0132,2026-05-05 02:56:20,10,153.95,1539.5,4663.0
TRX005189,CLI0142,CRT01425,PRD0011,2026-01-14 02:18:25,2,104.38,208.76,2308.51
TRX005190,CLI0336,CRT00255,PRD0130,2026-06-21 16:36:36,10,312.35,3123.5,5336.5199999999995
TRX005191,CLI0288,CRT02903,PRD0178,2026-07-19 14:12:30,9,198.09,1782.81,6415.65
TRX005192,CLI0177,CRT00053,PRD0028,2026-04-16 09:37:00,7,301.62,2111.34,4585.22
TRX005193,CLI0422,CRT01687,PRD0119,2026-03-19 18:22:24,4,332.64,1330.56,1777.92
TRX005194,CLI0076,CRT01491,PRD0177,2026-07-03 15:34:11,8,221.23,1769.84,2632.6099999999997
TRX005195,CLI0108,CRT02353,PRD0199,2026-04-23 16:22:58,1,223.09,223.09,283.93
TRX005196,CLI0317,CRT02400,PRD0160,2026-07-07 15:43:53,9,246.16,2215.44,7199.16
TRX005197,CLI0296,CRT00511,PRD0174,2026-05-14 04:17:24,6,6.76,40.56,3085.1800000000003
TRX005198,CLI0228,CRT00667,PRD0112,2026-02-04 19:38:05,6,344.42,2066.52,6144.900000000001
TRX005199,CLI0202,CRT01850,PRD0002,2026-04-06 21:29:36,4,38.12,152.48,6018.05
TRX005200,CLI0265,CRT02001,PRD0056,2026-07-23 13:10:18,7,143.73,1006.1099999999999,5975.35
TRX005201,CLI0341,CRT03432,PRD0167,2026-07-16 20:24:58,1,82.61,82.61,593.61
TRX005202,CLI0149,CRT02627,PRD0056,2026-01-23 04:03:19,7,143.73,1006.1099999999999,3906.69
TRX005203,CLI0199,CRT00882,PRD0151,2026-06-19 09:52:41,3,121.08,363.24,4015.8599999999997
TRX005204,CLI0277,CRT00673,PRD0181,2026-02-28 03:15:38,3,318.21,954.6299999999999,2703.38
TRX005205,CLI0381,CRT00935,PRD0016,2026-06-21 07:23:05,4,223.15,892.6,3338.45
TRX005206,CLI0339,CRT01896,PRD0116,2026-07-04 20:41:51,1,281.93,281.93,5842.719999999999
TRX005207,CLI0244,CRT00843,PRD0004,2026-05-27 01:47:43,7,178.11,1246.77,6092.25
TRX005208,CLI0426,CRT02787,PRD0102,2026-07-10 00:15:55,4,233.03,932.12,6404.92
TRX005209,CLI0242,CRT01088,PRD0042,2026-06-22 01:50:13,6,88.65,531.9000000000001,5970.06
TRX005210,CLI0118,CRT01782,PRD0025,2026-01-23 16:50:10,7,265.13,1855.9099999999999,3102.68
TRX005211,CLI0315,CRT02192,PRD0145,2026-03-06 20:23:35,8,40.06,320.48,2915.6
TRX005212,CLI0292,CRT00142,PRD0052,2026-04-28 05:12:52,4,68.6,274.4,3902.72
TRX005213,CLI0004,CRT00104,PRD0199,2026-05-11 13:37:31,6,223.09,1338.54,3420.6499999999996
TRX005214,CLI0196,CRT03358,PRD0118,2026-07-07 15:23:09,8,163.96,1311.68,3280.96
TRX005215,CLI0187,CRT01675,PRD0199,2026-04-22 07:20:44,8,223.09,1784.72,4080.47
TRX005216,CLI0428,CRT00784,PRD0065,2026-03-19 02:50:15,6,88.06,528.36,4910.05
TRX005217,CLI0032,CRT00023,PRD0050,2026-02-08 03:31:15,7,164.79,1153.53,7092.83
TRX005218,CLI0320,CRT02983,PRD0034,2026-03-15 12:41:03,10,115.14,1151.4,1944.3700000000001
TRX005219,CLI0015,CRT01520,PRD0144,2026-01-31 10:05:35,5,213.05,1065.25,6637.59
TRX005220,CLI0369,CRT01368,PRD0058,2026-02-19 23:00:40,3,275.33,825.99,7058.67
TRX005221,CLI0318,CRT03099,PRD0015,2026-06-24 04:41:46,10,125.96,1259.6,1259.6
TRX005222,CLI0433,CRT00220,PRD0143,2026-02-10 03:46:33,9,331.85,2986.65,4536.99
TRX005223,CLI0184,CRT00194,PRD0025,2026-06-30 14:55:07,5,265.13,1325.65,4461.85
TRX005224,CLI0274,CRT02918,PRD0092,2026-01-30 00:03:03,2,10.72,21.44,4530.95
TRX005225,CLI0186,CRT02672,PRD0113,2026-07-05 20:57:35,1,310.43,310.43,6929.820000000001
TRX005226,CLI0356,CRT01764,PRD0010,2026-01-08 01:53:48,5,162.15,810.75,3221.69
TRX005227,CLI0182,CRT00263,PRD0073,2026-06-12 10:37:50,1,292.23,292.23,3279.06
TRX005228,CLI0134,CRT02340,PRD0062,2026-01-03 10:54:12,1,321.99,321.99,4123.46
TRX005229,CLI0077,CRT02851,PRD0026,2026-02-28 04:23:09,4,238.97,955.88,3561.52
TRX005230,CLI0188,CRT01172,PRD0048,2026-01-09 01:22:43,3,275.16,825.48,5581.68
TRX005231,CLI0232,CRT03394,PRD0072,2026-05-06 12:46:17,8,308.05,2464.4,3675.28
TRX005232,CLI0418,CRT02991,PRD0019,2026-01-18 04:07:12,4,13.65,54.6,2895.4
TRX005233,CLI0385,CRT00168,PRD0148,2026-02-18 06:00:11,1,270.94,270.94,1869.4699999999998
TRX005234,CLI0343,CRT00232,PRD0095,2026-03-28 18:53:59,4,42.58,170.32,5010.05
TRX005235,CLI0169,CRT01848,PRD0128,2026-01-07 10:21:01,3,9.29,27.869999999999997,2027.82
TRX005236,CLI0335,CRT02143,PRD0165,2026-02-12 00:01:11,5,194.83,974.1500000000001,1863.23
TRX005237,CLI0374,CRT00978,PRD0067,2026-07-16 16:14:51,9,327.31,2945.79,6012.43
TRX005238,CLI0180,CRT01026,PRD0045,2026-05-24 23:12:38,3,301.22,903.6600000000001,5195.68
TRX005239,CLI0104,CRT02123,PRD0132,2026-03-03 21:44:10,8,153.95,1231.6,2678.8
TRX005240,CLI0043,CRT03003,PRD0079,2026-05-29 15:21:31,5,98.65,493.25,9409.33
TRX005241,CLI0429,CRT01125,PRD0002,2026-05-05 04:09:44,7,38.12,266.84,3565.21
TRX005242,CLI0093,CRT01586,PRD0112,2026-04-01 13:49:16,4,344.42,1377.68,3580.3199999999997
TRX005243,CLI0003,CRT02708,PRD0173,2026-05-23 16:16:59,6,330.57,1983.42,3261.7200000000003
TRX005244,CLI0016,CRT03021,PRD0152,2026-02-07 13:17:53,3,336.37,1009.11,4225.360000000001
TRX005245,CLI0085,CRT01827,PRD0081,2026-03-22 17:53:12,4,151.12,604.48,5084.38
TRX005246,CLI0123,CRT03052,PRD0126,2026-03-14 05:55:33,6,146.67,880.02,12641.93
TRX005247,CLI0327,CRT03323,PRD0150,2026-04-25 04:27:19,7,151.36,1059.52,5323.66
TRX005248,CLI0160,CRT02248,PRD0083,2026-05-30 19:42:08,2,194.5,389.0,2368.46
TRX005249,CLI0027,CRT02195,PRD0160,2026-03-24 15:44:54,2,246.16,492.32,7609.3
TRX005250,CLI0025,CRT00177,PRD0076,2026-06-19 03:56:10,9,260.49,2344.41,3893.0199999999995
TRX005251,CLI0123,CRT01290,PRD0133,2026-05-06 14:09:16,9,238.5,2146.5,3000.96
TRX005252,CLI0238,CRT02232,PRD0119,2026-07-23 15:35:12,3,332.64,997.92,997.92
TRX005253,CLI0267,CRT00946,PRD0034,2026-01-28 16:26:33,1,115.14,115.14,3069.09
TRX005254,CLI0085,CRT03136,PRD0155,2026-02-20 12:43:00,4,289.44,1157.76,3867.29
TRX005255,CLI0071,CRT01543,PRD0188,2026-05-13 10:14:45,9,281.86,2536.7400000000002,5340.160000000001
TRX005256,CLI0330,CRT02096,PRD0107,2026-05-24 03:06:01,1,114.48,114.48,4333.27
TRX005257,CLI0369,CRT01368,PRD0038,2026-02-19 23:00:40,7,231.76,1622.32,7058.67
TRX005258,CLI0234,CRT00204,PRD0178,2026-03-17 09:36:59,10,198.09,1980.9,1980.9
TRX005259,CLI0163,CRT03301,PRD0106,2026-07-12 12:35:27,6,102.2,613.2,1855.93
TRX005260,CLI0226,CRT03100,PRD0033,2026-04-04 18:39:31,9,267.47,2407.2300000000005,5227.25
TRX005261,CLI0297,CRT02542,PRD0108,2026-06-19 05:52:38,7,166.93,1168.51,8403.119999999999
TRX005262,CLI0377,CRT02671,PRD0001,2026-06-16 00:19:57,3,260.19,780.5699999999999,3934.31
TRX005263,CLI0216,CRT01441,PRD0153,2026-04-24 23:28:20,2,63.71,127.42,6622.2300000000005
TRX005264,CLI0194,CRT00456,PRD0106,2026-04-04 21:23:48,9,102.2,919.8000000000001,4289.83
TRX005265,CLI0044,CRT00481,PRD0031,2026-02-25 16:21:17,6,267.28,1603.6799999999998,4245.01
TRX005266,CLI0310,CRT00069,PRD0075,2026-06-15 03:15:03,4,38.5,154.0,5167.25
TRX005267,CLI0181,CRT02796,PRD0009,2026-01-14 15:23:27,2,297.0,594.0,3577.9
TRX005268,CLI0060,CRT02611,PRD0180,2026-05-04 19:41:06,2,217.4,434.8,434.8
TRX005269,CLI0121,CRT01723,PRD0103,2026-01-29 20:47:18,2,234.25,468.5,1990.6599999999999
TRX005270,CLI0117,CRT02189,PRD0086,2026-05-14 09:59:16,3,197.06,591.1800000000001,1993.12
TRX005271,CLI0304,CRT01660,PRD0146,2026-01-22 02:23:05,9,318.04,2862.36,2862.36
TRX005272,CLI0351,CRT01346,PRD0137,2026-05-02 18:06:50,2,116.26,232.52,1078.8200000000002
TRX005273,CLI0176,CRT00167,PRD0167,2026-05-06 13:04:47,8,82.61,660.88,2486.15
TRX005274,CLI0276,CRT00564,PRD0097,2026-07-23 20:55:52,8,275.78,2206.24,4984.8099999999995
TRX005275,CLI0288,CRT02448,PRD0082,2026-06-10 06:54:04,10,316.62,3166.2,5294.61
TRX005276,CLI0302,CRT02107,PRD0100,2026-01-12 17:53:38,1,252.5,252.5,4062.1800000000003
TRX005277,CLI0012,CRT02692,PRD0004,2026-05-31 20:51:41,4,178.11,712.44,2632.78
TRX005278,CLI0391,CRT00923,PRD0190,2026-06-06 22:27:44,7,23.22,162.54,4171.66
TRX005279,CLI0232,CRT01391,PRD0056,2026-05-07 08:45:24,7,143.73,1006.1099999999999,3699.67
TRX005280,CLI0224,CRT01834,PRD0161,2026-01-30 18:01:08,7,331.95,2323.65,7147.33
TRX005281,CLI0146,CRT01868,PRD0044,2026-06-15 23:48:49,7,248.47,1739.29,2684.0099999999998
TRX005282,CLI0198,CRT00236,PRD0195,2026-02-08 20:19:43,4,11.49,45.96,7700.51
TRX005283,CLI0281,CRT00684,PRD0147,2026-04-06 06:51:56,7,208.25,1457.75,5767.57
TRX005284,CLI0029,CRT00710,PRD0115,2026-03-10 14:17:15,10,301.5,3015.0,3151.1699999999996
TRX005285,CLI0284,CRT00813,PRD0167,2026-05-11 20:15:18,5,82.61,413.05,3158.31
TRX005286,CLI0288,CRT03281,PRD0095,2026-03-13 22:07:59,8,42.58,340.64,2496.32
TRX005287,CLI0067,CRT03340,PRD0030,2026-02-26 13:14:23,3,153.58,460.74,3615.38
TRX005288,CLI0241,CRT01100,PRD0047,2026-03-01 08:08:53,9,327.59,2948.31,10853.04
TRX005289,CLI0147,CRT02503,PRD0128,2026-05-28 16:19:15,2,9.29,18.58,2467.25
TRX005290,CLI0236,CRT00600,PRD0017,2026-03-22 00:18:23,4,134.36,537.44,1944.6799999999998
TRX005291,CLI0017,CRT01207,PRD0096,2026-03-29 03:04:22,3,15.79,47.37,1266.4299999999998
TRX005292,CLI0331,CRT03364,PRD0180,2026-03-05 04:02:39,7,217.4,1521.8,4300.39
TRX005293,CLI0184,CRT00381,PRD0137,2026-05-09 03:51:51,6,116.26,697.5600000000001,6327.33
TRX005294,CLI0175,CRT01907,PRD0142,2026-02-17 07:41:05,10,55.45,554.5,2190.0499999999997
TRX005295,CLI0003,CRT00278,PRD0120,2026-05-16 01:46:06,9,291.12,2620.08,3015.16
TRX005296,CLI0022,CRT00038,PRD0032,2026-04-19 02:51:11,5,224.53,1122.65,2425.25
TRX005297,CLI0252,CRT02974,PRD0101,2026-02-13 04:00:35,6,26.82,160.92000000000002,1213.1200000000001
TRX005298,CLI0076,CRT03147,PRD0125,2026-05-08 11:31:12,1,54.91,54.91,3781.09
TRX005299,CLI0005,CRT00575,PRD0055,2026-06-29 09:35:17,4,349.75,1399.0,6339.99
TRX005300,CLI0371,CRT00356,PRD0142,2026-03-14 00:53:58,4,55.45,221.8,2624.26
TRX005301,CLI0132,CRT02111,PRD0194,2026-01-24 04:10:26,8,311.57,2492.56,4813.9
TRX005302,CLI0098,CRT00002,PRD0018,2026-04-15 20:10:28,10,115.19,1151.9,3063.86
TRX005303,CLI0281,CRT00395,PRD0138,2026-01-22 11:05:36,1,308.17,308.17,5435.4400000000005
TRX005304,CLI0149,CRT02627,PRD0142,2026-01-23 04:03:19,3,55.45,166.35000000000002,3906.69
TRX005305,CLI0196,CRT00833,PRD0059,2026-01-14 11:05:48,10,252.15,2521.5,5556.379999999999
TRX005306,CLI0215,CRT01797,PRD0106,2026-02-16 14:52:26,5,102.2,511.0,1506.9
TRX005307,CLI0263,CRT02344,PRD0137,2026-07-14 05:26:06,1,116.26,116.26,2742.76
TRX005308,CLI0040,CRT00464,PRD0197,2026-05-12 23:25:41,4,267.68,1070.72,3034.4
TRX005309,CLI0359,CRT01736,PRD0032,2026-01-29 11:31:22,8,224.53,1796.24,4982.96
TRX005310,CLI0078,CRT02008,PRD0089,2026-05-28 02:06:17,6,57.82,346.92,1945.31
TRX005311,CLI0075,CRT01208,PRD0153,2026-06-02 05:36:44,4,63.71,254.84,5385.62
TRX005312,CLI0042,CRT00425,PRD0168,2026-03-13 05:05:50,6,260.65,1563.8999999999999,2037.08
TRX005313,CLI0314,CRT00764,PRD0131,2026-03-14 11:44:43,4,212.13,848.52,3301.98
TRX005314,CLI0059,CRT00261,PRD0158,2026-01-25 23:59:24,2,12.47,24.94,3282.75
TRX005315,CLI0098,CRT02338,PRD0124,2026-06-30 21:59:31,4,96.92,387.68,2737.0200000000004
TRX005316,CLI0322,CRT01039,PRD0085,2026-04-28 19:33:01,3,239.52,718.5600000000001,3980.25
TRX005317,CLI0184,CRT00927,PRD0067,2026-01-21 17:21:09,5,327.31,1636.55,3556.1499999999996
TRX005318,CLI0064,CRT00173,PRD0054,2026-04-04 23:41:07,6,301.82,1810.92,3993.3300000000004
TRX005319,CLI0113,CRT03365,PRD0082,2026-01-30 01:56:04,3,316.62,949.86,5240.05
TRX005320,CLI0381,CRT03026,PRD0158,2026-02-05 19:12:13,8,12.47,99.76,5467.59
TRX005321,CLI0395,CRT01131,PRD0015,2026-04-08 11:55:14,6,125.96,755.76,3268.46
TRX005322,CLI0424,CRT00493,PRD0072,2026-02-08 22:02:45,7,308.05,2156.35,4087.3
TRX005323,CLI0114,CRT01385,PRD0129,2026-06-01 05:25:25,8,4.55,36.4,1047.2
TRX005324,CLI0077,CRT01786,PRD0063,2026-01-23 13:23:44,2,30.34,60.68,3975.4800000000005
TRX005325,CLI0185,CRT03406,PRD0023,2026-02-22 03:15:01,10,262.09,2620.8999999999996,3141.2799999999997
TRX005326,CLI0220,CRT00331,PRD0081,2026-03-13 20:15:54,6,151.12,906.72,2011.19
TRX005327,CLI0166,CRT00964,PRD0106,2026-06-27 23:36:50,1,102.2,102.2,2545.7799999999997
TRX005328,CLI0054,CRT03483,PRD0086,2026-05-02 00:53:51,4,197.06,788.24,6073.09
TRX005329,CLI0395,CRT00828,PRD0188,2026-03-27 12:40:03,1,281.86,281.86,4598.17
TRX005330,CLI0267,CRT00718,PRD0002,2026-06-20 07:35:21,6,38.12,228.71999999999997,297.91999999999996
TRX005331,CLI0193,CRT00876,PRD0162,2026-05-30 19:10:48,7,195.42,1367.9399999999998,8502.19
TRX005332,CLI0371,CRT00356,PRD0114,2026-03-14 00:53:58,9,141.38,1272.42,2624.26
TRX005333,CLI0201,CRT01647,PRD0042,2026-03-09 18:00:40,8,88.65,709.2,5241.91
TRX005334,CLI0033,CRT00379,PRD0148,2026-07-13 21:19:16,9,270.94,2438.46,4299.34
TRX005335,CLI0386,CRT00497,PRD0164,2026-01-31 03:23:34,1,242.9,242.9,2676.14
TRX005336,CLI0051,CRT01622,PRD0013,2026-07-08 01:55:27,8,103.06,824.48,5352.92
TRX005337,CLI0190,CRT02769,PRD0023,2026-07-01 09:04:11,2,262.09,524.18,1888.8899999999999
TRX005338,CLI0346,CRT02336,PRD0157,2026-03-26 09:06:11,3,263.29,789.8700000000001,2460.61
TRX005339,CLI0258,CRT00597,PRD0168,2026-03-30 14:20:05,7,260.65,1824.5499999999997,4962.74
TRX005340,CLI0053,CRT00654,PRD0018,2026-01-25 02:19:21,6,115.19,691.14,5187.9
TRX005341,CLI0299,CRT00050,PRD0148,2026-07-14 03:38:53,3,270.94,812.8199999999999,5921.8099999999995
TRX005342,CLI0194,CRT00566,PRD0116,2026-05-25 17:36:30,5,281.93,1409.65,2210.05
TRX005343,CLI0361,CRT00323,PRD0131,2026-07-01 23:34:46,10,212.13,2121.3,3050.01
TRX005344,CLI0187,CRT01721,PRD0032,2026-06-21 23:56:10,5,224.53,1122.65,3406.26
TRX005345,CLI0395,CRT02873,PRD0185,2026-02-03 12:03:32,9,144.46,1300.14,2278.5
TRX005346,CLI0289,CRT01877,PRD0029,2026-06-03 15:24:12,10,95.22,952.2,4089.46
TRX005347,CLI0075,CRT00639,PRD0105,2026-02-12 23:19:22,2,200.26,400.52,1002.96
TRX005348,CLI0265,CRT02199,PRD0152,2026-07-14 01:34:57,9,336.37,3027.33,5793.83
TRX005349,CLI0163,CRT00914,PRD0159,2026-01-18 20:17:31,6,125.8,754.8,4246.29
TRX005350,CLI0229,CRT03258,PRD0043,2026-04-19 21:42:42,3,194.99,584.97,8111.16
TRX005351,CLI0235,CRT01470,PRD0155,2026-03-23 05:40:54,10,289.44,2894.4,7832.56
TRX005352,CLI0036,CRT02004,PRD0121,2026-01-22 12:19:02,9,301.87,2716.83,3901.83
TRX005353,CLI0373,CRT01191,PRD0096,2026-07-20 20:31:26,4,15.79,63.16,2226.8399999999997
TRX005354,CLI0106,CRT02905,PRD0083,2026-02-17 00:07:51,9,194.5,1750.5,9444.0
TRX005355,CLI0351,CRT02746,PRD0010,2026-05-21 14:48:37,9,162.15,1459.3500000000001,3835.3500000000004
TRX005356,CLI0123,CRT02404,PRD0126,2026-02-10 09:58:04,3,146.67,440.01,4689.01
TRX005357,CLI0149,CRT01533,PRD0154,2026-03-16 19:16:57,1,283.35,283.35,1174.66
TRX005358,CLI0359,CRT02653,PRD0088,2026-07-08 01:54:49,2,64.83,129.66,3552.9
TRX005359,CLI0083,CRT03034,PRD0139,2026-01-03 14:25:55,6,30.96,185.76,5647.0599999999995
TRX005360,CLI0110,CRT00811,PRD0191,2026-03-22 00:47:24,2,288.92,577.84,3751.6800000000003
TRX005361,CLI0045,CRT02879,PRD0161,2026-01-28 04:45:02,5,331.95,1659.75,6757.030000000001
TRX005362,CLI0377,CRT00851,PRD0175,2026-05-15 08:57:55,10,120.9,1209.0,2111.6
TRX005363,CLI0237,CRT00403,PRD0195,2026-06-15 20:00:45,8,11.49,91.92,91.92
TRX005364,CLI0355,CRT01804,PRD0055,2026-04-12 07:43:35,8,349.75,2798.0,2873.82
TRX005365,CLI0043,CRT01903,PRD0159,2026-04-17 10:50:13,8,125.8,1006.4,5790.889999999999
TRX005366,CLI0154,CRT03486,PRD0040,2026-04-14 17:36:42,7,256.15,1793.0499999999997,4397.49
TRX005367,CLI0150,CRT01430,PRD0061,2026-04-26 22:36:29,5,111.48,557.4,6623.37
TRX005368,CLI0274,CRT01185,PRD0002,2026-07-19 00:23:33,10,38.12,381.2,1409.48
TRX005369,CLI0036,CRT02004,PRD0168,2026-01-22 12:19:02,2,260.65,521.3,3901.83
TRX005370,CLI0434,CRT01574,PRD0067,2026-07-11 10:05:56,4,327.31,1309.24,4339.02
TRX005371,CLI0341,CRT02586,PRD0044,2026-04-13 13:46:42,7,248.47,1739.29,4698.82
TRX005372,CLI0268,CRT01725,PRD0150,2026-06-20 21:07:56,2,151.36,302.72,5967.75
TRX005373,CLI0256,CRT02460,PRD0075,2026-01-27 19:31:18,7,38.5,269.5,269.5
TRX005374,CLI0175,CRT01907,PRD0177,2026-02-17 07:41:05,6,221.23,1327.3799999999999,2190.0499999999997
TRX005375,CLI0386,CRT02229,PRD0080,2026-04-16 08:29:14,8,342.98,2743.84,9667.08
TRX005376,CLI0404,CRT01410,PRD0198,2026-06-25 02:56:51,7,156.17,1093.1899999999998,3374.21
TRX005377,CLI0071,CRT03245,PRD0098,2026-02-26 03:02:17,6,136.36,818.1600000000001,5887.08
TRX005378,CLI0127,CRT00417,PRD0186,2026-07-21 08:03:55,3,13.84,41.519999999999996,1175.1599999999999
TRX005379,CLI0187,CRT01675,PRD0066,2026-04-22 07:20:44,9,148.18,1333.6200000000001,4080.47
TRX005380,CLI0418,CRT00214,PRD0055,2026-03-29 06:39:29,3,349.75,1049.25,2260.3
TRX005381,CLI0029,CRT03014,PRD0177,2026-07-11 05:01:01,3,221.23,663.6899999999999,5123.43
TRX005382,CLI0350,CRT01738,PRD0070,2026-03-05 10:06:43,7,218.35,1528.45,2914.74
TRX005383,CLI0050,CRT03152,PRD0118,2026-01-10 07:57:35,2,163.96,327.92,4442.71
TRX005384,CLI0203,CRT01814,PRD0179,2026-06-21 13:30:14,10,196.43,1964.3000000000002,6141.75
TRX005385,CLI0216,CRT02827,PRD0009,2026-07-10 12:03:32,6,297.0,1782.0,2396.14
TRX005386,CLI0151,CRT03011,PRD0179,2026-04-28 05:14:52,5,196.43,982.1500000000001,5119.99
TRX005387,CLI0293,CRT00055,PRD0097,2026-06-05 17:13:23,10,275.78,2757.7999999999997,3791.0599999999995
TRX005388,CLI0243,CRT02676,PRD0054,2026-02-15 01:54:37,1,301.82,301.82,5665.9800000000005
TRX005389,CLI0089,CRT01317,PRD0150,2026-03-27 02:18:06,3,151.36,454.08000000000004,3102.22
TRX005390,CLI0220,CRT00503,PRD0199,2026-02-28 17:33:12,10,223.09,2230.9,2230.9
TRX005391,CLI0256,CRT02307,PRD0127,2026-05-13 16:54:12,5,24.14,120.7,243.55
TRX005392,CLI0235,CRT00599,PRD0028,2026-01-31 18:52:02,9,301.62,2714.58,4138.68
TRX005393,CLI0428,CRT00784,PRD0028,2026-03-19 02:50:15,5,301.62,1508.1,4910.05
TRX005394,CLI0272,CRT01223,PRD0126,2026-06-24 01:29:36,10,146.67,1466.6999999999998,3336.12
TRX005395,CLI0218,CRT02359,PRD0150,2026-06-25 14:41:10,5,151.36,756.8000000000001,3919.9300000000003
TRX005396,CLI0346,CRT00302,PRD0080,2026-07-11 19:26:19,4,342.98,1371.92,5960.91
TRX005397,CLI0314,CRT01377,PRD0140,2026-02-13 21:02:55,5,80.42,402.1,6860.72
TRX005398,CLI0044,CRT03058,PRD0159,2026-05-26 20:33:49,6,125.8,754.8,2542.94
TRX005399,CLI0284,CRT01282,PRD0125,2026-01-11 13:59:13,8,54.91,439.28,6454.26
TRX005400,CLI0356,CRT02721,PRD0013,2026-03-22 19:01:46,8,103.06,824.48,824.48
TRX005401,CLI0149,CRT01887,PRD0120,2026-04-30 15:55:25,7,291.12,2037.8400000000001,5168.35
TRX005402,CLI0407,CRT01566,PRD0031,2026-06-18 18:41:42,7,267.28,1870.9599999999998,4930.54
TRX005403,CLI0332,CRT00368,PRD0107,2026-01-19 05:35:52,2,114.48,228.96,228.96
TRX005404,CLI0069,CRT00928,PRD0197,2026-05-09 22:01:00,4,267.68,1070.72,4493.97
TRX005405,CLI0044,CRT01994,PRD0082,2026-03-10 13:33:35,9,316.62,2849.58,6666.209999999999
TRX005406,CLI0258,CRT02564,PRD0148,2026-01-29 16:24:29,9,270.94,2438.46,8032.889999999999
TRX005407,CLI0028,CRT01830,PRD0186,2026-02-18 05:24:40,7,13.84,96.88,6705.21
TRX005408,CLI0197,CRT02696,PRD0031,2026-05-04 23:28:08,6,267.28,1603.6799999999998,3838.92
TRX005409,CLI0187,CRT00610,PRD0101,2026-04-13 10:10:51,6,26.82,160.92000000000002,3521.2799999999997
TRX005410,CLI0149,CRT03436,PRD0148,2026-02-26 01:10:12,1,270.94,270.94,2052.04
TRX005411,CLI0320,CRT00486,PRD0035,2026-06-18 18:35:52,1,344.9,344.9,1593.18
TRX005412,CLI0079,CRT01988,PRD0018,2026-06-15 13:14:35,10,115.19,1151.9,3950.2300000000005
TRX005413,CLI0387,CRT03392,PRD0177,2026-02-07 03:25:08,2,221.23,442.46,6322.76
TRX005414,CLI0076,CRT02643,PRD0072,2026-06-03 10:19:04,6,308.05,1848.3000000000002,4494.64
TRX005415,CLI0097,CRT03343,PRD0065,2026-01-18 10:06:56,10,88.06,880.6,4862.06
TRX005416,CLI0260,CRT01952,PRD0178,2026-02-26 21:23:45,6,198.09,1188.54,6487.39
TRX005417,CLI0252,CRT01870,PRD0157,2026-07-25 15:44:30,7,263.29,1843.0300000000002,4547.21
TRX005418,CLI0159,CRT02387,PRD0168,2026-05-31 07:23:24,8,260.65,2085.2,6873.19
TRX005419,CLI0420,CRT00824,PRD0044,2026-01-25 21:40:18,9,248.47,2236.23,5415.57
TRX005420,CLI0257,CRT02183,PRD0050,2026-05-07 06:12:24,4,164.79,659.16,4308.030000000001
TRX005421,CLI0417,CRT01897,PRD0004,2026-03-06 12:56:30,3,178.11,534.33,6947.6900000000005
TRX005422,CLI0162,CRT02742,PRD0100,2026-07-21 15:47:16,4,252.5,1010.0,7306.88
TRX005423,CLI0081,CRT03039,PRD0069,2026-03-11 03:20:50,10,112.37,1123.7,6798.5
TRX005424,CLI0107,CRT03336,PRD0065,2026-06-01 19:12:39,6,88.06,528.36,8072.28
TRX005425,CLI0184,CRT00445,PRD0028,2026-01-11 07:58:01,10,301.62,3016.2,4571.219999999999
TRX005426,CLI0153,CRT03216,PRD0183,2026-02-19 19:29:38,4,74.71,298.84,601.0799999999999
TRX005427,CLI0078,CRT02979,PRD0078,2026-02-15 15:36:21,7,172.26,1205.82,1749.81
TRX005428,CLI0188,CRT02795,PRD0084,2026-02-04 18:42:09,1,129.22,129.22,2601.6299999999997
TRX005429,CLI0338,CRT03330,PRD0044,2026-06-15 07:29:46,2,248.47,496.94,583.14
TRX005430,CLI0125,CRT02422,PRD0122,2026-07-02 15:56:13,10,224.09,2240.9,2240.9
TRX005431,CLI0393,CRT00805,PRD0080,2026-05-21 09:15:03,5,342.98,1714.9,8455.99
TRX005432,CLI0331,CRT02947,PRD0129,2026-04-14 03:38:57,2,4.55,9.1,6109.43
TRX005433,CLI0064,CRT01517,PRD0054,2026-06-17 10:28:27,3,301.82,905.46,1286.06
TRX005434,CLI0247,CRT02518,PRD0150,2026-01-19 12:07:57,8,151.36,1210.88,2618.32
TRX005435,CLI0377,CRT02509,PRD0001,2026-04-21 05:40:31,1,260.19,260.19,5632.62
TRX005436,CLI0031,CRT00878,PRD0113,2026-03-14 07:18:25,7,310.43,2173.01,5404.64
TRX005437,CLI0387,CRT03392,PRD0156,2026-02-07 03:25:08,7,87.81,614.6700000000001,6322.76
TRX005438,CLI0414,CRT02270,PRD0005,2026-07-09 13:41:11,2,228.33,456.66,2022.22
TRX005439,CLI0107,CRT01044,PRD0097,2026-05-28 12:04:39,9,275.78,2482.0199999999995,6651.62
TRX005440,CLI0164,CRT02120,PRD0069,2026-02-06 15:01:49,6,112.37,674.22,3294.46
TRX005441,CLI0170,CRT02962,PRD0134,2026-05-03 05:37:32,4,343.3,1373.2,1373.2
TRX005442,CLI0291,CRT02135,PRD0179,2026-04-15 16:14:15,7,196.43,1375.01,3677.86
TRX005443,CLI0149,CRT01938,PRD0140,2026-01-10 17:44:57,1,80.42,80.42,3903.25
TRX005444,CLI0343,CRT00232,PRD0188,2026-03-28 18:53:59,9,281.86,2536.7400000000002,5010.05
TRX005445,CLI0352,CRT00295,PRD0122,2026-03-30 04:49:49,8,224.09,1792.72,1792.72
TRX005446,CLI0329,CRT01214,PRD0013,2026-03-09 04:13:23,9,103.06,927.54,5648.86
TRX005447,CLI0315,CRT02192,PRD0097,2026-03-06 20:23:35,1,275.78,275.78,2915.6
TRX005448,CLI0102,CRT01777,PRD0075,2026-01-22 15:05:28,8,38.5,308.0,2866.72
TRX005449,CLI0318,CRT03369,PRD0031,2026-06-29 14:43:46,3,267.28,801.8399999999999,3563.2999999999997
TRX005450,CLI0294,CRT02630,PRD0136,2026-04-05 04:38:20,1,303.73,303.73,2289.6099999999997
TRX005451,CLI0093,CRT00126,PRD0056,2026-03-17 03:33:13,3,143.73,431.18999999999994,3134.6099999999997
TRX005452,CLI0407,CRT02292,PRD0020,2026-02-18 06:58:44,1,75.82,75.82,3562.9799999999996
TRX005453,CLI0318,CRT00321,PRD0062,2026-07-19 16:07:53,4,321.99,1287.96,3408.61
TRX005454,CLI0153,CRT03233,PRD0157,2026-01-03 06:30:19,4,263.29,1053.16,3633.4700000000003
TRX005455,CLI0420,CRT00824,PRD0068,2026-01-25 21:40:18,9,140.04,1260.36,5415.57
TRX005456,CLI0161,CRT01904,PRD0135,2026-05-31 16:33:57,9,198.63,1787.67,2940.4300000000003
TRX005457,CLI0304,CRT01567,PRD0086,2026-01-16 17:04:43,2,197.06,394.12,3937.53
TRX005458,CLI0173,CRT01672,PRD0056,2026-05-08 18:18:18,2,143.73,287.46,3627.3999999999996
TRX005459,CLI0041,CRT01888,PRD0109,2026-07-25 17:23:21,3,181.62,544.86,2862.46
TRX005460,CLI0113,CRT03403,PRD0105,2026-06-18 05:09:24,1,200.26,200.26,4418.41
TRX005461,CLI0053,CRT00654,PRD0135,2026-01-25 02:19:21,10,198.63,1986.3,5187.9
TRX005462,CLI0415,CRT03269,PRD0049,2026-03-24 15:38:00,10,36.18,361.8,6443.48
TRX005463,CLI0110,CRT01583,PRD0157,2026-05-10 17:17:01,7,263.29,1843.0300000000002,5292.030000000001
TRX005464,CLI0268,CRT01332,PRD0068,2026-04-26 15:00:05,7,140.04,980.28,1331.52
TRX005465,CLI0388,CRT00273,PRD0115,2026-04-17 01:41:34,8,301.5,2412.0,3701.5299999999997
TRX005466,CLI0046,CRT02150,PRD0055,2026-04-12 04:28:38,7,349.75,2448.25,5941.48
TRX005467,CLI0247,CRT02518,PRD0089,2026-01-19 12:07:57,4,57.82,231.28,2618.32
TRX005468,CLI0319,CRT02323,PRD0071,2026-03-28 15:30:50,8,76.57,612.56,1089.56
TRX005469,CLI0205,CRT01615,PRD0157,2026-04-02 17:19:27,3,263.29,789.8700000000001,7091.219999999999
TRX005470,CLI0105,CRT02137,PRD0117,2026-07-20 05:11:00,1,196.2,196.2,2416.5999999999995
TRX005471,CLI0377,CRT01724,PRD0008,2026-05-09 04:23:32,4,119.47,477.88,477.88
TRX005472,CLI0417,CRT01897,PRD0004,2026-03-06 12:56:30,8,178.11,1424.88,6947.6900000000005
TRX005473,CLI0282,CRT03000,PRD0066,2026-05-08 19:36:54,4,148.18,592.72,2118.7300000000005
TRX005474,CLI0156,CRT02012,PRD0146,2026-07-04 11:25:16,5,318.04,1590.2,2038.46
TRX005475,CLI0298,CRT01528,PRD0053,2026-01-15 05:19:14,5,99.29,496.45000000000005,6818.18
TRX005476,CLI0421,CRT01741,PRD0159,2026-03-20 00:46:02,9,125.8,1132.2,3565.04
TRX005477,CLI0389,CRT02960,PRD0043,2026-05-25 16:10:38,4,194.99,779.96,1839.6200000000001
TRX005478,CLI0335,CRT02930,PRD0168,2026-03-07 22:48:01,7,260.65,1824.5499999999997,2264.5599999999995
TRX005479,CLI0297,CRT00454,PRD0045,2026-05-20 20:45:32,6,301.22,1807.3200000000002,3178.36
TRX005480,CLI0038,CRT01807,PRD0154,2026-01-25 20:16:47,7,283.35,1983.4500000000003,1983.4500000000003
TRX005481,CLI0367,CRT00687,PRD0108,2026-07-08 23:31:11,8,166.93,1335.44,5358.27
TRX005482,CLI0035,CRT03480,PRD0132,2026-01-01 05:34:16,1,153.95,153.95,2345.46
TRX005483,CLI0151,CRT00134,PRD0021,2026-04-29 04:17:17,8,175.98,1407.84,3705.4399999999996
TRX005484,CLI0005,CRT02252,PRD0172,2026-05-13 21:21:05,2,97.82,195.64,3588.06
TRX005485,CLI0273,CRT01114,PRD0161,2026-04-29 14:35:35,10,331.95,3319.5,6338.2
TRX005486,CLI0364,CRT01836,PRD0035,2026-05-24 17:39:56,1,344.9,344.9,5522.38
TRX005487,CLI0047,CRT01396,PRD0029,2026-01-05 17:28:06,6,95.22,571.3199999999999,5843.959999999999
TRX005488,CLI0381,CRT00652,PRD0001,2026-06-29 02:54:54,7,260.19,1821.33,6244.07
TRX005489,CLI0117,CRT02189,PRD0117,2026-05-14 09:59:16,6,196.2,1177.1999999999998,1993.12
TRX005490,CLI0006,CRT00832,PRD0154,2026-06-12 23:01:02,8,283.35,2266.8,6605.8
TRX005491,CLI0360,CRT00182,PRD0172,2026-02-09 07:28:54,5,97.82,489.09999999999997,2044.12
TRX005492,CLI0314,CRT00943,PRD0011,2026-07-10 20:49:24,4,104.38,417.52,5606.93
TRX005493,CLI0288,CRT00105,PRD0081,2026-06-15 21:37:06,10,151.12,1511.2,7678.25
TRX005494,CLI0215,CRT03132,PRD0190,2026-05-15 07:47:43,7,23.22,162.54,327.76
TRX005495,CLI0053,CRT01262,PRD0049,2026-01-09 02:39:17,8,36.18,289.44,10205.3
TRX005496,CLI0310,CRT03481,PRD0174,2026-01-31 18:55:34,8,6.76,54.08,3464.5499999999997
TRX005497,CLI0355,CRT01334,PRD0070,2026-01-10 21:42:34,1,218.35,218.35,218.35
TRX005498,CLI0184,CRT02169,PRD0072,2026-04-10 06:27:04,6,308.05,1848.3000000000002,8819.01
TRX005499,CLI0317,CRT02400,PRD0093,2026-07-07 15:43:53,5,302.86,1514.3000000000002,7199.16
TRX005500,CLI0147,CRT01993,PRD0025,2026-05-10 06:14:07,7,265.13,1855.9099999999999,7464.969999999999
TRX005501,CLI0033,CRT00108,PRD0011,2026-03-28 10:03:59,8,104.38,835.04,835.04
TRX005502,CLI0069,CRT00437,PRD0010,2026-04-29 18:14:43,4,162.15,648.6,1792.8200000000002
TRX005503,CLI0148,CRT00979,PRD0025,2026-06-10 06:34:44,10,265.13,2651.3,7559.410000000001
TRX005504,CLI0417,CRT01897,PRD0067,2026-03-06 12:56:30,4,327.31,1309.24,6947.6900000000005
TRX005505,CLI0019,CRT02725,PRD0051,2026-02-18 05:09:28,2,142.41,284.82,2553.5
TRX005506,CLI0144,CRT01200,PRD0091,2026-03-12 09:21:19,7,321.66,2251.6200000000003,5819.86
TRX005507,CLI0113,CRT01311,PRD0046,2026-01-17 07:22:40,5,234.97,1174.85,4778.89
TRX005508,CLI0139,CRT00880,PRD0058,2026-01-14 16:55:43,10,275.33,2753.2999999999997,10799.27
TRX005509,CLI0405,CRT03270,PRD0193,2026-02-17 13:01:30,1,190.14,190.14,2881.5299999999997
TRX005510,CLI0314,CRT01377,PRD0049,2026-02-13 21:02:55,10,36.18,361.8,6860.72
TRX005511,CLI0179,CRT02078,PRD0015,2026-01-18 01:37:36,6,125.96,755.76,4591.57
TRX005512,CLI0367,CRT00687,PRD0179,2026-07-08 23:31:11,5,196.43,982.1500000000001,5358.27
TRX005513,CLI0269,CRT01236,PRD0053,2026-01-27 16:14:10,7,99.29,695.0300000000001,695.0300000000001
TRX005514,CLI0219,CRT02854,PRD0108,2026-01-05 22:26:41,9,166.93,1502.3700000000001,4473.66
TRX005515,CLI0158,CRT01030,PRD0027,2026-03-18 18:26:52,9,209.57,1886.1299999999999,2364.67
TRX005516,CLI0233,CRT02235,PRD0071,2026-05-13 11:56:57,8,76.57,612.56,612.56
TRX005517,CLI0064,CRT02219,PRD0074,2026-01-22 02:12:34,4,229.76,919.04,7663.320000000001
TRX005518,CLI0096,CRT00466,PRD0193,2026-02-10 13:11:17,1,190.14,190.14,4541.81
TRX005519,CLI0123,CRT01865,PRD0068,2026-07-17 14:31:26,6,140.04,840.24,1953.68
TRX005520,CLI0320,CRT02017,PRD0051,2026-07-21 22:30:27,9,142.41,1281.69,5358.99
TRX005521,CLI0314,CRT00943,PRD0045,2026-07-10 20:49:24,9,301.22,2710.9800000000005,5606.93
TRX005522,CLI0172,CRT01370,PRD0055,2026-02-02 01:10:06,7,349.75,2448.25,6682.69
TRX005523,CLI0385,CRT03033,PRD0194,2026-02-14 18:19:27,9,311.57,2804.13,6173.29
TRX005524,CLI0385,CRT03033,PRD0127,2026-02-14 18:19:27,2,24.14,48.28,6173.29
TRX005525,CLI0005,CRT00681,PRD0062,2026-07-16 15:40:18,1,321.99,321.99,1660.09
TRX005526,CLI0253,CRT03362,PRD0079,2026-05-13 15:47:08,3,98.65,295.95000000000005,9808.12
TRX005527,CLI0338,CRT03234,PRD0066,2026-05-26 22:58:54,6,148.18,889.08,1847.7
TRX005528,CLI0126,CRT03271,PRD0130,2026-01-19 07:50:04,4,312.35,1249.4,8073.75
TRX005529,CLI0373,CRT01191,PRD0094,2026-07-20 20:31:26,2,179.52,359.04,2226.8399999999997
TRX005530,CLI0128,CRT00576,PRD0124,2026-03-15 03:23:10,3,96.92,290.76,2922.59
TRX005531,CLI0284,CRT00279,PRD0063,2026-04-21 21:18:12,10,30.34,303.4,6987.15
TRX005532,CLI0245,CRT02382,PRD0048,2026-07-10 02:30:12,3,275.16,825.48,4640.24
TRX005533,CLI0145,CRT01148,PRD0029,2026-01-08 08:33:53,7,95.22,666.54,3277.66
TRX005534,CLI0046,CRT01866,PRD0074,2026-01-06 07:34:52,7,229.76,1608.32,1901.78
TRX005535,CLI0409,CRT01183,PRD0075,2026-05-29 11:22:39,3,38.5,115.5,1141.6799999999998
TRX005536,CLI0387,CRT03463,PRD0111,2026-04-11 04:35:06,6,282.78,1696.6799999999998,3956.3900000000003
TRX005537,CLI0233,CRT01692,PRD0167,2026-06-21 19:56:10,5,82.61,413.05,2195.9500000000003
TRX005538,CLI0207,CRT03199,PRD0135,2026-03-23 18:50:00,8,198.63,1589.04,7461.8
TRX005539,CLI0310,CRT01202,PRD0117,2026-02-14 21:32:44,9,196.2,1765.8,4132.5599999999995
TRX005540,CLI0062,CRT00587,PRD0194,2026-01-21 17:56:14,1,311.57,311.57,4447.16
TRX005541,CLI0359,CRT02015,PRD0069,2026-04-14 16:14:42,1,112.37,112.37,9789.220000000001
TRX005542,CLI0027,CRT01413,PRD0150,2026-01-29 13:56:34,10,151.36,1513.6000000000001,5060.05
TRX005543,CLI0361,CRT02062,PRD0061,2026-05-12 19:15:55,6,111.48,668.88,3445.08
TRX005544,CLI0268,CRT03040,PRD0098,2026-04-07 04:33:21,9,136.36,1227.2400000000002,4426.47
TRX005545,CLI0252,CRT00778,PRD0186,2026-01-21 17:02:29,1,13.84,13.84,4503.9
TRX005546,CLI0305,CRT01855,PRD0020,2026-06-18 00:12:40,5,75.82,379.09999999999997,4966.5
TRX005547,CLI0323,CRT02736,PRD0082,2026-07-07 09:48:30,1,316.62,316.62,5066.139999999999
TRX005548,CLI0208,CRT01296,PRD0009,2026-01-31 07:42:25,2,297.0,594.0,765.38
TRX005549,CLI0271,CRT00783,PRD0158,2026-01-11 02:33:45,5,12.47,62.35,4941.0
TRX005550,CLI0032,CRT03471,PRD0182,2026-02-01 21:17:06,7,200.1,1400.7,2644.32
TRX005551,CLI0323,CRT01766,PRD0155,2026-04-24 23:20:30,2,289.44,578.88,2211.96
TRX005552,CLI0107,CRT01960,PRD0053,2026-03-14 03:08:17,6,99.29,595.74,3492.58
TRX005553,CLI0172,CRT01370,PRD0129,2026-02-02 01:10:06,10,4.55,45.5,6682.69
TRX005554,CLI0332,CRT01281,PRD0156,2026-02-21 06:25:49,8,87.81,702.48,2218.88
TRX005555,CLI0356,CRT03331,PRD0083,2026-01-20 02:44:09,1,194.5,194.5,5881.88
TRX005556,CLI0140,CRT01714,PRD0048,2026-02-04 01:03:39,1,275.16,275.16,4581.9400000000005
TRX005557,CLI0379,CRT00920,PRD0149,2026-03-12 05:31:57,1,344.39,344.39,6730.61
TRX005558,CLI0023,CRT01352,PRD0132,2026-01-27 01:54:35,2,153.95,307.9,4048.45
TRX005559,CLI0183,CRT02976,PRD0193,2026-01-20 22:25:00,10,190.14,1901.3999999999999,2945.2
TRX005560,CLI0339,CRT01136,PRD0061,2026-02-08 16:29:32,1,111.48,111.48,2285.74
TRX005561,CLI0291,CRT02135,PRD0001,2026-04-15 16:14:15,1,260.19,260.19,3677.86
TRX005562,CLI0258,CRT02646,PRD0004,2026-06-26 04:29:42,8,178.11,1424.88,1517.7600000000002
TRX005563,CLI0338,CRT02706,PRD0021,2026-01-31 06:34:40,4,175.98,703.92,4350.33
TRX005564,CLI0069,CRT01006,PRD0081,2026-02-01 09:59:28,9,151.12,1360.08,6726.46
TRX005565,CLI0095,CRT00916,PRD0119,2026-03-23 05:17:53,9,332.64,2993.7599999999998,5958.01
TRX005566,CLI0284,CRT00027,PRD0196,2026-01-16 14:05:38,6,349.85,2099.1000000000004,6808.740000000001
TRX005567,CLI0328,CRT01074,PRD0127,2026-02-23 11:40:58,5,24.14,120.7,5684.84
TRX005568,CLI0057,CRT02182,PRD0020,2026-03-13 20:43:13,7,75.82,530.74,2298.61
TRX005569,CLI0321,CRT03073,PRD0146,2026-01-24 08:25:52,8,318.04,2544.32,6953.1900000000005
TRX005570,CLI0091,CRT03129,PRD0099,2026-01-22 05:09:37,4,248.8,995.2,5541.51
TRX005571,CLI0390,CRT02886,PRD0118,2026-02-21 19:25:34,5,163.96,819.8000000000001,1827.31
TRX005572,CLI0059,CRT00261,PRD0145,2026-01-25 23:59:24,8,40.06,320.48,3282.75
TRX005573,CLI0122,CRT02914,PRD0162,2026-03-16 01:25:23,5,195.42,977.0999999999999,3359.5
TRX005574,CLI0207,CRT03199,PRD0139,2026-03-23 18:50:00,4,30.96,123.84,7461.8
TRX005575,CLI0099,CRT02097,PRD0195,2026-06-08 19:43:39,7,11.49,80.43,282.61
TRX005576,CLI0205,CRT00577,PRD0025,2026-06-22 12:27:05,10,265.13,2651.3,5143.0
TRX005577,CLI0232,CRT00698,PRD0070,2026-03-11 22:40:25,4,218.35,873.4,6545.639999999999
TRX005578,CLI0069,CRT02916,PRD0064,2026-03-11 01:52:32,10,237.14,2371.3999999999996,4497.4
TRX005579,CLI0218,CRT01168,PRD0069,2026-06-04 00:16:13,1,112.37,112.37,160.65
TRX005580,CLI0196,CRT00827,PRD0009,2026-01-21 02:02:09,9,297.0,2673.0,2673.0
TRX005581,CLI0041,CRT02778,PRD0143,2026-01-20 08:44:22,10,331.85,3318.5,5125.61
TRX005582,CLI0346,CRT00302,PRD0100,2026-07-11 19:26:19,5,252.5,1262.5,5960.91
TRX005583,CLI0063,CRT01275,PRD0057,2026-05-26 19:29:23,2,59.71,119.42,2098.9
TRX005584,CLI0429,CRT01381,PRD0143,2026-04-29 10:09:51,4,331.85,1327.4,3512.63
TRX005585,CLI0075,CRT00309,PRD0081,2026-01-16 10:44:44,2,151.12,302.24,5831.51
TRX005586,CLI0104,CRT01028,PRD0025,2026-06-26 10:15:13,10,265.13,2651.3,3406.8700000000003
TRX005587,CLI0345,CRT00377,PRD0006,2026-01-31 19:28:21,9,207.27,1865.43,3787.41
TRX005588,CLI0024,CRT02897,PRD0122,2026-05-25 02:12:48,6,224.09,1344.54,6129.58
TRX005589,CLI0170,CRT00709,PRD0078,2026-01-21 05:19:08,10,172.26,1722.6,4674.54
TRX005590,CLI0398,CRT00759,PRD0004,2026-06-08 08:41:38,7,178.11,1246.77,1459.44
TRX005591,CLI0218,CRT00608,PRD0093,2026-02-23 15:15:31,8,302.86,2422.88,3797.8900000000003
TRX005592,CLI0417,CRT02168,PRD0124,2026-04-07 21:53:35,2,96.92,193.84,4826.62
TRX005593,CLI0141,CRT00751,PRD0007,2026-06-03 20:11:22,9,149.36,1344.2400000000002,10183.78
TRX005594,CLI0208,CRT01469,PRD0170,2026-05-08 05:17:35,4,100.84,403.36,2866.7200000000003
TRX005595,CLI0130,CRT02548,PRD0152,2026-06-27 11:00:12,3,336.37,1009.11,4116.8
TRX005596,CLI0393,CRT03328,PRD0088,2026-03-17 03:00:52,2,64.83,129.66,1280.22
TRX005597,CLI0270,CRT00341,PRD0008,2026-02-26 06:41:40,4,119.47,477.88,3231.67
TRX005598,CLI0181,CRT02796,PRD0077,2026-01-14 15:23:27,1,75.69,75.69,3577.9
TRX005599,CLI0407,CRT01566,PRD0115,2026-06-18 18:41:42,6,301.5,1809.0,4930.54
TRX005600,CLI0419,CRT01111,PRD0130,2026-07-02 03:53:42,5,312.35,1561.75,3720.05
TRX005601,CLI0207,CRT00057,PRD0115,2026-02-06 22:30:34,3,301.5,904.5,5898.62
TRX005602,CLI0114,CRT02173,PRD0098,2026-07-10 00:43:12,9,136.36,1227.2400000000002,3215.0
TRX005603,CLI0250,CRT03335,PRD0087,2026-01-27 12:23:43,5,302.95,1514.75,2266.81
TRX005604,CLI0177,CRT00524,PRD0120,2026-07-18 14:29:43,3,291.12,873.36,3200.36
TRX005605,CLI0392,CRT03025,PRD0189,2026-02-16 17:06:13,6,80.62,483.72,5061.28
TRX005606,CLI0153,CRT02809,PRD0063,2026-04-01 03:54:06,2,30.34,60.68,1927.61
TRX005607,CLI0075,CRT00993,PRD0136,2026-01-09 21:02:51,2,303.73,607.46,2656.42
TRX005608,CLI0407,CRT02695,PRD0080,2026-06-01 06:35:36,2,342.98,685.96,5568.49
TRX005609,CLI0196,CRT00305,PRD0141,2026-02-07 01:55:55,10,13.28,132.79999999999998,1116.3
TRX005610,CLI0266,CRT02718,PRD0022,2026-07-20 10:40:56,1,51.02,51.02,5981.59
TRX005611,CLI0403,CRT00621,PRD0160,2026-05-05 10:55:26,4,246.16,984.64,2532.63
TRX005612,CLI0317,CRT01341,PRD0116,2026-04-03 19:39:02,6,281.93,1691.58,4791.09
TRX005613,CLI0426,CRT01853,PRD0157,2026-07-01 17:28:15,10,263.29,2632.9,8946.14
TRX005614,CLI0420,CRT03492,PRD0133,2026-07-10 23:56:15,5,238.5,1192.5,4026.0
TRX005615,CLI0228,CRT02437,PRD0155,2026-01-14 21:46:47,1,289.44,289.44,2142.7799999999997
TRX005616,CLI0224,CRT01834,PRD0185,2026-01-30 18:01:08,10,144.46,1444.6000000000001,7147.33
TRX005617,CLI0286,CRT01966,PRD0085,2026-01-13 00:39:36,5,239.52,1197.6000000000001,4563.83
TRX005618,CLI0014,CRT02118,PRD0081,2026-07-02 02:07:47,3,151.12,453.36,4693.27
TRX005619,CLI0210,CRT02923,PRD0050,2026-06-06 10:44:12,10,164.79,1647.8999999999999,6692.299999999999
TRX005620,CLI0359,CRT02653,PRD0200,2026-07-08 01:54:49,5,144.4,722.0,3552.9
TRX005621,CLI0044,CRT00024,PRD0159,2026-06-21 12:31:01,2,125.8,251.6,251.6
TRX005622,CLI0398,CRT01264,PRD0098,2026-04-25 00:40:59,3,136.36,409.08000000000004,1787.6399999999999
TRX005623,CLI0089,CRT00823,PRD0049,2026-05-05 20:58:47,6,36.18,217.07999999999998,7347.469999999999
TRX005624,CLI0317,CRT01800,PRD0176,2026-04-26 09:02:27,10,288.19,2881.9,4113.5
TRX005625,CLI0351,CRT01953,PRD0160,2026-03-28 21:55:18,8,246.16,1969.28,1969.28
TRX005626,CLI0046,CRT02685,PRD0141,2026-07-19 16:52:54,10,13.28,132.79999999999998,5815.450000000001
TRX005627,CLI0358,CRT01408,PRD0119,2026-06-06 19:44:58,10,332.64,3326.3999999999996,3652.0199999999995
TRX005628,CLI0206,CRT03116,PRD0010,2026-03-26 02:20:50,10,162.15,1621.5,5272.0
TRX005629,CLI0063,CRT03274,PRD0012,2026-01-03 11:35:58,1,69.32,69.32,4988.08
TRX005630,CLI0177,CRT01951,PRD0026,2026-04-23 08:27:02,4,238.97,955.88,1528.69
TRX005631,CLI0425,CRT03196,PRD0107,2026-01-14 21:02:20,3,114.48,343.44,1197.9
TRX005632,CLI0217,CRT02716,PRD0043,2026-06-18 00:00:11,4,194.99,779.96,3098.06
TRX005633,CLI0083,CRT01457,PRD0156,2026-07-02 19:29:25,9,87.81,790.29,2856.81
TRX005634,CLI0296,CRT03345,PRD0194,2026-06-15 03:42:57,9,311.57,2804.13,4862.01
TRX005635,CLI0392,CRT03025,PRD0047,2026-02-16 17:06:13,8,327.59,2620.72,5061.28
TRX005636,CLI0146,CRT02043,PRD0070,2026-06-20 20:51:13,7,218.35,1528.45,3388.9700000000003
TRX005637,CLI0076,CRT01455,PRD0022,2026-04-01 10:21:14,8,51.02,408.16,4905.28
TRX005638,CLI0418,CRT02641,PRD0039,2026-03-17 07:58:12,7,305.67,2139.69,6908.97
TRX005639,CLI0149,CRT01887,PRD0002,2026-04-30 15:55:25,7,38.12,266.84,5168.35
TRX005640,CLI0148,CRT00979,PRD0055,2026-06-10 06:34:44,1,349.75,349.75,7559.410000000001
TRX005641,CLI0245,CRT03020,PRD0010,2026-06-02 05:45:32,7,162.15,1135.05,6637.39
TRX005642,CLI0308,CRT00484,PRD0094,2026-02-06 21:12:48,3,179.52,538.5600000000001,5830.38
TRX005643,CLI0120,CRT02472,PRD0172,2026-01-06 22:26:26,9,97.82,880.3799999999999,16103.4
TRX005644,CLI0077,CRT01786,PRD0033,2026-01-23 13:23:44,10,267.47,2674.7000000000003,3975.4800000000005
TRX005645,CLI0289,CRT03442,PRD0128,2026-04-22 11:44:28,6,9.29,55.739999999999995,5522.66
TRX005646,CLI0012,CRT03127,PRD0196,2026-07-14 15:23:53,2,349.85,699.7,5305.219999999999
TRX005647,CLI0148,CRT00979,PRD0046,2026-06-10 06:34:44,4,234.97,939.88,7559.410000000001
TRX005648,CLI0056,CRT02213,PRD0082,2026-05-02 08:40:42,5,316.62,1583.1,1707.8
TRX005649,CLI0103,CRT02566,PRD0135,2026-01-16 06:39:10,1,198.63,198.63,1689.65
TRX005650,CLI0353,CRT01477,PRD0046,2026-01-29 17:26:21,4,234.97,939.88,1284.27
TRX005651,CLI0277,CRT01273,PRD0096,2026-02-27 00:07:13,10,15.79,157.89999999999998,1635.87
TRX005652,CLI0083,CRT03034,PRD0155,2026-01-03 14:25:55,10,289.44,2894.4,5647.0599999999995
TRX005653,CLI0359,CRT02757,PRD0114,2026-05-27 10:16:01,8,141.38,1131.04,7430.33
TRX005654,CLI0219,CRT02946,PRD0089,2026-03-04 16:34:00,9,57.82,520.38,3040.98
TRX005655,CLI0314,CRT01009,PRD0165,2026-01-15 03:58:46,4,194.83,779.32,2986.76
TRX005656,CLI0431,CRT01758,PRD0013,2026-03-27 15:22:40,9,103.06,927.54,3047.56
TRX005657,CLI0106,CRT01066,PRD0139,2026-07-05 01:19:51,8,30.96,247.68,883.76
TRX005658,CLI0426,CRT02151,PRD0105,2026-02-05 20:15:38,5,200.26,1001.3,4552.94
TRX005659,CLI0087,CRT00416,PRD0005,2026-01-02 11:24:13,5,228.33,1141.65,5447.9400000000005
TRX005660,CLI0154,CRT00291,PRD0141,2026-06-29 19:56:42,4,13.28,53.12,2019.3
TRX005661,CLI0064,CRT02427,PRD0171,2026-05-17 14:13:49,1,127.91,127.91,5615.03
TRX005662,CLI0280,CRT03449,PRD0179,2026-02-16 13:41:18,9,196.43,1767.8700000000001,4030.61
TRX005663,CLI0146,CRT00089,PRD0003,2026-01-08 14:04:27,2,149.12,298.24,3674.0299999999997
TRX005664,CLI0130,CRT03265,PRD0011,2026-05-31 14:55:14,9,104.38,939.42,3410.18
TRX005665,CLI0116,CRT00022,PRD0092,2026-03-10 20:32:36,4,10.72,42.88,3643.83
TRX005666,CLI0257,CRT00138,PRD0145,2026-01-31 13:53:46,7,40.06,280.42,8168.21
TRX005667,CLI0262,CRT00546,PRD0161,2026-05-13 08:26:05,4,331.95,1327.8,2460.3599999999997
TRX005668,CLI0328,CRT01074,PRD0155,2026-02-23 11:40:58,3,289.44,868.3199999999999,5684.84
TRX005669,CLI0366,CRT02238,PRD0088,2026-01-18 21:35:10,10,64.83,648.3,6001.14
TRX005670,CLI0190,CRT02053,PRD0073,2026-06-23 19:09:37,4,292.23,1168.92,4760.9400000000005
TRX005671,CLI0073,CRT03075,PRD0163,2026-07-16 05:51:48,10,278.04,2780.4,7679.72
TRX005672,CLI0336,CRT00255,PRD0078,2026-06-21 16:36:36,8,172.26,1378.08,5336.5199999999995
TRX005673,CLI0395,CRT00828,PRD0006,2026-03-27 12:40:03,1,207.27,207.27,4598.17
TRX005674,CLI0241,CRT02250,PRD0035,2026-03-21 21:57:59,3,344.9,1034.6999999999998,4977.79
TRX005675,CLI0188,CRT02891,PRD0170,2026-04-25 22:55:57,7,100.84,705.88,705.88
TRX005676,CLI0247,CRT03470,PRD0037,2026-06-26 12:03:45,7,171.38,1199.6599999999999,2736.5599999999995
TRX005677,CLI0372,CRT00406,PRD0199,2026-05-29 17:44:17,4,223.09,892.36,3522.6000000000004
TRX005678,CLI0223,CRT01141,PRD0084,2026-07-03 12:32:03,9,129.22,1162.98,1162.98
TRX005679,CLI0419,CRT01111,PRD0180,2026-07-02 03:53:42,3,217.4,652.2,3720.05
TRX005680,CLI0005,CRT00730,PRD0095,2026-01-11 21:09:22,1,42.58,42.58,496.0
TRX005681,CLI0298,CRT01134,PRD0119,2026-07-13 23:09:39,8,332.64,2661.12,8470.55
TRX005682,CLI0049,CRT01682,PRD0053,2026-06-01 12:15:50,2,99.29,198.58,3707.25
TRX005683,CLI0085,CRT01827,PRD0156,2026-03-22 17:53:12,6,87.81,526.86,5084.38
TRX005684,CLI0318,CRT02217,PRD0014,2026-04-23 03:28:59,5,99.1,495.5,1065.92
TRX005685,CLI0342,CRT01490,PRD0178,2026-04-03 14:28:28,9,198.09,1782.81,5172.61
TRX005686,CLI0190,CRT02584,PRD0173,2026-06-24 12:29:27,2,330.57,661.14,4008.58
TRX005687,CLI0159,CRT02387,PRD0105,2026-05-31 07:23:24,9,200.26,1802.34,6873.19
TRX005688,CLI0430,CRT00994,PRD0086,2026-06-04 10:51:57,6,197.06,1182.3600000000001,4220.79
TRX005689,CLI0056,CRT00996,PRD0117,2026-04-17 06:29:23,2,196.2,392.4,2958.62
TRX005690,CLI0222,CRT01820,PRD0018,2026-02-06 09:28:51,4,115.19,460.76,3313.0200000000004
TRX005691,CLI0002,CRT02160,PRD0026,2026-06-05 17:20:59,4,238.97,955.88,3613.1
TRX005692,CLI0413,CRT01351,PRD0026,2026-07-14 16:29:54,2,238.97,477.94,2901.19
TRX005693,CLI0430,CRT02170,PRD0040,2026-07-16 00:18:25,2,256.15,512.3,859.04
TRX005694,CLI0377,CRT02509,PRD0161,2026-04-21 05:40:31,8,331.95,2655.6,5632.62
TRX005695,CLI0180,CRT00505,PRD0016,2026-05-31 20:58:33,9,223.15,2008.3500000000001,4597.92
TRX005696,CLI0113,CRT03371,PRD0126,2026-07-07 09:46:02,7,146.67,1026.6899999999998,1606.5899999999997
TRX005697,CLI0006,CRT02417,PRD0034,2026-03-06 04:10:31,1,115.14,115.14,115.14
TRX005698,CLI0146,CRT03279,PRD0174,2026-06-04 07:43:30,6,6.76,40.56,1561.6799999999998
TRX005699,CLI0229,CRT01481,PRD0162,2026-04-02 03:22:01,8,195.42,1563.36,3563.16
TRX005700,CLI0076,CRT03147,PRD0017,2026-05-08 11:31:12,8,134.36,1074.88,3781.09
TRX005701,CLI0093,CRT02761,PRD0022,2026-03-30 19:21:28,7,51.02,357.14000000000004,4468.76
TRX005702,CLI0247,CRT02518,PRD0098,2026-01-19 12:07:57,8,136.36,1090.88,2618.32
TRX005703,CLI0212,CRT01025,PRD0129,2026-01-12 12:09:10,8,4.55,36.4,1119.07
TRX005704,CLI0403,CRT01447,PRD0114,2026-03-25 17:42:00,2,141.38,282.76,6318.36
TRX005705,CLI0083,CRT02615,PRD0196,2026-03-25 13:57:44,10,349.85,3498.5,4453.02
TRX005706,CLI0090,CRT00455,PRD0169,2026-04-07 23:47:58,3,259.17,777.51,1582.18
TRX005707,CLI0418,CRT02961,PRD0163,2026-02-11 11:11:29,9,278.04,2502.36,4269.38
TRX005708,CLI0157,CRT03447,PRD0174,2026-01-22 10:49:32,9,6.76,60.839999999999996,1019.56
TRX005709,CLI0167,CRT02463,PRD0079,2026-06-11 14:08:50,10,98.65,986.5,4090.8
TRX005710,CLI0395,CRT03218,PRD0152,2026-03-08 01:53:02,3,336.37,1009.11,2490.13
TRX005711,CLI0269,CRT01008,PRD0064,2026-02-23 07:36:40,1,237.14,237.14,6459.45
TRX005712,CLI0268,CRT03324,PRD0193,2026-05-16 08:45:25,4,190.14,760.56,6029.87
TRX005713,CLI0194,CRT00244,PRD0126,2026-04-14 08:33:21,1,146.67,146.67,1458.17
TRX005714,CLI0210,CRT00765,PRD0055,2026-06-14 11:43:28,3,349.75,1049.25,1701.95
TRX005715,CLI0359,CRT02848,PRD0183,2026-07-06 18:17:21,9,74.71,672.39,4502.05
TRX005716,CLI0192,CRT02477,PRD0141,2026-05-08 10:47:57,8,13.28,106.24,4145.88
TRX005717,CLI0017,CRT02828,PRD0037,2026-02-11 07:14:42,6,171.38,1028.28,1138.81
TRX005718,CLI0028,CRT00371,PRD0138,2026-02-15 09:10:18,8,308.17,2465.36,2465.36
TRX005719,CLI0416,CRT00469,PRD0064,2026-03-26 04:07:35,5,237.14,1185.6999999999998,2364.2799999999997
TRX005720,CLI0276,CRT02928,PRD0058,2026-06-18 21:14:09,1,275.33,275.33,7073.05
TRX005721,CLI0092,CRT00443,PRD0016,2026-05-25 20:36:02,6,223.15,1338.9,7562.71
TRX005722,CLI0301,CRT02124,PRD0105,2026-03-02 17:56:55,9,200.26,1802.34,8418.94
TRX005723,CLI0257,CRT03076,PRD0160,2026-05-13 22:09:48,10,246.16,2461.6,5368.95
TRX005724,CLI0097,CRT02259,PRD0138,2026-06-20 17:19:14,3,308.17,924.51,3702.37
TRX005725,CLI0027,CRT02195,PRD0134,2026-03-24 15:44:54,4,343.3,1373.2,7609.3
TRX005726,CLI0345,CRT02185,PRD0153,2026-06-24 21:57:12,1,63.71,63.71,3131.73
TRX005727,CLI0149,CRT00207,PRD0140,2026-04-03 11:23:07,4,80.42,321.68,1157.01
TRX005728,CLI0162,CRT02585,PRD0018,2026-03-03 13:09:04,7,115.19,806.3299999999999,4555.29
TRX005729,CLI0226,CRT03100,PRD0077,2026-04-04 18:39:31,1,75.69,75.69,5227.25
TRX005730,CLI0046,CRT01819,PRD0091,2026-03-23 19:18:43,7,321.66,2251.6200000000003,2701.1000000000004
TRX005731,CLI0148,CRT01454,PRD0103,2026-07-17 01:43:22,8,234.25,1874.0,5054.4
TRX005732,CLI0140,CRT01714,PRD0004,2026-02-04 01:03:39,8,178.11,1424.88,4581.9400000000005
TRX005733,CLI0063,CRT00714,PRD0068,2026-07-16 09:03:51,9,140.04,1260.36,4878.66
TRX005734,CLI0323,CRT01935,PRD0012,2026-07-02 15:43:15,8,69.32,554.56,4036.2799999999997
TRX005735,CLI0075,CRT01208,PRD0111,2026-06-02 05:36:44,2,282.78,565.56,5385.62
TRX005736,CLI0205,CRT01864,PRD0130,2026-03-07 06:28:52,10,312.35,3123.5,7377.6900000000005
TRX005737,CLI0046,CRT02685,PRD0108,2026-07-19 16:52:54,3,166.93,500.79,5815.450000000001
TRX005738,CLI0021,CRT01415,PRD0139,2026-04-04 13:20:29,5,30.96,154.8,4842.76
TRX005739,CLI0120,CRT02472,PRD0044,2026-01-06 22:26:26,10,248.47,2484.7,16103.4
TRX005740,CLI0039,CRT02329,PRD0168,2026-04-02 03:00:02,8,260.65,2085.2,4693.49
TRX005741,CLI0274,CRT00620,PRD0145,2026-07-04 11:29:43,3,40.06,120.18,6421.389999999999
TRX005742,CLI0333,CRT00633,PRD0103,2026-06-16 19:36:14,7,234.25,1639.75,3870.65
TRX005743,CLI0334,CRT01226,PRD0157,2026-03-11 12:11:44,6,263.29,1579.7400000000002,2940.92
TRX005744,CLI0196,CRT01625,PRD0108,2026-06-04 11:54:14,6,166.93,1001.58,1827.06
TRX005745,CLI0070,CRT00912,PRD0180,2026-04-21 05:17:05,8,217.4,1739.2,2733.08
TRX005746,CLI0100,CRT03407,PRD0173,2026-04-07 23:15:20,2,330.57,661.14,2278.23
TRX005747,CLI0347,CRT01968,PRD0188,2026-02-10 06:21:40,4,281.86,1127.44,1429.26
TRX005748,CLI0192,CRT00930,PRD0053,2026-02-17 14:06:25,7,99.29,695.0300000000001,2278.49
TRX005749,CLI0083,CRT00475,PRD0135,2026-02-04 22:55:15,5,198.63,993.15,6637.679999999999
TRX005750,CLI0328,CRT00542,PRD0034,2026-05-07 15:58:56,10,115.14,1151.4,3233.9
TRX005751,CLI0212,CRT02000,PRD0190,2026-04-15 16:42:09,7,23.22,162.54,9151.84
TRX005752,CLI0349,CRT00115,PRD0053,2026-02-05 00:55:36,8,99.29,794.32,4215.7300000000005
TRX005753,CLI0309,CRT00499,PRD0105,2026-05-19 00:02:37,5,200.26,1001.3,4536.79
TRX005754,CLI0355,CRT00316,PRD0040,2026-06-20 01:42:37,6,256.15,1536.8999999999999,7219.01
TRX005755,CLI0219,CRT02859,PRD0065,2026-05-03 02:14:01,2,88.06,176.12,2773.17
TRX005756,CLI0075,CRT02993,PRD0195,2026-01-24 11:45:43,5,11.49,57.45,1306.31
TRX005757,CLI0009,CRT02597,PRD0180,2026-06-12 13:06:52,6,217.4,1304.4,2045.92
TRX005758,CLI0286,CRT01339,PRD0023,2026-03-02 06:59:13,4,262.09,1048.36,4853.39
TRX005759,CLI0108,CRT02302,PRD0089,2026-07-06 02:57:50,8,57.82,462.56,2848.6800000000003
TRX005760,CLI0281,CRT00844,PRD0109,2026-04-13 09:33:33,6,181.62,1089.72,1757.44
TRX005761,CLI0264,CRT00358,PRD0183,2026-07-25 18:31:20,3,74.71,224.13,3224.19
TRX005762,CLI0139,CRT00186,PRD0003,2026-06-09 22:03:01,6,149.12,894.72,5905.620000000001
TRX005763,CLI0317,CRT03042,PRD0001,2026-01-15 07:58:12,8,260.19,2081.52,4956.280000000001
TRX005764,CLI0132,CRT02515,PRD0097,2026-04-08 16:52:51,5,275.78,1378.8999999999999,4054.94
TRX005765,CLI0253,CRT03362,PRD0156,2026-05-13 15:47:08,5,87.81,439.05,9808.12
TRX005766,CLI0097,CRT02259,PRD0185,2026-06-20 17:19:14,9,144.46,1300.14,3702.37
TRX005767,CLI0222,CRT00615,PRD0094,2026-04-08 07:08:18,9,179.52,1615.68,6462.86
TRX005768,CLI0348,CRT01601,PRD0097,2026-04-05 06:31:40,3,275.78,827.3399999999999,2058.73
TRX005769,CLI0080,CRT00753,PRD0147,2026-04-26 10:45:54,6,208.25,1249.5,5862.96
TRX005770,CLI0214,CRT01551,PRD0003,2026-04-28 02:46:53,3,149.12,447.36,6285.660000000001
TRX005771,CLI0011,CRT02511,PRD0085,2026-07-15 13:53:13,7,239.52,1676.64,3300.84
TRX005772,CLI0338,CRT00761,PRD0134,2026-05-18 14:06:29,10,343.3,3433.0,3433.0
TRX005773,CLI0137,CRT01976,PRD0088,2026-02-08 18:45:52,10,64.83,648.3,7092.639999999999
TRX005774,CLI0413,CRT02039,PRD0195,2026-07-10 21:10:30,1,11.49,11.49,733.7900000000001
TRX005775,CLI0381,CRT00652,PRD0048,2026-06-29 02:54:54,2,275.16,550.32,6244.07
TRX005776,CLI0167,CRT02933,PRD0094,2026-03-10 07:25:28,9,179.52,1615.68,3852.87
TRX005777,CLI0204,CRT00103,PRD0029,2026-05-30 03:43:30,6,95.22,571.3199999999999,5573.01
TRX005778,CLI0041,CRT00637,PRD0121,2026-04-08 22:20:34,2,301.87,603.74,2725.04
TRX005779,CLI0412,CRT00544,PRD0001,2026-05-13 10:24:47,2,260.19,520.38,4750.110000000001
TRX005780,CLI0217,CRT03344,PRD0085,2026-02-12 11:10:58,2,239.52,479.04,3784.5
TRX005781,CLI0004,CRT03184,PRD0097,2026-04-06 08:09:11,6,275.78,1654.6799999999998,1896.0499999999997
TRX005782,CLI0179,CRT00750,PRD0168,2026-03-24 17:03:13,7,260.65,1824.5499999999997,7399.039999999999
TRX005783,CLI0011,CRT01442,PRD0128,2026-03-16 06:53:00,8,9.29,74.32,2697.76
TRX005784,CLI0236,CRT00600,PRD0038,2026-03-22 00:18:23,4,231.76,927.04,1944.6799999999998
TRX005785,CLI0021,CRT00353,PRD0019,2026-06-24 11:41:05,4,13.65,54.6,2055.7599999999998
TRX005786,CLI0288,CRT01495,PRD0030,2026-01-23 07:51:11,9,153.58,1382.22,6497.110000000001
TRX005787,CLI0032,CRT01145,PRD0057,2026-04-05 19:59:03,6,59.71,358.26,2759.16
TRX005788,CLI0164,CRT02989,PRD0105,2026-02-07 14:13:16,2,200.26,400.52,1292.59
TRX005789,CLI0281,CRT00264,PRD0104,2026-05-14 13:36:46,6,46.73,280.38,3241.38
TRX005790,CLI0248,CRT01062,PRD0113,2026-07-07 19:03:52,8,310.43,2483.44,6774.39
TRX005791,CLI0213,CRT01936,PRD0132,2026-05-07 21:04:06,7,153.95,1077.6499999999999,5938.49
TRX005792,CLI0405,CRT00504,PRD0021,2026-07-16 13:52:49,5,175.98,879.9,3464.93
TRX005793,CLI0357,CRT03139,PRD0078,2026-04-22 12:54:50,7,172.26,1205.82,5216.46
TRX005794,CLI0316,CRT01138,PRD0115,2026-05-28 16:16:50,8,301.5,2412.0,2617.3
TRX005795,CLI0277,CRT01273,PRD0009,2026-02-27 00:07:13,1,297.0,297.0,1635.87
TRX005796,CLI0148,CRT03375,PRD0178,2026-07-07 00:06:47,6,198.09,1188.54,6787.18
TRX005797,CLI0245,CRT02763,PRD0135,2026-06-01 04:38:41,1,198.63,198.63,462.06
TRX005798,CLI0181,CRT02995,PRD0078,2026-03-23 17:59:36,7,172.26,1205.82,5673.08
TRX005799,CLI0268,CRT01891,PRD0060,2026-04-20 10:45:29,9,339.13,3052.17,5736.22
TRX005800,CLI0291,CRT01121,PRD0066,2026-07-21 12:27:32,1,148.18,148.18,1263.93
TRX005801,CLI0232,CRT03289,PRD0081,2026-02-13 21:53:50,10,151.12,1511.2,3091.7
TRX005802,CLI0139,CRT00934,PRD0123,2026-04-16 08:06:10,9,85.64,770.76,2042.5900000000001
TRX005803,CLI0373,CRT00428,PRD0094,2026-01-20 00:40:41,4,179.52,718.08,6518.900000000001
TRX005804,CLI0362,CRT02537,PRD0022,2026-06-23 01:01:43,9,51.02,459.18,3323.0699999999997
TRX005805,CLI0322,CRT01621,PRD0123,2026-02-04 01:04:55,4,85.64,342.56,945.8
TRX005806,CLI0338,CRT02603,PRD0081,2026-06-29 03:39:26,2,151.12,302.24,3511.08
TRX005807,CLI0397,CRT01726,PRD0065,2026-05-15 09:10:04,10,88.06,880.6,1248.06
TRX005808,CLI0194,CRT00566,PRD0182,2026-05-25 17:36:30,4,200.1,800.4,2210.05
TRX005809,CLI0081,CRT01376,PRD0151,2026-07-22 23:13:43,5,121.08,605.4,1052.5
TRX005810,CLI0058,CRT00865,PRD0122,2026-07-09 01:59:08,7,224.09,1568.63,4985.530000000001
TRX005811,CLI0310,CRT00069,PRD0005,2026-06-15 03:15:03,6,228.33,1369.98,5167.25
TRX005812,CLI0233,CRT01165,PRD0157,2026-05-11 15:26:30,1,263.29,263.29,4549.96
TRX005813,CLI0356,CRT03030,PRD0051,2026-01-04 10:26:27,3,142.41,427.23,3036.65
TRX005814,CLI0276,CRT02022,PRD0160,2026-03-27 14:11:57,8,246.16,1969.28,5336.95
TRX005815,CLI0107,CRT03336,PRD0007,2026-06-01 19:12:39,6,149.36,896.1600000000001,8072.28
TRX005816,CLI0354,CRT01744,PRD0113,2026-07-21 08:43:34,9,310.43,2793.87,8375.09
TRX005817,CLI0401,CRT02505,PRD0142,2026-05-04 02:54:47,7,55.45,388.15000000000003,514.47
TRX005818,CLI0344,CRT00408,PRD0098,2026-06-17 08:32:20,1,136.36,136.36,4357.9
TRX005819,CLI0012,CRT03127,PRD0004,2026-07-14 15:23:53,4,178.11,712.44,5305.219999999999
TRX005820,CLI0147,CRT02113,PRD0060,2026-02-06 06:39:02,5,339.13,1695.65,7058.89
TRX005821,CLI0262,CRT02968,PRD0068,2026-04-17 05:09:50,6,140.04,840.24,3544.32
TRX005822,CLI0233,CRT02038,PRD0133,2026-03-28 08:35:45,7,238.5,1669.5,4842.16
TRX005823,CLI0422,CRT00010,PRD0023,2026-06-19 22:45:31,4,262.09,1048.36,7384.2300000000005
TRX005824,CLI0071,CRT01999,PRD0193,2026-07-25 15:36:46,4,190.14,760.56,8050.73
TRX005825,CLI0050,CRT01541,PRD0091,2026-05-17 21:07:07,4,321.66,1286.64,4818.68
TRX005826,CLI0398,CRT00568,PRD0011,2026-04-28 16:46:27,9,104.38,939.42,1668.12
TRX005827,CLI0332,CRT01159,PRD0111,2026-01-05 05:14:33,10,282.78,2827.7999999999997,3795.5199999999995
TRX005828,CLI0185,CRT02334,PRD0148,2026-01-10 19:52:48,3,270.94,812.8199999999999,5175.2300000000005
TRX005829,CLI0077,CRT02086,PRD0075,2026-07-06 11:50:26,4,38.5,154.0,3830.14
TRX005830,CLI0201,CRT02660,PRD0115,2026-01-19 19:13:05,5,301.5,1507.5,4305.5
TRX005831,CLI0345,CRT03188,PRD0038,2026-03-03 00:09:04,10,231.76,2317.6,5306.02
TRX005832,CLI0157,CRT02516,PRD0199,2026-04-27 10:18:42,6,223.09,1338.54,1338.54
TRX005833,CLI0179,CRT00750,PRD0029,2026-03-24 17:03:13,3,95.22,285.65999999999997,7399.039999999999
TRX005834,CLI0104,CRT02478,PRD0079,2026-02-08 13:40:50,5,98.65,493.25,1994.16
TRX005835,CLI0138,CRT02862,PRD0191,2026-04-04 10:12:53,6,288.92,1733.52,4741.98
TRX005836,CLI0308,CRT00484,PRD0093,2026-02-06 21:12:48,8,302.86,2422.88,5830.38
TRX005837,CLI0338,CRT03330,PRD0036,2026-06-15 07:29:46,1,86.2,86.2,583.14
TRX005838,CLI0116,CRT03311,PRD0193,2026-02-13 03:12:16,6,190.14,1140.84,3500.08
TRX005839,CLI0087,CRT01817,PRD0185,2026-05-09 17:56:37,2,144.46,288.92,1509.58
TRX005840,CLI0129,CRT00458,PRD0014,2026-04-07 08:06:55,6,99.1,594.5999999999999,719.0799999999999
TRX005841,CLI0141,CRT00099,PRD0050,2026-04-19 13:42:25,6,164.79,988.74,4043.06
TRX005842,CLI0291,CRT02364,PRD0181,2026-06-11 21:57:16,8,318.21,2545.68,4624.28
TRX005843,CLI0113,CRT03403,PRD0146,2026-06-18 05:09:24,9,318.04,2862.36,4418.41
TRX005844,CLI0083,CRT00472,PRD0157,2026-06-15 14:57:37,3,263.29,789.8700000000001,3979.67
TRX005845,CLI0184,CRT01276,PRD0069,2026-03-27 11:01:32,7,112.37,786.59,1634.9299999999998
TRX005846,CLI0398,CRT02553,PRD0035,2026-07-24 12:32:20,4,344.9,1379.6,7263.709999999999
TRX005847,CLI0297,CRT02542,PRD0160,2026-06-19 05:52:38,9,246.16,2215.44,8403.119999999999
TRX005848,CLI0255,CRT00191,PRD0029,2026-02-20 22:10:23,9,95.22,856.98,1205.76
TRX005849,CLI0200,CRT00660,PRD0023,2026-03-21 08:21:02,1,262.09,262.09,4611.150000000001
TRX005850,CLI0216,CRT00132,PRD0115,2026-07-21 12:03:46,4,301.5,1206.0,3235.51
TRX005851,CLI0008,CRT00156,PRD0186,2026-03-24 19:20:03,3,13.84,41.519999999999996,1218.16
TRX005852,CLI0166,CRT02664,PRD0006,2026-07-12 21:07:52,5,207.27,1036.3500000000001,3996.57
TRX005853,CLI0224,CRT01712,PRD0142,2026-04-19 23:33:13,3,55.45,166.35000000000002,2430.69
TRX005854,CLI0027,CRT02838,PRD0092,2026-06-23 12:27:25,8,10.72,85.76,583.9399999999999
TRX005855,CLI0094,CRT02402,PRD0159,2026-06-28 20:42:09,2,125.8,251.6,2422.62
TRX005856,CLI0104,CRT01630,PRD0103,2026-03-17 18:07:40,7,234.25,1639.75,1988.53
TRX005857,CLI0378,CRT01763,PRD0029,2026-03-25 16:30:09,2,95.22,190.44,3940.06
TRX005858,CLI0040,CRT03023,PRD0169,2026-01-04 20:43:23,9,259.17,2332.53,4752.31
TRX005859,CLI0100,CRT01535,PRD0121,2026-07-16 22:51:57,7,301.87,2113.09,5692.41
TRX005860,CLI0169,CRT02393,PRD0040,2026-05-26 17:52:30,3,256.15,768.4499999999999,4404.73
TRX005861,CLI0064,CRT02427,PRD0199,2026-05-17 14:13:49,9,223.09,2007.81,5615.03
TRX005862,CLI0198,CRT02528,PRD0110,2026-05-25 05:54:41,7,286.9,2008.2999999999997,6033.9
TRX005863,CLI0073,CRT03075,PRD0152,2026-07-16 05:51:48,10,336.37,3363.7,7679.72
TRX005864,CLI0346,CRT02336,PRD0166,2026-03-26 09:06:11,8,124.75,998.0,2460.61
TRX005865,CLI0132,CRT01251,PRD0039,2026-02-11 02:41:38,5,305.67,1528.3500000000001,4544.55
TRX005866,CLI0419,CRT00829,PRD0168,2026-04-22 15:09:54,8,260.65,2085.2,3278.64
TRX005867,CLI0184,CRT01873,PRD0128,2026-06-20 03:29:57,7,9.29,65.03,1458.74
TRX005868,CLI0176,CRT03236,PRD0001,2026-03-30 17:37:07,3,260.19,780.5699999999999,2244.05
TRX005869,CLI0181,CRT02796,PRD0073,2026-01-14 15:23:27,4,292.23,1168.92,3577.9
TRX005870,CLI0321,CRT03229,PRD0048,2026-01-20 07:39:23,8,275.16,2201.28,4893.34
TRX005871,CLI0291,CRT02767,PRD0161,2026-07-08 09:44:04,1,331.95,331.95,331.95
TRX005872,CLI0359,CRT02848,PRD0171,2026-07-06 18:17:21,4,127.91,511.64,4502.05
TRX005873,CLI0292,CRT00142,PRD0097,2026-04-28 05:12:52,9,275.78,2482.0199999999995,3902.72
TRX005874,CLI0382,CRT00061,PRD0068,2026-05-02 09:46:43,6,140.04,840.24,5461.59
TRX005875,CLI0156,CRT03423,PRD0051,2026-05-05 10:29:42,5,142.41,712.05,1712.55
TRX005876,CLI0395,CRT00828,PRD0115,2026-03-27 12:40:03,8,301.5,2412.0,4598.17
TRX005877,CLI0215,CRT01358,PRD0155,2026-02-20 11:51:28,9,289.44,2604.96,4359.71
TRX005878,CLI0151,CRT00288,PRD0142,2026-04-26 04:51:21,8,55.45,443.6,6921.26
TRX005879,CLI0162,CRT02005,PRD0025,2026-04-13 05:58:58,3,265.13,795.39,7204.25
TRX005880,CLI0030,CRT02780,PRD0176,2026-01-22 10:24:27,7,288.19,2017.33,6171.8
TRX005881,CLI0089,CRT01123,PRD0147,2026-06-19 02:50:09,9,208.25,1874.25,1874.25
TRX005882,CLI0063,CRT01611,PRD0061,2026-03-01 15:27:46,2,111.48,222.96,4413.070000000001
TRX005883,CLI0027,CRT01215,PRD0182,2026-02-12 16:53:39,10,200.1,2001.0,6525.33
TRX005884,CLI0123,CRT03052,PRD0154,2026-03-14 05:55:33,4,283.35,1133.4,12641.93
TRX005885,CLI0067,CRT03340,PRD0031,2026-02-26 13:14:23,2,267.28,534.56,3615.38
TRX005886,CLI0278,CRT03053,PRD0109,2026-01-28 02:22:41,10,181.62,1816.2,7873.91
TRX005887,CLI0078,CRT01997,PRD0038,2026-07-12 19:17:02,3,231.76,695.28,4499.28
TRX005888,CLI0151,CRT03250,PRD0115,2026-04-30 18:03:05,3,301.5,904.5,2718.57
TRX005889,CLI0350,CRT00328,PRD0074,2026-01-20 06:48:27,10,229.76,2297.6,3867.2
TRX005890,CLI0309,CRT02727,PRD0191,2026-05-22 07:51:56,5,288.92,1444.6000000000001,5999.33
TRX005891,CLI0176,CRT02251,PRD0117,2026-03-16 13:25:43,2,196.2,392.4,468.64
TRX005892,CLI0062,CRT00587,PRD0097,2026-01-21 17:56:14,3,275.78,827.3399999999999,4447.16
TRX005893,CLI0071,CRT03245,PRD0116,2026-02-26 03:02:17,4,281.93,1127.72,5887.08
TRX005894,CLI0173,CRT03297,PRD0187,2026-06-15 00:35:32,3,241.37,724.11,724.11
TRX005895,CLI0194,CRT02623,PRD0068,2026-07-03 13:53:43,9,140.04,1260.36,3245.7200000000003
TRX005896,CLI0210,CRT02325,PRD0152,2026-04-05 18:06:53,1,336.37,336.37,1783.67
TRX005897,CLI0189,CRT00324,PRD0121,2026-07-13 21:25:20,7,301.87,2113.09,6086.860000000001
TRX005898,CLI0070,CRT00696,PRD0020,2026-03-16 04:01:04,3,75.82,227.45999999999998,3999.18
TRX005899,CLI0314,CRT00971,PRD0186,2026-02-10 13:47:14,6,13.84,83.03999999999999,2722.4700000000003
TRX005900,CLI0364,CRT03038,PRD0017,2026-02-28 15:25:31,4,134.36,537.44,5321.2300000000005
TRX005901,CLI0424,CRT01790,PRD0098,2026-06-22 17:59:29,10,136.36,1363.6000000000001,3916.6600000000003
TRX005902,CLI0344,CRT00199,PRD0006,2026-01-23 04:01:14,5,207.27,1036.3500000000001,4856.1900000000005
TRX005903,CLI0336,CRT02882,PRD0007,2026-02-18 07:01:27,2,149.36,298.72,1939.04
TRX005904,CLI0431,CRT03191,PRD0083,2026-05-13 21:50:36,9,194.5,1750.5,4986.72
TRX005905,CLI0334,CRT02018,PRD0091,2026-04-24 12:34:12,6,321.66,1929.96,4686.0
TRX005906,CLI0360,CRT03473,PRD0012,2026-02-22 18:47:47,5,69.32,346.59999999999997,441.81999999999994
TRX005907,CLI0359,CRT00290,PRD0115,2026-07-11 18:39:07,6,301.5,1809.0,2390.3
TRX005908,CLI0123,CRT02404,PRD0015,2026-02-10 09:58:04,6,125.96,755.76,4689.01
TRX005909,CLI0131,CRT01750,PRD0051,2026-03-19 03:17:09,5,142.41,712.05,2593.2799999999997
TRX005910,CLI0138,CRT02131,PRD0187,2026-05-22 21:20:30,2,241.37,482.74,4306.79
TRX005911,CLI0038,CRT00404,PRD0077,2026-03-16 02:27:09,9,75.69,681.21,3354.01
TRX005912,CLI0355,CRT01393,PRD0066,2026-07-07 14:48:16,10,148.18,1481.8000000000002,8173.58
TRX005913,CLI0318,CRT02217,PRD0193,2026-04-23 03:28:59,3,190.14,570.42,1065.92
TRX005914,CLI0096,CRT02562,PRD0051,2026-06-30 04:53:27,6,142.41,854.46,4961.139999999999
TRX005915,CLI0129,CRT00405,PRD0162,2026-01-26 07:11:15,9,195.42,1758.78,7149.48
TRX005916,CLI0181,CRT00551,PRD0153,2026-06-21 14:23:12,9,63.71,573.39,3277.63
TRX005917,CLI0083,CRT03034,PRD0127,2026-01-03 14:25:55,4,24.14,96.56,5647.0599999999995
TRX005918,CLI0338,CRT03234,PRD0119,2026-05-26 22:58:54,2,332.64,665.28,1847.7
TRX005919,CLI0142,CRT03361,PRD0042,2026-05-16 22:06:59,5,88.65,443.25,3361.56
TRX005920,CLI0357,CRT01436,PRD0090,2026-02-07 18:04:14,1,15.96,15.96,15.96
TRX005921,CLI0164,CRT02635,PRD0112,2026-07-17 13:17:24,1,344.42,344.42,999.5999999999999
TRX005922,CLI0036,CRT00489,PRD0024,2026-02-28 13:46:12,4,78.71,314.84,5182.93
TRX005923,CLI0038,CRT00404,PRD0112,2026-03-16 02:27:09,6,344.42,2066.52,3354.01
TRX005924,CLI0095,CRT02700,PRD0153,2026-04-14 00:43:08,7,63.71,445.97,4623.71
TRX005925,CLI0174,CRT02358,PRD0081,2026-02-27 15:15:38,4,151.12,604.48,3017.5
TRX005926,CLI0372,CRT00406,PRD0093,2026-05-29 17:44:17,1,302.86,302.86,3522.6000000000004
TRX005927,CLI0061,CRT01340,PRD0134,2026-05-16 03:29:01,4,343.3,1373.2,6054.54
TRX005928,CLI0428,CRT00366,PRD0172,2026-01-27 07:29:05,3,97.82,293.46,639.8100000000001
TRX005929,CLI0220,CRT03197,PRD0002,2026-02-02 23:09:57,9,38.12,343.08,2914.67
TRX005930,CLI0003,CRT00147,PRD0056,2026-04-26 09:57:31,3,143.73,431.18999999999994,4939.87
TRX005931,CLI0212,CRT02162,PRD0063,2026-05-23 17:48:11,7,30.34,212.38,3766.23
TRX005932,CLI0265,CRT00112,PRD0189,2026-07-15 08:44:56,8,80.62,644.96,1111.02
TRX005933,CLI0263,CRT00476,PRD0132,2026-01-11 20:50:08,4,153.95,615.8,2447.66
TRX005934,CLI0008,CRT01201,PRD0143,2026-07-09 04:03:41,6,331.85,1991.1000000000001,7110.4800000000005
TRX005935,CLI0311,CRT02600,PRD0118,2026-05-05 14:34:10,5,163.96,819.8000000000001,4069.7200000000003
TRX005936,CLI0426,CRT01853,PRD0144,2026-07-01 17:28:15,10,213.05,2130.5,8946.14
TRX005937,CLI0326,CRT01532,PRD0136,2026-04-02 01:46:25,1,303.73,303.73,1864.87
TRX005938,CLI0379,CRT00871,PRD0134,2026-05-18 07:42:50,5,343.3,1716.5,8124.78
TRX005939,CLI0099,CRT03240,PRD0047,2026-06-05 01:04:33,8,327.59,2620.72,6517.38
TRX005940,CLI0055,CRT02614,PRD0017,2026-04-22 01:03:50,10,134.36,1343.6000000000001,4052.61
TRX005941,CLI0179,CRT00750,PRD0153,2026-03-24 17:03:13,9,63.71,573.39,7399.039999999999
TRX005942,CLI0104,CRT01028,PRD0153,2026-06-26 10:15:13,7,63.71,445.97,3406.8700000000003
TRX005943,CLI0227,CRT00674,PRD0009,2026-03-20 13:19:03,6,297.0,1782.0,2567.52
TRX005944,CLI0074,CRT01331,PRD0046,2026-06-13 09:51:53,8,234.97,1879.76,7383.87
TRX005945,CLI0005,CRT00730,PRD0053,2026-01-11 21:09:22,2,99.29,198.58,496.0
TRX005946,CLI0301,CRT00047,PRD0159,2026-05-14 15:16:37,7,125.8,880.6,1497.02
TRX005947,CLI0430,CRT00626,PRD0150,2026-06-11 03:30:22,9,151.36,1362.2400000000002,4643.84
TRX005948,CLI0016,CRT02278,PRD0145,2026-02-20 07:12:09,10,40.06,400.6,400.6
TRX005949,CLI0039,CRT02329,PRD0091,2026-04-02 03:00:02,7,321.66,2251.6200000000003,4693.49
TRX005950,CLI0269,CRT01056,PRD0183,2026-03-19 06:22:19,3,74.71,224.13,3961.5800000000004
TRX005951,CLI0145,CRT01824,PRD0197,2026-03-09 22:18:58,2,267.68,535.36,1519.74
TRX005952,CLI0177,CRT00524,PRD0180,2026-07-18 14:29:43,4,217.4,869.6,3200.36
TRX005953,CLI0046,CRT02748,PRD0053,2026-04-03 12:08:34,3,99.29,297.87,4406.719999999999
TRX005954,CLI0243,CRT00617,PRD0174,2026-07-26 00:21:16,6,6.76,40.56,1368.3
TRX005955,CLI0355,CRT00316,PRD0024,2026-06-20 01:42:37,1,78.71,78.71,7219.01
TRX005956,CLI0026,CRT00080,PRD0001,2026-04-03 07:14:57,9,260.19,2341.71,3241.12
TRX005957,CLI0240,CRT01955,PRD0109,2026-02-03 10:40:55,7,181.62,1271.3400000000001,3029.01
TRX005958,CLI0008,CRT01382,PRD0180,2026-07-06 15:35:13,3,217.4,652.2,2439.57
TRX005959,CLI0235,CRT01837,PRD0172,2026-05-07 04:05:44,9,97.82,880.3799999999999,3828.6899999999996
TRX005960,CLI0052,CRT03227,PRD0118,2026-05-06 00:47:57,7,163.96,1147.72,4350.07
TRX005961,CLI0435,CRT03010,PRD0141,2026-07-19 05:04:24,9,13.28,119.52,1177.71
TRX005962,CLI0334,CRT02018,PRD0197,2026-04-24 12:34:12,6,267.68,1606.08,4686.0
TRX005963,CLI0434,CRT01144,PRD0146,2026-02-02 10:42:39,7,318.04,2226.28,4098.570000000001
TRX005964,CLI0083,CRT00472,PRD0044,2026-06-15 14:57:37,5,248.47,1242.35,3979.67
TRX005965,CLI0341,CRT02088,PRD0024,2026-06-09 14:54:50,4,78.71,314.84,314.84
TRX005966,CLI0429,CRT01315,PRD0019,2026-07-23 07:45:48,5,13.65,68.25,4633.67
TRX005967,CLI0354,CRT00060,PRD0069,2026-03-02 01:47:40,8,112.37,898.96,5345.24
TRX005968,CLI0336,CRT02882,PRD0004,2026-02-18 07:01:27,7,178.11,1246.77,1939.04
TRX005969,CLI0177,CRT00678,PRD0069,2026-03-15 17:04:58,1,112.37,112.37,3826.3799999999997
TRX005970,CLI0279,CRT02965,PRD0058,2026-02-01 00:46:19,9,275.33,2477.97,4108.469999999999
TRX005971,CLI0310,CRT03481,PRD0097,2026-01-31 18:55:34,9,275.78,2482.0199999999995,3464.5499999999997
TRX005972,CLI0182,CRT01225,PRD0092,2026-04-21 22:13:37,3,10.72,32.160000000000004,3790.67
TRX005973,CLI0268,CRT01332,PRD0156,2026-04-26 15:00:05,4,87.81,351.24,1331.52
TRX005974,CLI0190,CRT02769,PRD0117,2026-07-01 09:04:11,1,196.2,196.2,1888.8899999999999
TRX005975,CLI0007,CRT02837,PRD0188,2026-07-16 08:36:39,10,281.86,2818.6000000000004,2818.6000000000004
TRX005976,CLI0005,CRT02576,PRD0164,2026-01-16 09:41:15,3,242.9,728.7,1959.38
TRX005977,CLI0153,CRT00005,PRD0144,2026-03-02 03:29:31,6,213.05,1278.3000000000002,4980.95
TRX005978,CLI0229,CRT03258,PRD0060,2026-04-19 21:42:42,9,339.13,3052.17,8111.16
TRX005979,CLI0401,CRT02505,PRD0096,2026-05-04 02:54:47,8,15.79,126.32,514.47
TRX005980,CLI0126,CRT01992,PRD0167,2026-05-02 12:25:37,3,82.61,247.82999999999998,3015.77
TRX005981,CLI0429,CRT01209,PRD0022,2026-05-07 15:02:05,9,51.02,459.18,1273.0
TRX005982,CLI0303,CRT02728,PRD0011,2026-04-02 10:05:58,10,104.38,1043.8,7090.14
TRX005983,CLI0146,CRT02043,PRD0191,2026-06-20 20:51:13,5,288.92,1444.6000000000001,3388.9700000000003
TRX005984,CLI0361,CRT02883,PRD0116,2026-04-25 03:35:28,7,281.93,1973.51,3442.63
TRX005985,CLI0266,CRT02718,PRD0079,2026-07-20 10:40:56,8,98.65,789.2,5981.59
TRX005986,CLI0423,CRT00802,PRD0177,2026-07-05 11:46:35,4,221.23,884.92,2447.86
TRX005987,CLI0390,CRT01589,PRD0073,2026-03-22 04:30:02,7,292.23,2045.6100000000001,4321.610000000001
TRX005988,CLI0386,CRT00497,PRD0135,2026-01-31 03:23:34,4,198.63,794.52,2676.14
TRX005989,CLI0091,CRT00668,PRD0071,2026-06-01 21:45:26,2,76.57,153.14,665.4399999999999
TRX005990,CLI0063,CRT03274,PRD0069,2026-01-03 11:35:58,7,112.37,786.59,4988.08
TRX005991,CLI0224,CRT01924,PRD0030,2026-06-10 19:36:33,4,153.58,614.32,3064.81
TRX005992,CLI0154,CRT01889,PRD0114,2026-02-08 04:39:09,4,141.38,565.52,2017.74
TRX005993,CLI0121,CRT01356,PRD0092,2026-07-04 16:11:43,1,10.72,10.72,3081.0
TRX005994,CLI0412,CRT02670,PRD0034,2026-07-11 07:07:24,9,115.14,1036.26,5556.82
TRX005995,CLI0335,CRT00457,PRD0137,2026-01-20 18:48:40,5,116.26,581.3000000000001,4677.5
TRX005996,CLI0125,CRT02963,PRD0043,2026-01-15 19:47:21,7,194.99,1364.93,5306.03
TRX005997,CLI0068,CRT00908,PRD0102,2026-02-22 23:45:20,1,233.03,233.03,3554.94
TRX005998,CLI0182,CRT00263,PRD0054,2026-06-12 10:37:50,2,301.82,603.64,3279.06
TRX005999,CLI0311,CRT02600,PRD0198,2026-05-05 14:34:10,8,156.17,1249.36,4069.7200000000003
TRX006000,CLI0315,CRT00547,PRD0005,2026-02-13 01:18:46,3,228.33,684.99,1348.8899999999999
TRX006001,CLI0424,CRT00493,PRD0041,2026-02-08 22:02:45,7,228.33,1598.3100000000002,4087.3
TRX006002,CLI0422,CRT01687,PRD0003,2026-03-19 18:22:24,3,149.12,447.36,1777.92
TRX006003,CLI0369,CRT00189,PRD0102,2026-06-08 04:17:11,9,233.03,2097.27,2715.89
TRX006004,CLI0208,CRT00431,PRD0192,2026-07-16 21:28:57,1,241.82,241.82,6944.34
TRX006005,CLI0046,CRT02150,PRD0077,2026-04-12 04:28:38,4,75.69,302.76,5941.48
TRX006006,CLI0148,CRT01678,PRD0172,2026-03-09 01:43:50,4,97.82,391.28,5942.58
TRX006007,CLI0260,CRT01952,PRD0149,2026-02-26 21:23:45,7,344.39,2410.73,6487.39
TRX006008,CLI0394,CRT00973,PRD0003,2026-02-13 12:12:14,5,149.12,745.6,3007.98
TRX006009,CLI0121,CRT00583,PRD0087,2026-07-08 08:48:46,10,302.95,3029.5,6640.04
TRX006010,CLI0417,CRT02168,PRD0145,2026-04-07 21:53:35,1,40.06,40.06,4826.62
TRX006011,CLI0214,CRT01551,PRD0146,2026-04-28 02:46:53,9,318.04,2862.36,6285.660000000001
TRX006012,CLI0329,CRT02526,PRD0037,2026-05-31 02:35:36,5,171.38,856.9,2262.91
TRX006013,CLI0390,CRT00299,PRD0174,2026-04-01 20:28:19,8,6.76,54.08,480.18
TRX006014,CLI0190,CRT01492,PRD0130,2026-04-09 13:34:27,5,312.35,1561.75,2889.13
TRX006015,CLI0190,CRT02068,PRD0173,2026-05-27 10:32:37,10,330.57,3305.7,4072.8399999999997
TRX006016,CLI0428,CRT01444,PRD0014,2026-05-14 23:28:18,2,99.1,198.2,238.76
TRX006017,CLI0090,CRT00455,PRD0104,2026-04-07 23:47:58,2,46.73,93.46,1582.18
TRX006018,CLI0151,CRT03011,PRD0187,2026-04-28 05:14:52,7,241.37,1689.5900000000001,5119.99
TRX006019,CLI0067,CRT01859,PRD0157,2026-02-24 01:46:20,4,263.29,1053.16,3901.84
TRX006020,CLI0025,CRT03309,PRD0096,2026-01-03 05:03:04,5,15.79,78.94999999999999,3308.22
TRX006021,CLI0323,CRT00375,PRD0125,2026-04-14 15:45:57,4,54.91,219.64,2684.2200000000003
TRX006022,CLI0417,CRT01119,PRD0173,2026-06-27 21:30:59,1,330.57,330.57,9964.51
TRX006023,CLI0107,CRT03336,PRD0177,2026-06-01 19:12:39,4,221.23,884.92,8072.28
TRX006024,CLI0179,CRT00556,PRD0179,2026-03-30 10:04:02,2,196.43,392.86,4624.6
TRX006025,CLI0257,CRT03076,PRD0088,2026-05-13 22:09:48,1,64.83,64.83,5368.95
TRX006026,CLI0172,CRT02212,PRD0075,2026-03-06 08:59:54,2,38.5,77.0,859.56
TRX006027,CLI0284,CRT00027,PRD0009,2026-01-16 14:05:38,7,297.0,2079.0,6808.740000000001
TRX006028,CLI0109,CRT02455,PRD0131,2026-04-28 08:00:48,7,212.13,1484.9099999999999,3763.45
TRX006029,CLI0385,CRT03033,PRD0114,2026-02-14 18:19:27,4,141.38,565.52,6173.29
TRX006030,CLI0207,CRT00114,PRD0179,2026-06-19 11:38:08,7,196.43,1375.01,6052.77
TRX006031,CLI0417,CRT00206,PRD0082,2026-02-14 01:26:10,7,316.62,2216.34,5250.07
TRX006032,CLI0354,CRT00060,PRD0076,2026-03-02 01:47:40,3,260.49,781.47,5345.24
TRX006033,CLI0433,CRT01272,PRD0100,2026-07-06 02:33:08,3,252.5,757.5,3037.81
TRX006034,CLI0278,CRT03168,PRD0118,2026-04-22 13:53:32,9,163.96,1475.64,5954.0
TRX006035,CLI0137,CRT03349,PRD0176,2026-01-08 17:20:21,5,288.19,1440.95,3030.95
TRX006036,CLI0137,CRT01976,PRD0162,2026-02-08 18:45:52,6,195.42,1172.52,7092.639999999999
TRX006037,CLI0063,CRT02690,PRD0185,2026-05-06 23:21:10,6,144.46,866.76,4016.13
TRX006038,CLI0145,CRT01581,PRD0014,2026-02-13 19:33:22,5,99.1,495.5,2848.12
TRX006039,CLI0168,CRT01482,PRD0158,2026-01-15 22:08:31,2,12.47,24.94,6205.68
TRX006040,CLI0270,CRT02754,PRD0012,2026-07-06 11:09:40,5,69.32,346.59999999999997,3667.1699999999996
TRX006041,CLI0421,CRT02181,PRD0088,2026-06-13 14:25:15,1,64.83,64.83,3039.96
TRX006042,CLI0077,CRT01299,PRD0048,2026-07-09 21:05:36,9,275.16,2476.44,8133.150000000001
TRX006043,CLI0190,CRT02066,PRD0072,2026-01-31 21:54:12,6,308.05,1848.3000000000002,4778.17
TRX006044,CLI0019,CRT02725,PRD0027,2026-02-18 05:09:28,8,209.57,1676.56,2553.5
TRX006045,CLI0243,CRT01219,PRD0120,2026-03-09 05:17:05,10,291.12,2911.2,4501.4
TRX006046,CLI0313,CRT00998,PRD0035,2026-06-19 21:39:43,7,344.9,2414.2999999999997,6712.32
TRX006047,CLI0023,CRT02953,PRD0133,2026-02-03 09:02:30,3,238.5,715.5,5999.150000000001
TRX006048,CLI0116,CRT03311,PRD0007,2026-02-13 03:12:16,3,149.36,448.08000000000004,3500.08
TRX006049,CLI0139,CRT00880,PRD0108,2026-01-14 16:55:43,10,166.93,1669.3000000000002,10799.27
TRX006050,CLI0219,CRT02946,PRD0181,2026-03-04 16:34:00,6,318.21,1909.2599999999998,3040.98
TRX006051,CLI0327,CRT00480,PRD0184,2026-01-05 10:19:12,2,85.85,171.7,3558.15
TRX006052,CLI0080,CRT02836,PRD0058,2026-03-30 18:12:16,2,275.33,550.66,3762.71
TRX006053,CLI0249,CRT01617,PRD0033,2026-05-11 10:09:14,1,267.47,267.47,540.19
TRX006054,CLI0422,CRT00010,PRD0039,2026-06-19 22:45:31,9,305.67,2751.03,7384.2300000000005
TRX006055,CLI0103,CRT00155,PRD0189,2026-07-07 13:35:03,5,80.62,403.1,3696.31
TRX006056,CLI0219,CRT00208,PRD0049,2026-07-09 04:13:11,9,36.18,325.62,3097.87
TRX006057,CLI0414,CRT00415,PRD0158,2026-03-22 15:35:39,7,12.47,87.29,2823.13
TRX006058,CLI0195,CRT02743,PRD0044,2026-01-07 21:58:36,2,248.47,496.94,5630.62
TRX006059,CLI0016,CRT00430,PRD0118,2026-05-29 21:04:37,1,163.96,163.96,3744.9700000000003
TRX006060,CLI0121,CRT00726,PRD0046,2026-06-12 15:48:26,7,234.97,1644.79,2809.94
TRX006061,CLI0083,CRT02822,PRD0056,2026-02-05 12:52:45,7,143.73,1006.1099999999999,2352.05
TRX006062,CLI0109,CRT02579,PRD0005,2026-05-14 00:15:51,1,228.33,228.33,876.9300000000001
TRX006063,CLI0172,CRT01445,PRD0081,2026-04-16 21:04:11,1,151.12,151.12,5637.83
TRX006064,CLI0393,CRT00805,PRD0142,2026-05-21 09:15:03,3,55.45,166.35000000000002,8455.99
TRX006065,CLI0015,CRT01573,PRD0006,2026-01-24 05:17:58,7,207.27,1450.89,3332.7300000000005
TRX006066,CLI0047,CRT00967,PRD0170,2026-01-30 16:21:43,1,100.84,100.84,2959.85
TRX006067,CLI0205,CRT03302,PRD0190,2026-01-21 20:15:35,5,23.22,116.1,1672.95
TRX006068,CLI0224,CRT01712,PRD0114,2026-04-19 23:33:13,7,141.38,989.66,2430.69
TRX006069,CLI0270,CRT01484,PRD0195,2026-02-26 10:07:08,10,11.49,114.9,2414.46
TRX006070,CLI0251,CRT00150,PRD0142,2026-07-21 03:12:19,1,55.45,55.45,4549.9400000000005
TRX006071,CLI0007,CRT00046,PRD0137,2026-07-21 22:41:05,2,116.26,232.52,4853.0199999999995
TRX006072,CLI0270,CRT00341,PRD0001,2026-02-26 06:41:40,8,260.19,2081.52,3231.67
TRX006073,CLI0330,CRT02544,PRD0123,2026-07-02 13:59:37,5,85.64,428.2,5280.0
TRX006074,CLI0284,CRT01282,PRD0131,2026-01-11 13:59:13,10,212.13,2121.3,6454.26
TRX006075,CLI0162,CRT00376,PRD0039,2026-01-05 14:10:52,6,305.67,1834.02,5017.05
TRX006076,CLI0146,CRT02075,PRD0088,2026-02-25 06:39:56,4,64.83,259.32,877.6800000000001
TRX006077,CLI0268,CRT03040,PRD0176,2026-04-07 04:33:21,9,288.19,2593.71,4426.47
TRX006078,CLI0033,CRT00379,PRD0065,2026-07-13 21:19:16,10,88.06,880.6,4299.34
TRX006079,CLI0144,CRT01200,PRD0029,2026-03-12 09:21:19,2,95.22,190.44,5819.86
TRX006080,CLI0376,CRT00213,PRD0062,2026-01-24 13:34:00,7,321.99,2253.9300000000003,6738.740000000001
TRX006081,CLI0364,CRT00296,PRD0028,2026-06-16 06:28:26,3,301.62,904.86,1232.17
TRX006082,CLI0011,CRT01780,PRD0069,2026-01-06 20:20:07,5,112.37,561.85,3250.2000000000003
TRX006083,CLI0189,CRT01431,PRD0097,2026-07-24 02:23:21,5,275.78,1378.8999999999999,5587.38
TRX006084,CLI0371,CRT00356,PRD0167,2026-03-14 00:53:58,2,82.61,165.22,2624.26
TRX006085,CLI0369,CRT00189,PRD0007,2026-06-08 04:17:11,1,149.36,149.36,2715.89
TRX006086,CLI0105,CRT02495,PRD0077,2026-02-02 03:20:27,7,75.69,529.8299999999999,7108.72
TRX006087,CLI0234,CRT01163,PRD0189,2026-07-21 22:00:23,7,80.62,564.34,2970.65
TRX006088,CLI0269,CRT03391,PRD0051,2026-05-09 06:05:28,8,142.41,1139.28,3574.46
TRX006089,CLI0359,CRT02846,PRD0178,2026-03-05 15:37:30,9,198.09,1782.81,5886.47
TRX006090,CLI0269,CRT01008,PRD0112,2026-02-23 07:36:40,9,344.42,3099.78,6459.45
TRX006091,CLI0280,CRT03395,PRD0058,2026-03-07 17:42:45,5,275.33,1376.6499999999999,4261.46
TRX006092,CLI0079,CRT03339,PRD0096,2026-05-10 03:50:49,6,15.79,94.74,94.74
TRX006093,CLI0121,CRT01723,PRD0190,2026-01-29 20:47:18,8,23.22,185.76,1990.6599999999999
TRX006094,CLI0252,CRT00699,PRD0050,2026-02-18 11:40:27,4,164.79,659.16,2216.78
TRX006095,CLI0238,CRT01403,PRD0024,2026-06-30 23:03:41,3,78.71,236.13,3412.1899999999996
TRX006096,CLI0428,CRT00400,PRD0116,2026-03-06 07:04:30,2,281.93,563.86,1733.5
TRX006097,CLI0200,CRT00688,PRD0151,2026-04-07 08:01:53,7,121.08,847.56,7780.32
TRX006098,CLI0191,CRT00062,PRD0160,2026-01-06 12:18:04,6,246.16,1476.96,5859.58
TRX006099,CLI0247,CRT01523,PRD0157,2026-05-25 15:52:36,1,263.29,263.29,5231.17
TRX006100,CLI0196,CRT01222,PRD0052,2026-06-23 11:29:37,3,68.6,205.79999999999998,2322.56
TRX006101,CLI0243,CRT03008,PRD0073,2026-02-04 04:00:38,5,292.23,1461.15,6413.85
TRX006102,CLI0097,CRT02368,PRD0193,2026-05-02 03:57:19,3,190.14,570.42,1105.78
TRX006103,CLI0388,CRT01564,PRD0181,2026-04-21 01:32:52,4,318.21,1272.84,6546.029999999999
TRX006104,CLI0129,CRT02462,PRD0106,2026-01-25 21:50:25,9,102.2,919.8000000000001,1110.4
TRX006105,CLI0046,CRT02087,PRD0002,2026-07-24 22:44:49,10,38.12,381.2,6495.79
TRX006106,CLI0280,CRT01737,PRD0050,2026-04-19 17:17:20,4,164.79,659.16,1752.6000000000001
TRX006107,CLI0127,CRT00716,PRD0089,2026-07-08 01:13:12,6,57.82,346.92,5521.290000000001
TRX006108,CLI0156,CRT01965,PRD0153,2026-03-02 07:37:30,5,63.71,318.55,318.55
TRX006109,CLI0296,CRT01169,PRD0061,2026-05-08 08:37:11,5,111.48,557.4,5120.650000000001
TRX006110,CLI0238,CRT03500,PRD0027,2026-04-17 15:28:03,1,209.57,209.57,439.28
TRX006111,CLI0102,CRT02813,PRD0067,2026-01-22 19:15:49,8,327.31,2618.48,6290.7
TRX006112,CLI0072,CRT02720,PRD0006,2026-05-28 17:51:23,2,207.27,414.54,3294.51
TRX006113,CLI0261,CRT02125,PRD0112,2026-07-12 18:21:55,2,344.42,688.84,3398.28
TRX006114,CLI0001,CRT00549,PRD0195,2026-02-10 03:09:42,1,11.49,11.49,3548.3900000000003
TRX006115,CLI0406,CRT02835,PRD0085,2026-01-06 04:35:31,8,239.52,1916.16,1916.16
TRX006116,CLI0101,CRT03286,PRD0107,2026-01-13 17:59:00,3,114.48,343.44,538.86
TRX006117,CLI0052,CRT03227,PRD0193,2026-05-06 00:47:57,10,190.14,1901.3999999999999,4350.07
TRX006118,CLI0080,CRT02935,PRD0109,2026-04-25 08:26:12,9,181.62,1634.58,1902.05
TRX006119,CLI0375,CRT03114,PRD0006,2026-01-28 14:27:08,6,207.27,1243.6200000000001,4244.1
TRX006120,CLI0164,CRT01529,PRD0037,2026-04-29 04:55:59,1,171.38,171.38,4732.1
TRX006121,CLI0287,CRT00522,PRD0046,2026-05-23 17:36:47,3,234.97,704.91,4641.47
TRX006122,CLI0180,CRT01237,PRD0119,2026-02-26 10:18:52,4,332.64,1330.56,6044.61
TRX006123,CLI0015,CRT00225,PRD0027,2026-06-25 04:45:25,1,209.57,209.57,2515.0
TRX006124,CLI0068,CRT00842,PRD0025,2026-03-28 03:00:19,6,265.13,1590.78,2226.86
TRX006125,CLI0308,CRT00484,PRD0178,2026-02-06 21:12:48,1,198.09,198.09,5830.38
TRX006126,CLI0164,CRT02989,PRD0184,2026-02-07 14:13:16,7,85.85,600.9499999999999,1292.59
TRX006127,CLI0381,CRT00067,PRD0007,2026-04-24 11:40:56,7,149.36,1045.52,3128.02
TRX006128,CLI0039,CRT00202,PRD0180,2026-07-05 03:41:16,8,217.4,1739.2,5451.5
TRX006129,CLI0084,CRT00932,PRD0125,2026-02-19 08:14:18,2,54.91,109.82,2613.7599999999998
TRX006130,CLI0088,CRT01452,PRD0144,2026-07-22 09:27:59,5,213.05,1065.25,2408.8500000000004
TRX006131,CLI0229,CRT00351,PRD0066,2026-03-03 23:23:02,9,148.18,1333.6200000000001,4552.38
TRX006132,CLI0379,CRT03378,PRD0081,2026-03-20 08:41:16,6,151.12,906.72,4219.360000000001
TRX006133,CLI0329,CRT02194,PRD0083,2026-06-22 23:40:00,4,194.5,778.0,1342.52
TRX006134,CLI0429,CRT00088,PRD0042,2026-03-08 03:17:27,4,88.65,354.6,388.40000000000003
TRX006135,CLI0330,CRT00238,PRD0119,2026-02-10 18:24:25,4,332.64,1330.56,2805.38
TRX006136,CLI0344,CRT00408,PRD0116,2026-06-17 08:32:20,2,281.93,563.86,4357.9
TRX006137,CLI0101,CRT01565,PRD0027,2026-01-28 01:11:38,8,209.57,1676.56,5719.88
TRX006138,CLI0031,CRT01700,PRD0163,2026-05-14 07:18:19,2,278.04,556.08,10294.35
TRX006139,CLI0227,CRT01636,PRD0114,2026-04-28 01:18:36,5,141.38,706.9,4007.54
TRX006140,CLI0207,CRT03199,PRD0156,2026-03-23 18:50:00,8,87.81,702.48,7461.8
TRX006141,CLI0182,CRT00131,PRD0032,2026-02-27 11:10:50,10,224.53,2245.3,5778.679999999999
TRX006142,CLI0034,CRT02622,PRD0178,2026-06-14 12:29:47,6,198.09,1188.54,1297.74
TRX006143,CLI0379,CRT00920,PRD0100,2026-03-12 05:31:57,6,252.5,1515.0,6730.61
TRX006144,CLI0375,CRT00826,PRD0166,2026-07-26 20:58:54,5,124.75,623.75,4492.29
TRX006145,CLI0062,CRT02689,PRD0140,2026-01-30 03:00:31,2,80.42,160.84,3430.7
TRX006146,CLI0425,CRT01933,PRD0051,2026-04-11 01:51:14,3,142.41,427.23,2536.99
TRX006147,CLI0343,CRT02872,PRD0032,2026-01-04 20:05:21,10,224.53,2245.3,4580.14
TRX006148,CLI0221,CRT01971,PRD0062,2026-01-30 22:29:05,9,321.99,2897.91,5321.93
TRX006149,CLI0203,CRT02450,PRD0073,2026-04-20 04:23:54,3,292.23,876.69,1712.8100000000002
TRX006150,CLI0192,CRT02477,PRD0082,2026-05-08 10:47:57,5,316.62,1583.1,4145.88
TRX006151,CLI0003,CRT02438,PRD0116,2026-01-13 13:44:25,10,281.93,2819.3,4781.74
TRX006152,CLI0152,CRT02010,PRD0023,2026-04-18 14:38:11,3,262.09,786.27,3950.46
TRX006153,CLI0359,CRT01103,PRD0184,2026-06-20 12:01:36,3,85.85,257.54999999999995,1854.75
TRX006154,CLI0155,CRT02337,PRD0116,2026-07-10 09:59:34,1,281.93,281.93,2679.91
TRX006155,CLI0104,CRT02478,PRD0062,2026-02-08 13:40:50,3,321.99,965.97,1994.16
TRX006156,CLI0310,CRT01109,PRD0023,2026-05-28 04:38:17,9,262.09,2358.81,2822.33
TRX006157,CLI0167,CRT00603,PRD0002,2026-04-03 22:18:38,9,38.12,343.08,4087.1200000000003
TRX006158,CLI0182,CRT00895,PRD0039,2026-06-10 11:00:26,2,305.67,611.34,4458.620000000001
TRX006159,CLI0138,CRT02131,PRD0037,2026-05-22 21:20:30,6,171.38,1028.28,4306.79
TRX006160,CLI0191,CRT00133,PRD0112,2026-03-08 21:19:11,3,344.42,1033.26,1033.26
TRX006161,CLI0234,CRT02064,PRD0002,2026-05-02 01:11:13,1,38.12,38.12,7752.959999999999
TRX006162,CLI0169,CRT02264,PRD0001,2026-02-11 03:49:02,9,260.19,2341.71,4522.7
TRX006163,CLI0363,CRT02093,PRD0065,2026-01-07 20:49:32,10,88.06,880.6,6001.6
TRX006164,CLI0244,CRT01740,PRD0141,2026-07-03 13:23:20,6,13.28,79.67999999999999,4795.5
TRX006165,CLI0316,CRT03195,PRD0036,2026-06-14 14:19:12,3,86.2,258.6,258.6
TRX006166,CLI0162,CRT02742,PRD0098,2026-07-21 15:47:16,2,136.36,272.72,7306.88
TRX006167,CLI0426,CRT01853,PRD0068,2026-07-01 17:28:15,8,140.04,1120.32,8946.14
TRX006168,CLI0268,CRT01725,PRD0016,2026-06-20 21:07:56,7,223.15,1562.05,5967.75
TRX006169,CLI0271,CRT00783,PRD0188,2026-01-11 02:33:45,9,281.86,2536.7400000000002,4941.0
TRX006170,CLI0033,CRT00228,PRD0030,2026-03-08 23:50:48,1,153.58,153.58,3762.58
TRX006171,CLI0051,CRT01622,PRD0032,2026-07-08 01:55:27,2,224.53,449.06,5352.92
TRX006172,CLI0307,CRT01537,PRD0141,2026-07-12 06:05:06,3,13.28,39.839999999999996,4976.74
TRX006173,CLI0246,CRT00421,PRD0151,2026-04-29 16:12:53,7,121.08,847.56,6573.8
TRX006174,CLI0088,CRT01452,PRD0017,2026-07-22 09:27:59,10,134.36,1343.6000000000001,2408.8500000000004
TRX006175,CLI0132,CRT02111,PRD0178,2026-01-24 04:10:26,7,198.09,1386.63,4813.9
TRX006176,CLI0224,CRT02625,PRD0073,2026-07-26 08:29:47,3,292.23,876.69,4957.65
TRX006177,CLI0264,CRT00358,PRD0074,2026-07-25 18:31:20,6,229.76,1378.56,3224.19
TRX006178,CLI0398,CRT03179,PRD0055,2026-04-27 20:04:57,1,349.75,349.75,4591.84
TRX006179,CLI0296,CRT03345,PRD0080,2026-06-15 03:42:57,6,342.98,2057.88,4862.01
TRX006180,CLI0212,CRT00520,PRD0106,2026-05-22 20:18:00,1,102.2,102.2,6401.39
TRX006181,CLI0415,CRT01698,PRD0124,2026-06-07 15:47:29,8,96.92,775.36,1016.62
TRX006182,CLI0240,CRT03334,PRD0132,2026-04-09 06:50:30,4,153.95,615.8,6600.02
TRX006183,CLI0415,CRT01698,PRD0140,2026-06-07 15:47:29,3,80.42,241.26,1016.62
TRX006184,CLI0071,CRT01999,PRD0012,2026-07-25 15:36:46,5,69.32,346.59999999999997,8050.73
TRX006185,CLI0157,CRT00869,PRD0178,2026-04-26 17:09:19,10,198.09,1980.9,6898.06
TRX006186,CLI0258,CRT02909,PRD0082,2026-07-01 19:07:02,2,316.62,633.24,660.92
TRX006187,CLI0357,CRT02668,PRD0027,2026-05-04 10:35:52,4,209.57,838.28,6543.92
TRX006188,CLI0183,CRT01530,PRD0094,2026-02-11 01:55:32,10,179.52,1795.2,2001.49
TRX006189,CLI0406,CRT00739,PRD0131,2026-01-28 04:34:52,5,212.13,1060.65,3198.89
TRX006190,CLI0130,CRT02412,PRD0004,2026-02-23 18:25:30,4,178.11,712.44,2154.42
TRX006191,CLI0355,CRT01804,PRD0020,2026-04-12 07:43:35,1,75.82,75.82,2873.82
TRX006192,CLI0021,CRT02069,PRD0035,2026-05-14 05:34:53,4,344.9,1379.6,3802.27
TRX006193,CLI0371,CRT01012,PRD0137,2026-06-26 22:01:09,3,116.26,348.78000000000003,720.02
TRX006194,CLI0435,CRT01990,PRD0115,2026-02-21 15:59:14,6,301.5,1809.0,3146.5299999999997
TRX006195,CLI0095,CRT00399,PRD0051,2026-02-26 22:27:36,1,142.41,142.41,142.41
TRX006196,CLI0105,CRT02137,PRD0035,2026-07-20 05:11:00,3,344.9,1034.6999999999998,2416.5999999999995
TRX006197,CLI0057,CRT02825,PRD0011,2026-02-18 10:22:22,8,104.38,835.04,4556.82
TRX006198,CLI0247,CRT00235,PRD0174,2026-03-30 23:21:10,5,6.76,33.8,3583.37
TRX006199,CLI0045,CRT02879,PRD0080,2026-01-28 04:45:02,10,342.98,3429.8,6757.030000000001
TRX006200,CLI0314,CRT00925,PRD0097,2026-03-01 21:42:46,7,275.78,1930.4599999999998,4408.45
TRX006201,CLI0046,CRT03092,PRD0182,2026-01-19 06:31:26,3,200.1,600.3,4452.33
TRX006202,CLI0001,CRT02969,PRD0069,2026-02-27 00:52:25,4,112.37,449.48,2282.5699999999997
TRX006203,CLI0076,CRT03346,PRD0147,2026-04-29 03:54:07,9,208.25,1874.25,7622.78
TRX006204,CLI0036,CRT00489,PRD0187,2026-02-28 13:46:12,4,241.37,965.48,5182.93
TRX006205,CLI0141,CRT00751,PRD0162,2026-06-03 20:11:22,9,195.42,1758.78,10183.78
TRX006206,CLI0354,CRT00179,PRD0041,2026-01-30 15:10:27,5,228.33,1141.65,5553.4
TRX006207,CLI0392,CRT01613,PRD0115,2026-07-02 21:11:13,5,301.5,1507.5,8127.950000000001
TRX006208,CLI0059,CRT03165,PRD0075,2026-02-15 16:42:18,1,38.5,38.5,2243.26
TRX006209,CLI0074,CRT02955,PRD0191,2026-06-10 21:49:55,4,288.92,1155.68,3777.11
TRX006210,CLI0020,CRT00370,PRD0029,2026-01-23 02:40:00,8,95.22,761.76,3683.1400000000003
TRX006211,CLI0322,CRT01438,PRD0048,2026-01-06 10:40:26,7,275.16,1926.1200000000001,3118.9
TRX006212,CLI0352,CRT02944,PRD0112,2026-06-05 06:50:21,6,344.42,2066.52,3639.06
TRX006213,CLI0333,CRT02313,PRD0080,2026-01-10 07:32:38,5,342.98,1714.9,6656.74
TRX006214,CLI0092,CRT02308,PRD0142,2026-03-24 13:36:45,4,55.45,221.8,5862.42
TRX006215,CLI0033,CRT02208,PRD0003,2026-06-10 22:45:58,10,149.12,1491.2,6290.22
TRX006216,CLI0327,CRT02312,PRD0010,2026-07-22 21:15:43,10,162.15,1621.5,5348.31
TRX006217,CLI0071,CRT00909,PRD0018,2026-05-29 19:42:36,10,115.19,1151.9,11510.77
TRX006218,CLI0252,CRT02974,PRD0052,2026-02-13 04:00:35,5,68.6,343.0,1213.1200000000001
TRX006219,CLI0348,CRT03157,PRD0090,2026-05-28 00:31:23,3,15.96,47.88,3780.86
TRX006220,CLI0003,CRT01911,PRD0119,2026-04-12 04:14:53,9,332.64,2993.7599999999998,6046.98
TRX006221,CLI0100,CRT03407,PRD0046,2026-04-07 23:15:20,6,234.97,1409.82,2278.23
TRX006222,CLI0324,CRT00293,PRD0081,2026-02-25 07:18:50,9,151.12,1360.08,9838.789999999999
TRX006223,CLI0274,CRT01293,PRD0016,2026-04-26 00:35:51,1,223.15,223.15,512.59
TRX006224,CLI0333,CRT02457,PRD0149,2026-06-09 13:26:02,4,344.39,1377.56,1522.3999999999999
TRX006225,CLI0350,CRT02154,PRD0107,2026-03-29 23:07:32,4,114.48,457.92,850.02
TRX006226,CLI0422,CRT01796,PRD0101,2026-03-14 06:53:40,1,26.82,26.82,1882.61
TRX006227,CLI0323,CRT01766,PRD0020,2026-04-24 23:20:30,9,75.82,682.3799999999999,2211.96
TRX006228,CLI0080,CRT03476,PRD0127,2026-03-19 22:52:24,7,24.14,168.98000000000002,5184.1900000000005
TRX006229,CLI0299,CRT02047,PRD0002,2026-02-19 13:09:12,5,38.12,190.6,3164.6400000000003
TRX006230,CLI0382,CRT03153,PRD0073,2026-02-18 15:17:53,2,292.23,584.46,1547.4
TRX006231,CLI0401,CRT03142,PRD0145,2026-06-02 07:13:45,5,40.06,200.3,3580.9700000000003
TRX006232,CLI0324,CRT00293,PRD0114,2026-02-25 07:18:50,9,141.38,1272.42,9838.789999999999
TRX006233,CLI0268,CRT01556,PRD0100,2026-07-15 12:27:12,7,252.5,1767.5,3991.82
TRX006234,CLI0128,CRT00079,PRD0197,2026-01-09 16:37:07,4,267.68,1070.72,2177.8500000000004
TRX006235,CLI0091,CRT02927,PRD0196,2026-03-07 00:34:09,3,349.85,1049.5500000000002,4424.6
TRX006236,CLI0378,CRT01763,PRD0134,2026-03-25 16:30:09,10,343.3,3433.0,3940.06
TRX006237,CLI0326,CRT02057,PRD0006,2026-04-19 16:01:22,1,207.27,207.27,3690.71
TRX006238,CLI0133,CRT01015,PRD0026,2026-05-15 20:56:25,9,238.97,2150.73,4780.96
TRX006239,CLI0157,CRT02316,PRD0015,2026-04-19 13:43:45,6,125.96,755.76,2513.21
TRX006240,CLI0351,CRT00107,PRD0027,2026-01-28 17:32:22,1,209.57,209.57,2036.7
TRX006241,CLI0343,CRT02872,PRD0024,2026-01-04 20:05:21,6,78.71,472.26,4580.14
TRX006242,CLI0162,CRT00248,PRD0113,2026-01-31 18:06:31,1,310.43,310.43,409.08000000000004
TRX006243,CLI0337,CRT01914,PRD0110,2026-07-10 21:54:50,5,286.9,1434.5,9751.08
TRX006244,CLI0343,CRT01397,PRD0145,2026-03-20 05:53:27,9,40.06,360.54,934.3399999999999
TRX006245,CLI0071,CRT00911,PRD0026,2026-03-21 19:04:16,8,238.97,1911.76,6038.849999999999
TRX006246,CLI0184,CRT01873,PRD0046,2026-06-20 03:29:57,2,234.97,469.94,1458.74
TRX006247,CLI0412,CRT00563,PRD0030,2026-05-12 09:22:56,6,153.58,921.48,2979.53
TRX006248,CLI0246,CRT00421,PRD0114,2026-04-29 16:12:53,10,141.38,1413.8,6573.8
TRX006249,CLI0353,CRT03314,PRD0169,2026-01-14 09:27:17,1,259.17,259.17,3658.84
TRX006250,CLI0364,CRT03093,PRD0167,2026-07-17 16:46:30,6,82.61,495.65999999999997,3176.98
TRX006251,CLI0085,CRT01827,PRD0116,2026-03-22 17:53:12,2,281.93,563.86,5084.38
TRX006252,CLI0243,CRT02582,PRD0171,2026-07-13 12:16:15,9,127.91,1151.19,6225.9
TRX006253,CLI0183,CRT00816,PRD0151,2026-02-09 05:02:21,3,121.08,363.24,2023.22
TRX006254,CLI0051,CRT03440,PRD0118,2026-03-08 10:59:46,4,163.96,655.84,2781.9500000000003
TRX006255,CLI0183,CRT03404,PRD0102,2026-05-08 01:07:30,8,233.03,1864.24,6769.0199999999995
TRX006256,CLI0419,CRT01309,PRD0119,2026-01-28 04:09:25,8,332.64,2661.12,3114.48
TRX006257,CLI0086,CRT03264,PRD0021,2026-01-09 18:37:04,3,175.98,527.9399999999999,2946.64
TRX006258,CLI0149,CRT01887,PRD0108,2026-04-30 15:55:25,2,166.93,333.86,5168.35
TRX006259,CLI0354,CRT00217,PRD0188,2026-05-03 15:21:18,1,281.86,281.86,1489.05
TRX006260,CLI0026,CRT00090,PRD0182,2026-02-11 20:50:07,10,200.1,2001.0,4834.5
TRX006261,CLI0268,CRT01891,PRD0183,2026-04-20 10:45:29,1,74.71,74.71,5736.22
TRX006262,CLI0076,CRT01466,PRD0163,2026-04-06 16:19:36,8,278.04,2224.32,10066.05
TRX006263,CLI0291,CRT01121,PRD0016,2026-07-21 12:27:32,5,223.15,1115.75,1263.93
TRX006264,CLI0185,CRT02334,PRD0169,2026-01-10 19:52:48,5,259.17,1295.8500000000001,5175.2300000000005
TRX006265,CLI0039,CRT02901,PRD0161,2026-02-12 15:56:16,5,331.95,1659.75,1659.75
TRX006266,CLI0177,CRT00630,PRD0130,2026-01-06 14:59:30,8,312.35,2498.8,6451.72
TRX006267,CLI0227,CRT00662,PRD0017,2026-06-10 04:36:09,10,134.36,1343.6000000000001,3037.7300000000005
TRX006268,CLI0115,CRT01973,PRD0121,2026-05-05 09:23:13,4,301.87,1207.48,1800.92
TRX006269,CLI0432,CRT01049,PRD0195,2026-02-12 20:47:19,10,11.49,114.9,1343.8899999999999
TRX006270,CLI0264,CRT01412,PRD0181,2026-06-22 13:15:08,2,318.21,636.42,2379.97
TRX006271,CLI0061,CRT02677,PRD0094,2026-05-12 23:40:09,2,179.52,359.04,2670.4
TRX006272,CLI0098,CRT02338,PRD0167,2026-06-30 21:59:31,8,82.61,660.88,2737.0200000000004
TRX006273,CLI0405,CRT03270,PRD0092,2026-02-17 13:01:30,2,10.72,21.44,2881.5299999999997
TRX006274,CLI0223,CRT01789,PRD0140,2026-07-17 16:31:08,8,80.42,643.36,1950.2
TRX006275,CLI0199,CRT01749,PRD0023,2026-01-03 14:18:28,5,262.09,1310.4499999999998,4692.539999999999
TRX006276,CLI0262,CRT02860,PRD0159,2026-04-20 23:26:33,1,125.8,125.8,3343.96
TRX006277,CLI0234,CRT00947,PRD0062,2026-01-11 08:56:47,1,321.99,321.99,6163.83
TRX006278,CLI0244,CRT00579,PRD0037,2026-03-22 12:52:18,4,171.38,685.52,3098.36
TRX006279,CLI0243,CRT02347,PRD0113,2026-03-01 18:46:50,5,310.43,1552.15,5162.450000000001
TRX006280,CLI0410,CRT01959,PRD0094,2026-02-11 22:38:26,6,179.52,1077.1200000000001,2511.03
TRX006281,CLI0070,CRT01767,PRD0048,2026-01-01 14:35:15,7,275.16,1926.1200000000001,1926.1200000000001
TRX006282,CLI0051,CRT01622,PRD0083,2026-07-08 01:55:27,9,194.5,1750.5,5352.92
TRX006283,CLI0032,CRT02633,PRD0078,2026-06-01 19:30:02,9,172.26,1550.34,3940.04
TRX006284,CLI0283,CRT02026,PRD0070,2026-03-21 18:58:52,5,218.35,1091.75,1091.75
TRX006285,CLI0302,CRT03497,PRD0016,2026-05-07 13:22:27,9,223.15,2008.3500000000001,2008.3500000000001
TRX006286,CLI0160,CRT03256,PRD0186,2026-02-12 07:29:38,7,13.84,96.88,4681.77
TRX006287,CLI0414,CRT01670,PRD0048,2026-05-06 03:38:34,6,275.16,1650.96,5878.5599999999995
TRX006288,CLI0155,CRT02224,PRD0015,2026-06-06 22:47:55,8,125.96,1007.68,5038.4
TRX006289,CLI0381,CRT00935,PRD0061,2026-06-21 07:23:05,4,111.48,445.92,3338.45
TRX006290,CLI0365,CRT02061,PRD0116,2026-04-28 04:42:38,8,281.93,2255.44,2974.2
TRX006291,CLI0312,CRT00803,PRD0196,2026-03-03 20:30:12,5,349.85,1749.25,3158.14
TRX006292,CLI0356,CRT00413,PRD0159,2026-05-30 05:32:54,5,125.8,629.0,10655.130000000001
TRX006293,CLI0284,CRT03167,PRD0094,2026-06-02 05:55:19,10,179.52,1795.2,4429.93
TRX006294,CLI0105,CRT00310,PRD0090,2026-07-12 19:42:12,7,15.96,111.72,3475.74
TRX006295,CLI0322,CRT02034,PRD0152,2026-05-10 12:54:21,7,336.37,2354.59,3093.07
TRX006296,CLI0306,CRT00394,PRD0130,2026-04-11 19:33:25,7,312.35,2186.4500000000003,4669.45
TRX006297,CLI0373,CRT01496,PRD0142,2026-04-24 15:07:54,1,55.45,55.45,1265.63
TRX006298,CLI0217,CRT01731,PRD0093,2026-02-25 05:15:10,8,302.86,2422.88,7822.91
TRX006299,CLI0104,CRT01932,PRD0035,2026-03-17 20:43:56,3,344.9,1034.6999999999998,1546.3399999999997
TRX006300,CLI0157,CRT00869,PRD0151,2026-04-26 17:09:19,4,121.08,484.32,6898.06
TRX006301,CLI0083,CRT01707,PRD0060,2026-03-07 21:53:24,7,339.13,2373.91,2551.21
TRX006302,CLI0391,CRT02360,PRD0128,2026-07-19 19:34:24,7,9.29,65.03,5517.49
TRX006303,CLI0061,CRT02830,PRD0040,2026-04-18 17:48:23,1,256.15,256.15,2007.6999999999998
TRX006304,CLI0306,CRT01937,PRD0177,2026-07-07 20:10:53,5,221.23,1106.1499999999999,5312.94
TRX006305,CLI0111,CRT00785,PRD0172,2026-05-13 03:32:09,8,97.82,782.56,2946.6000000000004
TRX006306,CLI0261,CRT02531,PRD0125,2026-07-01 17:47:24,5,54.91,274.54999999999995,3356.52
TRX006307,CLI0030,CRT01240,PRD0093,2026-06-02 23:54:22,2,302.86,605.72,3007.0
TRX006308,CLI0309,CRT02727,PRD0100,2026-05-22 07:51:56,3,252.5,757.5,5999.33
TRX006309,CLI0063,CRT01611,PRD0121,2026-03-01 15:27:46,1,301.87,301.87,4413.070000000001
TRX006310,CLI0346,CRT02793,PRD0174,2026-07-15 19:03:38,9,6.76,60.839999999999996,4346.65
TRX006311,CLI0129,CRT02817,PRD0073,2026-02-27 17:08:15,2,292.23,584.46,2637.04
TRX006312,CLI0371,CRT02346,PRD0023,2026-07-11 07:38:28,9,262.09,2358.81,4366.9
TRX006313,CLI0112,CRT01394,PRD0181,2026-02-03 13:02:56,1,318.21,318.21,3730.77
TRX006314,CLI0212,CRT01025,PRD0151,2026-01-12 12:09:10,4,121.08,484.32,1119.07
TRX006315,CLI0116,CRT00159,PRD0171,2026-06-27 12:32:14,7,127.91,895.37,4703.02
TRX006316,CLI0315,CRT02117,PRD0045,2026-03-25 06:36:24,9,301.22,2710.9800000000005,8560.28
TRX006317,CLI0374,CRT01476,PRD0104,2026-04-24 12:19:52,10,46.73,467.29999999999995,467.29999999999995
TRX006318,CLI0405,CRT02239,PRD0136,2026-02-19 20:52:12,4,303.73,1214.92,2529.4900000000002
TRX006319,CLI0210,CRT02923,PRD0009,2026-06-06 10:44:12,9,297.0,2673.0,6692.299999999999
TRX006320,CLI0062,CRT01318,PRD0032,2026-03-12 05:08:32,3,224.53,673.59,7612.33
TRX006321,CLI0337,CRT01914,PRD0184,2026-07-10 21:54:50,6,85.85,515.0999999999999,9751.08
TRX006322,CLI0374,CRT02522,PRD0010,2026-07-05 13:37:34,3,162.15,486.45000000000005,3762.87
TRX006323,CLI0353,CRT03275,PRD0162,2026-01-03 11:58:25,9,195.42,1758.78,4276.18
TRX006324,CLI0172,CRT01503,PRD0055,2026-01-17 21:30:21,10,349.75,3497.5,3497.5
TRX006325,CLI0192,CRT00930,PRD0107,2026-02-17 14:06:25,5,114.48,572.4,2278.49
TRX006326,CLI0061,CRT01791,PRD0004,2026-02-27 07:23:46,1,178.11,178.11,4063.82
TRX006327,CLI0357,CRT00531,PRD0060,2026-06-25 01:53:42,5,339.13,1695.65,1695.65
TRX006328,CLI0354,CRT01554,PRD0059,2026-04-03 05:03:40,4,252.15,1008.6,1064.05
TRX006329,CLI0033,CRT00536,PRD0117,2026-03-09 08:04:27,10,196.2,1962.0,3533.71
TRX006330,CLI0314,CRT01184,PRD0084,2026-01-14 12:30:29,4,129.22,516.88,516.88
TRX006331,CLI0413,CRT01351,PRD0011,2026-07-14 16:29:54,6,104.38,626.28,2901.19
TRX006332,CLI0209,CRT00560,PRD0007,2026-05-10 03:52:34,2,149.36,298.72,1447.62
TRX006333,CLI0272,CRT03267,PRD0010,2026-04-01 14:30:06,7,162.15,1135.05,1964.21
TRX006334,CLI0133,CRT02030,PRD0058,2026-03-03 11:03:58,1,275.33,275.33,2231.6000000000004
TRX006335,CLI0125,CRT00852,PRD0121,2026-01-19 09:41:38,3,301.87,905.61,1988.68
TRX006336,CLI0085,CRT02207,PRD0084,2026-03-26 11:18:57,7,129.22,904.54,1730.5
TRX006337,CLI0166,CRT00964,PRD0071,2026-06-27 23:36:50,10,76.57,765.6999999999999,2545.7799999999997
TRX006338,CLI0337,CRT01914,PRD0046,2026-07-10 21:54:50,6,234.97,1409.82,9751.08
TRX006339,CLI0098,CRT00002,PRD0084,2026-04-15 20:10:28,8,129.22,1033.76,3063.86
TRX006340,CLI0299,CRT03387,PRD0058,2026-01-01 17:46:43,8,275.33,2202.64,2202.64
TRX006341,CLI0142,CRT03361,PRD0034,2026-05-16 22:06:59,6,115.14,690.84,3361.56
TRX006342,CLI0154,CRT02726,PRD0077,2026-02-25 04:53:10,3,75.69,227.07,9658.92
TRX006343,CLI0252,CRT00931,PRD0156,2026-05-02 05:00:24,7,87.81,614.6700000000001,9575.79
TRX006344,CLI0361,CRT01401,PRD0139,2026-04-14 06:44:01,7,30.96,216.72,5841.03
TRX006345,CLI0393,CRT02439,PRD0028,2026-02-21 09:05:28,9,301.62,2714.58,2714.58
TRX006346,CLI0274,CRT00798,PRD0074,2026-06-03 16:07:46,5,229.76,1148.8,8458.74
TRX006347,CLI0399,CRT00144,PRD0119,2026-01-21 17:45:08,9,332.64,2993.7599999999998,6441.209999999999
TRX006348,CLI0263,CRT01526,PRD0185,2026-07-07 20:56:40,1,144.46,144.46,1462.2600000000002
TRX006349,CLI0291,CRT03448,PRD0045,2026-06-10 16:47:24,4,301.22,1204.88,5795.6
TRX006350,CLI0168,CRT01384,PRD0157,2026-04-22 21:05:51,2,263.29,526.58,2877.2200000000003
TRX006351,CLI0411,CRT00530,PRD0047,2026-05-21 22:21:21,7,327.59,2293.1299999999997,3303.33
TRX006352,CLI0014,CRT03457,PRD0120,2026-07-16 15:19:30,4,291.12,1164.48,2800.5
TRX006353,CLI0214,CRT01846,PRD0017,2026-01-20 08:57:44,7,134.36,940.5200000000001,940.5200000000001
TRX006354,CLI0302,CRT02107,PRD0192,2026-01-12 17:53:38,8,241.82,1934.56,4062.1800000000003
TRX006355,CLI0435,CRT00239,PRD0185,2026-05-01 18:03:10,9,144.46,1300.14,1373.21
TRX006356,CLI0099,CRT00078,PRD0126,2026-02-21 02:05:53,2,146.67,293.34,2973.0699999999997
TRX006357,CLI0069,CRT02916,PRD0012,2026-03-11 01:52:32,8,69.32,554.56,4497.4
TRX006358,CLI0115,CRT00313,PRD0021,2026-07-10 23:33:39,6,175.98,1055.8799999999999,1331.6599999999999
TRX006359,CLI0308,CRT00259,PRD0067,2026-05-02 23:55:36,3,327.31,981.9300000000001,2587.37
TRX006360,CLI0149,CRT03496,PRD0094,2026-03-16 03:38:29,5,179.52,897.6,3294.35
TRX006361,CLI0108,CRT00396,PRD0022,2026-07-11 12:31:09,9,51.02,459.18,459.18
TRX006362,CLI0215,CRT03137,PRD0143,2026-05-04 17:18:44,2,331.85,663.7,663.7
TRX006363,CLI0035,CRT03480,PRD0151,2026-01-01 05:34:16,4,121.08,484.32,2345.46
TRX006364,CLI0157,CRT00869,PRD0037,2026-04-26 17:09:19,6,171.38,1028.28,6898.06
TRX006365,CLI0121,CRT02315,PRD0037,2026-04-12 07:57:31,4,171.38,685.52,685.52
TRX006366,CLI0239,CRT03455,PRD0063,2026-04-18 14:56:13,8,30.34,242.72,2113.12
TRX006367,CLI0132,CRT02241,PRD0014,2026-04-01 15:19:42,7,99.1,693.6999999999999,2785.43
TRX006368,CLI0347,CRT00572,PRD0099,2026-06-29 08:22:17,5,248.8,1244.0,9772.52
TRX006369,CLI0395,CRT02873,PRD0174,2026-02-03 12:03:32,3,6.76,20.28,2278.5
TRX006370,CLI0127,CRT00716,PRD0085,2026-07-08 01:13:12,10,239.52,2395.2000000000003,5521.290000000001
TRX006371,CLI0191,CRT01426,PRD0194,2026-03-30 16:28:18,9,311.57,2804.13,4508.969999999999
TRX006372,CLI0049,CRT00815,PRD0003,2026-01-10 16:45:41,4,149.12,596.48,5984.35
TRX006373,CLI0167,CRT01663,PRD0003,2026-01-10 16:46:52,10,149.12,1491.2,4617.73
TRX006374,CLI0249,CRT01427,PRD0014,2026-05-09 19:10:33,4,99.1,396.4,3574.68
TRX006375,CLI0098,CRT00002,PRD0054,2026-04-15 20:10:28,1,301.82,301.82,3063.86
TRX006376,CLI0053,CRT00654,PRD0184,2026-01-25 02:19:21,4,85.85,343.4,5187.9
TRX006377,CLI0379,CRT00871,PRD0160,2026-05-18 07:42:50,10,246.16,2461.6,8124.78
TRX006378,CLI0123,CRT03215,PRD0044,2026-06-17 08:04:25,6,248.47,1490.82,1546.1799999999998
TRX006379,CLI0429,CRT01125,PRD0066,2026-05-05 04:09:44,4,148.18,592.72,3565.21
TRX006380,CLI0223,CRT01789,PRD0106,2026-07-17 16:31:08,10,102.2,1022.0,1950.2
TRX006381,CLI0238,CRT01403,PRD0148,2026-06-30 23:03:41,6,270.94,1625.6399999999999,3412.1899999999996
TRX006382,CLI0217,CRT02730,PRD0090,2026-01-20 20:01:09,3,15.96,47.88,662.5500000000001
TRX006383,CLI0183,CRT02452,PRD0062,2026-03-24 06:19:16,7,321.99,2253.9300000000003,5484.83
TRX006384,CLI0338,CRT03186,PRD0032,2026-03-09 11:11:31,1,224.53,224.53,6424.13
TRX006385,CLI0053,CRT01262,PRD0108,2026-01-09 02:39:17,9,166.93,1502.3700000000001,10205.3
TRX006386,CLI0382,CRT03347,PRD0049,2026-01-29 08:45:31,9,36.18,325.62,325.62
TRX006387,CLI0149,CRT02627,PRD0159,2026-01-23 04:03:19,6,125.8,754.8,3906.69
TRX006388,CLI0252,CRT01735,PRD0153,2026-05-17 13:38:33,4,63.71,254.84,2907.02
TRX006389,CLI0212,CRT00918,PRD0153,2026-04-16 11:02:40,3,63.71,191.13,291.97
TRX006390,CLI0175,CRT02157,PRD0124,2026-02-23 16:44:26,10,96.92,969.2,2413.8
TRX006391,CLI0156,CRT01502,PRD0137,2026-05-02 19:07:32,9,116.26,1046.3400000000001,2253.82
TRX006392,CLI0392,CRT02277,PRD0183,2026-04-03 01:35:54,8,74.71,597.68,5102.299999999999
TRX006393,CLI0283,CRT03056,PRD0097,2026-02-21 23:14:34,4,275.78,1103.12,2413.5699999999997
TRX006394,CLI0192,CRT02440,PRD0096,2026-03-03 07:16:52,5,15.79,78.94999999999999,1124.6499999999999
TRX006395,CLI0058,CRT00958,PRD0187,2026-02-16 21:18:55,1,241.37,241.37,2263.81
TRX006396,CLI0359,CRT02757,PRD0197,2026-05-27 10:16:01,2,267.68,535.36,7430.33
TRX006397,CLI0147,CRT01458,PRD0050,2026-02-16 06:23:04,2,164.79,329.58,3027.6400000000003
TRX006398,CLI0377,CRT02958,PRD0120,2026-03-28 03:05:36,5,291.12,1455.6,4072.26
TRX006399,CLI0081,CRT01646,PRD0158,2026-05-10 02:01:45,10,12.47,124.7,9667.160000000002
TRX006400,CLI0144,CRT02592,PRD0034,2026-06-29 09:02:56,10,115.14,1151.4,2215.16
TRX006401,CLI0357,CRT03139,PRD0154,2026-04-22 12:54:50,8,283.35,2266.8,5216.46
TRX006402,CLI0319,CRT03260,PRD0033,2026-01-28 22:06:39,5,267.47,1337.3500000000001,3846.9900000000002
TRX006403,CLI0161,CRT00229,PRD0061,2026-01-04 19:06:28,8,111.48,891.84,5013.900000000001
TRX006404,CLI0377,CRT01806,PRD0146,2026-06-02 09:19:44,6,318.04,1908.2400000000002,1908.2400000000002
TRX006405,CLI0119,CRT02451,PRD0048,2026-02-24 03:51:18,5,275.16,1375.8000000000002,4963.88
TRX006406,CLI0173,CRT02081,PRD0065,2026-07-20 13:44:14,8,88.06,704.48,2932.62
TRX006407,CLI0389,CRT02007,PRD0009,2026-01-10 23:21:18,4,297.0,1188.0,6159.24
TRX006408,CLI0337,CRT01914,PRD0041,2026-07-10 21:54:50,8,228.33,1826.64,9751.08
TRX006409,CLI0003,CRT00147,PRD0122,2026-04-26 09:57:31,8,224.09,1792.72,4939.87
TRX006410,CLI0056,CRT01894,PRD0004,2026-05-11 15:28:14,1,178.11,178.11,373.75
TRX006411,CLI0413,CRT03177,PRD0008,2026-01-09 10:33:18,5,119.47,597.35,5547.21
TRX006412,CLI0422,CRT00010,PRD0195,2026-06-19 22:45:31,10,11.49,114.9,7384.2300000000005
TRX006413,CLI0238,CRT01403,PRD0012,2026-06-30 23:03:41,10,69.32,693.1999999999999,3412.1899999999996
TRX006414,CLI0329,CRT02917,PRD0061,2026-03-05 07:38:41,1,111.48,111.48,439.07
TRX006415,CLI0097,CRT00510,PRD0091,2026-01-02 00:15:32,10,321.66,3216.6000000000004,5784.85
TRX006416,CLI0026,CRT00951,PRD0014,2026-02-18 10:36:05,7,99.1,693.6999999999999,2352.0299999999997
TRX006417,CLI0365,CRT01550,PRD0169,2026-05-22 04:08:57,8,259.17,2073.36,6428.45
TRX006418,CLI0304,CRT01448,PRD0063,2026-06-20 19:18:09,9,30.34,273.06,4030.74
TRX006419,CLI0262,CRT02968,PRD0030,2026-04-17 05:09:50,2,153.58,307.16,3544.32
TRX006420,CLI0276,CRT00367,PRD0101,2026-06-29 15:50:47,10,26.82,268.2,6999.0199999999995
TRX006421,CLI0184,CRT00793,PRD0050,2026-06-22 16:42:05,5,164.79,823.9499999999999,1802.06
TRX006422,CLI0314,CRT01143,PRD0148,2026-05-11 14:42:58,6,270.94,1625.6399999999999,5167.57
TRX006423,CLI0139,CRT00647,PRD0065,2026-04-24 13:13:20,7,88.06,616.4200000000001,4714.639999999999
TRX006424,CLI0429,CRT01381,PRD0052,2026-04-29 10:09:51,6,68.6,411.59999999999997,3512.63
TRX006425,CLI0062,CRT01318,PRD0188,2026-03-12 05:08:32,10,281.86,2818.6000000000004,7612.33
TRX006426,CLI0069,CRT00928,PRD0143,2026-05-09 22:01:00,8,331.85,2654.8,4493.97
TRX006427,CLI0021,CRT01478,PRD0057,2026-02-05 20:03:35,8,59.71,477.68,1484.08
TRX006428,CLI0022,CRT02322,PRD0129,2026-04-30 18:39:03,4,4.55,18.2,7126.6
TRX006429,CLI0003,CRT02161,PRD0025,2026-01-03 06:19:05,10,265.13,2651.3,7307.06
TRX006430,CLI0296,CRT03203,PRD0124,2026-07-20 14:16:21,7,96.92,678.44,3285.4
TRX006431,CLI0418,CRT02447,PRD0120,2026-03-25 11:44:54,2,291.12,582.24,3770.68
TRX006432,CLI0294,CRT02037,PRD0145,2026-07-08 00:11:23,1,40.06,40.06,503.58
TRX006433,CLI0003,CRT02438,PRD0150,2026-01-13 13:44:25,4,151.36,605.44,4781.74
TRX006434,CLI0224,CRT01924,PRD0147,2026-06-10 19:36:33,5,208.25,1041.25,3064.81
TRX006435,CLI0092,CRT01091,PRD0089,2026-06-30 21:42:14,1,57.82,57.82,713.3
TRX006436,CLI0232,CRT01774,PRD0073,2026-05-03 04:51:39,6,292.23,1753.38,6720.68
TRX006437,CLI0363,CRT01986,PRD0173,2026-04-24 18:25:08,8,330.57,2644.56,5269.3
TRX006438,CLI0210,CRT02411,PRD0190,2026-04-26 06:00:05,4,23.22,92.88,5037.4
TRX006439,CLI0083,CRT03034,PRD0045,2026-01-03 14:25:55,7,301.22,2108.54,5647.0599999999995
TRX006440,CLI0028,CRT01146,PRD0040,2026-01-01 20:23:24,9,256.15,2305.35,6902.13
TRX006441,CLI0259,CRT02060,PRD0192,2026-02-02 17:38:59,10,241.82,2418.2,3913.84
TRX006442,CLI0064,CRT03427,PRD0137,2026-01-14 17:46:51,2,116.26,232.52,1682.83
TRX006443,CLI0102,CRT02813,PRD0081,2026-01-22 19:15:49,1,151.12,151.12,6290.7
TRX006444,CLI0064,CRT00173,PRD0004,2026-04-04 23:41:07,9,178.11,1602.9900000000002,3993.3300000000004
TRX006445,CLI0188,CRT00435,PRD0064,2026-04-11 08:07:49,1,237.14,237.14,823.8199999999999
TRX006446,CLI0083,CRT00472,PRD0043,2026-06-15 14:57:37,5,194.99,974.95,3979.67
TRX006447,CLI0099,CRT02097,PRD0156,2026-06-08 19:43:39,2,87.81,175.62,282.61
TRX006448,CLI0333,CRT00633,PRD0118,2026-06-16 19:36:14,8,163.96,1311.68,3870.65
TRX006449,CLI0406,CRT02957,PRD0037,2026-01-28 19:44:49,6,171.38,1028.28,1028.28
TRX006450,CLI0347,CRT02734,PRD0199,2026-04-19 05:12:55,7,223.09,1561.63,4365.31
TRX006451,CLI0050,CRT03482,PRD0070,2026-03-05 07:26:17,10,218.35,2183.5,6276.35
TRX006452,CLI0351,CRT00863,PRD0103,2026-04-06 05:40:46,5,234.25,1171.25,1171.25
TRX006453,CLI0224,CRT03251,PRD0112,2026-05-12 14:33:41,4,344.42,1377.68,2096.33
TRX006454,CLI0056,CRT03113,PRD0045,2026-01-22 06:33:48,1,301.22,301.22,4606.8
TRX006455,CLI0008,CRT00156,PRD0092,2026-03-24 19:20:03,8,10.72,85.76,1218.16
TRX006456,CLI0109,CRT00397,PRD0050,2026-04-16 23:31:03,3,164.79,494.37,2234.37
TRX006457,CLI0157,CRT01661,PRD0160,2026-01-30 12:17:29,2,246.16,492.32,4587.88
TRX006458,CLI0060,CRT01479,PRD0103,2026-03-20 00:54:10,9,234.25,2108.25,4205.7
TRX006459,CLI0257,CRT02549,PRD0179,2026-05-17 23:58:29,9,196.43,1767.8700000000001,4011.09
TRX006460,CLI0054,CRT00795,PRD0050,2026-02-12 06:34:04,8,164.79,1318.32,1701.0
TRX006461,CLI0046,CRT02087,PRD0187,2026-07-24 22:44:49,8,241.37,1930.96,6495.79
TRX006462,CLI0164,CRT02635,PRD0047,2026-07-17 13:17:24,2,327.59,655.18,999.5999999999999
TRX006463,CLI0162,CRT01944,PRD0069,2026-05-22 02:18:44,7,112.37,786.59,4279.9
TRX006464,CLI0377,CRT01383,PRD0126,2026-03-05 09:01:23,10,146.67,1466.6999999999998,4525.1
TRX006465,CLI0342,CRT01475,PRD0168,2026-02-07 20:34:46,10,260.65,2606.5,5184.56
TRX006466,CLI0012,CRT00870,PRD0042,2026-03-26 07:36:35,2,88.65,177.3,245.55
TRX006467,CLI0063,CRT03416,PRD0037,2026-04-21 16:34:01,7,171.38,1199.6599999999999,1287.4699999999998
TRX006468,CLI0328,CRT02267,PRD0047,2026-02-27 08:23:02,6,327.59,1965.54,5341.98
TRX006469,CLI0229,CRT00351,PRD0063,2026-03-03 23:23:02,9,30.34,273.06,4552.38
TRX006470,CLI0082,CRT02028,PRD0170,2026-01-06 01:00:55,8,100.84,806.72,2189.6
TRX006471,CLI0421,CRT01147,PRD0031,2026-04-02 03:59:38,3,267.28,801.8399999999999,1002.8799999999999
TRX006472,CLI0292,CRT02099,PRD0152,2026-05-14 06:53:44,4,336.37,1345.48,2936.5299999999997
TRX006473,CLI0046,CRT01327,PRD0187,2026-06-30 23:43:46,7,241.37,1689.5900000000001,3076.2200000000003
TRX006474,CLI0284,CRT00027,PRD0005,2026-01-16 14:05:38,4,228.33,913.32,6808.740000000001
TRX006475,CLI0180,CRT00087,PRD0115,2026-03-30 05:57:12,5,301.5,1507.5,3322.57
TRX006476,CLI0097,CRT02297,PRD0075,2026-05-18 10:42:39,2,38.5,77.0,8494.58
TRX006477,CLI0036,CRT02004,PRD0143,2026-01-22 12:19:02,2,331.85,663.7,3901.83
TRX006478,CLI0057,CRT02825,PRD0092,2026-02-18 10:22:22,1,10.72,10.72,4556.82
TRX006479,CLI0034,CRT01046,PRD0011,2026-02-08 10:12:40,5,104.38,521.9,569.27
TRX006480,CLI0248,CRT03400,PRD0047,2026-01-29 09:49:41,9,327.59,2948.31,2948.31
TRX006481,CLI0193,CRT00876,PRD0009,2026-05-30 19:10:48,6,297.0,1782.0,8502.19
TRX006482,CLI0306,CRT00165,PRD0184,2026-05-15 12:18:00,8,85.85,686.8,2815.8199999999997
TRX006483,CLI0236,CRT03222,PRD0080,2026-06-02 04:28:00,9,342.98,3086.82,3086.82
TRX006484,CLI0149,CRT03496,PRD0026,2026-03-16 03:38:29,7,238.97,1672.79,3294.35
TRX006485,CLI0142,CRT02389,PRD0165,2026-02-21 00:16:15,8,194.83,1558.64,5076.860000000001
TRX006486,CLI0357,CRT00959,PRD0066,2026-05-20 04:55:34,2,148.18,296.36,2078.81
TRX006487,CLI0333,CRT03161,PRD0164,2026-04-27 15:04:30,3,242.9,728.7,4179.38
TRX006488,CLI0194,CRT03016,PRD0098,2026-07-07 00:57:33,7,136.36,954.5200000000001,1737.08
TRX006489,CLI0300,CRT02147,PRD0018,2026-05-11 10:14:32,6,115.19,691.14,4106.37
TRX006490,CLI0284,CRT01510,PRD0190,2026-05-06 01:32:15,8,23.22,185.76,2399.4900000000002
TRX006491,CLI0078,CRT01437,PRD0065,2026-02-22 18:57:27,3,88.06,264.18,1540.8400000000001
TRX006492,CLI0032,CRT01145,PRD0172,2026-04-05 19:59:03,9,97.82,880.3799999999999,2759.16
TRX006493,CLI0263,CRT01526,PRD0011,2026-07-07 20:56:40,2,104.38,208.76,1462.2600000000002
TRX006494,CLI0395,CRT00567,PRD0118,2026-03-04 12:22:00,9,163.96,1475.64,4504.58
TRX006495,CLI0156,CRT02871,PRD0194,2026-01-29 03:31:39,3,311.57,934.71,4612.41
TRX006496,CLI0319,CRT03260,PRD0127,2026-01-28 22:06:39,10,24.14,241.4,3846.9900000000002
TRX006497,CLI0187,CRT01102,PRD0140,2026-04-11 06:40:32,2,80.42,160.84,2428.62
TRX006498,CLI0228,CRT03029,PRD0055,2026-07-20 23:28:41,3,349.75,1049.25,3920.0200000000004
TRX006499,CLI0338,CRT01716,PRD0031,2026-05-21 06:24:26,8,267.28,2138.24,2572.0899999999997
TRX006500,CLI0214,CRT01551,PRD0130,2026-04-28 02:46:53,9,312.35,2811.15,6285.660000000001
TRX006501,CLI0263,CRT01882,PRD0138,2026-03-29 16:52:35,10,308.17,3081.7000000000003,3820.7700000000004
TRX006502,CLI0204,CRT00103,PRD0060,2026-05-30 03:43:30,9,339.13,3052.17,5573.01
TRX006503,CLI0035,CRT01578,PRD0069,2026-01-26 21:02:57,9,112.37,1011.33,1086.3700000000001
TRX006504,CLI0107,CRT03336,PRD0062,2026-06-01 19:12:39,6,321.99,1931.94,8072.28
TRX006505,CLI0062,CRT02689,PRD0016,2026-01-30 03:00:31,3,223.15,669.45,3430.7
TRX006506,CLI0359,CRT03377,PRD0125,2026-06-09 17:21:29,5,54.91,274.54999999999995,2176.71
TRX006507,CLI0227,CRT00674,PRD0075,2026-03-20 13:19:03,10,38.5,385.0,2567.52
TRX006508,CLI0352,CRT01773,PRD0075,2026-04-16 11:37:44,10,38.5,385.0,933.55
TRX006509,CLI0138,CRT02131,PRD0018,2026-05-22 21:20:30,2,115.19,230.38,4306.79
TRX006510,CLI0310,CRT01489,PRD0065,2026-05-11 02:02:26,10,88.06,880.6,5186.2
TRX006511,CLI0203,CRT00849,PRD0103,2026-06-16 20:48:05,7,234.25,1639.75,3315.96
TRX006512,CLI0099,CRT02738,PRD0163,2026-07-02 13:32:57,1,278.04,278.04,1177.0
TRX006513,CLI0352,CRT00904,PRD0189,2026-02-28 15:11:40,9,80.62,725.58,4118.5199999999995
TRX006514,CLI0090,CRT01416,PRD0155,2026-06-15 20:20:41,5,289.44,1447.2,3887.6400000000003
TRX006515,CLI0093,CRT01335,PRD0016,2026-07-03 18:12:01,2,223.15,446.3,3101.62
TRX006516,CLI0129,CRT00458,PRD0019,2026-04-07 08:06:55,6,13.65,81.9,719.0799999999999
TRX006517,CLI0321,CRT02218,PRD0050,2026-04-25 21:04:42,9,164.79,1483.11,3883.9700000000003
TRX006518,CLI0360,CRT02697,PRD0196,2026-04-22 10:51:47,6,349.85,2099.1000000000004,9658.1
TRX006519,CLI0239,CRT01178,PRD0195,2026-05-13 02:50:54,6,11.49,68.94,669.72
TRX006520,CLI0404,CRT01013,PRD0070,2026-06-30 10:27:22,4,218.35,873.4,6985.54
TRX006521,CLI0024,CRT00380,PRD0005,2026-06-29 02:38:34,8,228.33,1826.64,3874.99
TRX006522,CLI0267,CRT02215,PRD0144,2026-07-23 08:37:10,4,213.05,852.2,852.2
TRX006523,CLI0147,CRT02113,PRD0045,2026-02-06 06:39:02,1,301.22,301.22,7058.89
TRX006524,CLI0027,CRT01215,PRD0138,2026-02-12 16:53:39,5,308.17,1540.8500000000001,6525.33
TRX006525,CLI0380,CRT03239,PRD0123,2026-03-07 04:25:37,4,85.64,342.56,576.81
TRX006526,CLI0293,CRT00033,PRD0051,2026-05-13 20:48:25,8,142.41,1139.28,5933.81
TRX006527,CLI0291,CRT03262,PRD0153,2026-04-01 13:36:55,7,63.71,445.97,3453.33
TRX006528,CLI0342,CRT01490,PRD0014,2026-04-03 14:28:28,4,99.1,396.4,5172.61
TRX006529,CLI0181,CRT02995,PRD0143,2026-03-23 17:59:36,2,331.85,663.7,5673.08
TRX006530,CLI0414,CRT00415,PRD0095,2026-03-22 15:35:39,9,42.58,383.21999999999997,2823.13
TRX006531,CLI0003,CRT00533,PRD0067,2026-07-25 03:18:59,6,327.31,1963.8600000000001,8103.900000000001
TRX006532,CLI0090,CRT00634,PRD0100,2026-07-19 10:21:44,6,252.5,1515.0,3982.6000000000004
TRX006533,CLI0357,CRT02668,PRD0152,2026-05-04 10:35:52,10,336.37,3363.7,6543.92
TRX006534,CLI0003,CRT01582,PRD0072,2026-07-05 03:35:34,7,308.05,2156.35,5101.07
TRX006535,CLI0049,CRT03376,PRD0190,2026-02-17 18:19:20,8,23.22,185.76,185.76
TRX006536,CLI0187,CRT01675,PRD0179,2026-04-22 07:20:44,1,196.43,196.43,4080.47
TRX006537,CLI0127,CRT02299,PRD0079,2026-01-14 22:55:04,8,98.65,789.2,2036.29
TRX006538,CLI0242,CRT01088,PRD0160,2026-06-22 01:50:13,2,246.16,492.32,5970.06
TRX006539,CLI0246,CRT00471,PRD0035,2026-02-23 21:30:36,7,344.9,2414.2999999999997,3918.74
TRX006540,CLI0246,CRT01107,PRD0103,2026-04-29 06:13:07,10,234.25,2342.5,2342.5
TRX006541,CLI0198,CRT00236,PRD0130,2026-02-08 20:19:43,5,312.35,1561.75,7700.51
TRX006542,CLI0413,CRT00098,PRD0197,2026-03-20 23:24:05,5,267.68,1338.4,4294.860000000001
TRX006543,CLI0259,CRT00277,PRD0082,2026-02-04 18:09:42,9,316.62,2849.58,6582.57
TRX006544,CLI0312,CRT00984,PRD0004,2026-05-07 08:39:39,2,178.11,356.22,356.22
TRX006545,CLI0412,CRT03443,PRD0157,2026-05-29 05:04:02,5,263.29,1316.45,2735.57
TRX006546,CLI0189,CRT00324,PRD0025,2026-07-13 21:25:20,5,265.13,1325.65,6086.860000000001
TRX006547,CLI0345,CRT03188,PRD0083,2026-03-03 00:09:04,1,194.5,194.5,5306.02
TRX006548,CLI0077,CRT02982,PRD0170,2026-06-20 10:58:46,1,100.84,100.84,100.84
TRX006549,CLI0219,CRT02854,PRD0015,2026-01-05 22:26:41,1,125.96,125.96,4473.66
TRX006550,CLI0139,CRT00880,PRD0134,2026-01-14 16:55:43,5,343.3,1716.5,10799.27
TRX006551,CLI0379,CRT02790,PRD0108,2026-06-19 19:13:40,1,166.93,166.93,5445.75
TRX006552,CLI0366,CRT02238,PRD0073,2026-01-18 21:35:10,8,292.23,2337.84,6001.14
TRX006553,CLI0160,CRT03477,PRD0190,2026-07-04 00:14:05,6,23.22,139.32,1940.82
TRX006554,CLI0116,CRT00022,PRD0087,2026-03-10 20:32:36,7,302.95,2120.65,3643.83
TRX006555,CLI0220,CRT03166,PRD0064,2026-04-06 06:26:26,1,237.14,237.14,6177.139999999999
TRX006556,CLI0416,CRT01879,PRD0002,2026-04-05 22:21:00,3,38.12,114.35999999999999,441.71999999999997
TRX006557,CLI0024,CRT00380,PRD0156,2026-06-29 02:38:34,4,87.81,351.24,3874.99
TRX006558,CLI0365,CRT02061,PRD0092,2026-04-28 04:42:38,2,10.72,21.44,2974.2
TRX006559,CLI0243,CRT03437,PRD0188,2026-04-01 09:03:21,1,281.86,281.86,281.86
TRX006560,CLI0219,CRT01685,PRD0063,2026-02-23 12:38:43,7,30.34,212.38,3315.7200000000003
TRX006561,CLI0217,CRT01731,PRD0058,2026-02-25 05:15:10,5,275.33,1376.6499999999999,7822.91
TRX006562,CLI0371,CRT01956,PRD0011,2026-07-02 14:12:46,1,104.38,104.38,104.38
TRX006563,CLI0203,CRT00686,PRD0122,2026-03-05 05:56:40,8,224.09,1792.72,6281.889999999999
TRX006564,CLI0259,CRT00277,PRD0132,2026-02-04 18:09:42,10,153.95,1539.5,6582.57
TRX006565,CLI0372,CRT02023,PRD0101,2026-07-04 04:35:15,8,26.82,214.56,1959.36
TRX006566,CLI0161,CRT03089,PRD0072,2026-02-13 10:45:45,3,308.05,924.1500000000001,4585.99
TRX006567,CLI0092,CRT01255,PRD0131,2026-04-23 02:31:36,10,212.13,2121.3,4278.37
TRX006568,CLI0229,CRT03258,PRD0120,2026-04-19 21:42:42,7,291.12,2037.8400000000001,8111.16
TRX006569,CLI0422,CRT03141,PRD0093,2026-01-03 20:25:19,9,302.86,2725.7400000000002,6881.280000000001
TRX006570,CLI0383,CRT03259,PRD0016,2026-03-11 11:36:19,3,223.15,669.45,3275.37
TRX006571,CLI0232,CRT00957,PRD0038,2026-01-24 18:13:42,3,231.76,695.28,2063.22
TRX006572,CLI0012,CRT00473,PRD0044,2026-03-04 01:34:15,9,248.47,2236.23,2236.23
TRX006573,CLI0284,CRT02514,PRD0193,2026-07-06 06:23:49,9,190.14,1711.2599999999998,5154.63
TRX006574,CLI0220,CRT02774,PRD0005,2026-05-14 08:19:44,6,228.33,1369.98,3930.4
TRX006575,CLI0339,CRT02985,PRD0187,2026-04-05 09:39:46,5,241.37,1206.85,3885.21
TRX006576,CLI0301,CRT02236,PRD0009,2026-02-19 03:55:56,3,297.0,891.0,1128.1399999999999
TRX006577,CLI0252,CRT01488,PRD0154,2026-03-23 21:57:38,8,283.35,2266.8,6386.91
TRX006578,CLI0300,CRT00516,PRD0008,2026-03-06 09:30:49,4,119.47,477.88,2704.1600000000003
TRX006579,CLI0152,CRT00389,PRD0009,2026-06-12 05:14:44,5,297.0,1485.0,1834.75
TRX006580,CLI0205,CRT00577,PRD0184,2026-06-22 12:27:05,5,85.85,429.25,5143.0
TRX006581,CLI0063,CRT00714,PRD0154,2026-07-16 09:03:51,10,283.35,2833.5,4878.66
TRX006582,CLI0139,CRT00880,PRD0084,2026-01-14 16:55:43,8,129.22,1033.76,10799.27
TRX006583,CLI0121,CRT02574,PRD0020,2026-05-03 17:39:55,10,75.82,758.1999999999999,2362.13
TRX006584,CLI0072,CRT03096,PRD0011,2026-02-01 20:42:25,10,104.38,1043.8,3364.22
TRX006585,CLI0040,CRT01198,PRD0044,2026-07-20 10:06:58,3,248.47,745.41,1729.4499999999998
TRX006586,CLI0140,CRT01506,PRD0030,2026-04-17 06:22:03,6,153.58,921.48,5479.33
TRX006587,CLI0003,CRT02438,PRD0167,2026-01-13 13:44:25,2,82.61,165.22,4781.74
TRX006588,CLI0417,CRT02554,PRD0105,2026-02-06 09:47:41,10,200.26,2002.6,6809.639999999999
TRX006589,CLI0385,CRT03033,PRD0112,2026-02-14 18:19:27,8,344.42,2755.36,6173.29
TRX006590,CLI0205,CRT01864,PRD0108,2026-03-07 06:28:52,4,166.93,667.72,7377.6900000000005
TRX006591,CLI0205,CRT01615,PRD0042,2026-04-02 17:19:27,7,88.65,620.5500000000001,7091.219999999999
TRX006592,CLI0139,CRT01227,PRD0057,2026-03-10 03:34:41,7,59.71,417.97,1439.43
TRX006593,CLI0109,CRT02867,PRD0195,2026-03-15 17:11:13,6,11.49,68.94,584.24
TRX006594,CLI0295,CRT00591,PRD0079,2026-03-12 17:52:10,5,98.65,493.25,1840.35
TRX006595,CLI0289,CRT03442,PRD0023,2026-04-22 11:44:28,8,262.09,2096.72,5522.66
TRX006596,CLI0406,CRT03318,PRD0188,2026-04-08 09:49:37,6,281.86,1691.16,2213.06
TRX006597,CLI0068,CRT00612,PRD0111,2026-05-28 08:19:18,9,282.78,2545.0199999999995,3807.5199999999995
TRX006598,CLI0120,CRT00448,PRD0023,2026-01-11 07:31:42,8,262.09,2096.72,4355.69
TRX006599,CLI0395,CRT02352,PRD0194,2026-06-28 15:12:27,9,311.57,2804.13,10472.720000000001
TRX006600,CLI0346,CRT02432,PRD0095,2026-05-17 07:52:13,4,42.58,170.32,1987.0300000000002
TRX006601,CLI0293,CRT00814,PRD0108,2026-05-27 05:37:58,8,166.93,1335.44,3870.57
TRX006602,CLI0339,CRT01136,PRD0071,2026-02-08 16:29:32,2,76.57,153.14,2285.74
TRX006603,CLI0162,CRT00887,PRD0106,2026-05-05 21:44:23,1,102.2,102.2,4892.88
TRX006604,CLI0379,CRT02790,PRD0138,2026-06-19 19:13:40,6,308.17,1849.02,5445.75
TRX006605,CLI0026,CRT03430,PRD0187,2026-03-06 05:00:51,4,241.37,965.48,2978.5299999999997
TRX006606,CLI0208,CRT00940,PRD0187,2026-07-18 01:31:22,10,241.37,2413.7,2560.37
TRX006607,CLI0153,CRT00111,PRD0010,2026-02-18 05:27:31,3,162.15,486.45000000000005,2151.75
TRX006608,CLI0432,CRT03307,PRD0071,2026-04-06 22:29:59,6,76.57,459.41999999999996,3007.51
TRX006609,CLI0021,CRT00891,PRD0008,2026-03-05 19:16:31,10,119.47,1194.7,2411.4
TRX006610,CLI0195,CRT02285,PRD0119,2026-06-17 04:02:24,1,332.64,332.64,1676.2400000000002
TRX006611,CLI0294,CRT00999,PRD0067,2026-07-21 20:28:05,7,327.31,2291.17,4455.38
TRX006612,CLI0227,CRT01636,PRD0081,2026-04-28 01:18:36,8,151.12,1208.96,4007.54
TRX006613,CLI0372,CRT02590,PRD0112,2026-02-05 00:56:05,8,344.42,2755.36,3091.73
TRX006614,CLI0245,CRT03045,PRD0152,2026-03-22 23:45:50,2,336.37,672.74,2914.6400000000003
TRX006615,CLI0389,CRT02960,PRD0077,2026-05-25 16:10:38,9,75.69,681.21,1839.6200000000001
TRX006616,CLI0101,CRT00269,PRD0036,2026-02-18 04:23:46,6,86.2,517.2,4397.68
TRX006617,CLI0198,CRT00490,PRD0007,2026-02-03 03:57:10,4,149.36,597.44,6425.79
TRX006618,CLI0177,CRT00678,PRD0096,2026-03-15 17:04:58,7,15.79,110.53,3826.3799999999997
TRX006619,CLI0337,CRT03272,PRD0032,2026-04-06 13:32:34,1,224.53,224.53,1279.46
TRX006620,CLI0157,CRT03447,PRD0098,2026-01-22 10:49:32,2,136.36,272.72,1019.56
TRX006621,CLI0091,CRT01000,PRD0165,2026-04-27 21:04:46,8,194.83,1558.64,2103.5
TRX006622,CLI0219,CRT01881,PRD0145,2026-01-24 01:28:20,5,40.06,200.3,1932.66
TRX006623,CLI0077,CRT02679,PRD0197,2026-06-10 14:42:32,4,267.68,1070.72,3569.5200000000004
TRX006624,CLI0269,CRT02559,PRD0023,2026-04-17 23:49:49,1,262.09,262.09,4108.5199999999995
TRX006625,CLI0153,CRT01720,PRD0134,2026-01-17 14:49:07,5,343.3,1716.5,2307.6800000000003
TRX006626,CLI0122,CRT03291,PRD0173,2026-05-28 00:46:27,1,330.57,330.57,829.62
TRX006627,CLI0133,CRT02568,PRD0090,2026-04-15 16:02:47,3,15.96,47.88,4833.04
TRX006628,CLI0289,CRT03442,PRD0127,2026-04-22 11:44:28,6,24.14,144.84,5522.66
TRX006629,CLI0035,CRT01578,PRD0092,2026-01-26 21:02:57,7,10.72,75.04,1086.3700000000001
TRX006630,CLI0308,CRT03155,PRD0071,2026-04-07 07:52:09,1,76.57,76.57,4860.78
TRX006631,CLI0112,CRT01394,PRD0057,2026-02-03 13:02:56,1,59.71,59.71,3730.77
TRX006632,CLI0267,CRT00722,PRD0094,2026-02-01 09:13:22,5,179.52,897.6,1943.12
TRX006633,CLI0163,CRT02326,PRD0045,2026-03-11 13:55:18,2,301.22,602.44,1317.7
TRX006634,CLI0403,CRT02258,PRD0145,2026-01-18 12:26:07,4,40.06,160.24,1202.8400000000001
TRX006635,CLI0146,CRT02375,PRD0157,2026-02-22 08:29:04,2,263.29,526.58,526.58
TRX006636,CLI0121,CRT00583,PRD0192,2026-07-08 08:48:46,7,241.82,1692.74,6640.04
TRX006637,CLI0028,CRT00595,PRD0045,2026-05-15 15:24:26,7,301.22,2108.54,4440.8
TRX006638,CLI0328,CRT00671,PRD0154,2026-06-13 19:26:04,8,283.35,2266.8,2420.8
TRX006639,CLI0328,CRT02915,PRD0121,2026-02-07 10:06:46,8,301.87,2414.96,3863.1800000000003
TRX006640,CLI0149,CRT01887,PRD0191,2026-04-30 15:55:25,6,288.92,1733.52,5168.35
TRX006641,CLI0201,CRT02398,PRD0105,2026-06-06 06:22:34,3,200.26,600.78,2989.2799999999997
TRX006642,CLI0221,CRT02869,PRD0120,2026-02-17 09:11:04,8,291.12,2328.96,3406.08
TRX006643,CLI0040,CRT03143,PRD0126,2026-07-05 21:03:43,1,146.67,146.67,5356.9400000000005
TRX006644,CLI0129,CRT01238,PRD0114,2026-02-19 01:14:21,8,141.38,1131.04,3040.2999999999997
TRX006645,CLI0142,CRT00045,PRD0021,2026-05-14 16:40:51,2,175.98,351.96,3495.68
TRX006646,CLI0092,CRT01901,PRD0052,2026-07-21 06:38:02,3,68.6,205.79999999999998,460.64
TRX006647,CLI0330,CRT02805,PRD0196,2026-05-12 01:17:23,8,349.85,2798.8,7795.84
TRX006648,CLI0198,CRT00236,PRD0122,2026-02-08 20:19:43,10,224.09,2240.9,7700.51
TRX006649,CLI0064,CRT02745,PRD0041,2026-05-17 04:00:16,8,228.33,1826.64,4753.3
TRX006650,CLI0318,CRT03369,PRD0093,2026-06-29 14:43:46,2,302.86,605.72,3563.2999999999997
TRX006651,CLI0269,CRT02894,PRD0016,2026-05-09 00:47:47,8,223.15,1785.2,1785.2
TRX006652,CLI0202,CRT00893,PRD0078,2026-07-10 05:42:58,7,172.26,1205.82,2493.7799999999997
TRX006653,CLI0311,CRT02502,PRD0053,2026-03-05 11:02:08,4,99.29,397.16,4045.82
TRX006654,CLI0005,CRT00681,PRD0008,2026-07-16 15:40:18,6,119.47,716.8199999999999,1660.09
TRX006655,CLI0403,CRT01354,PRD0087,2026-01-08 17:39:37,1,302.95,302.95,416.32
TRX006656,CLI0310,CRT03481,PRD0106,2026-01-31 18:55:34,7,102.2,715.4,3464.5499999999997
TRX006657,CLI0064,CRT03427,PRD0145,2026-01-14 17:46:51,5,40.06,200.3,1682.83
TRX006658,CLI0316,CRT01138,PRD0090,2026-05-28 16:16:50,3,15.96,47.88,2617.3
TRX006659,CLI0133,CRT01909,PRD0014,2026-06-22 03:52:16,8,99.1,792.8,1944.2
TRX006660,CLI0106,CRT02905,PRD0113,2026-02-17 00:07:51,3,310.43,931.29,9444.0
TRX006661,CLI0139,CRT00934,PRD0153,2026-04-16 08:06:10,10,63.71,637.1,2042.5900000000001
TRX006662,CLI0091,CRT03129,PRD0179,2026-01-22 05:09:37,10,196.43,1964.3000000000002,5541.51
TRX006663,CLI0332,CRT01159,PRD0017,2026-01-05 05:14:33,1,134.36,134.36,3795.5199999999995
TRX006664,CLI0280,CRT00804,PRD0061,2026-02-24 13:39:20,5,111.48,557.4,865.4
TRX006665,CLI0045,CRT01070,PRD0087,2026-03-27 16:59:54,4,302.95,1211.8,3621.5600000000004
TRX006666,CLI0093,CRT00126,PRD0071,2026-03-17 03:33:13,9,76.57,689.1299999999999,3134.6099999999997
TRX006667,CLI0055,CRT03223,PRD0122,2026-02-06 10:17:02,9,224.09,2016.81,8604.45
TRX006668,CLI0119,CRT02451,PRD0074,2026-02-24 03:51:18,2,229.76,459.52,4963.88
TRX006669,CLI0435,CRT02221,PRD0081,2026-06-27 02:22:03,8,151.12,1208.96,1725.8400000000001
TRX006670,CLI0034,CRT00364,PRD0200,2026-02-23 22:55:11,7,144.4,1010.8000000000001,4473.81
TRX006671,CLI0143,CRT00242,PRD0050,2026-01-13 18:27:24,8,164.79,1318.32,1794.42
TRX006672,CLI0388,CRT03055,PRD0151,2026-03-21 06:50:07,7,121.08,847.56,2403.83
TRX006673,CLI0181,CRT01542,PRD0101,2026-02-06 00:28:10,3,26.82,80.46000000000001,4487.78
TRX006674,CLI0161,CRT01769,PRD0184,2026-05-28 02:59:38,3,85.85,257.54999999999995,581.8499999999999
TRX006675,CLI0317,CRT01800,PRD0132,2026-04-26 09:02:27,8,153.95,1231.6,4113.5
TRX006676,CLI0247,CRT00235,PRD0042,2026-03-30 23:21:10,1,88.65,88.65,3583.37
TRX006677,CLI0252,CRT01488,PRD0187,2026-03-23 21:57:38,3,241.37,724.11,6386.91
TRX006678,CLI0290,CRT03462,PRD0004,2026-03-17 01:56:57,6,178.11,1068.66,1068.66
TRX006679,CLI0394,CRT00976,PRD0007,2026-07-02 01:52:05,5,149.36,746.8000000000001,5897.780000000001
TRX006680,CLI0021,CRT00891,PRD0070,2026-03-05 19:16:31,4,218.35,873.4,2411.4
TRX006681,CLI0371,CRT02346,PRD0167,2026-07-11 07:38:28,2,82.61,165.22,4366.9
TRX006682,CLI0277,CRT01259,PRD0070,2026-07-16 15:42:05,7,218.35,1528.45,4847.95
TRX006683,CLI0373,CRT00917,PRD0067,2026-01-08 11:36:11,4,327.31,1309.24,3895.48
TRX006684,CLI0426,CRT00188,PRD0159,2026-01-27 18:37:34,10,125.8,1258.0,3168.9
TRX006685,CLI0381,CRT01862,PRD0049,2026-01-19 19:55:16,2,36.18,72.36,72.36
TRX006686,CLI0221,CRT02869,PRD0094,2026-02-17 09:11:04,6,179.52,1077.1200000000001,3406.08
TRX006687,CLI0334,CRT03077,PRD0096,2026-05-14 12:25:49,9,15.79,142.10999999999999,571.36
TRX006688,CLI0393,CRT02410,PRD0159,2026-07-19 11:52:11,5,125.8,629.0,4007.34
TRX006689,CLI0167,CRT01663,PRD0004,2026-01-10 16:46:52,7,178.11,1246.77,4617.73
TRX006690,CLI0184,CRT02169,PRD0041,2026-04-10 06:27:04,5,228.33,1141.65,8819.01
TRX006691,CLI0124,CRT01577,PRD0076,2026-05-10 20:45:41,8,260.49,2083.92,4367.22
TRX006692,CLI0064,CRT02745,PRD0138,2026-05-17 04:00:16,3,308.17,924.51,4753.3
TRX006693,CLI0162,CRT00376,PRD0097,2026-01-05 14:10:52,6,275.78,1654.6799999999998,5017.05
TRX006694,CLI0334,CRT02247,PRD0119,2026-07-13 13:01:30,7,332.64,2328.48,7096.43
TRX006695,CLI0146,CRT02279,PRD0033,2026-02-14 07:58:17,1,267.47,267.47,267.47
TRX006696,CLI0430,CRT03187,PRD0084,2026-07-23 15:05:57,5,129.22,646.1,646.1
TRX006697,CLI0297,CRT02542,PRD0075,2026-06-19 05:52:38,7,38.5,269.5,8403.119999999999
TRX006698,CLI0279,CRT01122,PRD0110,2026-06-27 08:35:53,8,286.9,2295.2,8484.73
TRX006699,CLI0337,CRT02253,PRD0135,2026-06-23 05:15:53,9,198.63,1787.67,4801.53
TRX006700,CLI0109,CRT00432,PRD0003,2026-01-10 20:04:58,3,149.12,447.36,1118.2
TRX006701,CLI0416,CRT01879,PRD0021,2026-04-05 22:21:00,1,175.98,175.98,441.71999999999997
TRX006702,CLI0253,CRT03362,PRD0053,2026-05-13 15:47:08,4,99.29,397.16,9808.12
TRX006703,CLI0196,CRT01794,PRD0012,2026-02-03 15:42:12,7,69.32,485.23999999999995,2711.52
TRX006704,CLI0182,CRT00895,PRD0191,2026-06-10 11:00:26,10,288.92,2889.2000000000003,4458.620000000001
TRX006705,CLI0149,CRT01887,PRD0192,2026-04-30 15:55:25,1,241.82,241.82,5168.35
TRX006706,CLI0413,CRT01351,PRD0059,2026-07-14 16:29:54,7,252.15,1765.05,2901.19
TRX006707,CLI0019,CRT02178,PRD0065,2026-03-13 17:56:37,2,88.06,176.12,451.9
TRX006708,CLI0082,CRT02028,PRD0132,2026-01-06 01:00:55,6,153.95,923.6999999999999,2189.6
TRX006709,CLI0315,CRT03459,PRD0200,2026-03-19 08:50:04,6,144.4,866.4000000000001,1831.38
TRX006710,CLI0394,CRT01847,PRD0060,2026-05-08 03:26:00,1,339.13,339.13,339.13
TRX006711,CLI0266,CRT02718,PRD0199,2026-07-20 10:40:56,3,223.09,669.27,5981.59
TRX006712,CLI0250,CRT03097,PRD0102,2026-01-11 13:14:01,7,233.03,1631.21,6943.9400000000005
TRX006713,CLI0243,CRT02676,PRD0149,2026-02-15 01:54:37,2,344.39,688.78,5665.9800000000005
TRX006714,CLI0330,CRT02096,PRD0008,2026-05-24 03:06:01,4,119.47,477.88,4333.27
TRX006715,CLI0393,CRT01072,PRD0113,2026-06-18 11:22:37,5,310.43,1552.15,3586.33
TRX006716,CLI0280,CRT03449,PRD0184,2026-02-16 13:41:18,1,85.85,85.85,4030.61
TRX006717,CLI0219,CRT01685,PRD0169,2026-02-23 12:38:43,10,259.17,2591.7000000000003,3315.7200000000003
TRX006718,CLI0406,CRT02461,PRD0114,2026-05-26 06:14:33,8,141.38,1131.04,5548.88
TRX006719,CLI0106,CRT02932,PRD0100,2026-04-24 08:01:59,4,252.5,1010.0,2740.05
TRX006720,CLI0276,CRT00367,PRD0127,2026-06-29 15:50:47,2,24.14,48.28,6999.0199999999995
TRX006721,CLI0097,CRT02940,PRD0048,2026-05-26 17:51:33,3,275.16,825.48,825.48
TRX006722,CLI0106,CRT02384,PRD0103,2026-03-21 15:44:09,3,234.25,702.75,3861.67
TRX006723,CLI0102,CRT00889,PRD0028,2026-05-09 16:40:29,1,301.62,301.62,1616.76
TRX006724,CLI0293,CRT00814,PRD0076,2026-05-27 05:37:58,7,260.49,1823.43,3870.57
TRX006725,CLI0080,CRT02836,PRD0079,2026-03-30 18:12:16,7,98.65,690.5500000000001,3762.71
TRX006726,CLI0357,CRT03017,PRD0003,2026-04-19 13:31:57,8,149.12,1192.96,6698.98
TRX006727,CLI0351,CRT03453,PRD0160,2026-07-02 13:01:05,7,246.16,1723.12,2047.27
TRX006728,CLI0292,CRT01892,PRD0155,2026-01-13 20:03:39,7,289.44,2026.08,7003.71
TRX006729,CLI0403,CRT03373,PRD0050,2026-02-22 12:39:24,6,164.79,988.74,3799.8900000000003
TRX006730,CLI0176,CRT02487,PRD0044,2026-03-04 07:29:36,5,248.47,1242.35,3718.06
TRX006731,CLI0417,CRT00613,PRD0135,2026-01-26 09:49:42,1,198.63,198.63,1350.5300000000002
TRX006732,CLI0226,CRT00463,PRD0006,2026-02-12 08:22:25,6,207.27,1243.6200000000001,1423.14
TRX006733,CLI0063,CRT00714,PRD0117,2026-07-16 09:03:51,4,196.2,784.8,4878.66
TRX006734,CLI0011,CRT01949,PRD0059,2026-02-11 10:29:10,3,252.15,756.45,5162.03
TRX006735,CLI0184,CRT00793,PRD0063,2026-06-22 16:42:05,5,30.34,151.7,1802.06
TRX006736,CLI0434,CRT01574,PRD0124,2026-07-11 10:05:56,3,96.92,290.76,4339.02
TRX006737,CLI0265,CRT01826,PRD0124,2026-03-22 15:51:57,2,96.92,193.84,989.23
TRX006738,CLI0269,CRT00834,PRD0046,2026-01-11 11:37:33,7,234.97,1644.79,3647.96
TRX006739,CLI0220,CRT02774,PRD0004,2026-05-14 08:19:44,10,178.11,1781.1000000000001,3930.4
TRX006740,CLI0206,CRT00529,PRD0139,2026-07-21 12:19:19,5,30.96,154.8,4608.58
TRX006741,CLI0281,CRT00395,PRD0143,2026-01-22 11:05:36,4,331.85,1327.4,5435.4400000000005
TRX006742,CLI0297,CRT02262,PRD0022,2026-05-25 12:13:15,6,51.02,306.12,1747.08
TRX006743,CLI0224,CRT01924,PRD0199,2026-06-10 19:36:33,4,223.09,892.36,3064.81
TRX006744,CLI0312,CRT00106,PRD0114,2026-03-14 10:52:01,3,141.38,424.14,2889.5
TRX006745,CLI0322,CRT03220,PRD0129,2026-01-06 23:14:34,9,4.55,40.949999999999996,7242.63
TRX006746,CLI0142,CRT00550,PRD0063,2026-07-19 14:32:34,7,30.34,212.38,7309.38
TRX006747,CLI0074,CRT03086,PRD0055,2026-07-16 11:16:12,2,349.75,699.5,5365.009999999999
TRX006748,CLI0174,CRT00736,PRD0151,2026-07-14 22:45:37,8,121.08,968.64,2294.81
TRX006749,CLI0133,CRT00604,PRD0031,2026-02-17 19:58:21,9,267.28,2405.5199999999995,6266.45
TRX006750,CLI0427,CRT03035,PRD0124,2026-04-19 16:32:25,1,96.92,96.92,1252.6000000000001
TRX006751,CLI0311,CRT03235,PRD0139,2026-01-09 04:16:02,6,30.96,185.76,185.76
TRX006752,CLI0165,CRT02491,PRD0072,2026-02-16 16:06:21,9,308.05,2772.4500000000003,4525.92
TRX006753,CLI0372,CRT01950,PRD0105,2026-02-19 17:05:04,2,200.26,400.52,4692.7
TRX006754,CLI0376,CRT00743,PRD0160,2026-02-19 00:46:38,4,246.16,984.64,2856.9300000000003
TRX006755,CLI0097,CRT00510,PRD0032,2026-01-02 00:15:32,9,224.53,2020.77,5784.85
TRX006756,CLI0098,CRT00157,PRD0068,2026-01-05 00:09:00,1,140.04,140.04,2870.47
TRX006757,CLI0036,CRT00410,PRD0091,2026-02-19 11:34:12,6,321.66,1929.96,5365.71
TRX006758,CLI0383,CRT00648,PRD0066,2026-05-31 18:58:00,8,148.18,1185.44,5320.610000000001
TRX006759,CLI0075,CRT00616,PRD0081,2026-07-24 05:26:41,4,151.12,604.48,910.1500000000001
TRX006760,CLI0028,CRT00008,PRD0001,2026-04-03 00:08:20,3,260.19,780.5699999999999,1083.29
TRX006761,CLI0214,CRT00221,PRD0026,2026-06-01 17:34:25,2,238.97,477.94,2545.1
TRX006762,CLI0392,CRT01828,PRD0008,2026-02-08 20:13:53,4,119.47,477.88,2599.1800000000003
TRX006763,CLI0205,CRT01615,PRD0045,2026-04-02 17:19:27,7,301.22,2108.54,7091.219999999999
TRX006764,CLI0304,CRT01328,PRD0191,2026-03-14 15:09:15,8,288.92,2311.36,6589.6
TRX006765,CLI0116,CRT00159,PRD0008,2026-06-27 12:32:14,9,119.47,1075.23,4703.02
TRX006766,CLI0288,CRT00105,PRD0077,2026-06-15 21:37:06,9,75.69,681.21,7678.25
TRX006767,CLI0036,CRT02945,PRD0094,2026-02-06 02:37:23,7,179.52,1256.64,3452.0000000000005
TRX006768,CLI0174,CRT02090,PRD0171,2026-05-19 01:40:05,5,127.91,639.55,1265.83
TRX006769,CLI0364,CRT03038,PRD0196,2026-02-28 15:25:31,6,349.85,2099.1000000000004,5321.2300000000005
TRX006770,CLI0141,CRT03219,PRD0021,2026-01-22 05:14:04,6,175.98,1055.8799999999999,4031.5199999999995
TRX006771,CLI0169,CRT02369,PRD0072,2026-05-26 16:26:23,6,308.05,1848.3000000000002,2087.2400000000002
TRX006772,CLI0147,CRT02503,PRD0132,2026-05-28 16:19:15,3,153.95,461.84999999999997,2467.25
TRX006773,CLI0276,CRT00426,PRD0104,2026-02-20 09:35:02,7,46.73,327.10999999999996,5635.61
TRX006774,CLI0412,CRT01918,PRD0148,2026-03-19 03:11:26,2,270.94,541.88,1483.69
TRX006775,CLI0180,CRT02863,PRD0166,2026-07-02 15:13:17,6,124.75,748.5,4493.7699999999995
TRX006776,CLI0068,CRT00663,PRD0021,2026-05-15 06:12:41,2,175.98,351.96,3066.27
TRX006777,CLI0142,CRT01344,PRD0104,2026-01-14 07:03:11,1,46.73,46.73,4473.58
TRX006778,CLI0101,CRT00326,PRD0126,2026-07-18 07:02:42,8,146.67,1173.36,2894.8900000000003
TRX006779,CLI0234,CRT00216,PRD0155,2026-03-11 14:02:36,1,289.44,289.44,4000.8799999999997
TRX006780,CLI0417,CRT02536,PRD0102,2026-04-03 22:58:20,6,233.03,1398.18,4308.84
TRX006781,CLI0040,CRT03143,PRD0182,2026-07-05 21:03:43,6,200.1,1200.6,5356.9400000000005
TRX006782,CLI0404,CRT01013,PRD0068,2026-06-30 10:27:22,8,140.04,1120.32,6985.54
TRX006783,CLI0034,CRT01118,PRD0083,2026-03-29 07:34:54,1,194.5,194.5,194.5
TRX006784,CLI0351,CRT00854,PRD0087,2026-05-28 03:15:43,6,302.95,1817.6999999999998,4227.219999999999
TRX006785,CLI0205,CRT03302,PRD0142,2026-01-21 20:15:35,3,55.45,166.35000000000002,1672.95
TRX006786,CLI0234,CRT02064,PRD0161,2026-05-02 01:11:13,10,331.95,3319.5,7752.959999999999
TRX006787,CLI0076,CRT02643,PRD0170,2026-06-03 10:19:04,6,100.84,605.04,4494.64
TRX006788,CLI0114,CRT02752,PRD0044,2026-04-07 03:49:22,1,248.47,248.47,713.51
TRX006789,CLI0325,CRT00968,PRD0026,2026-04-03 03:06:21,9,238.97,2150.73,3753.0299999999997
TRX006790,CLI0084,CRT02741,PRD0106,2026-04-18 05:35:18,7,102.2,715.4,2465.87
TRX006791,CLI0089,CRT02683,PRD0059,2026-06-17 13:40:00,9,252.15,2269.35,6192.97
TRX006792,CLI0243,CRT01927,PRD0056,2026-04-19 00:47:39,8,143.73,1149.84,3887.13
TRX006793,CLI0308,CRT00484,PRD0127,2026-02-06 21:12:48,5,24.14,120.7,5830.38
TRX006794,CLI0359,CRT01103,PRD0007,2026-06-20 12:01:36,5,149.36,746.8000000000001,1854.75
TRX006795,CLI0189,CRT01431,PRD0112,2026-07-24 02:23:21,2,344.42,688.84,5587.38
TRX006796,CLI0198,CRT03439,PRD0160,2026-04-19 14:31:52,3,246.16,738.48,1601.25
TRX006797,CLI0145,CRT01108,PRD0084,2026-07-16 12:41:33,4,129.22,516.88,3227.8
TRX006798,CLI0033,CRT02367,PRD0066,2026-05-17 14:04:10,6,148.18,889.08,2452.98
TRX006799,CLI0267,CRT00342,PRD0095,2026-01-18 18:23:29,10,42.58,425.79999999999995,1753.34
TRX006800,CLI0088,CRT00013,PRD0123,2026-06-13 10:37:28,10,85.64,856.4,2198.48
TRX006801,CLI0415,CRT02567,PRD0166,2026-07-14 06:59:10,9,124.75,1122.75,2832.87
TRX006802,CLI0050,CRT03482,PRD0163,2026-03-05 07:26:17,10,278.04,2780.4,6276.35
TRX006803,CLI0431,CRT01600,PRD0172,2026-07-25 17:19:07,7,97.82,684.74,1721.45
TRX006804,CLI0161,CRT02631,PRD0057,2026-04-08 21:00:17,3,59.71,179.13,483.55
TRX006805,CLI0166,CRT03206,PRD0061,2026-02-22 03:23:43,6,111.48,668.88,2945.17
TRX006806,CLI0088,CRT00013,PRD0003,2026-06-13 10:37:28,9,149.12,1342.08,2198.48
TRX006807,CLI0027,CRT02861,PRD0033,2026-03-19 04:00:25,7,267.47,1872.2900000000002,3687.6000000000004
TRX006808,CLI0215,CRT00977,PRD0196,2026-03-20 11:16:09,10,349.85,3498.5,7139.0
TRX006809,CLI0109,CRT01153,PRD0139,2026-06-19 06:18:49,3,30.96,92.88,92.88
TRX006810,CLI0024,CRT02598,PRD0030,2026-07-26 11:51:07,7,153.58,1075.0600000000002,7802.360000000001
TRX006811,CLI0304,CRT01328,PRD0108,2026-03-14 15:09:15,4,166.93,667.72,6589.6
TRX006812,CLI0310,CRT02920,PRD0168,2026-04-05 11:49:00,6,260.65,1563.8999999999999,4348.44
TRX006813,CLI0370,CRT01160,PRD0039,2026-05-05 23:57:15,7,305.67,2139.69,3245.84
TRX006814,CLI0333,CRT03161,PRD0015,2026-04-27 15:04:30,1,125.96,125.96,4179.38
TRX006815,CLI0157,CRT00162,PRD0174,2026-02-12 02:22:37,1,6.76,6.76,3860.83
TRX006816,CLI0079,CRT01515,PRD0047,2026-03-09 10:55:43,7,327.59,2293.1299999999997,2293.1299999999997
TRX006817,CLI0355,CRT03140,PRD0016,2026-05-27 14:10:05,3,223.15,669.45,6091.83
TRX006818,CLI0075,CRT01365,PRD0074,2026-02-25 22:11:19,6,229.76,1378.56,6292.23
TRX006819,CLI0312,CRT00941,PRD0046,2026-07-08 13:50:56,6,234.97,1409.82,1561.1799999999998
TRX006820,CLI0308,CRT00259,PRD0015,2026-05-02 23:55:36,2,125.96,251.92,2587.37
TRX006821,CLI0278,CRT03168,PRD0168,2026-04-22 13:53:32,6,260.65,1563.8999999999999,5954.0
TRX006822,CLI0081,CRT01376,PRD0022,2026-07-22 23:13:43,2,51.02,102.04,1052.5
TRX006823,CLI0077,CRT01299,PRD0107,2026-07-09 21:05:36,8,114.48,915.84,8133.150000000001
TRX006824,CLI0293,CRT03037,PRD0140,2026-05-09 11:08:32,10,80.42,804.2,4301.7
TRX006825,CLI0069,CRT02482,PRD0077,2026-03-13 11:33:40,8,75.69,605.52,9534.51
TRX006826,CLI0171,CRT02465,PRD0077,2026-02-14 23:07:57,6,75.69,454.14,4974.04
TRX006827,CLI0110,CRT03122,PRD0118,2026-03-23 20:41:15,2,163.96,327.92,3746.95
TRX006828,CLI0371,CRT03300,PRD0025,2026-03-19 10:00:02,10,265.13,2651.3,3588.88
TRX006829,CLI0240,CRT03454,PRD0053,2026-04-01 15:34:15,4,99.29,397.16,4945.139999999999
TRX006830,CLI0026,CRT00006,PRD0025,2026-04-11 20:49:03,8,265.13,2121.04,3852.08
TRX006831,CLI0101,CRT01565,PRD0153,2026-01-28 01:11:38,9,63.71,573.39,5719.88
TRX006832,CLI0298,CRT01134,PRD0134,2026-07-13 23:09:39,5,343.3,1716.5,8470.55
TRX006833,CLI0047,CRT01396,PRD0082,2026-01-05 17:28:06,10,316.62,3166.2,5843.959999999999
TRX006834,CLI0180,CRT02863,PRD0077,2026-07-02 15:13:17,6,75.69,454.14,4493.7699999999995
TRX006835,CLI0006,CRT03208,PRD0005,2026-06-10 21:36:03,4,228.33,913.32,1961.6799999999998
TRX006836,CLI0369,CRT00942,PRD0091,2026-03-22 14:21:02,2,321.66,643.32,3923.23
TRX006837,CLI0016,CRT02166,PRD0157,2026-06-21 16:12:30,3,263.29,789.8700000000001,5209.160000000001
TRX006838,CLI0003,CRT00147,PRD0019,2026-04-26 09:57:31,8,13.65,109.2,4939.87
TRX006839,CLI0350,CRT02154,PRD0101,2026-03-29 23:07:32,4,26.82,107.28,850.02
TRX006840,CLI0250,CRT01286,PRD0167,2026-01-22 23:02:21,5,82.61,413.05,1609.99
TRX006841,CLI0286,CRT01966,PRD0025,2026-01-13 00:39:36,5,265.13,1325.65,4563.83
TRX006842,CLI0409,CRT00682,PRD0021,2026-03-16 21:44:10,6,175.98,1055.8799999999999,4571.7
TRX006843,CLI0208,CRT01469,PRD0117,2026-05-08 05:17:35,9,196.2,1765.8,2866.7200000000003
TRX006844,CLI0170,CRT00709,PRD0160,2026-01-21 05:19:08,1,246.16,246.16,4674.54
TRX006845,CLI0205,CRT01939,PRD0026,2026-05-05 18:41:26,2,238.97,477.94,477.94
TRX006846,CLI0052,CRT01323,PRD0064,2026-07-22 23:01:03,10,237.14,2371.3999999999996,10596.759999999998
TRX006847,CLI0234,CRT02540,PRD0190,2026-06-24 05:21:55,8,23.22,185.76,415.46999999999997
TRX006848,CLI0310,CRT01977,PRD0192,2026-06-21 03:47:30,7,241.82,1692.74,1692.74
TRX006849,CLI0071,CRT01419,PRD0136,2026-03-27 08:41:18,3,303.73,911.19,4626.15
TRX006850,CLI0167,CRT01360,PRD0029,2026-02-28 03:34:13,2,95.22,190.44,3123.84
TRX006851,CLI0356,CRT01607,PRD0061,2026-06-01 03:42:12,4,111.48,445.92,3987.6200000000003
TRX006852,CLI0197,CRT00054,PRD0098,2026-06-17 17:40:46,5,136.36,681.8000000000001,2106.6800000000003
TRX006853,CLI0293,CRT00820,PRD0113,2026-04-13 20:43:08,7,310.43,2173.01,3209.3600000000006
TRX006854,CLI0214,CRT01518,PRD0134,2026-02-15 17:54:32,2,343.3,686.6,686.6
TRX006855,CLI0162,CRT01944,PRD0043,2026-05-22 02:18:44,7,194.99,1364.93,4279.9
TRX006856,CLI0401,CRT03142,PRD0013,2026-06-02 07:13:45,5,103.06,515.3,3580.9700000000003
TRX006857,CLI0313,CRT01981,PRD0010,2026-07-20 03:42:32,7,162.15,1135.05,1410.21
TRX006858,CLI0014,CRT01654,PRD0053,2026-07-15 22:45:40,2,99.29,198.58,3988.8999999999996
TRX006859,CLI0054,CRT03483,PRD0057,2026-05-02 00:53:51,6,59.71,358.26,6073.09
TRX006860,CLI0327,CRT02312,PRD0040,2026-07-22 21:15:43,3,256.15,768.4499999999999,5348.31
TRX006861,CLI0290,CRT01699,PRD0014,2026-07-06 22:49:10,7,99.1,693.6999999999999,2662.62
TRX006862,CLI0426,CRT02151,PRD0021,2026-02-05 20:15:38,6,175.98,1055.8799999999999,4552.94
TRX006863,CLI0063,CRT01275,PRD0189,2026-05-26 19:29:23,4,80.62,322.48,2098.9
TRX006864,CLI0077,CRT01299,PRD0200,2026-07-09 21:05:36,3,144.4,433.20000000000005,8133.150000000001
TRX006865,CLI0061,CRT02070,PRD0113,2026-04-06 11:06:07,3,310.43,931.29,3252.1800000000003
TRX006866,CLI0333,CRT00633,PRD0021,2026-06-16 19:36:14,3,175.98,527.9399999999999,3870.65
TRX006867,CLI0117,CRT01588,PRD0002,2026-04-15 04:06:30,5,38.12,190.6,8613.39
TRX006868,CLI0367,CRT00272,PRD0197,2026-03-28 03:55:25,8,267.68,2141.44,6693.34
TRX006869,CLI0070,CRT01591,PRD0185,2026-05-07 13:09:09,1,144.46,144.46,3731.65
TRX006870,CLI0357,CRT01320,PRD0140,2026-04-05 20:08:56,9,80.42,723.78,10432.75
TRX006871,CLI0064,CRT02427,PRD0047,2026-05-17 14:13:49,2,327.59,655.18,5615.03
TRX006872,CLI0419,CRT00829,PRD0063,2026-04-22 15:09:54,1,30.34,30.34,3278.64
TRX006873,CLI0099,CRT00078,PRD0024,2026-02-21 02:05:53,2,78.71,157.42,2973.0699999999997
TRX006874,CLI0196,CRT00305,PRD0175,2026-02-07 01:55:55,5,120.9,604.5,1116.3
TRX006875,CLI0422,CRT01511,PRD0134,2026-03-19 21:18:24,9,343.3,3089.7000000000003,6720.52
TRX006876,CLI0034,CRT02456,PRD0062,2026-06-18 10:08:17,2,321.99,643.98,5413.86
TRX006877,CLI0315,CRT03459,PRD0091,2026-03-19 08:50:04,3,321.66,964.98,1831.38
TRX006878,CLI0070,CRT01591,PRD0101,2026-05-07 13:09:09,10,26.82,268.2,3731.65
TRX006879,CLI0254,CRT03372,PRD0083,2026-02-22 06:13:37,8,194.5,1556.0,1556.0
TRX006880,CLI0085,CRT01827,PRD0115,2026-03-22 17:53:12,2,301.5,603.0,5084.38
TRX006881,CLI0214,CRT01957,PRD0055,2026-06-22 23:45:24,10,349.75,3497.5,5826.360000000001
TRX006882,CLI0388,CRT03055,PRD0010,2026-03-21 06:50:07,9,162.15,1459.3500000000001,2403.83
TRX006883,CLI0074,CRT01331,PRD0200,2026-06-13 09:51:53,9,144.4,1299.6000000000001,7383.87
TRX006884,CLI0410,CRT01060,PRD0078,2026-05-04 18:12:23,5,172.26,861.3,6284.44
TRX006885,CLI0235,CRT00276,PRD0021,2026-06-18 21:27:22,1,175.98,175.98,4440.64
TRX006886,CLI0296,CRT02992,PRD0133,2026-04-20 10:08:20,9,238.5,2146.5,2947.8
TRX006887,CLI0166,CRT02664,PRD0101,2026-07-12 21:07:52,10,26.82,268.2,3996.57
TRX006888,CLI0341,CRT03432,PRD0106,2026-07-16 20:24:58,5,102.2,511.0,593.61
TRX006889,CLI0265,CRT02001,PRD0014,2026-07-23 13:10:18,4,99.1,396.4,5975.35
TRX006890,CLI0126,CRT03271,PRD0040,2026-01-19 07:50:04,8,256.15,2049.2,8073.75
TRX006891,CLI0402,CRT03293,PRD0053,2026-05-28 00:10:09,5,99.29,496.45000000000005,4071.63
TRX006892,CLI0127,CRT02744,PRD0162,2026-01-20 09:50:05,9,195.42,1758.78,3983.1000000000004
TRX006893,CLI0255,CRT01265,PRD0153,2026-02-08 23:46:12,2,63.71,127.42,401.44
TRX006894,CLI0088,CRT01787,PRD0078,2026-05-26 04:16:21,3,172.26,516.78,2117.58
TRX006895,CLI0352,CRT03401,PRD0063,2026-05-13 23:17:39,7,30.34,212.38,5926.9400000000005
TRX006896,CLI0356,CRT00413,PRD0026,2026-05-30 05:32:54,9,238.97,2150.73,10655.130000000001
TRX006897,CLI0164,CRT01704,PRD0153,2026-01-17 23:04:50,2,63.71,127.42,4586.72
TRX006898,CLI0267,CRT01018,PRD0092,2026-07-06 23:00:18,8,10.72,85.76,372.65999999999997
TRX006899,CLI0355,CRT00316,PRD0133,2026-06-20 01:42:37,10,238.5,2385.0,7219.01
TRX006900,CLI0344,CRT02618,PRD0095,2026-02-01 04:56:33,4,42.58,170.32,3369.8099999999995
TRX006901,CLI0059,CRT01709,PRD0054,2026-02-08 06:59:14,1,301.82,301.82,301.82
TRX006902,CLI0028,CRT01348,PRD0011,2026-06-15 13:15:35,1,104.38,104.38,215.1
TRX006903,CLI0383,CRT00648,PRD0146,2026-05-31 18:58:00,9,318.04,2862.36,5320.610000000001
TRX006904,CLI0114,CRT00262,PRD0006,2026-01-01 12:25:42,1,207.27,207.27,804.9499999999999
TRX006905,CLI0417,CRT01897,PRD0043,2026-03-06 12:56:30,6,194.99,1169.94,6947.6900000000005
TRX006906,CLI0351,CRT02791,PRD0199,2026-06-05 01:32:31,9,223.09,2007.81,3877.56
TRX006907,CLI0403,CRT02258,PRD0090,2026-01-18 12:26:07,9,15.96,143.64000000000001,1202.8400000000001
TRX006908,CLI0131,CRT00507,PRD0052,2026-05-03 08:27:55,10,68.6,686.0,7298.12
TRX006909,CLI0425,CRT00322,PRD0126,2026-02-27 23:04:31,10,146.67,1466.6999999999998,2179.7599999999998
TRX006910,CLI0105,CRT02495,PRD0123,2026-02-02 03:20:27,1,85.64,85.64,7108.72
TRX006911,CLI0404,CRT01410,PRD0194,2026-06-25 02:56:51,6,311.57,1869.42,3374.21
TRX006912,CLI0088,CRT00483,PRD0090,2026-02-26 14:57:20,9,15.96,143.64000000000001,444.86
TRX006913,CLI0084,CRT00932,PRD0121,2026-02-19 08:14:18,1,301.87,301.87,2613.7599999999998
TRX006914,CLI0060,CRT00570,PRD0046,2026-03-08 02:27:34,9,234.97,2114.73,2967.9700000000003
TRX006915,CLI0051,CRT02112,PRD0122,2026-05-19 06:07:20,2,224.09,448.18,503.54
TRX006916,CLI0173,CRT01672,PRD0142,2026-05-08 18:18:18,5,55.45,277.25,3627.3999999999996
TRX006917,CLI0148,CRT01793,PRD0079,2026-07-11 17:59:31,1,98.65,98.65,98.65
TRX006918,CLI0059,CRT00261,PRD0194,2026-01-25 23:59:24,4,311.57,1246.28,3282.75
TRX006919,CLI0359,CRT00187,PRD0123,2026-02-05 15:14:56,4,85.64,342.56,2334.2599999999998
TRX006920,CLI0388,CRT02475,PRD0018,2026-03-04 22:33:53,5,115.19,575.95,4538.42
TRX006921,CLI0201,CRT03485,PRD0164,2026-01-15 04:26:06,1,242.9,242.9,4472.4400000000005
TRX006922,CLI0133,CRT03094,PRD0081,2026-05-02 09:19:17,6,151.12,906.72,1903.5900000000001
TRX006923,CLI0203,CRT02524,PRD0061,2026-07-10 13:35:08,1,111.48,111.48,3743.3900000000003
TRX006924,CLI0339,CRT01283,PRD0001,2026-02-18 10:52:53,9,260.19,2341.71,3587.99
TRX006925,CLI0048,CRT03207,PRD0078,2026-01-07 15:55:33,2,172.26,344.52,4628.43
TRX006926,CLI0013,CRT00369,PRD0045,2026-04-28 12:04:38,1,301.22,301.22,5444.17
TRX006927,CLI0149,CRT01938,PRD0086,2026-01-10 17:44:57,6,197.06,1182.3600000000001,3903.25
TRX006928,CLI0106,CRT02384,PRD0162,2026-03-21 15:44:09,7,195.42,1367.9399999999998,3861.67
TRX006929,CLI0008,CRT01305,PRD0071,2026-02-14 23:02:04,4,76.57,306.28,306.28
TRX006930,CLI0274,CRT02918,PRD0189,2026-01-30 00:03:03,6,80.62,483.72,4530.95
TRX006931,CLI0116,CRT00159,PRD0141,2026-06-27 12:32:14,9,13.28,119.52,4703.02
TRX006932,CLI0247,CRT01523,PRD0112,2026-05-25 15:52:36,7,344.42,2410.94,5231.17
TRX006933,CLI0265,CRT01771,PRD0070,2026-07-02 23:38:09,10,218.35,2183.5,5195.6
TRX006934,CLI0308,CRT00011,PRD0186,2026-05-03 07:16:11,10,13.84,138.4,1993.03
TRX006935,CLI0372,CRT02023,PRD0080,2026-07-04 04:35:15,1,342.98,342.98,1959.36
TRX006936,CLI0092,CRT00443,PRD0018,2026-05-25 20:36:02,3,115.19,345.57,7562.71
TRX006937,CLI0310,CRT03044,PRD0168,2026-01-20 17:03:18,2,260.65,521.3,8519.11
TRX006938,CLI0244,CRT01740,PRD0017,2026-07-03 13:23:20,4,134.36,537.44,4795.5
TRX006939,CLI0052,CRT00001,PRD0200,2026-03-26 07:29:01,2,144.4,288.8,2764.4
TRX006940,CLI0349,CRT02011,PRD0121,2026-06-29 20:09:22,2,301.87,603.74,603.74
TRX006941,CLI0350,CRT03284,PRD0129,2026-07-13 15:50:43,7,4.55,31.849999999999998,1074.4499999999998
TRX006942,CLI0328,CRT00175,PRD0060,2026-03-07 19:28:08,7,339.13,2373.91,2807.1099999999997
TRX006943,CLI0056,CRT02213,PRD0158,2026-05-02 08:40:42,10,12.47,124.7,1707.8
TRX006944,CLI0017,CRT00769,PRD0034,2026-02-21 03:53:51,5,115.14,575.7,575.7
TRX006945,CLI0171,CRT02465,PRD0046,2026-02-14 23:07:57,7,234.97,1644.79,4974.04
TRX006946,CLI0040,CRT01198,PRD0008,2026-07-20 10:06:58,1,119.47,119.47,1729.4499999999998
TRX006947,CLI0233,CRT00963,PRD0187,2026-01-24 09:06:18,3,241.37,724.11,2821.9100000000003
TRX006948,CLI0339,CRT00185,PRD0005,2026-01-26 18:56:37,2,228.33,456.66,708.52
TRX006949,CLI0007,CRT00601,PRD0057,2026-06-22 07:40:23,3,59.71,179.13,1036.1100000000001
TRX006950,CLI0357,CRT02896,PRD0059,2026-02-03 10:32:45,5,252.15,1260.75,8440.32
TRX006951,CLI0084,CRT00975,PRD0105,2026-02-07 06:30:44,7,200.26,1401.82,1841.4199999999998
TRX006952,CLI0381,CRT03026,PRD0093,2026-02-05 19:12:13,8,302.86,2422.88,5467.59
TRX006953,CLI0346,CRT03472,PRD0061,2026-05-11 01:55:49,7,111.48,780.36,5556.66
TRX006954,CLI0034,CRT01761,PRD0113,2026-04-01 15:19:24,5,310.43,1552.15,3361.87
TRX006955,CLI0141,CRT03219,PRD0155,2026-01-22 05:14:04,3,289.44,868.3199999999999,4031.5199999999995
TRX006956,CLI0401,CRT02139,PRD0128,2026-03-04 19:34:15,9,9.29,83.60999999999999,3212.5699999999997
TRX006957,CLI0359,CRT03106,PRD0164,2026-05-24 00:17:21,2,242.9,485.8,3972.6
TRX006958,CLI0226,CRT03100,PRD0119,2026-04-04 18:39:31,3,332.64,997.92,5227.25
TRX006959,CLI0061,CRT00980,PRD0102,2026-02-03 07:23:08,6,233.03,1398.18,1398.18
TRX006960,CLI0238,CRT00205,PRD0104,2026-01-13 03:38:02,10,46.73,467.29999999999995,1890.1399999999999
TRX006961,CLI0031,CRT01700,PRD0094,2026-05-14 07:18:19,9,179.52,1615.68,10294.35
TRX006962,CLI0092,CRT02282,PRD0180,2026-02-20 00:46:57,4,217.4,869.6,5064.34
TRX006963,CLI0285,CRT03194,PRD0050,2026-04-11 07:00:52,7,164.79,1153.53,3926.25
TRX006964,CLI0121,CRT01809,PRD0162,2026-05-01 12:53:59,3,195.42,586.26,5942.62
TRX006965,CLI0276,CRT00564,PRD0006,2026-07-23 20:55:52,1,207.27,207.27,4984.8099999999995
TRX006966,CLI0373,CRT00917,PRD0011,2026-01-08 11:36:11,8,104.38,835.04,3895.48
TRX006967,CLI0095,CRT01585,PRD0179,2026-04-23 03:54:27,5,196.43,982.1500000000001,3001.03
TRX006968,CLI0355,CRT00316,PRD0160,2026-06-20 01:42:37,10,246.16,2461.6,7219.01
TRX006969,CLI0413,CRT03478,PRD0001,2026-05-05 22:42:24,9,260.19,2341.71,6157.37
TRX006970,CLI0261,CRT00254,PRD0015,2026-05-24 07:31:52,9,125.96,1133.6399999999999,1351.04
TRX006971,CLI0274,CRT03296,PRD0098,2026-05-16 01:25:27,5,136.36,681.8000000000001,2196.1000000000004
TRX006972,CLI0131,CRT01898,PRD0192,2026-05-30 02:58:37,10,241.82,2418.2,5371.37
TRX006973,CLI0319,CRT03260,PRD0173,2026-01-28 22:06:39,6,330.57,1983.42,3846.9900000000002
TRX006974,CLI0276,CRT02704,PRD0131,2026-07-02 23:43:39,10,212.13,2121.3,7367.3
TRX006975,CLI0116,CRT00022,PRD0063,2026-03-10 20:32:36,2,30.34,60.68,3643.83
TRX006976,CLI0371,CRT00231,PRD0182,2026-05-25 08:09:18,3,200.1,600.3,2402.31
TRX006977,CLI0401,CRT02753,PRD0120,2026-02-01 06:23:53,7,291.12,2037.8400000000001,8549.54
TRX006978,CLI0163,CRT03301,PRD0162,2026-07-12 12:35:27,1,195.42,195.42,1855.93
TRX006979,CLI0300,CRT02246,PRD0164,2026-04-22 18:40:56,10,242.9,2429.0,5271.8
TRX006980,CLI0409,CRT02636,PRD0187,2026-06-23 04:35:55,3,241.37,724.11,2124.5099999999998
TRX006981,CLI0149,CRT00207,PRD0089,2026-04-03 11:23:07,1,57.82,57.82,1157.01
TRX006982,CLI0170,CRT00407,PRD0021,2026-04-02 04:40:05,4,175.98,703.92,4013.67
TRX006983,CLI0335,CRT01302,PRD0187,2026-01-05 17:09:23,4,241.37,965.48,1065.24
TRX006984,CLI0136,CRT00004,PRD0015,2026-06-19 10:14:59,2,125.96,251.92,503.52
TRX006985,CLI0354,CRT00624,PRD0022,2026-02-11 02:11:09,5,51.02,255.10000000000002,2186.46
TRX006986,CLI0348,CRT01624,PRD0141,2026-01-07 06:31:14,7,13.28,92.96,2216.5299999999997
TRX006987,CLI0021,CRT02826,PRD0085,2026-02-04 14:21:53,6,239.52,1437.1200000000001,3473.94
TRX006988,CLI0074,CRT03434,PRD0011,2026-07-07 07:09:45,7,104.38,730.66,1871.5
TRX006989,CLI0408,CRT02300,PRD0008,2026-03-13 04:36:15,6,119.47,716.8199999999999,1542.48
TRX006990,CLI0359,CRT01103,PRD0124,2026-06-20 12:01:36,8,96.92,775.36,1854.75
TRX006991,CLI0373,CRT01496,PRD0035,2026-04-24 15:07:54,2,344.9,689.8,1265.63
TRX006992,CLI0369,CRT02617,PRD0019,2026-03-07 17:20:29,7,13.65,95.55,95.55
TRX006993,CLI0220,CRT00153,PRD0058,2026-05-03 13:57:22,7,275.33,1927.31,2530.3
TRX006994,CLI0264,CRT01270,PRD0018,2026-07-01 17:51:54,6,115.19,691.14,691.14
TRX006995,CLI0402,CRT03315,PRD0195,2026-01-12 04:02:03,8,11.49,91.92,1888.16
TRX006996,CLI0028,CRT03018,PRD0072,2026-06-29 03:51:34,9,308.05,2772.4500000000003,5154.83
TRX006997,CLI0071,CRT01543,PRD0170,2026-05-13 10:14:45,2,100.84,201.68,5340.160000000001
TRX006998,CLI0395,CRT02873,PRD0085,2026-02-03 12:03:32,4,239.52,958.08,2278.5
TRX006999,CLI0076,CRT00477,PRD0056,2026-01-15 06:03:22,1,143.73,143.73,3037.1499999999996
TRX007000,CLI0003,CRT00154,PRD0047,2026-01-10 19:26:03,5,327.59,1637.9499999999998,5427.589999999999
TRX007001,CLI0056,CRT01619,PRD0134,2026-02-01 09:07:38,10,343.3,3433.0,4558.65
TRX007002,CLI0068,CRT02834,PRD0104,2026-01-29 03:55:39,10,46.73,467.29999999999995,4066.59
TRX007003,CLI0179,CRT02078,PRD0133,2026-01-18 01:37:36,6,238.5,1431.0,4591.57
TRX007004,CLI0245,CRT02382,PRD0147,2026-07-10 02:30:12,1,208.25,208.25,4640.24
TRX007005,CLI0047,CRT00017,PRD0197,2026-06-14 19:48:39,5,267.68,1338.4,1338.4
TRX007006,CLI0361,CRT01694,PRD0186,2026-05-13 06:47:30,4,13.84,55.36,2630.7799999999997
TRX007007,CLI0046,CRT03172,PRD0075,2026-06-16 00:35:53,9,38.5,346.5,2442.7799999999997
TRX007008,CLI0106,CRT02905,PRD0033,2026-02-17 00:07:51,10,267.47,2674.7000000000003,9444.0
TRX007009,CLI0415,CRT02288,PRD0114,2026-04-06 06:14:20,7,141.38,989.66,3585.92
TRX007010,CLI0149,CRT03071,PRD0022,2026-02-11 05:31:02,5,51.02,255.10000000000002,4267.5
TRX007011,CLI0152,CRT02010,PRD0156,2026-04-18 14:38:11,2,87.81,175.62,3950.46
TRX007012,CLI0316,CRT01093,PRD0006,2026-04-02 11:22:32,7,207.27,1450.89,1871.46
TRX007013,CLI0312,CRT02490,PRD0043,2026-04-08 18:59:10,5,194.99,974.95,3580.0600000000004
TRX007014,CLI0418,CRT02447,PRD0047,2026-03-25 11:44:54,6,327.59,1965.54,3770.68
TRX007015,CLI0054,CRT00795,PRD0049,2026-02-12 06:34:04,1,36.18,36.18,1701.0
TRX007016,CLI0308,CRT02261,PRD0001,2026-06-27 12:03:23,9,260.19,2341.71,7316.14
TRX007017,CLI0311,CRT02792,PRD0188,2026-04-25 06:08:09,7,281.86,1973.02,3267.55
TRX007018,CLI0085,CRT01827,PRD0012,2026-03-22 17:53:12,3,69.32,207.95999999999998,5084.38
TRX007019,CLI0403,CRT01447,PRD0124,2026-03-25 17:42:00,10,96.92,969.2,6318.36
TRX007020,CLI0162,CRT01944,PRD0160,2026-05-22 02:18:44,6,246.16,1476.96,4279.9
TRX007021,CLI0287,CRT00747,PRD0117,2026-03-17 19:45:37,4,196.2,784.8,5176.599999999999
TRX007022,CLI0275,CRT03002,PRD0077,2026-02-28 14:00:13,3,75.69,227.07,7216.58
TRX007023,CLI0017,CRT01207,PRD0081,2026-03-29 03:04:22,3,151.12,453.36,1266.4299999999998
TRX007024,CLI0259,CRT02084,PRD0070,2026-06-12 16:46:55,4,218.35,873.4,4352.32
TRX007025,CLI0215,CRT00977,PRD0144,2026-03-20 11:16:09,1,213.05,213.05,7139.0
TRX007026,CLI0415,CRT01653,PRD0144,2026-07-09 21:15:41,8,213.05,1704.4,5230.68
TRX007027,CLI0129,CRT00405,PRD0192,2026-01-26 07:11:15,3,241.82,725.46,7149.48
TRX007028,CLI0276,CRT02928,PRD0123,2026-06-18 21:14:09,5,85.64,428.2,7073.05
TRX007029,CLI0075,CRT00309,PRD0130,2026-01-16 10:44:44,9,312.35,2811.15,5831.51
TRX007030,CLI0290,CRT02186,PRD0092,2026-02-14 02:22:46,8,10.72,85.76,85.76
TRX007031,CLI0203,CRT02524,PRD0021,2026-07-10 13:35:08,7,175.98,1231.86,3743.3900000000003
TRX007032,CLI0099,CRT03240,PRD0091,2026-06-05 01:04:33,5,321.66,1608.3000000000002,6517.38
TRX007033,CLI0268,CRT03421,PRD0193,2026-03-16 22:42:42,2,190.14,380.28,5088.04
TRX007034,CLI0191,CRT00708,PRD0174,2026-04-29 01:09:19,3,6.76,20.28,7180.0
TRX007035,CLI0242,CRT01088,PRD0153,2026-06-22 01:50:13,7,63.71,445.97,5970.06
TRX007036,CLI0254,CRT01885,PRD0139,2026-05-15 22:55:17,2,30.96,61.92,937.5500000000001
TRX007037,CLI0287,CRT00747,PRD0031,2026-03-17 19:45:37,4,267.28,1069.12,5176.599999999999
TRX007038,CLI0360,CRT02697,PRD0102,2026-04-22 10:51:47,10,233.03,2330.3,9658.1
TRX007039,CLI0003,CRT02708,PRD0144,2026-05-23 16:16:59,6,213.05,1278.3000000000002,3261.7200000000003
TRX007040,CLI0431,CRT00125,PRD0031,2026-06-18 20:19:30,6,267.28,1603.6799999999998,5235.799999999999
TRX007041,CLI0218,CRT01164,PRD0184,2026-06-09 06:32:46,8,85.85,686.8,1146.2199999999998
TRX007042,CLI0206,CRT00539,PRD0159,2026-06-07 23:53:26,5,125.8,629.0,6071.31
TRX007043,CLI0045,CRT02712,PRD0163,2026-05-24 09:20:54,6,278.04,1668.2400000000002,2989.46
TRX007044,CLI0231,CRT02324,PRD0165,2026-04-30 15:44:49,9,194.83,1753.47,1753.47
TRX007045,CLI0264,CRT01412,PRD0170,2026-06-22 13:15:08,7,100.84,705.88,2379.97
TRX007046,CLI0178,CRT02397,PRD0076,2026-06-29 10:49:47,2,260.49,520.98,601.44
TRX007047,CLI0165,CRT00241,PRD0066,2026-03-03 12:02:51,9,148.18,1333.6200000000001,5460.75
TRX007048,CLI0032,CRT03124,PRD0133,2026-07-26 13:09:41,1,238.5,238.5,2435.2200000000003
TRX007049,CLI0287,CRT00747,PRD0168,2026-03-17 19:45:37,6,260.65,1563.8999999999999,5176.599999999999
TRX007050,CLI0074,CRT03086,PRD0031,2026-07-16 11:16:12,9,267.28,2405.5199999999995,5365.009999999999
TRX007051,CLI0028,CRT02768,PRD0096,2026-07-05 23:16:20,4,15.79,63.16,63.16
TRX007052,CLI0112,CRT01260,PRD0163,2026-06-07 23:25:23,10,278.04,2780.4,2780.4
TRX007053,CLI0416,CRT00897,PRD0111,2026-01-16 22:47:03,4,282.78,1131.12,1976.9099999999999
TRX007054,CLI0193,CRT02674,PRD0133,2026-04-20 06:07:29,5,238.5,1192.5,7075.110000000001
TRX007055,CLI0039,CRT02884,PRD0053,2026-05-20 22:32:14,1,99.29,99.29,5045.110000000001
TRX007056,CLI0380,CRT01181,PRD0016,2026-06-19 02:50:34,9,223.15,2008.3500000000001,11144.84
TRX007057,CLI0123,CRT03215,PRD0186,2026-06-17 08:04:25,4,13.84,55.36,1546.1799999999998
TRX007058,CLI0362,CRT01473,PRD0049,2026-03-17 17:15:16,6,36.18,217.07999999999998,1869.52
TRX007059,CLI0225,CRT00212,PRD0116,2026-06-09 09:46:07,5,281.93,1409.65,4385.17
TRX007060,CLI0028,CRT03018,PRD0159,2026-06-29 03:51:34,5,125.8,629.0,5154.83
TRX007061,CLI0064,CRT03427,PRD0179,2026-01-14 17:46:51,3,196.43,589.29,1682.83
TRX007062,CLI0133,CRT01524,PRD0097,2026-06-10 17:19:55,8,275.78,2206.24,7445.09
TRX007063,CLI0427,CRT02609,PRD0122,2026-06-22 19:58:45,9,224.09,2016.81,4974.91
TRX007064,CLI0061,CRT01568,PRD0089,2026-03-06 01:34:32,9,57.82,520.38,5236.8
TRX007065,CLI0259,CRT02060,PRD0007,2026-02-02 17:38:59,6,149.36,896.1600000000001,3913.84
TRX007066,CLI0338,CRT00767,PRD0002,2026-01-18 01:35:37,10,38.12,381.2,6103.45
TRX007067,CLI0305,CRT02513,PRD0073,2026-05-18 05:33:47,9,292.23,2630.07,3454.02
TRX007068,CLI0139,CRT00880,PRD0129,2026-01-14 16:55:43,9,4.55,40.949999999999996,10799.27
TRX007069,CLI0432,CRT01049,PRD0096,2026-02-12 20:47:19,2,15.79,31.58,1343.8899999999999
TRX007070,CLI0417,CRT01897,PRD0046,2026-03-06 12:56:30,10,234.97,2349.7,6947.6900000000005
TRX007071,CLI0281,CRT00684,PRD0064,2026-04-06 06:51:56,3,237.14,711.42,5767.57
TRX007072,CLI0159,CRT01063,PRD0122,2026-07-18 11:55:04,1,224.09,224.09,849.26
TRX007073,CLI0274,CRT00620,PRD0024,2026-07-04 11:29:43,7,78.71,550.9699999999999,6421.389999999999
TRX007074,CLI0154,CRT02801,PRD0144,2026-05-04 10:41:15,10,213.05,2130.5,2732.94
TRX007075,CLI0061,CRT01340,PRD0078,2026-05-16 03:29:01,7,172.26,1205.82,6054.54
TRX007076,CLI0222,CRT03435,PRD0068,2026-05-30 02:56:19,6,140.04,840.24,2690.17
TRX007077,CLI0216,CRT03178,PRD0079,2026-02-24 08:06:53,7,98.65,690.5500000000001,784.0100000000001
TRX007078,CLI0387,CRT03392,PRD0163,2026-02-07 03:25:08,10,278.04,2780.4,6322.76
TRX007079,CLI0285,CRT01043,PRD0112,2026-05-18 00:40:53,4,344.42,1377.68,6300.06
TRX007080,CLI0296,CRT03203,PRD0038,2026-07-20 14:16:21,3,231.76,695.28,3285.4
TRX007081,CLI0268,CRT01891,PRD0176,2026-04-20 10:45:29,6,288.19,1729.1399999999999,5736.22
TRX007082,CLI0069,CRT01158,PRD0151,2026-01-03 02:36:43,10,121.08,1210.8,3225.8
TRX007083,CLI0139,CRT00186,PRD0079,2026-06-09 22:03:01,7,98.65,690.5500000000001,5905.620000000001
TRX007084,CLI0119,CRT02858,PRD0081,2026-02-26 12:14:23,3,151.12,453.36,816.0600000000001
TRX007085,CLI0071,CRT03245,PRD0164,2026-02-26 03:02:17,8,242.9,1943.2,5887.08
TRX007086,CLI0342,CRT02467,PRD0108,2026-05-04 02:27:29,7,166.93,1168.51,1168.51
TRX007087,CLI0284,CRT01378,PRD0120,2026-02-28 03:08:54,3,291.12,873.36,1175.18
TRX007088,CLI0103,CRT01572,PRD0004,2026-02-17 12:47:56,3,178.11,534.33,588.9300000000001
TRX007089,CLI0354,CRT01175,PRD0188,2026-01-21 05:10:23,4,281.86,1127.44,1388.0900000000001
TRX007090,CLI0355,CRT00281,PRD0133,2026-05-29 06:19:20,7,238.5,1669.5,2933.88
TRX007091,CLI0331,CRT03364,PRD0126,2026-03-05 04:02:39,9,146.67,1320.03,4300.39
TRX007092,CLI0003,CRT00559,PRD0066,2026-03-08 06:22:22,4,148.18,592.72,3026.2000000000003
TRX007093,CLI0137,CRT01976,PRD0098,2026-02-08 18:45:52,2,136.36,272.72,7092.639999999999
TRX007094,CLI0398,CRT02553,PRD0170,2026-07-24 12:32:20,3,100.84,302.52,7263.709999999999
TRX007095,CLI0062,CRT00035,PRD0047,2026-07-13 16:20:56,8,327.59,2620.72,7907.530000000001
TRX007096,CLI0418,CRT00120,PRD0144,2026-02-18 12:29:39,6,213.05,1278.3000000000002,1793.4
TRX007097,CLI0270,CRT03280,PRD0051,2026-02-25 03:44:49,4,142.41,569.64,9199.67
TRX007098,CLI0155,CRT03159,PRD0027,2026-03-20 18:16:49,5,209.57,1047.85,4599.93
TRX007099,CLI0339,CRT01136,PRD0140,2026-02-08 16:29:32,2,80.42,160.84,2285.74
TRX007100,CLI0296,CRT00149,PRD0197,2026-07-15 05:46:06,9,267.68,2409.12,3419.45
TRX007101,CLI0230,CRT02202,PRD0145,2026-03-22 00:11:16,4,40.06,160.24,271.46000000000004
TRX007102,CLI0294,CRT01084,PRD0198,2026-03-04 06:14:09,10,156.17,1561.6999999999998,7178.87
TRX007103,CLI0115,CRT00097,PRD0080,2026-03-06 22:08:56,10,342.98,3429.8,3923.05
TRX007104,CLI0236,CRT03466,PRD0150,2026-01-14 03:04:56,6,151.36,908.1600000000001,3561.8199999999997
TRX007105,CLI0265,CRT00357,PRD0193,2026-07-17 13:39:06,6,190.14,1140.84,4528.44
TRX007106,CLI0128,CRT00818,PRD0073,2026-03-01 09:19:46,8,292.23,2337.84,2337.84
TRX007107,CLI0181,CRT03329,PRD0026,2026-05-23 08:49:28,9,238.97,2150.73,3518.67
TRX007108,CLI0337,CRT03489,PRD0167,2026-06-07 04:29:07,1,82.61,82.61,3861.76
TRX007109,CLI0251,CRT01620,PRD0130,2026-05-08 08:24:14,3,312.35,937.0500000000001,9009.8
TRX007110,CLI0102,CRT01777,PRD0066,2026-01-22 15:05:28,3,148.18,444.54,2866.72
TRX007111,CLI0215,CRT01358,PRD0125,2026-02-20 11:51:28,9,54.91,494.18999999999994,4359.71
TRX007112,CLI0126,CRT02104,PRD0035,2026-06-30 21:06:03,1,344.9,344.9,4172.9400000000005
TRX007113,CLI0123,CRT02404,PRD0197,2026-02-10 09:58:04,2,267.68,535.36,4689.01
TRX007114,CLI0309,CRT00499,PRD0002,2026-05-19 00:02:37,8,38.12,304.96,4536.79
TRX007115,CLI0275,CRT02820,PRD0134,2026-03-10 03:57:26,8,343.3,2746.4,5193.75
TRX007116,CLI0171,CRT02465,PRD0157,2026-02-14 23:07:57,2,263.29,526.58,4974.04
TRX007117,CLI0114,CRT01559,PRD0160,2026-02-02 05:10:59,1,246.16,246.16,2872.6400000000003
TRX007118,CLI0103,CRT01362,PRD0023,2026-04-07 08:02:02,7,262.09,1834.6299999999999,7388.38
TRX007119,CLI0123,CRT02404,PRD0155,2026-02-10 09:58:04,3,289.44,868.3199999999999,4689.01
TRX007120,CLI0403,CRT00621,PRD0012,2026-05-05 10:55:26,10,69.32,693.1999999999999,2532.63
TRX007121,CLI0064,CRT02219,PRD0164,2026-01-22 02:12:34,5,242.9,1214.5,7663.320000000001
TRX007122,CLI0360,CRT01422,PRD0085,2026-02-23 08:12:28,6,239.52,1437.1200000000001,5300.380000000001
TRX007123,CLI0389,CRT02174,PRD0084,2026-03-13 13:01:40,1,129.22,129.22,804.6800000000001
TRX007124,CLI0395,CRT03218,PRD0170,2026-03-08 01:53:02,3,100.84,302.52,2490.13
TRX007125,CLI0359,CRT01103,PRD0092,2026-06-20 12:01:36,7,10.72,75.04,1854.75
TRX007126,CLI0322,CRT03220,PRD0113,2026-01-06 23:14:34,10,310.43,3104.3,7242.63
TRX007127,CLI0235,CRT00939,PRD0158,2026-03-05 15:34:00,5,12.47,62.35,1915.2000000000003
TRX007128,CLI0146,CRT03292,PRD0194,2026-01-05 23:26:06,5,311.57,1557.85,4796.48
TRX007129,CLI0074,CRT02390,PRD0150,2026-04-25 02:19:44,8,151.36,1210.88,3183.2900000000004
TRX007130,CLI0380,CRT03494,PRD0126,2026-06-29 19:54:14,4,146.67,586.68,1937.06
TRX007131,CLI0110,CRT03126,PRD0017,2026-01-14 07:42:00,6,134.36,806.1600000000001,4745.45
TRX007132,CLI0103,CRT02335,PRD0190,2026-03-27 07:09:34,4,23.22,92.88,9806.0
TRX007133,CLI0147,CRT00638,PRD0172,2026-04-29 22:59:59,5,97.82,489.09999999999997,5033.0199999999995
TRX007134,CLI0357,CRT03154,PRD0001,2026-05-20 06:02:51,2,260.19,520.38,2826.14
TRX007135,CLI0046,CRT02748,PRD0135,2026-04-03 12:08:34,5,198.63,993.15,4406.719999999999
TRX007136,CLI0231,CRT03151,PRD0112,2026-06-13 21:03:29,4,344.42,1377.68,4370.12
TRX007137,CLI0132,CRT01251,PRD0028,2026-02-11 02:41:38,10,301.62,3016.2,4544.55
TRX007138,CLI0123,CRT03367,PRD0153,2026-01-17 19:22:27,2,63.71,127.42,2138.94
TRX007139,CLI0022,CRT00038,PRD0107,2026-04-19 02:51:11,1,114.48,114.48,2425.25
TRX007140,CLI0435,CRT03010,PRD0061,2026-07-19 05:04:24,4,111.48,445.92,1177.71
TRX007141,CLI0179,CRT02659,PRD0195,2026-07-13 14:14:56,3,11.49,34.47,3133.9799999999996
TRX007142,CLI0320,CRT02449,PRD0167,2026-02-23 19:43:22,4,82.61,330.44,3799.52
TRX007143,CLI0335,CRT00178,PRD0125,2026-01-06 01:45:22,2,54.91,109.82,109.82
TRX007144,CLI0417,CRT01119,PRD0153,2026-06-27 21:30:59,9,63.71,573.39,9964.51
TRX007145,CLI0380,CRT01181,PRD0138,2026-06-19 02:50:34,7,308.17,2157.19,11144.84
TRX007146,CLI0245,CRT03020,PRD0178,2026-06-02 05:45:32,7,198.09,1386.63,6637.39
TRX007147,CLI0370,CRT03257,PRD0142,2026-05-05 15:46:55,8,55.45,443.6,2622.7799999999997
TRX007148,CLI0316,CRT03173,PRD0113,2026-04-16 03:46:28,10,310.43,3104.3,5610.280000000001
TRX007149,CLI0027,CRT01215,PRD0081,2026-02-12 16:53:39,1,151.12,151.12,6525.33
TRX007150,CLI0346,CRT02793,PRD0026,2026-07-15 19:03:38,7,238.97,1672.79,4346.65
TRX007151,CLI0049,CRT02403,PRD0135,2026-04-11 01:35:23,7,198.63,1390.4099999999999,1976.4899999999998
TRX007152,CLI0422,CRT02059,PRD0044,2026-02-11 05:15:19,8,248.47,1987.76,7007.02
TRX007153,CLI0050,CRT01541,PRD0013,2026-05-17 21:07:07,5,103.06,515.3,4818.68
TRX007154,CLI0249,CRT03118,PRD0134,2026-02-24 17:20:19,8,343.3,2746.4,4146.7
TRX007155,CLI0356,CRT01190,PRD0106,2026-06-02 11:04:15,8,102.2,817.6,1948.67
TRX007156,CLI0328,CRT01534,PRD0099,2026-01-20 18:42:33,3,248.8,746.4000000000001,4183.72
TRX007157,CLI0003,CRT00154,PRD0178,2026-01-10 19:26:03,1,198.09,198.09,5427.589999999999
TRX007158,CLI0136,CRT02922,PRD0196,2026-07-04 04:51:52,2,349.85,699.7,4049.57
TRX007159,CLI0005,CRT00350,PRD0190,2026-01-30 12:35:51,2,23.22,46.44,5916.48
TRX007160,CLI0214,CRT01551,PRD0050,2026-04-28 02:46:53,1,164.79,164.79,6285.660000000001
TRX007161,CLI0289,CRT00670,PRD0199,2026-04-22 19:03:30,5,223.09,1115.45,1218.8600000000001
TRX007162,CLI0166,CRT00452,PRD0172,2026-01-27 18:58:57,1,97.82,97.82,368.76
TRX007163,CLI0068,CRT02083,PRD0188,2026-07-15 05:02:36,9,281.86,2536.7400000000002,3768.34
TRX007164,CLI0406,CRT00174,PRD0194,2026-01-10 13:39:37,4,311.57,1246.28,1971.79
TRX007165,CLI0013,CRT01239,PRD0145,2026-06-08 03:20:50,9,40.06,360.54,3733.9399999999996
TRX007166,CLI0179,CRT02602,PRD0015,2026-04-20 17:20:06,5,125.96,629.8,5311.2
TRX007167,CLI0391,CRT02360,PRD0028,2026-07-19 19:34:24,4,301.62,1206.48,5517.49
TRX007168,CLI0030,CRT02254,PRD0198,2026-03-02 18:27:47,8,156.17,1249.36,5185.009999999999
TRX007169,CLI0200,CRT03198,PRD0155,2026-07-06 06:19:29,9,289.44,2604.96,2604.96
TRX007170,CLI0051,CRT02333,PRD0107,2026-01-31 02:35:51,3,114.48,343.44,611.64
TRX007171,CLI0288,CRT02903,PRD0028,2026-07-19 14:12:30,7,301.62,2111.34,6415.65
TRX007172,CLI0416,CRT00169,PRD0028,2026-04-14 00:41:46,1,301.62,301.62,3432.18
TRX007173,CLI0198,CRT03439,PRD0083,2026-04-19 14:31:52,2,194.5,389.0,1601.25
TRX007174,CLI0269,CRT01008,PRD0151,2026-02-23 07:36:40,9,121.08,1089.72,6459.45
TRX007175,CLI0091,CRT02372,PRD0106,2026-01-09 21:58:04,8,102.2,817.6,1454.7
TRX007176,CLI0195,CRT00757,PRD0197,2026-07-07 06:45:18,8,267.68,2141.44,3321.6000000000004
TRX007177,CLI0421,CRT01065,PRD0165,2026-05-13 04:49:55,8,194.83,1558.64,1833.8000000000002
TRX007178,CLI0197,CRT02525,PRD0025,2026-05-06 11:12:25,10,265.13,2651.3,5065.46
TRX007179,CLI0093,CRT00712,PRD0077,2026-02-19 09:06:18,6,75.69,454.14,2195.7400000000002
TRX007180,CLI0422,CRT03141,PRD0128,2026-01-03 20:25:19,4,9.29,37.16,6881.280000000001
TRX007181,CLI0414,CRT00415,PRD0126,2026-03-22 15:35:39,4,146.67,586.68,2823.13
TRX007182,CLI0282,CRT00972,PRD0144,2026-04-08 01:35:54,5,213.05,1065.25,3608.17
TRX007183,CLI0072,CRT00442,PRD0166,2026-04-25 05:47:49,3,124.75,374.25,7872.34
TRX007184,CLI0153,CRT00111,PRD0032,2026-02-18 05:27:31,3,224.53,673.59,2151.75
TRX007185,CLI0141,CRT00751,PRD0083,2026-06-03 20:11:22,6,194.5,1167.0,10183.78
TRX007186,CLI0160,CRT00160,PRD0153,2026-02-03 03:44:22,4,63.71,254.84,6748.5
TRX007187,CLI0022,CRT02141,PRD0139,2026-01-01 16:55:02,10,30.96,309.6,5664.26
TRX007188,CLI0183,CRT03404,PRD0088,2026-05-08 01:07:30,4,64.83,259.32,6769.0199999999995
TRX007189,CLI0170,CRT00995,PRD0048,2026-01-23 01:47:06,10,275.16,2751.6000000000004,9661.98
TRX007190,CLI0317,CRT00253,PRD0102,2026-06-13 11:05:24,3,233.03,699.09,3287.3100000000004
TRX007191,CLI0311,CRT01050,PRD0064,2026-04-10 06:49:20,3,237.14,711.42,2921.64
TRX007192,CLI0024,CRT02148,PRD0126,2026-02-11 19:26:44,5,146.67,733.3499999999999,1808.6699999999998
TRX007193,CLI0089,CRT00329,PRD0119,2026-07-08 18:42:30,3,332.64,997.92,1378.1999999999998
TRX007194,CLI0026,CRT00775,PRD0083,2026-04-04 08:02:10,6,194.5,1167.0,6586.950000000001
TRX007195,CLI0270,CRT02289,PRD0093,2026-07-24 22:41:24,8,302.86,2422.88,4914.51
TRX007196,CLI0123,CRT03082,PRD0055,2026-02-23 22:13:24,8,349.75,2798.0,6179.39
TRX007197,CLI0355,CRT02159,PRD0168,2026-02-04 23:32:10,8,260.65,2085.2,2167.1099999999997
TRX007198,CLI0187,CRT00610,PRD0030,2026-04-13 10:10:51,3,153.58,460.74,3521.2799999999997
TRX007199,CLI0223,CRT01910,PRD0157,2026-05-17 00:39:08,8,263.29,2106.32,4339.700000000001
TRX007200,CLI0086,CRT01212,PRD0134,2026-02-23 21:02:07,8,343.3,2746.4,4307.14
TRX007201,CLI0115,CRT02626,PRD0143,2026-03-08 04:12:43,5,331.85,1659.25,4585.92
TRX007202,CLI0421,CRT03183,PRD0147,2026-06-15 14:24:39,6,208.25,1249.5,9011.970000000001
TRX007203,CLI0094,CRT02402,PRD0132,2026-06-28 20:42:09,8,153.95,1231.6,2422.62
TRX007204,CLI0134,CRT01192,PRD0196,2026-01-16 22:54:43,6,349.85,2099.1000000000004,3596.8900000000003
TRX007205,CLI0160,CRT00160,PRD0028,2026-02-03 03:44:22,1,301.62,301.62,6748.5
TRX007206,CLI0215,CRT01358,PRD0180,2026-02-20 11:51:28,3,217.4,652.2,4359.71
TRX007207,CLI0133,CRT00117,PRD0030,2026-04-18 14:43:51,2,153.58,307.16,2515.8
TRX007208,CLI0249,CRT01427,PRD0178,2026-05-09 19:10:33,9,198.09,1782.81,3574.68
TRX007209,CLI0105,CRT01705,PRD0162,2026-04-16 09:43:07,9,195.42,1758.78,1758.78
TRX007210,CLI0146,CRT03292,PRD0162,2026-01-05 23:26:06,6,195.42,1172.52,4796.48
TRX007211,CLI0007,CRT00046,PRD0183,2026-07-21 22:41:05,3,74.71,224.13,4853.0199999999995
TRX007212,CLI0138,CRT00068,PRD0035,2026-07-06 15:10:27,2,344.9,689.8,1685.0
TRX007213,CLI0212,CRT02000,PRD0178,2026-04-15 16:42:09,2,198.09,396.18,9151.84
TRX007214,CLI0163,CRT03301,PRD0049,2026-07-12 12:35:27,5,36.18,180.9,1855.93
TRX007215,CLI0241,CRT03181,PRD0117,2026-02-01 12:45:55,9,196.2,1765.8,2378.3599999999997
TRX007216,CLI0354,CRT01917,PRD0122,2026-06-22 14:22:53,5,224.09,1120.45,6558.6
TRX007217,CLI0170,CRT00258,PRD0125,2026-05-24 22:33:52,7,54.91,384.37,384.37
TRX007218,CLI0264,CRT01355,PRD0065,2026-01-30 02:34:47,1,88.06,88.06,3717.31
TRX007219,CLI0279,CRT01538,PRD0173,2026-03-24 11:30:46,4,330.57,1322.28,4890.6900000000005
TRX007220,CLI0379,CRT00920,PRD0188,2026-03-12 05:31:57,7,281.86,1973.02,6730.61
TRX007221,CLI0019,CRT02725,PRD0063,2026-02-18 05:09:28,4,30.34,121.36,2553.5
TRX007222,CLI0220,CRT03135,PRD0182,2026-03-29 10:48:35,9,200.1,1800.8999999999999,3104.6299999999997
TRX007223,CLI0095,CRT03487,PRD0083,2026-03-02 19:54:19,4,194.5,778.0,2482.7799999999997
TRX007224,CLI0416,CRT01754,PRD0052,2026-07-16 23:27:46,10,68.6,686.0,2329.97
TRX007225,CLI0111,CRT02431,PRD0061,2026-07-02 01:15:14,7,111.48,780.36,3715.64
TRX007226,CLI0187,CRT00439,PRD0105,2026-05-09 00:23:08,9,200.26,1802.34,3392.7799999999997
TRX007227,CLI0394,CRT03115,PRD0153,2026-04-21 07:15:45,8,63.71,509.68,2119.96
TRX007228,CLI0393,CRT00763,PRD0050,2026-05-22 05:36:42,9,164.79,1483.11,4725.51
TRX007229,CLI0274,CRT00679,PRD0185,2026-01-03 17:54:38,9,144.46,1300.14,2533.1400000000003
TRX007230,CLI0001,CRT02969,PRD0126,2026-02-27 00:52:25,5,146.67,733.3499999999999,2282.5699999999997
TRX007231,CLI0328,CRT01074,PRD0154,2026-02-23 11:40:58,3,283.35,850.0500000000001,5684.84
TRX007232,CLI0418,CRT02447,PRD0146,2026-03-25 11:44:54,1,318.04,318.04,3770.68
TRX007233,CLI0351,CRT03453,PRD0088,2026-07-02 13:01:05,5,64.83,324.15,2047.27
TRX007234,CLI0357,CRT03017,PRD0023,2026-04-19 13:31:57,8,262.09,2096.72,6698.98
TRX007235,CLI0389,CRT00072,PRD0195,2026-05-13 13:36:49,6,11.49,68.94,842.89
TRX007236,CLI0113,CRT01375,PRD0024,2026-03-17 21:58:39,10,78.71,787.0999999999999,4326.59
TRX007237,CLI0347,CRT01605,PRD0062,2026-01-22 04:20:26,9,321.99,2897.91,4535.86
TRX007238,CLI0418,CRT02656,PRD0195,2026-06-18 05:47:45,4,11.49,45.96,349.23999999999995
TRX007239,CLI0125,CRT02963,PRD0045,2026-01-15 19:47:21,6,301.22,1807.3200000000002,5306.03
TRX007240,CLI0365,CRT01170,PRD0086,2026-05-09 09:48:11,9,197.06,1773.54,7386.17
TRX007241,CLI0275,CRT00029,PRD0005,2026-06-25 17:17:16,10,228.33,2283.3,2283.3
TRX007242,CLI0412,CRT00563,PRD0142,2026-05-12 09:22:56,5,55.45,277.25,2979.53
TRX007243,CLI0120,CRT01218,PRD0005,2026-04-08 14:12:07,8,228.33,1826.64,8660.7
TRX007244,CLI0350,CRT00039,PRD0113,2026-04-22 07:21:05,8,310.43,2483.44,3043.6
TRX007245,CLI0255,CRT01727,PRD0096,2026-01-24 08:40:05,1,15.79,15.79,1737.1399999999999
TRX007246,CLI0280,CRT03449,PRD0169,2026-02-16 13:41:18,7,259.17,1814.19,4030.61
TRX007247,CLI0291,CRT01096,PRD0064,2026-02-03 03:22:58,10,237.14,2371.3999999999996,6528.97
TRX007248,CLI0194,CRT00456,PRD0070,2026-04-04 21:23:48,4,218.35,873.4,4289.83
TRX007249,CLI0172,CRT01370,PRD0135,2026-02-02 01:10:06,10,198.63,1986.3,6682.69
TRX007250,CLI0185,CRT01001,PRD0157,2026-01-10 03:23:26,3,263.29,789.8700000000001,2149.95
TRX007251,CLI0380,CRT01608,PRD0012,2026-02-13 02:21:21,9,69.32,623.8799999999999,766.2899999999998
TRX007252,CLI0157,CRT00892,PRD0129,2026-03-27 17:50:16,6,4.55,27.299999999999997,4109.79
TRX007253,CLI0233,CRT02038,PRD0078,2026-03-28 08:35:45,4,172.26,689.04,4842.16
TRX007254,CLI0239,CRT02198,PRD0178,2026-05-07 13:09:38,3,198.09,594.27,594.27
TRX007255,CLI0157,CRT02316,PRD0156,2026-04-19 13:43:45,1,87.81,87.81,2513.21
TRX007256,CLI0162,CRT02005,PRD0107,2026-04-13 05:58:58,3,114.48,343.44,7204.25
TRX007257,CLI0309,CRT02727,PRD0186,2026-05-22 07:51:56,6,13.84,83.03999999999999,5999.33
TRX007258,CLI0057,CRT00766,PRD0011,2026-01-25 19:02:56,5,104.38,521.9,3534.1000000000004
TRX007259,CLI0026,CRT00775,PRD0185,2026-04-04 08:02:10,7,144.46,1011.22,6586.950000000001
TRX007260,CLI0332,CRT01159,PRD0116,2026-01-05 05:14:33,2,281.93,563.86,3795.5199999999995
TRX007261,CLI0170,CRT00334,PRD0138,2026-04-30 05:38:10,7,308.17,2157.19,5084.92
TRX007262,CLI0197,CRT00054,PRD0004,2026-06-17 17:40:46,8,178.11,1424.88,2106.6800000000003
TRX007263,CLI0359,CRT02757,PRD0146,2026-05-27 10:16:01,10,318.04,3180.4,7430.33
TRX007264,CLI0212,CRT02000,PRD0191,2026-04-15 16:42:09,5,288.92,1444.6000000000001,9151.84
TRX007265,CLI0005,CRT02252,PRD0191,2026-05-13 21:21:05,7,288.92,2022.44,3588.06
TRX007266,CLI0032,CRT03124,PRD0094,2026-07-26 13:09:41,8,179.52,1436.16,2435.2200000000003
TRX007267,CLI0189,CRT02937,PRD0024,2026-02-07 17:26:24,8,78.71,629.68,724.42
TRX007268,CLI0422,CRT00163,PRD0036,2026-01-12 10:51:25,9,86.2,775.8000000000001,2612.77
TRX007269,CLI0058,CRT00855,PRD0145,2026-06-21 15:03:29,2,40.06,80.12,1242.44
TRX007270,CLI0006,CRT02231,PRD0080,2026-04-27 13:58:41,9,342.98,3086.82,6952.62
TRX007271,CLI0051,CRT03357,PRD0145,2026-01-13 23:36:56,10,40.06,400.6,2211.52
TRX007272,CLI0243,CRT01946,PRD0044,2026-01-30 18:00:52,9,248.47,2236.23,2619.45
TRX007273,CLI0235,CRT01450,PRD0039,2026-03-19 20:39:10,7,305.67,2139.69,5973.900000000001
TRX007274,CLI0162,CRT00887,PRD0102,2026-05-05 21:44:23,4,233.03,932.12,4892.88
TRX007275,CLI0076,CRT00049,PRD0015,2026-05-26 21:24:21,7,125.96,881.7199999999999,4953.7
TRX007276,CLI0260,CRT03103,PRD0160,2026-04-26 09:34:09,2,246.16,492.32,5246.56
TRX007277,CLI0052,CRT00409,PRD0036,2026-03-14 22:33:21,4,86.2,344.8,3332.35
TRX007278,CLI0058,CRT01345,PRD0064,2026-07-23 05:25:58,10,237.14,2371.3999999999996,11416.449999999999
TRX007279,CLI0419,CRT01555,PRD0132,2026-04-24 21:45:35,6,153.95,923.6999999999999,3377.55
TRX007280,CLI0218,CRT02782,PRD0118,2026-06-23 18:31:14,10,163.96,1639.6000000000001,6295.71
TRX007281,CLI0175,CRT02157,PRD0191,2026-02-23 16:44:26,5,288.92,1444.6000000000001,2413.8
TRX007282,CLI0032,CRT00023,PRD0094,2026-02-08 03:31:15,6,179.52,1077.1200000000001,7092.83
TRX007283,CLI0275,CRT03138,PRD0046,2026-06-26 05:51:01,10,234.97,2349.7,3169.0499999999997
TRX007284,CLI0211,CRT01171,PRD0092,2026-05-20 20:59:03,3,10.72,32.160000000000004,1792.6400000000003
TRX007285,CLI0022,CRT03414,PRD0184,2026-05-29 18:56:07,2,85.85,171.7,1590.8
TRX007286,CLI0293,CRT03193,PRD0115,2026-04-21 08:48:17,2,301.5,603.0,4880.59
TRX007287,CLI0365,CRT01170,PRD0121,2026-05-09 09:48:11,9,301.87,2716.83,7386.17
TRX007288,CLI0052,CRT03068,PRD0072,2026-05-09 05:28:05,6,308.05,1848.3000000000002,5104.16
TRX007289,CLI0414,CRT01970,PRD0098,2026-01-17 12:17:47,8,136.36,1090.88,1888.73
TRX007290,CLI0366,CRT02765,PRD0116,2026-02-09 23:56:28,3,281.93,845.79,3401.6800000000003
TRX007291,CLI0092,CRT01901,PRD0153,2026-07-21 06:38:02,4,63.71,254.84,460.64
TRX007292,CLI0254,CRT01132,PRD0014,2026-06-15 02:14:18,6,99.1,594.5999999999999,1993.6100000000001
TRX007293,CLI0055,CRT01980,PRD0193,2026-07-20 22:13:48,1,190.14,190.14,6282.099999999999
TRX007294,CLI0381,CRT00652,PRD0164,2026-06-29 02:54:54,2,242.9,485.8,6244.07
TRX007295,CLI0235,CRT00599,PRD0051,2026-01-31 18:52:02,10,142.41,1424.1,4138.68
TRX007296,CLI0193,CRT02580,PRD0091,2026-06-04 18:56:07,5,321.66,1608.3000000000002,2767.1000000000004
TRX007297,CLI0167,CRT02699,PRD0137,2026-01-17 19:34:12,8,116.26,930.08,1282.04
TRX007298,CLI0092,CRT01091,PRD0015,2026-06-30 21:42:14,4,125.96,503.84,713.3
TRX007299,CLI0168,CRT01384,PRD0096,2026-04-22 21:05:51,8,15.79,126.32,2877.2200000000003
TRX007300,CLI0266,CRT00809,PRD0044,2026-02-04 10:59:22,8,248.47,1987.76,3250.58
TRX007301,CLI0424,CRT02952,PRD0079,2026-01-04 23:27:53,10,98.65,986.5,1609.6399999999999
TRX007302,CLI0277,CRT01467,PRD0185,2026-02-11 19:25:45,7,144.46,1011.22,6101.51
TRX007303,CLI0064,CRT02815,PRD0003,2026-05-05 00:15:05,3,149.12,447.36,3412.1900000000005
TRX007304,CLI0134,CRT00628,PRD0143,2026-04-03 13:07:06,7,331.85,2322.9500000000003,6370.66
TRX007305,CLI0294,CRT00030,PRD0086,2026-03-02 17:20:24,4,197.06,788.24,3434.52
TRX007306,CLI0226,CRT02430,PRD0193,2026-04-02 06:28:42,9,190.14,1711.2599999999998,4323.98
TRX007307,CLI0007,CRT01602,PRD0079,2026-06-22 17:54:01,10,98.65,986.5,986.5
TRX007308,CLI0013,CRT01239,PRD0131,2026-06-08 03:20:50,7,212.13,1484.9099999999999,3733.9399999999996
TRX007309,CLI0108,CRT00653,PRD0173,2026-02-12 14:27:21,6,330.57,1983.42,5051.1900000000005
TRX007310,CLI0121,CRT00896,PRD0021,2026-05-09 10:02:39,5,175.98,879.9,6829.1
TRX007311,CLI0289,CRT03442,PRD0033,2026-04-22 11:44:28,10,267.47,2674.7000000000003,5522.66
TRX007312,CLI0394,CRT03115,PRD0190,2026-04-21 07:15:45,10,23.22,232.2,2119.96
TRX007313,CLI0227,CRT02433,PRD0059,2026-06-28 01:44:19,8,252.15,2017.2,6051.58
TRX007314,CLI0072,CRT00442,PRD0171,2026-04-25 05:47:49,8,127.91,1023.28,7872.34
TRX007315,CLI0228,CRT03176,PRD0042,2026-05-09 21:09:43,10,88.65,886.5,2975.1600000000003
TRX007316,CLI0059,CRT00401,PRD0007,2026-02-16 20:39:16,2,149.36,298.72,371.14000000000004
TRX007317,CLI0330,CRT02805,PRD0003,2026-05-12 01:17:23,8,149.12,1192.96,7795.84
TRX007318,CLI0331,CRT02947,PRD0009,2026-04-14 03:38:57,9,297.0,2673.0,6109.43
TRX007319,CLI0092,CRT00790,PRD0080,2026-05-23 20:19:16,3,342.98,1028.94,5078.87
TRX007320,CLI0378,CRT02632,PRD0050,2026-01-01 11:18:57,3,164.79,494.37,2054.89
TRX007321,CLI0116,CRT00022,PRD0149,2026-03-10 20:32:36,1,344.39,344.39,3643.83
TRX007322,CLI0227,CRT00662,PRD0102,2026-06-10 04:36:09,1,233.03,233.03,3037.7300000000005
TRX007323,CLI0183,CRT02452,PRD0030,2026-03-24 06:19:16,9,153.58,1382.22,5484.83
TRX007324,CLI0022,CRT00589,PRD0193,2026-05-04 13:30:53,2,190.14,380.28,1328.84
TRX007325,CLI0233,CRT02265,PRD0126,2026-07-22 01:32:10,1,146.67,146.67,449.94999999999993
TRX007326,CLI0284,CRT02128,PRD0199,2026-04-15 02:22:59,1,223.09,223.09,1575.5500000000002
TRX007327,CLI0138,CRT02311,PRD0112,2026-05-29 14:35:52,2,344.42,688.84,1669.8400000000001
TRX007328,CLI0314,CRT00237,PRD0103,2026-01-14 00:25:26,5,234.25,1171.25,1314.89
TRX007329,CLI0279,CRT03175,PRD0045,2026-01-26 23:03:57,3,301.22,903.6600000000001,903.6600000000001
TRX007330,CLI0364,CRT01836,PRD0182,2026-05-24 17:39:56,9,200.1,1800.8999999999999,5522.38
TRX007331,CLI0396,CRT00436,PRD0173,2026-05-31 10:35:41,7,330.57,2313.99,4822.4
TRX007332,CLI0162,CRT02005,PRD0160,2026-04-13 05:58:58,7,246.16,1723.12,7204.25
TRX007333,CLI0238,CRT01711,PRD0008,2026-05-05 20:22:57,10,119.47,1194.7,1550.92
TRX007334,CLI0158,CRT00015,PRD0095,2026-07-20 14:28:16,1,42.58,42.58,6826.68
TRX007335,CLI0284,CRT01282,PRD0144,2026-01-11 13:59:13,7,213.05,1491.3500000000001,6454.26
TRX007336,CLI0220,CRT00331,PRD0105,2026-03-13 20:15:54,3,200.26,600.78,2011.19
TRX007337,CLI0421,CRT00373,PRD0017,2026-02-28 09:25:01,6,134.36,806.1600000000001,4577.42
TRX007338,CLI0022,CRT00393,PRD0128,2026-01-02 20:51:07,2,9.29,18.58,18.58
TRX007339,CLI0298,CRT01528,PRD0046,2026-01-15 05:19:14,6,234.97,1409.82,6818.18
TRX007340,CLI0103,CRT01875,PRD0086,2026-05-06 16:13:05,8,197.06,1576.48,3151.37
TRX007341,CLI0218,CRT01164,PRD0071,2026-06-09 06:32:46,6,76.57,459.41999999999996,1146.2199999999998
TRX007342,CLI0060,CRT01928,PRD0184,2026-02-12 05:32:58,10,85.85,858.5,9269.33
TRX007343,CLI0087,CRT02557,PRD0109,2026-05-06 00:03:26,6,181.62,1089.72,1398.9
TRX007344,CLI0311,CRT03083,PRD0030,2026-01-20 05:32:55,2,153.58,307.16,7032.67
TRX007345,CLI0126,CRT01992,PRD0001,2026-05-02 12:25:37,5,260.19,1300.95,3015.77
TRX007346,CLI0348,CRT01624,PRD0027,2026-01-07 06:31:14,10,209.57,2095.7,2216.5299999999997
TRX007347,CLI0126,CRT03405,PRD0013,2026-05-28 15:40:55,1,103.06,103.06,401.61
TRX007348,CLI0062,CRT00587,PRD0090,2026-01-21 17:56:14,10,15.96,159.60000000000002,4447.16
TRX007349,CLI0364,CRT02418,PRD0005,2026-02-04 11:54:35,7,228.33,1598.3100000000002,1598.3100000000002
TRX007350,CLI0424,CRT01337,PRD0059,2026-07-20 10:57:58,8,252.15,2017.2,3925.4400000000005
TRX007351,CLI0121,CRT01809,PRD0109,2026-05-01 12:53:59,2,181.62,363.24,5942.62
TRX007352,CLI0228,CRT02481,PRD0051,2026-07-09 11:58:02,1,142.41,142.41,142.41
TRX007353,CLI0149,CRT02627,PRD0135,2026-01-23 04:03:19,9,198.63,1787.67,3906.69
TRX007354,CLI0338,CRT02706,PRD0088,2026-01-31 06:34:40,1,64.83,64.83,4350.33
TRX007355,CLI0293,CRT03211,PRD0144,2026-04-08 00:55:14,1,213.05,213.05,1492.1499999999999
TRX007356,CLI0255,CRT01676,PRD0099,2026-06-12 02:44:32,5,248.8,1244.0,6865.97
TRX007357,CLI0126,CRT02680,PRD0140,2026-01-09 04:19:31,6,80.42,482.52,1567.3600000000001
TRX007358,CLI0288,CRT02448,PRD0153,2026-06-10 06:54:04,9,63.71,573.39,5294.61
TRX007359,CLI0270,CRT03004,PRD0042,2026-05-28 07:59:08,8,88.65,709.2,2800.5
TRX007360,CLI0198,CRT00236,PRD0080,2026-02-08 20:19:43,3,342.98,1028.94,7700.51
TRX007361,CLI0064,CRT03427,PRD0014,2026-01-14 17:46:51,5,99.1,495.5,1682.83
TRX007362,CLI0138,CRT02131,PRD0125,2026-05-22 21:20:30,3,54.91,164.73,4306.79
TRX007363,CLI0328,CRT00542,PRD0147,2026-05-07 15:58:56,3,208.25,624.75,3233.9
TRX007364,CLI0241,CRT03181,PRD0071,2026-02-01 12:45:55,8,76.57,612.56,2378.3599999999997
TRX007365,CLI0153,CRT01679,PRD0019,2026-05-27 14:38:14,5,13.65,68.25,68.25
TRX007366,CLI0133,CRT00604,PRD0142,2026-02-17 19:58:21,10,55.45,554.5,6266.45
TRX007367,CLI0118,CRT01782,PRD0004,2026-01-23 16:50:10,7,178.11,1246.77,3102.68
TRX007368,CLI0224,CRT01161,PRD0073,2026-02-04 03:04:57,7,292.23,2045.6100000000001,3565.83
TRX007369,CLI0256,CRT03088,PRD0017,2026-01-25 16:33:32,6,134.36,806.1600000000001,1992.72
TRX007370,CLI0329,CRT03032,PRD0103,2026-01-09 21:59:50,3,234.25,702.75,3963.14
TRX007371,CLI0261,CRT02301,PRD0124,2026-05-30 17:48:12,10,96.92,969.2,3114.98
TRX007372,CLI0201,CRT03485,PRD0138,2026-01-15 04:26:06,5,308.17,1540.8500000000001,4472.4400000000005
TRX007373,CLI0308,CRT00484,PRD0154,2026-02-06 21:12:48,9,283.35,2550.15,5830.38
TRX007374,CLI0100,CRT02529,PRD0143,2026-07-15 15:53:06,4,331.85,1327.4,4328.360000000001
TRX007375,CLI0166,CRT01669,PRD0026,2026-05-27 03:33:29,1,238.97,238.97,7495.34
TRX007376,CLI0153,CRT00005,PRD0176,2026-03-02 03:29:31,6,288.19,1729.1399999999999,4980.95
TRX007377,CLI0129,CRT00622,PRD0042,2026-05-24 20:40:27,2,88.65,177.3,2600.9
TRX007378,CLI0291,CRT00749,PRD0010,2026-02-17 19:47:33,8,162.15,1297.2,7205.210000000001
TRX007379,CLI0282,CRT01031,PRD0042,2026-03-24 00:13:23,2,88.65,177.3,2501.2
TRX007380,CLI0033,CRT00447,PRD0003,2026-03-09 13:27:02,10,149.12,1491.2,5261.6900000000005
TRX007381,CLI0112,CRT03244,PRD0091,2026-01-08 11:55:31,8,321.66,2573.28,4233.45
TRX007382,CLI0157,CRT03428,PRD0026,2026-01-02 15:40:03,3,238.97,716.91,2373.0299999999997
TRX007383,CLI0066,CRT00474,PRD0065,2026-05-27 21:34:00,6,88.06,528.36,2612.28
TRX007384,CLI0054,CRT03310,PRD0031,2026-03-24 15:51:45,2,267.28,534.56,3297.21
TRX007385,CLI0219,CRT00208,PRD0131,2026-07-09 04:13:11,3,212.13,636.39,3097.87
TRX007386,CLI0017,CRT00311,PRD0047,2026-04-02 16:28:42,4,327.59,1310.36,7434.48
TRX007387,CLI0394,CRT00976,PRD0142,2026-07-02 01:52:05,5,55.45,277.25,5897.780000000001
TRX007388,CLI0237,CRT03456,PRD0039,2026-01-08 20:20:57,4,305.67,1222.68,1222.68
TRX007389,CLI0407,CRT02292,PRD0055,2026-02-18 06:58:44,4,349.75,1399.0,3562.9799999999996
TRX007390,CLI0269,CRT02559,PRD0029,2026-04-17 23:49:49,6,95.22,571.3199999999999,4108.5199999999995
TRX007391,CLI0176,CRT03236,PRD0164,2026-03-30 17:37:07,4,242.9,971.6,2244.05
TRX007392,CLI0151,CRT03011,PRD0055,2026-04-28 05:14:52,7,349.75,2448.25,5119.99
TRX007393,CLI0344,CRT02618,PRD0200,2026-02-01 04:56:33,8,144.4,1155.2,3369.8099999999995
TRX007394,CLI0343,CRT00232,PRD0067,2026-03-28 18:53:59,6,327.31,1963.8600000000001,5010.05
TRX007395,CLI0348,CRT03409,PRD0041,2026-05-20 16:21:26,8,228.33,1826.64,2147.12
TRX007396,CLI0009,CRT03348,PRD0023,2026-04-28 06:48:34,8,262.09,2096.72,6704.18
TRX007397,CLI0155,CRT02021,PRD0087,2026-01-22 01:20:45,8,302.95,2423.6,2498.31
TRX007398,CLI0176,CRT02487,PRD0115,2026-03-04 07:29:36,8,301.5,2412.0,3718.06
TRX007399,CLI0162,CRT02454,PRD0170,2026-01-04 14:10:11,4,100.84,403.36,2735.8900000000003
TRX007400,CLI0157,CRT02356,PRD0113,2026-07-08 00:21:08,5,310.43,1552.15,3717.08
TRX007401,CLI0005,CRT02576,PRD0173,2026-01-16 09:41:15,3,330.57,991.71,1959.38
TRX007402,CLI0064,CRT02572,PRD0023,2026-03-12 02:20:23,7,262.09,1834.6299999999999,3265.63
TRX007403,CLI0033,CRT00447,PRD0084,2026-03-09 13:27:02,6,129.22,775.3199999999999,5261.6900000000005
TRX007404,CLI0018,CRT02220,PRD0080,2026-04-07 11:24:22,9,342.98,3086.82,4484.67
TRX007405,CLI0112,CRT03426,PRD0025,2026-03-14 21:35:35,8,265.13,2121.04,4599.63
TRX007406,CLI0373,CRT00970,PRD0169,2026-07-22 18:37:45,6,259.17,1555.02,2827.1800000000003
TRX007407,CLI0126,CRT02501,PRD0157,2026-04-19 06:25:25,1,263.29,263.29,3021.0899999999997
TRX007408,CLI0130,CRT00523,PRD0123,2026-03-20 21:01:53,4,85.64,342.56,2787.92
TRX007409,CLI0054,CRT02984,PRD0168,2026-03-11 18:10:37,2,260.65,521.3,650.52
TRX007410,CLI0129,CRT00458,PRD0095,2026-04-07 08:06:55,1,42.58,42.58,719.0799999999999
TRX007411,CLI0307,CRT01537,PRD0136,2026-07-12 06:05:06,5,303.73,1518.65,4976.74
TRX007412,CLI0252,CRT01258,PRD0002,2026-01-28 05:14:17,10,38.12,381.2,2393.08
TRX007413,CLI0370,CRT03257,PRD0042,2026-05-05 15:46:55,8,88.65,709.2,2622.7799999999997
TRX007414,CLI0329,CRT02435,PRD0001,2026-06-19 03:44:33,10,260.19,2601.9,2601.9
TRX007415,CLI0050,CRT00362,PRD0075,2026-02-12 19:35:13,2,38.5,77.0,77.0
TRX007416,CLI0026,CRT01306,PRD0182,2026-03-20 03:32:32,5,200.1,1000.5,1000.5
TRX007417,CLI0274,CRT00679,PRD0013,2026-01-03 17:54:38,1,103.06,103.06,2533.1400000000003
TRX007418,CLI0341,CRT03145,PRD0004,2026-07-07 11:31:26,8,178.11,1424.88,3887.6500000000005
TRX007419,CLI0173,CRT02658,PRD0020,2026-04-19 17:14:12,8,75.82,606.56,606.56
TRX007420,CLI0309,CRT01762,PRD0079,2026-07-06 19:56:31,2,98.65,197.3,1583.93
TRX007421,CLI0190,CRT01463,PRD0117,2026-02-17 07:28:10,3,196.2,588.5999999999999,885.5999999999999
TRX007422,CLI0260,CRT03103,PRD0001,2026-04-26 09:34:09,9,260.19,2341.71,5246.56
TRX007423,CLI0191,CRT01426,PRD0138,2026-03-30 16:28:18,1,308.17,308.17,4508.969999999999
TRX007424,CLI0294,CRT01386,PRD0058,2026-01-02 15:12:38,7,275.33,1927.31,9419.52
TRX007425,CLI0308,CRT00011,PRD0158,2026-05-03 07:16:11,2,12.47,24.94,1993.03
TRX007426,CLI0284,CRT03446,PRD0067,2026-02-21 10:57:40,10,327.31,3273.1,4883.48
TRX007427,CLI0039,CRT00202,PRD0006,2026-07-05 03:41:16,10,207.27,2072.7000000000003,5451.5
TRX007428,CLI0326,CRT02504,PRD0066,2026-02-21 09:53:53,1,148.18,148.18,1889.21
TRX007429,CLI0068,CRT02083,PRD0132,2026-07-15 05:02:36,8,153.95,1231.6,3768.34
TRX007430,CLI0075,CRT03273,PRD0098,2026-07-19 11:26:55,5,136.36,681.8000000000001,5755.51
TRX007431,CLI0139,CRT01540,PRD0060,2026-06-25 13:11:56,7,339.13,2373.91,3839.18
TRX007432,CLI0187,CRT01609,PRD0117,2026-02-20 12:19:45,7,196.2,1373.3999999999999,3642.2299999999996
TRX007433,CLI0355,CRT01393,PRD0083,2026-07-07 14:48:16,7,194.5,1361.5,8173.58
TRX007434,CLI0054,CRT02046,PRD0139,2026-03-25 18:48:12,10,30.96,309.6,3181.71
TRX007435,CLI0401,CRT02139,PRD0104,2026-03-04 19:34:15,8,46.73,373.84,3212.5699999999997
TRX007436,CLI0111,CRT00785,PRD0118,2026-05-13 03:32:09,5,163.96,819.8000000000001,2946.6000000000004
TRX007437,CLI0228,CRT02688,PRD0060,2026-04-05 00:25:20,8,339.13,2713.04,4332.24
TRX007438,CLI0236,CRT02394,PRD0024,2026-04-29 20:58:34,3,78.71,236.13,3118.92
TRX007439,CLI0092,CRT02282,PRD0002,2026-02-20 00:46:57,2,38.12,76.24,5064.34
TRX007440,CLI0055,CRT03468,PRD0164,2026-03-27 21:38:21,8,242.9,1943.2,6747.700000000001
TRX007441,CLI0288,CRT00314,PRD0131,2026-04-10 08:39:02,2,212.13,424.26,2594.26
TRX007442,CLI0074,CRT02390,PRD0193,2026-04-25 02:19:44,3,190.14,570.42,3183.2900000000004
TRX007443,CLI0359,CRT02846,PRD0082,2026-03-05 15:37:30,5,316.62,1583.1,5886.47
TRX007444,CLI0034,CRT03424,PRD0115,2026-07-24 10:43:50,4,301.5,1206.0,1555.75
TRX007445,CLI0187,CRT00260,PRD0142,2026-07-03 16:28:34,6,55.45,332.70000000000005,2215.44
TRX007446,CLI0410,CRT01045,PRD0020,2026-07-23 12:52:26,7,75.82,530.74,1092.08
TRX007447,CLI0228,CRT03029,PRD0144,2026-07-20 23:28:41,7,213.05,1491.3500000000001,3920.0200000000004
TRX007448,CLI0399,CRT00144,PRD0040,2026-01-21 17:45:08,9,256.15,2305.35,6441.209999999999
TRX007449,CLI0053,CRT03308,PRD0066,2026-01-08 08:09:22,4,148.18,592.72,5001.59
TRX007450,CLI0233,CRT02038,PRD0033,2026-03-28 08:35:45,1,267.47,267.47,4842.16
TRX007451,CLI0076,CRT03346,PRD0067,2026-04-29 03:54:07,4,327.31,1309.24,7622.78
TRX007452,CLI0314,CRT00764,PRD0032,2026-03-14 11:44:43,3,224.53,673.59,3301.98
TRX007453,CLI0153,CRT03305,PRD0049,2026-06-28 16:33:02,6,36.18,217.07999999999998,2190.59
TRX007454,CLI0204,CRT00103,PRD0033,2026-05-30 03:43:30,4,267.47,1069.88,5573.01
TRX007455,CLI0176,CRT00868,PRD0133,2026-06-27 04:03:05,7,238.5,1669.5,1669.5
TRX007456,CLI0088,CRT03379,PRD0196,2026-03-22 02:31:43,10,349.85,3498.5,6112.93
TRX007457,CLI0212,CRT01895,PRD0188,2026-01-25 16:55:03,6,281.86,1691.16,3305.67
TRX007458,CLI0368,CRT00966,PRD0065,2026-07-07 04:29:53,3,88.06,264.18,2125.89
TRX007459,CLI0064,CRT02171,PRD0168,2026-04-29 13:29:19,6,260.65,1563.8999999999999,1563.8999999999999
TRX007460,CLI0144,CRT01372,PRD0039,2026-02-04 04:02:43,6,305.67,1834.02,5502.2300000000005
TRX007461,CLI0052,CRT00528,PRD0092,2026-02-24 18:30:29,9,10.72,96.48,5486.58
TRX007462,CLI0197,CRT00285,PRD0090,2026-04-18 22:10:22,8,15.96,127.68,370.58000000000004
TRX007463,CLI0381,CRT03041,PRD0061,2026-02-24 14:34:41,7,111.48,780.36,3875.53
TRX007464,CLI0256,CRT03287,PRD0070,2026-01-12 09:59:28,8,218.35,1746.8,4991.0
TRX007465,CLI0235,CRT01470,PRD0055,2026-03-23 05:40:54,4,349.75,1399.0,7832.56
TRX007466,CLI0076,CRT00049,PRD0012,2026-05-26 21:24:21,6,69.32,415.91999999999996,4953.7
TRX007467,CLI0281,CRT00196,PRD0140,2026-05-08 07:33:42,1,80.42,80.42,80.42
TRX007468,CLI0245,CRT01421,PRD0143,2026-07-08 21:07:17,8,331.85,2654.8,7697.77
TRX007469,CLI0250,CRT03097,PRD0100,2026-01-11 13:14:01,9,252.5,2272.5,6943.9400000000005
TRX007470,CLI0269,CRT03391,PRD0081,2026-05-09 06:05:28,2,151.12,302.24,3574.46
TRX007471,CLI0065,CRT01462,PRD0188,2026-04-23 09:28:52,1,281.86,281.86,634.1
TRX007472,CLI0232,CRT03394,PRD0150,2026-05-06 12:46:17,8,151.36,1210.88,3675.28
TRX007473,CLI0314,CRT01377,PRD0136,2026-02-13 21:02:55,3,303.73,911.19,6860.72
TRX007474,CLI0067,CRT03340,PRD0120,2026-02-26 13:14:23,9,291.12,2620.08,3615.38
TRX007475,CLI0245,CRT03070,PRD0010,2026-05-31 01:21:43,4,162.15,648.6,648.6
TRX007476,CLI0162,CRT00143,PRD0022,2026-07-03 06:33:59,10,51.02,510.20000000000005,6128.700000000001
TRX007477,CLI0416,CRT00819,PRD0024,2026-03-18 03:20:46,5,78.71,393.54999999999995,3399.46
TRX007478,CLI0111,CRT01380,PRD0066,2026-06-01 17:14:21,8,148.18,1185.44,3556.9799999999996
TRX007479,CLI0033,CRT00536,PRD0032,2026-03-09 08:04:27,7,224.53,1571.71,3533.71
TRX007480,CLI0078,CRT01997,PRD0065,2026-07-12 19:17:02,5,88.06,440.3,4499.28
TRX007481,CLI0064,CRT02815,PRD0102,2026-05-05 00:15:05,7,233.03,1631.21,3412.1900000000005
TRX007482,CLI0078,CRT01268,PRD0088,2026-06-29 12:00:31,2,64.83,129.66,661.4100000000001
TRX007483,CLI0225,CRT00212,PRD0037,2026-06-09 09:46:07,3,171.38,514.14,4385.17
TRX007484,CLI0064,CRT02035,PRD0090,2026-01-13 23:42:02,7,15.96,111.72,111.72
TRX007485,CLI0154,CRT02726,PRD0109,2026-02-25 04:53:10,2,181.62,363.24,9658.92
TRX007486,CLI0162,CRT02742,PRD0108,2026-07-21 15:47:16,5,166.93,834.6500000000001,7306.88
TRX007487,CLI0362,CRT01052,PRD0081,2026-03-22 01:09:05,10,151.12,1511.2,7457.92
TRX007488,CLI0242,CRT00127,PRD0045,2026-02-02 09:25:02,10,301.22,3012.2000000000003,5167.29
TRX007489,CLI0088,CRT03379,PRD0197,2026-03-22 02:31:43,4,267.68,1070.72,6112.93
TRX007490,CLI0355,CRT01371,PRD0056,2026-05-26 02:10:18,7,143.73,1006.1099999999999,4279.8099999999995
TRX007491,CLI0200,CRT00688,PRD0118,2026-04-07 08:01:53,4,163.96,655.84,7780.32
TRX007492,CLI0393,CRT01072,PRD0194,2026-06-18 11:22:37,2,311.57,623.14,3586.33
TRX007493,CLI0197,CRT02696,PRD0004,2026-05-04 23:28:08,10,178.11,1781.1000000000001,3838.92
TRX007494,CLI0011,CRT02511,PRD0182,2026-07-15 13:53:13,7,200.1,1400.7,3300.84
TRX007495,CLI0256,CRT01987,PRD0072,2026-07-07 03:36:54,3,308.05,924.1500000000001,1051.8300000000002
TRX007496,CLI0229,CRT01204,PRD0181,2026-04-05 06:23:09,8,318.21,2545.68,3576.0
TRX007497,CLI0228,CRT01059,PRD0179,2026-05-10 00:54:28,6,196.43,1178.58,1908.6799999999998
TRX007498,CLI0348,CRT02116,PRD0102,2026-02-13 02:08:41,7,233.03,1631.21,3872.9700000000003
TRX007499,CLI0183,CRT00586,PRD0142,2026-02-09 03:53:03,5,55.45,277.25,2259.09
TRX007500,CLI0167,CRT00665,PRD0119,2026-05-02 17:00:35,5,332.64,1663.1999999999998,6267.12
TRX007501,CLI0125,CRT02963,PRD0024,2026-01-15 19:47:21,4,78.71,314.84,5306.03
TRX007502,CLI0146,CRT01349,PRD0109,2026-02-23 15:49:33,10,181.62,1816.2,5006.52
TRX007503,CLI0353,CRT01519,PRD0014,2026-06-15 08:54:39,1,99.1,99.1,1744.96
TRX007504,CLI0310,CRT02920,PRD0178,2026-04-05 11:49:00,10,198.09,1980.9,4348.44
TRX007505,CLI0105,CRT00310,PRD0169,2026-07-12 19:42:12,6,259.17,1555.02,3475.74
TRX007506,CLI0269,CRT03391,PRD0166,2026-05-09 06:05:28,2,124.75,249.5,3574.46
TRX007507,CLI0121,CRT00896,PRD0027,2026-05-09 10:02:39,10,209.57,2095.7,6829.1
TRX007508,CLI0006,CRT02751,PRD0122,2026-01-26 13:43:54,6,224.09,1344.54,3662.14
TRX007509,CLI0151,CRT02330,PRD0179,2026-05-09 18:40:12,7,196.43,1375.01,4738.71
TRX007510,CLI0141,CRT03219,PRD0074,2026-01-22 05:14:04,7,229.76,1608.32,4031.5199999999995
TRX007511,CLI0341,CRT02586,PRD0141,2026-04-13 13:46:42,4,13.28,53.12,4698.82
TRX007512,CLI0402,CRT03293,PRD0192,2026-05-28 00:10:09,1,241.82,241.82,4071.63
TRX007513,CLI0366,CRT01942,PRD0154,2026-01-16 19:14:06,1,283.35,283.35,1420.3899999999999
TRX007514,CLI0279,CRT01122,PRD0133,2026-06-27 08:35:53,7,238.5,1669.5,8484.73
TRX007515,CLI0174,CRT02358,PRD0073,2026-02-27 15:15:38,4,292.23,1168.92,3017.5
TRX007516,CLI0198,CRT00355,PRD0176,2026-03-07 19:40:09,7,288.19,2017.33,4271.3
TRX007517,CLI0235,CRT01802,PRD0010,2026-01-22 00:22:32,3,162.15,486.45000000000005,5099.12
TRX007518,CLI0215,CRT01797,PRD0148,2026-02-16 14:52:26,2,270.94,541.88,1506.9
TRX007519,CLI0192,CRT03102,PRD0071,2026-01-22 15:02:38,1,76.57,76.57,1125.3899999999999
TRX007520,CLI0257,CRT00138,PRD0082,2026-01-31 13:53:46,6,316.62,1899.72,8168.21
TRX007521,CLI0176,CRT02573,PRD0065,2026-01-08 21:19:21,2,88.06,176.12,2850.82
TRX007522,CLI0327,CRT03323,PRD0100,2026-04-25 04:27:19,7,252.5,1767.5,5323.66
TRX007523,CLI0159,CRT02080,PRD0122,2026-05-25 16:28:13,5,224.09,1120.45,1340.0900000000001
TRX007524,CLI0342,CRT02406,PRD0171,2026-01-18 07:54:36,1,127.91,127.91,4008.9300000000003
TRX007525,CLI0275,CRT00344,PRD0022,2026-04-14 03:20:51,8,51.02,408.16,632.25
TRX007526,CLI0108,CRT02180,PRD0038,2026-01-02 07:08:21,9,231.76,2085.84,3853.71
TRX007527,CLI0249,CRT01427,PRD0090,2026-05-09 19:10:33,8,15.96,127.68,3574.68
TRX007528,CLI0405,CRT02239,PRD0119,2026-02-19 20:52:12,1,332.64,332.64,2529.4900000000002
TRX007529,CLI0417,CRT02536,PRD0110,2026-04-03 22:58:20,5,286.9,1434.5,4308.84
TRX007530,CLI0413,CRT03177,PRD0004,2026-01-09 10:33:18,9,178.11,1602.9900000000002,5547.21
TRX007531,CLI0312,CRT02490,PRD0062,2026-04-08 18:59:10,2,321.99,643.98,3580.0600000000004
TRX007532,CLI0034,CRT02304,PRD0067,2026-02-12 18:31:05,2,327.31,654.62,1538.3200000000002
TRX007533,CLI0071,CRT01999,PRD0083,2026-07-25 15:36:46,4,194.5,778.0,8050.73
TRX007534,CLI0074,CRT01331,PRD0029,2026-06-13 09:51:53,6,95.22,571.3199999999999,7383.87
TRX007535,CLI0251,CRT00773,PRD0175,2026-05-15 22:43:05,4,120.9,483.6,1908.06
TRX007536,CLI0410,CRT01959,PRD0066,2026-02-11 22:38:26,8,148.18,1185.44,2511.03
TRX007537,CLI0203,CRT02818,PRD0174,2026-04-06 10:53:47,4,6.76,27.04,688.52
TRX007538,CLI0359,CRT03106,PRD0021,2026-05-24 00:17:21,10,175.98,1759.8,3972.6
TRX007539,CLI0003,CRT02521,PRD0200,2026-01-04 18:13:47,7,144.4,1010.8000000000001,2532.2400000000002
TRX007540,CLI0318,CRT03369,PRD0001,2026-06-29 14:43:46,6,260.19,1561.1399999999999,3563.2999999999997
TRX007541,CLI0041,CRT00987,PRD0114,2026-06-03 21:50:56,3,141.38,424.14,2333.3999999999996
TRX007542,CLI0304,CRT01614,PRD0179,2026-03-11 23:26:28,8,196.43,1571.44,3288.4
TRX007543,CLI0221,CRT03353,PRD0072,2026-02-24 05:29:02,3,308.05,924.1500000000001,5906.83
TRX007544,CLI0329,CRT03112,PRD0107,2026-05-17 16:55:29,10,114.48,1144.8,3167.5199999999995
TRX007545,CLI0185,CRT02334,PRD0093,2026-01-10 19:52:48,6,302.86,1817.16,5175.2300000000005
TRX007546,CLI0206,CRT01277,PRD0190,2026-01-15 23:01:13,10,23.22,232.2,232.2
TRX007547,CLI0375,CRT00826,PRD0160,2026-07-26 20:58:54,9,246.16,2215.44,4492.29
TRX007548,CLI0180,CRT00860,PRD0022,2026-06-07 16:06:01,7,51.02,357.14000000000004,1736.03
TRX007549,CLI0327,CRT03323,PRD0070,2026-04-25 04:27:19,8,218.35,1746.8,5323.66
TRX007550,CLI0327,CRT03323,PRD0186,2026-04-25 04:27:19,8,13.84,110.72,5323.66
TRX007551,CLI0352,CRT00122,PRD0034,2026-05-17 23:14:25,8,115.14,921.12,5746.82
TRX007552,CLI0038,CRT02414,PRD0024,2026-06-13 16:49:02,1,78.71,78.71,3257.51
TRX007553,CLI0367,CRT00272,PRD0042,2026-03-28 03:55:25,6,88.65,531.9000000000001,6693.34
TRX007554,CLI0389,CRT02473,PRD0076,2026-02-01 11:14:41,6,260.49,1562.94,5795.38
TRX007555,CLI0332,CRT01281,PRD0105,2026-02-21 06:25:49,5,200.26,1001.3,2218.88
TRX007556,CLI0134,CRT02340,PRD0156,2026-01-03 10:54:12,9,87.81,790.29,4123.46
TRX007557,CLI0199,CRT01749,PRD0013,2026-01-03 14:18:28,10,103.06,1030.6,4692.539999999999
TRX007558,CLI0413,CRT00098,PRD0184,2026-03-20 23:24:05,10,85.85,858.5,4294.860000000001
TRX007559,CLI0180,CRT03431,PRD0040,2026-03-14 18:16:37,1,256.15,256.15,1217.98
TRX007560,CLI0381,CRT00935,PRD0092,2026-06-21 07:23:05,8,10.72,85.76,3338.45
TRX007561,CLI0040,CRT03023,PRD0137,2026-01-04 20:43:23,2,116.26,232.52,4752.31
TRX007562,CLI0019,CRT02725,PRD0015,2026-02-18 05:09:28,3,125.96,377.88,2553.5
TRX007563,CLI0192,CRT01367,PRD0135,2026-02-04 16:39:56,10,198.63,1986.3,2226.91
TRX007564,CLI0196,CRT02415,PRD0128,2026-03-29 14:32:22,10,9.29,92.89999999999999,1080.48
TRX007565,CLI0072,CRT02363,PRD0178,2026-02-09 12:01:26,7,198.09,1386.63,4032.46
TRX007566,CLI0274,CRT01748,PRD0118,2026-03-02 16:06:26,10,163.96,1639.6000000000001,1639.6000000000001
TRX007567,CLI0426,CRT02787,PRD0145,2026-07-10 00:15:55,10,40.06,400.6,6404.92
TRX007568,CLI0198,CRT01405,PRD0002,2026-06-26 12:07:14,2,38.12,76.24,154.95
TRX007569,CLI0252,CRT02493,PRD0198,2026-01-18 07:00:26,6,156.17,937.02,3530.94
TRX007570,CLI0374,CRT02522,PRD0100,2026-07-05 13:37:34,5,252.5,1262.5,3762.87
TRX007571,CLI0029,CRT03467,PRD0079,2026-03-11 23:39:41,9,98.65,887.85,2721.87
TRX007572,CLI0210,CRT02527,PRD0022,2026-01-10 04:31:55,3,51.02,153.06,5243.29
TRX007573,CLI0371,CRT03300,PRD0024,2026-03-19 10:00:02,8,78.71,629.68,3588.88
TRX007574,CLI0048,CRT03207,PRD0050,2026-01-07 15:55:33,1,164.79,164.79,4628.43
TRX007575,CLI0354,CRT01175,PRD0168,2026-01-21 05:10:23,1,260.65,260.65,1388.0900000000001
TRX007576,CLI0232,CRT00698,PRD0121,2026-03-11 22:40:25,3,301.87,905.61,6545.639999999999
TRX007577,CLI0348,CRT03385,PRD0128,2026-07-14 00:21:15,10,9.29,92.89999999999999,92.89999999999999
TRX007578,CLI0164,CRT01529,PRD0116,2026-04-29 04:55:59,4,281.93,1127.72,4732.1
TRX007579,CLI0137,CRT01976,PRD0173,2026-02-08 18:45:52,4,330.57,1322.28,7092.639999999999
TRX007580,CLI0050,CRT03469,PRD0119,2026-03-16 20:35:13,2,332.64,665.28,3349.35
TRX007581,CLI0266,CRT00948,PRD0094,2026-05-18 14:24:13,4,179.52,718.08,7110.540000000001
TRX007582,CLI0403,CRT01354,PRD0127,2026-01-08 17:39:37,3,24.14,72.42,416.32
TRX007583,CLI0257,CRT02549,PRD0186,2026-05-17 23:58:29,7,13.84,96.88,4011.09
TRX007584,CLI0072,CRT02720,PRD0140,2026-05-28 17:51:23,9,80.42,723.78,3294.51
TRX007585,CLI0286,CRT01339,PRD0188,2026-03-02 06:59:13,10,281.86,2818.6000000000004,4853.39
TRX007586,CLI0057,CRT02825,PRD0183,2026-02-18 10:22:22,4,74.71,298.84,4556.82
TRX007587,CLI0096,CRT01509,PRD0172,2026-04-08 10:32:20,8,97.82,782.56,927.02
TRX007588,CLI0051,CRT03171,PRD0045,2026-01-23 03:46:46,5,301.22,1506.1000000000001,5758.08
TRX007589,CLI0092,CRT00443,PRD0105,2026-05-25 20:36:02,7,200.26,1401.82,7562.71
TRX007590,CLI0274,CRT00620,PRD0098,2026-07-04 11:29:43,1,136.36,136.36,6421.389999999999
TRX007591,CLI0091,CRT01000,PRD0109,2026-04-27 21:04:46,3,181.62,544.86,2103.5
TRX007592,CLI0099,CRT00078,PRD0104,2026-02-21 02:05:53,2,46.73,93.46,2973.0699999999997
TRX007593,CLI0421,CRT02443,PRD0071,2026-02-19 02:18:00,4,76.57,306.28,402.03999999999996
TRX007594,CLI0420,CRT00028,PRD0166,2026-05-14 15:14:30,7,124.75,873.25,6108.22
TRX007595,CLI0234,CRT01163,PRD0103,2026-07-21 22:00:23,9,234.25,2108.25,2970.65
TRX007596,CLI0374,CRT02936,PRD0147,2026-07-05 15:47:52,9,208.25,1874.25,2000.21
TRX007597,CLI0334,CRT02165,PRD0193,2026-01-20 19:36:41,5,190.14,950.6999999999999,2030.71
TRX007598,CLI0168,CRT03290,PRD0113,2026-06-01 13:56:21,2,310.43,620.86,4667.88
TRX007599,CLI0194,CRT01779,PRD0123,2026-05-27 08:10:23,6,85.64,513.84,1503.5
TRX007600,CLI0068,CRT02852,PRD0080,2026-04-13 01:23:48,8,342.98,2743.84,4913.67
TRX007601,CLI0231,CRT00649,PRD0131,2026-04-16 06:05:30,8,212.13,1697.04,3924.5099999999998
TRX007602,CLI0343,CRT01397,PRD0110,2026-03-20 05:53:27,2,286.9,573.8,934.3399999999999
TRX007603,CLI0397,CRT00500,PRD0154,2026-06-23 23:38:16,3,283.35,850.0500000000001,4147.1900000000005
TRX007604,CLI0401,CRT02753,PRD0156,2026-02-01 06:23:53,10,87.81,878.1,8549.54
TRX007605,CLI0120,CRT01300,PRD0194,2026-01-19 01:20:33,2,311.57,623.14,5789.99
TRX007606,CLI0093,CRT01335,PRD0094,2026-07-03 18:12:01,9,179.52,1615.68,3101.62
TRX007607,CLI0399,CRT01058,PRD0140,2026-02-21 03:22:17,5,80.42,402.1,6108.18
TRX007608,CLI0388,CRT01564,PRD0011,2026-04-21 01:32:52,3,104.38,313.14,6546.029999999999
TRX007609,CLI0281,CRT00395,PRD0182,2026-01-22 11:05:36,6,200.1,1200.6,5435.4400000000005
TRX007610,CLI0352,CRT03230,PRD0114,2026-04-18 13:39:45,2,141.38,282.76,282.76
TRX007611,CLI0058,CRT00048,PRD0130,2026-04-17 05:26:53,10,312.35,3123.5,5386.9
TRX007612,CLI0329,CRT03046,PRD0095,2026-04-14 13:51:08,6,42.58,255.48,1110.73
TRX007613,CLI0047,CRT00967,PRD0100,2026-01-30 16:21:43,7,252.5,1767.5,2959.85
TRX007614,CLI0295,CRT00839,PRD0057,2026-05-10 03:16:47,2,59.71,119.42,119.42
TRX007615,CLI0072,CRT02720,PRD0117,2026-05-28 17:51:23,8,196.2,1569.6,3294.51
TRX007616,CLI0259,CRT02060,PRD0123,2026-02-02 17:38:59,7,85.64,599.48,3913.84
TRX007617,CLI0087,CRT00416,PRD0157,2026-01-02 11:24:13,6,263.29,1579.7400000000002,5447.9400000000005
TRX007618,CLI0250,CRT00636,PRD0146,2026-07-18 16:16:20,6,318.04,1908.2400000000002,5476.08
TRX007619,CLI0435,CRT00429,PRD0165,2026-05-10 22:59:48,9,194.83,1753.47,2354.42
TRX007620,CLI0359,CRT02848,PRD0157,2026-07-06 18:17:21,10,263.29,2632.9,4502.05
TRX007621,CLI0339,CRT00185,PRD0063,2026-01-26 18:56:37,3,30.34,91.02,708.52
TRX007622,CLI0155,CRT02337,PRD0137,2026-07-10 09:59:34,3,116.26,348.78000000000003,2679.91
TRX007623,CLI0184,CRT00927,PRD0129,2026-01-21 17:21:09,4,4.55,18.2,3556.1499999999996
TRX007624,CLI0320,CRT01906,PRD0051,2026-07-26 09:39:03,6,142.41,854.46,1090.5900000000001
TRX007625,CLI0281,CRT00684,PRD0160,2026-04-06 06:51:56,6,246.16,1476.96,5767.57
TRX007626,CLI0157,CRT02775,PRD0056,2026-06-12 03:09:55,3,143.73,431.18999999999994,4600.990000000001
TRX007627,CLI0181,CRT00551,PRD0170,2026-06-21 14:23:12,9,100.84,907.5600000000001,3277.63
TRX007628,CLI0076,CRT01455,PRD0009,2026-04-01 10:21:14,6,297.0,1782.0,4905.28
TRX007629,CLI0344,CRT00408,PRD0081,2026-06-17 08:32:20,9,151.12,1360.08,4357.9
TRX007630,CLI0338,CRT02719,PRD0182,2026-05-17 16:11:56,8,200.1,1600.8,1600.8
TRX007631,CLI0192,CRT03102,PRD0035,2026-01-22 15:02:38,1,344.9,344.9,1125.3899999999999
TRX007632,CLI0357,CRT00748,PRD0086,2026-05-06 06:54:34,7,197.06,1379.42,3520.86
TRX007633,CLI0068,CRT02834,PRD0078,2026-01-29 03:55:39,4,172.26,689.04,4066.59
TRX007634,CLI0095,CRT01585,PRD0155,2026-04-23 03:54:27,1,289.44,289.44,3001.03
TRX007635,CLI0172,CRT01445,PRD0069,2026-04-16 21:04:11,3,112.37,337.11,5637.83
TRX007636,CLI0402,CRT02303,PRD0131,2026-05-01 22:23:14,3,212.13,636.39,7725.2
TRX007637,CLI0345,CRT01603,PRD0060,2026-01-27 14:25:52,9,339.13,3052.17,8903.16
TRX007638,CLI0397,CRT00365,PRD0091,2026-02-24 15:26:41,3,321.66,964.98,3571.48
TRX007639,CLI0413,CRT03177,PRD0071,2026-01-09 10:33:18,10,76.57,765.6999999999999,5547.21
TRX007640,CLI0425,CRT03163,PRD0114,2026-05-19 15:30:16,4,141.38,565.52,3835.14
TRX007641,CLI0288,CRT00105,PRD0138,2026-06-15 21:37:06,4,308.17,1232.68,7678.25
TRX007642,CLI0356,CRT02260,PRD0007,2026-06-27 17:01:03,6,149.36,896.1600000000001,2958.87
TRX007643,CLI0269,CRT02559,PRD0161,2026-04-17 23:49:49,3,331.95,995.8499999999999,4108.5199999999995
TRX007644,CLI0252,CRT01735,PRD0052,2026-05-17 13:38:33,9,68.6,617.4,2907.02
TRX007645,CLI0375,CRT01858,PRD0069,2026-07-07 20:43:20,8,112.37,898.96,3475.6400000000003
TRX007646,CLI0130,CRT01247,PRD0131,2026-03-17 17:00:04,9,212.13,1909.17,6874.58
TRX007647,CLI0104,CRT00585,PRD0104,2026-03-05 22:31:20,10,46.73,467.29999999999995,7462.18
TRX007648,CLI0291,CRT03262,PRD0185,2026-04-01 13:36:55,8,144.46,1155.68,3453.33
TRX007649,CLI0003,CRT00278,PRD0104,2026-05-16 01:46:06,2,46.73,93.46,3015.16
TRX007650,CLI0384,CRT02555,PRD0191,2026-02-23 14:29:22,6,288.92,1733.52,2441.16
TRX007651,CLI0388,CRT01564,PRD0128,2026-04-21 01:32:52,4,9.29,37.16,6546.029999999999
TRX007652,CLI0048,CRT03207,PRD0173,2026-01-07 15:55:33,6,330.57,1983.42,4628.43
TRX007653,CLI0372,CRT01950,PRD0149,2026-02-19 17:05:04,10,344.39,3443.8999999999996,4692.7
TRX007654,CLI0303,CRT01115,PRD0093,2026-04-16 08:41:10,7,302.86,2120.02,12062.19
TRX007655,CLI0353,CRT00732,PRD0122,2026-06-02 05:38:35,5,224.09,1120.45,6628.95
TRX007656,CLI0103,CRT02855,PRD0157,2026-01-24 01:51:18,8,263.29,2106.32,4761.91
TRX007657,CLI0402,CRT02303,PRD0194,2026-05-01 22:23:14,3,311.57,934.71,7725.2
TRX007658,CLI0313,CRT02587,PRD0073,2026-01-15 12:57:45,7,292.23,2045.6100000000001,3820.03
TRX007659,CLI0243,CRT00617,PRD0172,2026-07-26 00:21:16,9,97.82,880.3799999999999,1368.3
TRX007660,CLI0056,CRT03113,PRD0091,2026-01-22 06:33:48,5,321.66,1608.3000000000002,4606.8
TRX007661,CLI0057,CRT01770,PRD0152,2026-02-10 09:05:16,8,336.37,2690.96,6248.84
TRX007662,CLI0392,CRT01613,PRD0185,2026-07-02 21:11:13,5,144.46,722.3000000000001,8127.950000000001
TRX007663,CLI0381,CRT00935,PRD0100,2026-06-21 07:23:05,7,252.5,1767.5,3338.45
TRX007664,CLI0067,CRT02381,PRD0084,2026-05-18 15:14:02,5,129.22,646.1,2209.04
TRX007665,CLI0163,CRT03117,PRD0198,2026-03-29 22:00:15,6,156.17,937.02,8988.16
TRX007666,CLI0354,CRT01744,PRD0111,2026-07-21 08:43:34,6,282.78,1696.6799999999998,8375.09
TRX007667,CLI0306,CRT00394,PRD0076,2026-04-11 19:33:25,1,260.49,260.49,4669.45
TRX007668,CLI0274,CRT00679,PRD0106,2026-01-03 17:54:38,8,102.2,817.6,2533.1400000000003
TRX007669,CLI0379,CRT03378,PRD0200,2026-03-20 08:41:16,3,144.4,433.20000000000005,4219.360000000001
TRX007670,CLI0310,CRT03044,PRD0044,2026-01-20 17:03:18,9,248.47,2236.23,8519.11
TRX007671,CLI0415,CRT03269,PRD0062,2026-03-24 15:38:00,4,321.99,1287.96,6443.48
TRX007672,CLI0169,CRT02369,PRD0008,2026-05-26 16:26:23,2,119.47,238.94,2087.2400000000002
TRX007673,CLI0043,CRT02421,PRD0169,2026-05-21 23:55:17,1,259.17,259.17,4010.17
TRX007674,CLI0214,CRT01439,PRD0139,2026-06-24 19:42:46,2,30.96,61.92,846.93
TRX007675,CLI0014,CRT01196,PRD0012,2026-03-15 17:38:58,9,69.32,623.8799999999999,4546.14
TRX007676,CLI0009,CRT02597,PRD0089,2026-06-12 13:06:52,6,57.82,346.92,2045.92
TRX007677,CLI0275,CRT00517,PRD0134,2026-04-19 20:33:32,1,343.3,343.3,3579.92
TRX007678,CLI0278,CRT03168,PRD0162,2026-04-22 13:53:32,9,195.42,1758.78,5954.0
TRX007679,CLI0251,CRT01620,PRD0169,2026-05-08 08:24:14,9,259.17,2332.53,9009.8
TRX007680,CLI0226,CRT00463,PRD0094,2026-02-12 08:22:25,1,179.52,179.52,1423.14
TRX007681,CLI0004,CRT01505,PRD0078,2026-04-15 23:15:29,9,172.26,1550.34,8646.029999999999
TRX007682,CLI0159,CRT02387,PRD0177,2026-05-31 07:23:24,8,221.23,1769.84,6873.19
TRX007683,CLI0258,CRT01424,PRD0138,2026-06-24 15:23:54,6,308.17,1849.02,7666.26
TRX007684,CLI0119,CRT00683,PRD0172,2026-07-23 00:15:46,7,97.82,684.74,6142.65
TRX007685,CLI0050,CRT00012,PRD0064,2026-01-07 07:32:05,5,237.14,1185.6999999999998,4077.2999999999997
TRX007686,CLI0394,CRT00976,PRD0006,2026-07-02 01:52:05,6,207.27,1243.6200000000001,5897.780000000001
TRX007687,CLI0354,CRT00217,PRD0126,2026-05-03 15:21:18,1,146.67,146.67,1489.05
TRX007688,CLI0357,CRT02896,PRD0099,2026-02-03 10:32:45,6,248.8,1492.8000000000002,8440.32
TRX007689,CLI0003,CRT03238,PRD0107,2026-02-10 18:59:46,9,114.48,1030.32,3349.26
TRX007690,CLI0201,CRT02203,PRD0078,2026-02-19 12:11:10,2,172.26,344.52,3699.39
TRX007691,CLI0355,CRT01250,PRD0032,2026-06-20 11:46:29,1,224.53,224.53,3013.71
TRX007692,CLI0422,CRT00534,PRD0039,2026-02-07 17:10:22,6,305.67,1834.02,3919.22
TRX007693,CLI0279,CRT01538,PRD0144,2026-03-24 11:30:46,9,213.05,1917.45,4890.6900000000005
TRX007694,CLI0096,CRT01880,PRD0101,2026-04-22 22:57:45,1,26.82,26.82,2502.9300000000003
TRX007695,CLI0180,CRT00087,PRD0057,2026-03-30 05:57:12,2,59.71,119.42,3322.57
TRX007696,CLI0408,CRT03277,PRD0048,2026-03-24 08:28:13,1,275.16,275.16,658.8900000000001
TRX007697,CLI0154,CRT01140,PRD0038,2026-05-26 11:05:17,9,231.76,2085.84,5063.81
TRX007698,CLI0174,CRT01818,PRD0117,2026-04-30 04:48:10,9,196.2,1765.8,3302.7
TRX007699,CLI0129,CRT03445,PRD0121,2026-02-04 15:09:26,7,301.87,2113.09,2860.19
TRX007700,CLI0372,CRT00128,PRD0026,2026-07-26 20:21:13,8,238.97,1911.76,6569.53
TRX007701,CLI0055,CRT03223,PRD0111,2026-02-06 10:17:02,10,282.78,2827.7999999999997,8604.45
TRX007702,CLI0361,CRT01694,PRD0137,2026-05-13 06:47:30,8,116.26,930.08,2630.7799999999997
TRX007703,CLI0142,CRT02389,PRD0009,2026-02-21 00:16:15,5,297.0,1485.0,5076.860000000001
TRX007704,CLI0417,CRT02554,PRD0038,2026-02-06 09:47:41,5,231.76,1158.8,6809.639999999999
TRX007705,CLI0393,CRT00230,PRD0018,2026-07-10 20:59:42,8,115.19,921.52,2352.52
TRX007706,CLI0108,CRT00653,PRD0200,2026-02-12 14:27:21,7,144.4,1010.8000000000001,5051.1900000000005
TRX007707,CLI0322,CRT01621,PRD0028,2026-02-04 01:04:55,2,301.62,603.24,945.8
TRX007708,CLI0355,CRT02964,PRD0165,2026-03-10 22:50:45,10,194.83,1948.3000000000002,3476.0
TRX007709,CLI0119,CRT00683,PRD0161,2026-07-23 00:15:46,4,331.95,1327.8,6142.65
TRX007710,CLI0310,CRT01489,PRD0064,2026-05-11 02:02:26,8,237.14,1897.12,5186.2
TRX007711,CLI0079,CRT02115,PRD0032,2026-03-20 14:49:42,9,224.53,2020.77,3780.5699999999997
TRX007712,CLI0360,CRT00794,PRD0048,2026-06-20 15:32:57,9,275.16,2476.44,4351.71
TRX007713,CLI0078,CRT02008,PRD0139,2026-05-28 02:06:17,7,30.96,216.72,1945.31
TRX007714,CLI0225,CRT02772,PRD0143,2026-04-01 17:03:48,7,331.85,2322.9500000000003,2322.9500000000003
TRX007715,CLI0294,CRT02693,PRD0162,2026-05-03 09:57:57,4,195.42,781.68,857.5
TRX007716,CLI0098,CRT00762,PRD0057,2026-05-15 18:06:54,7,59.71,417.97,3214.3
TRX007717,CLI0355,CRT01393,PRD0091,2026-07-07 14:48:16,5,321.66,1608.3000000000002,8173.58
TRX007718,CLI0083,CRT02822,PRD0053,2026-02-05 12:52:45,7,99.29,695.0300000000001,2352.05
TRX007719,CLI0226,CRT02430,PRD0138,2026-04-02 06:28:42,6,308.17,1849.02,4323.98
TRX007720,CLI0217,CRT01731,PRD0038,2026-02-25 05:15:10,4,231.76,927.04,7822.91
TRX007721,CLI0128,CRT00576,PRD0194,2026-03-15 03:23:10,4,311.57,1246.28,2922.59
TRX007722,CLI0402,CRT00123,PRD0050,2026-05-02 13:03:08,4,164.79,659.16,659.16
TRX007723,CLI0276,CRT00426,PRD0097,2026-02-20 09:35:02,5,275.78,1378.8999999999999,5635.61
TRX007724,CLI0314,CRT01324,PRD0015,2026-04-07 05:44:37,8,125.96,1007.68,1007.68
TRX007725,CLI0339,CRT01211,PRD0085,2026-04-23 23:12:48,8,239.52,1916.16,3345.7
TRX007726,CLI0330,CRT02483,PRD0123,2026-07-21 01:26:31,5,85.64,428.2,1151.98
TRX007727,CLI0203,CRT01814,PRD0178,2026-06-21 13:30:14,10,198.09,1980.9,6141.75
TRX007728,CLI0369,CRT01368,PRD0118,2026-02-19 23:00:40,7,163.96,1147.72,7058.67
TRX007729,CLI0316,CRT03173,PRD0143,2026-04-16 03:46:28,4,331.85,1327.4,5610.280000000001
TRX007730,CLI0263,CRT00094,PRD0063,2026-01-06 00:19:26,4,30.34,121.36,121.36
TRX007731,CLI0403,CRT02258,PRD0069,2026-01-18 12:26:07,8,112.37,898.96,1202.8400000000001
TRX007732,CLI0359,CRT02015,PRD0091,2026-04-14 16:14:42,10,321.66,3216.6000000000004,9789.220000000001
TRX007733,CLI0222,CRT02210,PRD0198,2026-07-26 00:52:28,3,156.17,468.51,5436.57
TRX007734,CLI0138,CRT01697,PRD0183,2026-06-13 19:23:44,3,74.71,224.13,2319.83
TRX007735,CLI0023,CRT00862,PRD0030,2026-03-01 07:16:13,7,153.58,1075.0600000000002,4339.56
TRX007736,CLI0120,CRT00448,PRD0009,2026-01-11 07:31:42,3,297.0,891.0,4355.69
TRX007737,CLI0428,CRT01308,PRD0023,2026-06-01 02:19:43,9,262.09,2358.81,6594.19
TRX007738,CLI0350,CRT02154,PRD0051,2026-03-29 23:07:32,2,142.41,284.82,850.02
TRX007739,CLI0357,CRT02896,PRD0039,2026-02-03 10:32:45,10,305.67,3056.7000000000003,8440.32
TRX007740,CLI0435,CRT03010,PRD0195,2026-07-19 05:04:24,2,11.49,22.98,1177.71
TRX007741,CLI0423,CRT02391,PRD0054,2026-04-13 22:01:18,6,301.82,1810.92,6276.3099999999995
TRX007742,CLI0004,CRT03184,PRD0187,2026-04-06 08:09:11,1,241.37,241.37,1896.0499999999997
TRX007743,CLI0212,CRT00520,PRD0073,2026-05-22 20:18:00,3,292.23,876.69,6401.39
TRX007744,CLI0052,CRT00528,PRD0055,2026-02-24 18:30:29,4,349.75,1399.0,5486.58
TRX007745,CLI0064,CRT02427,PRD0095,2026-05-17 14:13:49,8,42.58,340.64,5615.03
TRX007746,CLI0068,CRT02852,PRD0079,2026-04-13 01:23:48,5,98.65,493.25,4913.67
TRX007747,CLI0360,CRT00794,PRD0154,2026-06-20 15:32:57,4,283.35,1133.4,4351.71
TRX007748,CLI0140,CRT02156,PRD0022,2026-03-04 11:42:37,9,51.02,459.18,1077.38
TRX007749,CLI0139,CRT03128,PRD0113,2026-03-06 23:08:40,8,310.43,2483.44,3513.76
TRX007750,CLI0051,CRT02112,PRD0186,2026-05-19 06:07:20,4,13.84,55.36,503.54
TRX007751,CLI0231,CRT00611,PRD0120,2026-02-16 20:48:15,5,291.12,1455.6,4147.82
TRX007752,CLI0069,CRT01006,PRD0192,2026-02-01 09:59:28,6,241.82,1450.92,6726.46
TRX007753,CLI0416,CRT02986,PRD0030,2026-07-02 02:46:49,1,153.58,153.58,153.58
TRX007754,CLI0249,CRT02420,PRD0136,2026-04-29 02:29:03,6,303.73,1822.38,3705.3900000000003
TRX007755,CLI0351,CRT02900,PRD0152,2026-05-17 18:41:43,3,336.37,1009.11,2017.5100000000002
TRX007756,CLI0323,CRT02736,PRD0003,2026-07-07 09:48:30,2,149.12,298.24,5066.139999999999
TRX007757,CLI0252,CRT00778,PRD0084,2026-01-21 17:02:29,10,129.22,1292.2,4503.9
TRX007758,CLI0030,CRT01240,PRD0006,2026-06-02 23:54:22,5,207.27,1036.3500000000001,3007.0
TRX007759,CLI0325,CRT00453,PRD0147,2026-03-12 09:35:13,1,208.25,208.25,771.19
TRX007760,CLI0168,CRT01482,PRD0021,2026-01-15 22:08:31,6,175.98,1055.8799999999999,6205.68
TRX007761,CLI0196,CRT00305,PRD0031,2026-02-07 01:55:55,1,267.28,267.28,1116.3
TRX007762,CLI0334,CRT01226,PRD0174,2026-03-11 12:11:44,5,6.76,33.8,2940.92
TRX007763,CLI0352,CRT00122,PRD0182,2026-05-17 23:14:25,8,200.1,1600.8,5746.82
TRX007764,CLI0202,CRT01390,PRD0109,2026-05-03 03:34:04,3,181.62,544.86,544.86
TRX007765,CLI0228,CRT03176,PRD0048,2026-05-09 21:09:43,7,275.16,1926.1200000000001,2975.1600000000003
TRX007766,CLI0249,CRT01930,PRD0143,2026-05-01 00:42:52,1,331.85,331.85,1494.83
TRX007767,CLI0356,CRT01607,PRD0006,2026-06-01 03:42:12,10,207.27,2072.7000000000003,3987.6200000000003
TRX007768,CLI0061,CRT01791,PRD0078,2026-02-27 07:23:46,8,172.26,1378.08,4063.82
TRX007769,CLI0103,CRT01362,PRD0057,2026-04-07 08:02:02,10,59.71,597.1,7388.38
TRX007770,CLI0431,CRT01743,PRD0112,2026-07-09 01:59:26,7,344.42,2410.94,2410.94
TRX007771,CLI0100,CRT03359,PRD0071,2026-03-17 06:53:51,3,76.57,229.70999999999998,5098.89
TRX007772,CLI0243,CRT02676,PRD0135,2026-02-15 01:54:37,10,198.63,1986.3,5665.9800000000005
TRX007773,CLI0057,CRT02825,PRD0188,2026-02-18 10:22:22,2,281.86,563.72,4556.82
TRX007774,CLI0106,CRT02905,PRD0075,2026-02-17 00:07:51,5,38.5,192.5,9444.0
TRX007775,CLI0010,CRT00700,PRD0065,2026-02-08 01:48:25,6,88.06,528.36,555.4
TRX007776,CLI0299,CRT00136,PRD0188,2026-05-29 22:35:50,10,281.86,2818.6000000000004,5597.9800000000005
TRX007777,CLI0299,CRT00050,PRD0117,2026-07-14 03:38:53,8,196.2,1569.6,5921.8099999999995
TRX007778,CLI0069,CRT00437,PRD0011,2026-04-29 18:14:43,8,104.38,835.04,1792.8200000000002
TRX007779,CLI0376,CRT01388,PRD0194,2026-07-16 18:21:28,4,311.57,1246.28,7274.96
TRX007780,CLI0030,CRT01240,PRD0043,2026-06-02 23:54:22,7,194.99,1364.93,3007.0
TRX007781,CLI0104,CRT02959,PRD0067,2026-02-05 17:29:30,7,327.31,2291.17,2515.91
TRX007782,CLI0361,CRT02883,PRD0002,2026-04-25 03:35:28,1,38.12,38.12,3442.63
TRX007783,CLI0149,CRT01938,PRD0100,2026-01-10 17:44:57,10,252.5,2525.0,3903.25
TRX007784,CLI0110,CRT03126,PRD0154,2026-01-14 07:42:00,9,283.35,2550.15,4745.45
TRX007785,CLI0432,CRT01954,PRD0122,2026-07-03 23:55:08,6,224.09,1344.54,5725.62
TRX007786,CLI0342,CRT01961,PRD0135,2026-05-04 04:42:00,10,198.63,1986.3,7456.82
TRX007787,CLI0123,CRT03367,PRD0185,2026-01-17 19:22:27,2,144.46,288.92,2138.94
TRX007788,CLI0120,CRT02472,PRD0044,2026-01-06 22:26:26,10,248.47,2484.7,16103.4
TRX007789,CLI0403,CRT03373,PRD0130,2026-02-22 12:39:24,9,312.35,2811.15,3799.8900000000003
TRX007790,CLI0397,CRT01726,PRD0098,2026-05-15 09:10:04,2,136.36,272.72,1248.06
TRX007791,CLI0048,CRT02779,PRD0172,2026-02-12 20:56:47,8,97.82,782.56,2813.84
TRX007792,CLI0039,CRT02206,PRD0039,2026-03-05 07:10:05,5,305.67,1528.3500000000001,3396.37
TRX007793,CLI0161,CRT03231,PRD0145,2026-06-12 16:24:57,8,40.06,320.48,1462.13
TRX007794,CLI0357,CRT02668,PRD0013,2026-05-04 10:35:52,4,103.06,412.24,6543.92
TRX007795,CLI0252,CRT01870,PRD0136,2026-07-25 15:44:30,7,303.73,2126.11,4547.21
TRX007796,CLI0352,CRT00904,PRD0083,2026-02-28 15:11:40,7,194.5,1361.5,4118.5199999999995
TRX007797,CLI0295,CRT01409,PRD0006,2026-07-23 07:32:31,6,207.27,1243.6200000000001,2715.07
TRX007798,CLI0053,CRT00702,PRD0036,2026-03-14 09:48:03,4,86.2,344.8,5118.71
TRX007799,CLI0365,CRT01550,PRD0149,2026-05-22 04:08:57,10,344.39,3443.8999999999996,6428.45
TRX007800,CLI0379,CRT00920,PRD0049,2026-03-12 05:31:57,8,36.18,289.44,6730.61
TRX007801,CLI0279,CRT00509,PRD0114,2026-04-15 09:23:11,9,141.38,1272.42,5027.45
TRX007802,CLI0181,CRT03429,PRD0145,2026-06-19 00:01:24,9,40.06,360.54,2678.8199999999997
TRX007803,CLI0148,CRT03375,PRD0197,2026-07-07 00:06:47,6,267.68,1606.08,6787.18
TRX007804,CLI0416,CRT03438,PRD0168,2026-06-23 23:11:38,9,260.65,2345.85,3396.21
TRX007805,CLI0198,CRT03439,PRD0190,2026-04-19 14:31:52,8,23.22,185.76,1601.25
TRX007806,CLI0402,CRT00496,PRD0085,2026-05-17 18:19:32,5,239.52,1197.6000000000001,7158.02
TRX007807,CLI0129,CRT00565,PRD0186,2026-06-27 16:07:14,9,13.84,124.56,7371.049999999999
TRX007808,CLI0252,CRT02493,PRD0004,2026-01-18 07:00:26,10,178.11,1781.1000000000001,3530.94
TRX007809,CLI0354,CRT00060,PRD0190,2026-03-02 01:47:40,6,23.22,139.32,5345.24
TRX007810,CLI0286,CRT00372,PRD0037,2026-01-19 20:56:01,6,171.38,1028.28,7487.92
TRX007811,CLI0198,CRT02126,PRD0013,2026-01-30 09:48:16,8,103.06,824.48,1402.08
TRX007812,CLI0102,CRT00889,PRD0089,2026-05-09 16:40:29,2,57.82,115.64,1616.76
TRX007813,CLI0206,CRT00539,PRD0190,2026-06-07 23:53:26,4,23.22,92.88,6071.31
TRX007814,CLI0342,CRT01961,PRD0136,2026-05-04 04:42:00,2,303.73,607.46,7456.82
TRX007815,CLI0243,CRT02347,PRD0081,2026-03-01 18:46:50,10,151.12,1511.2,5162.450000000001
TRX007816,CLI0144,CRT02592,PRD0092,2026-06-29 09:02:56,9,10.72,96.48,2215.16
TRX007817,CLI0267,CRT00540,PRD0122,2026-03-15 21:45:11,5,224.09,1120.45,1368.13
TRX007818,CLI0103,CRT02855,PRD0087,2026-01-24 01:51:18,5,302.95,1514.75,4761.91
TRX007819,CLI0055,CRT03468,PRD0188,2026-03-27 21:38:21,5,281.86,1409.3000000000002,6747.700000000001
TRX007820,CLI0222,CRT02210,PRD0093,2026-07-26 00:52:28,10,302.86,3028.6000000000004,5436.57
TRX007821,CLI0150,CRT00645,PRD0184,2026-07-01 09:44:18,7,85.85,600.9499999999999,4032.65
TRX007822,CLI0326,CRT02570,PRD0014,2026-02-12 02:54:20,2,99.1,198.2,1635.5
TRX007823,CLI0013,CRT01239,PRD0069,2026-06-08 03:20:50,7,112.37,786.59,3733.9399999999996
TRX007824,CLI0077,CRT00201,PRD0022,2026-01-24 18:37:50,4,51.02,204.08,4024.88
TRX007825,CLI0324,CRT00641,PRD0008,2026-06-06 20:48:45,10,119.47,1194.7,2386.55
TRX007826,CLI0199,CRT03110,PRD0042,2026-04-29 03:24:15,6,88.65,531.9000000000001,1683.8000000000002
TRX007827,CLI0080,CRT03476,PRD0170,2026-03-19 22:52:24,3,100.84,302.52,5184.1900000000005
TRX007828,CLI0351,CRT01182,PRD0051,2026-06-12 19:37:53,6,142.41,854.46,6454.070000000001
TRX007829,CLI0377,CRT01301,PRD0123,2026-02-06 17:48:00,8,85.64,685.12,2655.72
TRX007830,CLI0064,CRT00173,PRD0092,2026-04-04 23:41:07,5,10.72,53.6,3993.3300000000004
TRX007831,CLI0249,CRT01364,PRD0120,2026-01-14 15:52:09,8,291.12,2328.96,5839.25
TRX007832,CLI0069,CRT02916,PRD0179,2026-03-11 01:52:32,8,196.43,1571.44,4497.4
TRX007833,CLI0222,CRT02225,PRD0183,2026-01-17 03:42:26,8,74.71,597.68,597.68
TRX007834,CLI0198,CRT02528,PRD0077,2026-05-25 05:54:41,5,75.69,378.45,6033.9
TRX007835,CLI0381,CRT03026,PRD0146,2026-02-05 19:12:13,4,318.04,1272.16,5467.59
TRX007836,CLI0098,CRT00857,PRD0111,2026-03-24 12:32:37,8,282.78,2262.24,8580.1
TRX007837,CLI0075,CRT02993,PRD0039,2026-01-24 11:45:43,3,305.67,917.01,1306.31
TRX007838,CLI0028,CRT00402,PRD0048,2026-07-12 19:58:59,2,275.16,550.32,1308.52
TRX007839,CLI0184,CRT00194,PRD0138,2026-06-30 14:55:07,3,308.17,924.51,4461.85
TRX007840,CLI0018,CRT01389,PRD0047,2026-04-19 19:20:15,4,327.59,1310.36,3812.7200000000003
TRX007841,CLI0157,CRT02776,PRD0147,2026-04-15 11:23:11,9,208.25,1874.25,4446.49
TRX007842,CLI0368,CRT00966,PRD0172,2026-07-07 04:29:53,5,97.82,489.09999999999997,2125.89
TRX007843,CLI0024,CRT02897,PRD0015,2026-05-25 02:12:48,9,125.96,1133.6399999999999,6129.58
TRX007844,CLI0032,CRT00023,PRD0120,2026-02-08 03:31:15,8,291.12,2328.96,7092.83
TRX007845,CLI0208,CRT02342,PRD0116,2026-05-29 23:51:32,8,281.93,2255.44,2302.76
TRX007846,CLI0423,CRT00802,PRD0076,2026-07-05 11:46:35,6,260.49,1562.94,2447.86
TRX007847,CLI0214,CRT01957,PRD0130,2026-06-22 23:45:24,7,312.35,2186.4500000000003,5826.360000000001
TRX007848,CLI0060,CRT01068,PRD0030,2026-01-02 11:19:20,2,153.58,307.16,2432.56
TRX007849,CLI0373,CRT00428,PRD0001,2026-01-20 00:40:41,10,260.19,2601.9,6518.900000000001
TRX007850,CLI0286,CRT01966,PRD0068,2026-01-13 00:39:36,2,140.04,280.08,4563.83
TRX007851,CLI0212,CRT00520,PRD0005,2026-05-22 20:18:00,9,228.33,2054.9700000000003,6401.39
TRX007852,CLI0199,CRT03110,PRD0018,2026-04-29 03:24:15,10,115.19,1151.9,1683.8000000000002
TRX007853,CLI0001,CRT00252,PRD0035,2026-01-24 21:59:54,9,344.9,3104.1,3104.1
TRX007854,CLI0045,CRT02712,PRD0084,2026-05-24 09:20:54,8,129.22,1033.76,2989.46
TRX007855,CLI0231,CRT00611,PRD0174,2026-02-16 20:48:15,6,6.76,40.56,4147.82
TRX007856,CLI0113,CRT02314,PRD0180,2026-02-21 16:27:35,6,217.4,1304.4,1304.4
TRX007857,CLI0332,CRT01781,PRD0026,2026-06-06 22:48:53,8,238.97,1911.76,7167.0
TRX007858,CLI0389,CRT01004,PRD0030,2026-04-20 20:02:31,10,153.58,1535.8000000000002,1687.1600000000003
TRX007859,CLI0361,CRT01398,PRD0047,2026-04-28 20:46:00,9,327.59,2948.31,3875.23
TRX007860,CLI0071,CRT01999,PRD0093,2026-07-25 15:36:46,4,302.86,1211.44,8050.73
TRX007861,CLI0003,CRT02521,PRD0150,2026-01-04 18:13:47,3,151.36,454.08000000000004,2532.2400000000002
TRX007862,CLI0127,CRT02299,PRD0037,2026-01-14 22:55:04,3,171.38,514.14,2036.29
TRX007863,CLI0023,CRT01352,PRD0156,2026-01-27 01:54:35,10,87.81,878.1,4048.45
TRX007864,CLI0351,CRT01099,PRD0064,2026-06-14 16:56:40,1,237.14,237.14,1671.6399999999999
TRX007865,CLI0269,CRT00969,PRD0125,2026-07-01 13:59:03,1,54.91,54.91,1083.19
TRX007866,CLI0302,CRT01667,PRD0065,2026-01-06 11:31:26,1,88.06,88.06,3905.22
TRX007867,CLI0328,CRT01266,PRD0148,2026-01-01 01:22:39,6,270.94,1625.6399999999999,3542.64
TRX007868,CLI0139,CRT00880,PRD0108,2026-01-14 16:55:43,10,166.93,1669.3000000000002,10799.27
TRX007869,CLI0336,CRT00255,PRD0089,2026-06-21 16:36:36,1,57.82,57.82,5336.5199999999995
TRX007870,CLI0187,CRT00610,PRD0034,2026-04-13 10:10:51,6,115.14,690.84,3521.2799999999997
TRX007871,CLI0315,CRT02192,PRD0110,2026-03-06 20:23:35,5,286.9,1434.5,2915.6
TRX007872,CLI0198,CRT00236,PRD0030,2026-02-08 20:19:43,6,153.58,921.48,7700.51
TRX007873,CLI0147,CRT00303,PRD0081,2026-04-19 00:27:53,2,151.12,302.24,4375.53
TRX007874,CLI0268,CRT03421,PRD0031,2026-03-16 22:42:42,8,267.28,2138.24,5088.04
TRX007875,CLI0091,CRT00937,PRD0139,2026-04-23 22:27:59,4,30.96,123.84,123.84
TRX007876,CLI0367,CRT00272,PRD0104,2026-03-28 03:55:25,7,46.73,327.10999999999996,6693.34
TRX007877,CLI0089,CRT02683,PRD0139,2026-06-17 13:40:00,6,30.96,185.76,6192.97
TRX007878,CLI0256,CRT02357,PRD0149,2026-06-18 12:54:46,9,344.39,3099.5099999999998,6535.44
TRX007879,CLI0285,CRT01155,PRD0192,2026-04-09 13:07:03,6,241.82,1450.92,4211.4800000000005
TRX007880,CLI0026,CRT00951,PRD0197,2026-02-18 10:36:05,5,267.68,1338.4,2352.0299999999997
TRX007881,CLI0044,CRT01994,PRD0034,2026-03-10 13:33:35,1,115.14,115.14,6666.209999999999
TRX007882,CLI0243,CRT02347,PRD0196,2026-03-01 18:46:50,6,349.85,2099.1000000000004,5162.450000000001
TRX007883,CLI0320,CRT02017,PRD0111,2026-07-21 22:30:27,10,282.78,2827.7999999999997,5358.99
TRX007884,CLI0392,CRT01316,PRD0181,2026-01-12 21:35:36,2,318.21,636.42,5137.52
TRX007885,CLI0157,CRT03447,PRD0052,2026-01-22 10:49:32,10,68.6,686.0,1019.56
TRX007886,CLI0021,CRT02069,PRD0141,2026-05-14 05:34:53,4,13.28,53.12,3802.27
TRX007887,CLI0391,CRT01579,PRD0074,2026-01-04 19:15:15,5,229.76,1148.8,2052.46
TRX007888,CLI0402,CRT01739,PRD0116,2026-02-07 13:12:58,5,281.93,1409.65,3735.5
TRX007889,CLI0129,CRT02817,PRD0028,2026-02-27 17:08:15,3,301.62,904.86,2637.04
TRX007890,CLI0088,CRT00211,PRD0177,2026-03-26 13:01:01,5,221.23,1106.1499999999999,1685.0299999999997
TRX007891,CLI0052,CRT02812,PRD0099,2026-04-21 17:54:53,7,248.8,1741.6000000000001,2775.5
TRX007892,CLI0223,CRT02840,PRD0003,2026-05-03 10:32:20,3,149.12,447.36,2200.83
TRX007893,CLI0160,CRT00064,PRD0114,2026-03-13 17:53:57,8,141.38,1131.04,5564.969999999999
TRX007894,CLI0295,CRT00591,PRD0164,2026-03-12 17:52:10,2,242.9,485.8,1840.35
TRX007895,CLI0148,CRT03418,PRD0165,2026-01-29 00:18:12,3,194.83,584.49,2561.35
TRX007896,CLI0185,CRT02334,PRD0130,2026-01-10 19:52:48,4,312.35,1249.4,5175.2300000000005
TRX007897,CLI0382,CRT00249,PRD0178,2026-06-17 00:38:49,10,198.09,1980.9,2796.26
TRX007898,CLI0427,CRT03035,PRD0191,2026-04-19 16:32:25,4,288.92,1155.68,1252.6000000000001
TRX007899,CLI0280,CRT01737,PRD0088,2026-04-19 17:17:20,4,64.83,259.32,1752.6000000000001
TRX007900,CLI0263,CRT00476,PRD0139,2026-01-11 20:50:08,1,30.96,30.96,2447.66
TRX007901,CLI0157,CRT02316,PRD0052,2026-04-19 13:43:45,7,68.6,480.19999999999993,2513.21
TRX007902,CLI0177,CRT00524,PRD0164,2026-07-18 14:29:43,6,242.9,1457.4,3200.36
TRX007903,CLI0419,CRT00257,PRD0069,2026-02-27 16:32:46,4,112.37,449.48,2040.53
TRX007904,CLI0216,CRT00707,PRD0073,2026-03-21 18:08:45,4,292.23,1168.92,1168.92
TRX007905,CLI0398,CRT00853,PRD0044,2026-04-21 11:46:30,6,248.47,1490.82,2234.4700000000003
TRX007906,CLI0217,CRT02508,PRD0111,2026-05-10 22:11:14,4,282.78,1131.12,4162.4400000000005
TRX007907,CLI0051,CRT03171,PRD0139,2026-01-23 03:46:46,6,30.96,185.76,5758.08
TRX007908,CLI0099,CRT02172,PRD0094,2026-04-24 00:20:27,10,179.52,1795.2,1795.2
TRX007909,CLI0251,CRT01620,PRD0110,2026-05-08 08:24:14,8,286.9,2295.2,9009.8
TRX007910,CLI0260,CRT01983,PRD0108,2026-01-27 06:04:55,6,166.93,1001.58,2667.58
TRX007911,CLI0390,CRT01589,PRD0003,2026-03-22 04:30:02,10,149.12,1491.2,4321.610000000001
TRX007912,CLI0372,CRT00128,PRD0001,2026-07-26 20:21:13,9,260.19,2341.71,6569.53
TRX007913,CLI0097,CRT03343,PRD0140,2026-01-18 10:06:56,1,80.42,80.42,4862.06
TRX007914,CLI0157,CRT01661,PRD0122,2026-01-30 12:17:29,10,224.09,2240.9,4587.88
TRX007915,CLI0187,CRT00260,PRD0084,2026-07-03 16:28:34,7,129.22,904.54,2215.44
TRX007916,CLI0007,CRT01493,PRD0096,2026-03-14 12:33:29,3,15.79,47.37,10058.01
TRX007917,CLI0012,CRT03127,PRD0092,2026-07-14 15:23:53,9,10.72,96.48,5305.219999999999
TRX007918,CLI0004,CRT00810,PRD0174,2026-03-18 08:04:43,3,6.76,20.28,1142.68
TRX007919,CLI0346,CRT02793,PRD0199,2026-07-15 19:03:38,2,223.09,446.18,4346.65
TRX007920,CLI0291,CRT03448,PRD0018,2026-06-10 16:47:24,10,115.19,1151.9,5795.6
TRX007921,CLI0231,CRT00649,PRD0181,2026-04-16 06:05:30,7,318.21,2227.47,3924.5099999999998
TRX007922,CLI0149,CRT01533,PRD0103,2026-03-16 19:16:57,1,234.25,234.25,1174.66
TRX007923,CLI0038,CRT01363,PRD0122,2026-05-01 21:18:09,9,224.09,2016.81,2712.1
TRX007924,CLI0061,CRT02677,PRD0191,2026-05-12 23:40:09,8,288.92,2311.36,2670.4
TRX007925,CLI0372,CRT01612,PRD0031,2026-05-08 10:08:25,9,267.28,2405.5199999999995,4384.98
TRX007926,CLI0241,CRT01187,PRD0062,2026-05-27 12:04:12,8,321.99,2575.92,5151.320000000001
TRX007927,CLI0416,CRT02019,PRD0080,2026-07-20 23:37:13,6,342.98,2057.88,3690.63
TRX007928,CLI0319,CRT01857,PRD0013,2026-04-26 11:49:47,8,103.06,824.48,4463.41
TRX007929,CLI0321,CRT02176,PRD0120,2026-03-19 08:03:06,9,291.12,2620.08,3207.0
TRX007930,CLI0106,CRT02271,PRD0103,2026-04-13 06:42:29,9,234.25,2108.25,2108.25
TRX007931,CLI0260,CRT01472,PRD0198,2026-03-26 23:33:55,3,156.17,468.51,2494.59
TRX007932,CLI0383,CRT00831,PRD0179,2026-06-17 21:55:44,8,196.43,1571.44,1571.44
TRX007933,CLI0006,CRT02231,PRD0138,2026-04-27 13:58:41,4,308.17,1232.68,6952.62
TRX007934,CLI0062,CRT00729,PRD0015,2026-04-12 08:51:02,8,125.96,1007.68,2276.61
TRX007935,CLI0050,CRT02209,PRD0129,2026-01-08 17:28:30,7,4.55,31.849999999999998,3320.94
TRX007936,CLI0265,CRT02001,PRD0076,2026-07-23 13:10:18,4,260.49,1041.96,5975.35
TRX007937,CLI0166,CRT03206,PRD0024,2026-02-22 03:23:43,1,78.71,78.71,2945.17
TRX007938,CLI0052,CRT02426,PRD0006,2026-02-15 10:42:34,10,207.27,2072.7000000000003,2813.6000000000004
TRX007939,CLI0037,CRT00711,PRD0069,2026-05-20 17:07:03,8,112.37,898.96,1140.22
TRX007940,CLI0271,CRT02110,PRD0174,2026-03-23 13:54:30,8,6.76,54.08,1893.3200000000002
TRX007941,CLI0378,CRT02205,PRD0015,2026-02-27 15:25:50,4,125.96,503.84,2037.66
TRX007942,CLI0179,CRT01338,PRD0104,2026-04-18 00:09:59,10,46.73,467.29999999999995,1672.22
TRX007943,CLI0053,CRT01081,PRD0085,2026-02-22 19:45:10,9,239.52,2155.6800000000003,2155.6800000000003
TRX007944,CLI0328,CRT00109,PRD0067,2026-03-25 10:04:51,4,327.31,1309.24,3792.6800000000003
TRX007945,CLI0196,CRT01794,PRD0146,2026-02-03 15:42:12,7,318.04,2226.28,2711.52
TRX007946,CLI0358,CRT02538,PRD0080,2026-06-20 23:29:45,7,342.98,2400.86,5535.87
TRX007947,CLI0267,CRT02024,PRD0104,2026-05-19 10:20:14,7,46.73,327.10999999999996,1860.1599999999999
TRX007948,CLI0291,CRT01173,PRD0159,2026-05-04 13:25:10,1,125.8,125.8,2536.9
TRX007949,CLI0136,CRT00817,PRD0015,2026-04-04 21:11:44,10,125.96,1259.6,1259.6
TRX007950,CLI0131,CRT00507,PRD0168,2026-05-03 08:27:55,8,260.65,2085.2,7298.12
TRX007951,CLI0372,CRT00555,PRD0129,2026-05-24 21:13:26,10,4.55,45.5,3247.4
TRX007952,CLI0110,CRT02052,PRD0076,2026-04-25 02:50:33,8,260.49,2083.92,4288.95
TRX007953,CLI0173,CRT01232,PRD0200,2026-06-23 06:33:02,9,144.4,1299.6000000000001,7112.280000000001
TRX007954,CLI0064,CRT00083,PRD0194,2026-06-24 01:06:45,6,311.57,1869.42,6546.14
TRX007955,CLI0196,CRT01222,PRD0116,2026-06-23 11:29:37,6,281.93,1691.58,2322.56
TRX007956,CLI0216,CRT02827,PRD0074,2026-07-10 12:03:32,1,229.76,229.76,2396.14
TRX007957,CLI0086,CRT00954,PRD0013,2026-04-19 10:43:10,1,103.06,103.06,1513.3100000000002
TRX007958,CLI0286,CRT00990,PRD0094,2026-02-23 01:46:51,5,179.52,897.6,2803.0200000000004
TRX007959,CLI0132,CRT02241,PRD0105,2026-04-01 15:19:42,5,200.26,1001.3,2785.43
TRX007960,CLI0348,CRT02799,PRD0180,2026-03-05 19:37:43,6,217.4,1304.4,5372.02
TRX007961,CLI0170,CRT00995,PRD0177,2026-01-23 01:47:06,1,221.23,221.23,9661.98
TRX007962,CLI0414,CRT00025,PRD0153,2026-05-19 15:04:22,8,63.71,509.68,1687.4
TRX007963,CLI0328,CRT00175,PRD0200,2026-03-07 19:28:08,3,144.4,433.20000000000005,2807.1099999999997
TRX007964,CLI0009,CRT00491,PRD0027,2026-02-21 19:01:52,10,209.57,2095.7,7208.9
TRX007965,CLI0024,CRT03389,PRD0137,2026-01-05 20:39:12,7,116.26,813.82,1294.02
TRX007966,CLI0196,CRT01625,PRD0048,2026-06-04 11:54:14,3,275.16,825.48,1827.06
TRX007967,CLI0393,CRT01072,PRD0075,2026-06-18 11:22:37,10,38.5,385.0,3586.33
TRX007968,CLI0175,CRT01907,PRD0138,2026-02-17 07:41:05,1,308.17,308.17,2190.0499999999997
TRX007969,CLI0075,CRT02669,PRD0017,2026-02-23 07:56:31,2,134.36,268.72,2898.9700000000003
TRX007970,CLI0350,CRT01738,PRD0080,2026-03-05 10:06:43,1,342.98,342.98,2914.74
TRX007971,CLI0285,CRT01043,PRD0004,2026-05-18 00:40:53,8,178.11,1424.88,6300.06
TRX007972,CLI0061,CRT01568,PRD0116,2026-03-06 01:34:32,10,281.93,2819.3,5236.8
TRX007973,CLI0083,CRT01576,PRD0018,2026-05-09 22:19:01,4,115.19,460.76,1397.81
TRX007974,CLI0294,CRT01084,PRD0124,2026-03-04 06:14:09,3,96.92,290.76,7178.87
TRX007975,CLI0237,CRT03294,PRD0137,2026-03-14 04:46:18,3,116.26,348.78000000000003,1574.8600000000001
TRX007976,CLI0235,CRT01470,PRD0112,2026-03-23 05:40:54,7,344.42,2410.94,7832.56
TRX007977,CLI0047,CRT00705,PRD0105,2026-02-08 00:32:10,6,200.26,1201.56,1201.56
TRX007978,CLI0163,CRT03117,PRD0001,2026-03-29 22:00:15,3,260.19,780.5699999999999,8988.16
TRX007979,CLI0180,CRT01494,PRD0141,2026-03-20 16:13:22,8,13.28,106.24,4489.59
TRX007980,CLI0055,CRT03468,PRD0095,2026-03-27 21:38:21,9,42.58,383.21999999999997,6747.700000000001
TRX007981,CLI0078,CRT00900,PRD0139,2026-03-29 14:18:11,3,30.96,92.88,5265.0
TRX007982,CLI0069,CRT01158,PRD0156,2026-01-03 02:36:43,6,87.81,526.86,3225.8
TRX007983,CLI0141,CRT00081,PRD0138,2026-04-05 16:54:06,5,308.17,1540.8500000000001,9449.42
TRX007984,CLI0058,CRT00855,PRD0098,2026-06-21 15:03:29,7,136.36,954.5200000000001,1242.44
TRX007985,CLI0187,CRT01102,PRD0180,2026-04-11 06:40:32,4,217.4,869.6,2428.62
TRX007986,CLI0251,CRT00773,PRD0074,2026-05-15 22:43:05,1,229.76,229.76,1908.06
TRX007987,CLI0232,CRT00698,PRD0008,2026-03-11 22:40:25,6,119.47,716.8199999999999,6545.639999999999
TRX007988,CLI0361,CRT02062,PRD0094,2026-05-12 19:15:55,10,179.52,1795.2,3445.08
TRX007989,CLI0023,CRT01352,PRD0021,2026-01-27 01:54:35,5,175.98,879.9,4048.45
TRX007990,CLI0086,CRT00954,PRD0190,2026-04-19 10:43:10,2,23.22,46.44,1513.3100000000002
TRX007991,CLI0180,CRT01494,PRD0095,2026-03-20 16:13:22,6,42.58,255.48,4489.59
TRX007992,CLI0108,CRT00653,PRD0058,2026-02-12 14:27:21,7,275.33,1927.31,5051.1900000000005
TRX007993,CLI0079,CRT01626,PRD0057,2026-03-19 22:38:42,8,59.71,477.68,1550.52
TRX007994,CLI0259,CRT00277,PRD0045,2026-02-04 18:09:42,2,301.22,602.44,6582.57
TRX007995,CLI0083,CRT03090,PRD0196,2026-01-18 10:11:55,2,349.85,699.7,699.7
TRX007996,CLI0055,CRT01980,PRD0116,2026-07-20 22:13:48,8,281.93,2255.44,6282.099999999999
TRX007997,CLI0031,CRT01254,PRD0147,2026-03-08 09:38:10,8,208.25,1666.0,5314.4400000000005
TRX007998,CLI0147,CRT01993,PRD0120,2026-05-10 06:14:07,6,291.12,1746.72,7464.969999999999
TRX007999,CLI0074,CRT01331,PRD0091,2026-06-13 09:51:53,4,321.66,1286.64,7383.87
TRX008000,CLI0379,CRT01124,PRD0031,2026-07-02 20:54:20,10,267.28,2672.7999999999997,4552.5599999999995
TRX008001,CLI0406,CRT00174,PRD0183,2026-01-10 13:39:37,9,74.71,672.39,1971.79
TRX008002,CLI0077,CRT01299,PRD0083,2026-07-09 21:05:36,8,194.5,1556.0,8133.150000000001
TRX008003,CLI0252,CRT01631,PRD0134,2026-05-10 09:31:36,3,343.3,1029.9,1567.38
TRX008004,CLI0420,CRT00028,PRD0066,2026-05-14 15:14:30,5,148.18,740.9000000000001,6108.22
TRX008005,CLI0013,CRT01289,PRD0014,2026-07-04 21:35:18,6,99.1,594.5999999999999,2751.79
TRX008006,CLI0243,CRT00386,PRD0007,2026-02-10 19:25:22,9,149.36,1344.2400000000002,1344.2400000000002
TRX008007,CLI0015,CRT01852,PRD0166,2026-01-21 16:45:23,2,124.75,249.5,2196.52
TRX008008,CLI0251,CRT01620,PRD0186,2026-05-08 08:24:14,10,13.84,138.4,9009.8
TRX008009,CLI0154,CRT02361,PRD0011,2026-03-25 21:22:13,9,104.38,939.42,3103.29
TRX008010,CLI0007,CRT01493,PRD0094,2026-03-14 12:33:29,8,179.52,1436.16,10058.01
TRX008011,CLI0371,CRT00822,PRD0164,2026-03-25 17:34:06,1,242.9,242.9,7021.610000000001
TRX008012,CLI0064,CRT00275,PRD0100,2026-07-17 16:24:08,9,252.5,2272.5,3786.8
TRX008013,CLI0241,CRT01100,PRD0148,2026-03-01 08:08:53,9,270.94,2438.46,10853.04
TRX008014,CLI0133,CRT01015,PRD0006,2026-05-15 20:56:25,5,207.27,1036.3500000000001,4780.96
TRX008015,CLI0364,CRT01836,PRD0036,2026-05-24 17:39:56,1,86.2,86.2,5522.38
TRX008016,CLI0115,CRT02975,PRD0075,2026-01-27 10:15:37,8,38.5,308.0,3633.65
TRX008017,CLI0145,CRT02942,PRD0030,2026-01-06 11:17:33,6,153.58,921.48,921.48
TRX008018,CLI0053,CRT02673,PRD0134,2026-06-23 05:22:26,6,343.3,2059.8,3841.07
TRX008019,CLI0425,CRT02142,PRD0114,2026-06-08 10:31:52,4,141.38,565.52,565.52
TRX008020,CLI0148,CRT01221,PRD0033,2026-07-24 16:20:27,9,267.47,2407.2300000000005,4868.54
TRX008021,CLI0233,CRT00986,PRD0153,2026-04-15 16:05:17,1,63.71,63.71,4306.75
TRX008022,CLI0108,CRT02302,PRD0126,2026-07-06 02:57:50,6,146.67,880.02,2848.6800000000003
TRX008023,CLI0157,CRT00869,PRD0141,2026-04-26 17:09:19,4,13.28,53.12,6898.06
TRX008024,CLI0183,CRT03404,PRD0124,2026-05-08 01:07:30,7,96.92,678.44,6769.0199999999995
TRX008025,CLI0203,CRT02639,PRD0007,2026-01-03 19:35:55,6,149.36,896.1600000000001,1491.9
TRX008026,CLI0183,CRT03062,PRD0003,2026-07-12 10:16:55,10,149.12,1491.2,3163.79
TRX008027,CLI0036,CRT03298,PRD0135,2026-05-01 03:27:47,8,198.63,1589.04,2061.26
TRX008028,CLI0408,CRT01023,PRD0125,2026-01-31 07:32:55,3,54.91,164.73,2456.45
TRX008029,CLI0026,CRT00775,PRD0178,2026-04-04 08:02:10,7,198.09,1386.63,6586.950000000001
TRX008030,CLI0069,CRT02482,PRD0073,2026-03-13 11:33:40,9,292.23,2630.07,9534.51
TRX008031,CLI0409,CRT02750,PRD0125,2026-02-27 09:57:47,4,54.91,219.64,6621.69
TRX008032,CLI0362,CRT02771,PRD0121,2026-04-28 06:39:59,10,301.87,3018.7,5929.9
TRX008033,CLI0023,CRT01069,PRD0054,2026-06-25 21:38:14,6,301.82,1810.92,3968.11
TRX008034,CLI0042,CRT00425,PRD0093,2026-03-13 05:05:50,1,302.86,302.86,2037.08
TRX008035,CLI0147,CRT01993,PRD0139,2026-05-10 06:14:07,8,30.96,247.68,7464.969999999999
TRX008036,CLI0147,CRT02113,PRD0133,2026-02-06 06:39:02,1,238.5,238.5,7058.89
TRX008037,CLI0098,CRT00857,PRD0188,2026-03-24 12:32:37,6,281.86,1691.16,8580.1
TRX008038,CLI0032,CRT02127,PRD0129,2026-03-23 16:55:25,2,4.55,9.1,2132.2200000000003
TRX008039,CLI0333,CRT02919,PRD0174,2026-03-30 23:02:07,4,6.76,27.04,1289.6799999999998
TRX008040,CLI0432,CRT03307,PRD0085,2026-04-06 22:29:59,1,239.52,239.52,3007.51
TRX008041,CLI0124,CRT00905,PRD0120,2026-05-27 05:33:41,7,291.12,2037.8400000000001,8695.25
TRX008042,CLI0110,CRT02025,PRD0150,2026-01-24 18:37:45,10,151.36,1513.6000000000001,2568.2400000000002
TRX008043,CLI0313,CRT00998,PRD0091,2026-06-19 21:39:43,7,321.66,2251.6200000000003,6712.32
TRX008044,CLI0177,CRT02013,PRD0062,2026-01-03 10:11:11,8,321.99,2575.92,3247.19
TRX008045,CLI0305,CRT00944,PRD0167,2026-05-18 19:07:23,3,82.61,247.82999999999998,247.82999999999998
TRX008046,CLI0085,CRT01435,PRD0034,2026-03-12 04:04:43,2,115.14,230.28,7508.799999999999
TRX008047,CLI0382,CRT00061,PRD0031,2026-05-02 09:46:43,3,267.28,801.8399999999999,5461.59
TRX008048,CLI0012,CRT02657,PRD0133,2026-05-21 14:16:57,9,238.5,2146.5,3305.3
TRX008049,CLI0055,CRT02929,PRD0137,2026-07-04 13:54:27,2,116.26,232.52,1661.87
TRX008050,CLI0320,CRT02449,PRD0153,2026-02-23 19:43:22,6,63.71,382.26,3799.52
TRX008051,CLI0236,CRT00600,PRD0052,2026-03-22 00:18:23,7,68.6,480.19999999999993,1944.6799999999998
TRX008052,CLI0052,CRT00786,PRD0130,2026-07-05 08:24:39,9,312.35,2811.15,6856.870000000001
TRX008053,CLI0002,CRT02077,PRD0012,2026-02-01 19:56:06,4,69.32,277.28,3800.92
TRX008054,CLI0153,CRT01752,PRD0017,2026-02-23 05:50:01,9,134.36,1209.2400000000002,2406.78
TRX008055,CLI0199,CRT00450,PRD0057,2026-05-01 16:33:11,8,59.71,477.68,3784.92
TRX008056,CLI0261,CRT02531,PRD0070,2026-07-01 17:47:24,1,218.35,218.35,3356.52
TRX008057,CLI0357,CRT02533,PRD0144,2026-01-15 23:41:55,3,213.05,639.1500000000001,2015.33
TRX008058,CLI0210,CRT00765,PRD0089,2026-06-14 11:43:28,8,57.82,462.56,1701.95
TRX008059,CLI0359,CRT02015,PRD0008,2026-04-14 16:14:42,9,119.47,1075.23,9789.220000000001
TRX008060,CLI0138,CRT02862,PRD0159,2026-04-04 10:12:53,6,125.8,754.8,4741.98
TRX008061,CLI0398,CRT02249,PRD0136,2026-02-07 05:22:01,4,303.73,1214.92,3675.86
TRX008062,CLI0161,CRT03089,PRD0074,2026-02-13 10:45:45,8,229.76,1838.08,4585.99
TRX008063,CLI0290,CRT02040,PRD0181,2026-07-02 22:51:19,10,318.21,3182.1,7405.13
TRX008064,CLI0415,CRT03269,PRD0200,2026-03-24 15:38:00,9,144.4,1299.6000000000001,6443.48
TRX008065,CLI0005,CRT00350,PRD0048,2026-01-30 12:35:51,3,275.16,825.48,5916.48
TRX008066,CLI0208,CRT00552,PRD0188,2026-05-31 07:17:35,2,281.86,563.72,3657.98
TRX008067,CLI0305,CRT03386,PRD0197,2026-04-01 17:15:05,5,267.68,1338.4,2011.9900000000002
TRX008068,CLI0420,CRT03492,PRD0154,2026-07-10 23:56:15,10,283.35,2833.5,4026.0
TRX008069,CLI0373,CRT02661,PRD0174,2026-03-14 10:16:50,3,6.76,20.28,1560.7
TRX008070,CLI0353,CRT01560,PRD0158,2026-02-28 11:11:35,5,12.47,62.35,602.53
TRX008071,CLI0059,CRT00215,PRD0160,2026-04-13 14:34:21,2,246.16,492.32,1839.48
TRX008072,CLI0188,CRT00607,PRD0080,2026-02-17 18:09:34,4,342.98,1371.92,4564.62
TRX008073,CLI0428,CRT03012,PRD0115,2026-05-22 15:19:51,8,301.5,2412.0,5125.63
TRX008074,CLI0235,CRT02666,PRD0157,2026-06-17 05:57:35,2,263.29,526.58,4253.52
TRX008075,CLI0431,CRT01677,PRD0122,2026-05-18 07:47:39,8,224.09,1792.72,3024.58
TRX008076,CLI0232,CRT01055,PRD0076,2026-03-19 07:52:09,4,260.49,1041.96,2170.1800000000003
TRX008077,CLI0093,CRT02981,PRD0024,2026-06-23 15:28:57,1,78.71,78.71,1895.9399999999998
TRX008078,CLI0120,CRT01218,PRD0136,2026-04-08 14:12:07,7,303.73,2126.11,8660.7
TRX008079,CLI0034,CRT01005,PRD0076,2026-03-16 17:08:30,4,260.49,1041.96,5545.29
TRX008080,CLI0332,CRT02485,PRD0184,2026-03-15 00:51:45,10,85.85,858.5,5436.96
TRX008081,CLI0172,CRT01445,PRD0168,2026-04-16 21:04:11,1,260.65,260.65,5637.83
TRX008082,CLI0268,CRT01179,PRD0065,2026-06-06 03:13:12,9,88.06,792.54,5581.72
TRX008083,CLI0136,CRT02802,PRD0100,2026-02-24 00:04:52,6,252.5,1515.0,1951.7
TRX008084,CLI0004,CRT00462,PRD0018,2026-05-09 05:03:34,9,115.19,1036.71,5830.4800000000005
TRX008085,CLI0262,CRT02723,PRD0160,2026-02-23 03:36:17,4,246.16,984.64,1548.98
TRX008086,CLI0182,CRT00131,PRD0061,2026-02-27 11:10:50,1,111.48,111.48,5778.679999999999
TRX008087,CLI0089,CRT00036,PRD0132,2026-02-12 07:42:52,7,153.95,1077.6499999999999,3029.45
TRX008088,CLI0058,CRT01057,PRD0160,2026-04-06 01:21:41,9,246.16,2215.44,4830.71
TRX008089,CLI0323,CRT01984,PRD0105,2026-01-31 07:28:40,5,200.26,1001.3,2034.47
TRX008090,CLI0001,CRT02969,PRD0124,2026-02-27 00:52:25,9,96.92,872.28,2282.5699999999997
TRX008091,CLI0314,CRT01336,PRD0079,2026-01-23 22:50:07,4,98.65,394.6,3536.03
TRX008092,CLI0015,CRT00225,PRD0102,2026-06-25 04:45:25,7,233.03,1631.21,2515.0
TRX008093,CLI0357,CRT02533,PRD0056,2026-01-15 23:41:55,9,143.73,1293.57,2015.33
TRX008094,CLI0271,CRT00783,PRD0118,2026-01-11 02:33:45,2,163.96,327.92,4941.0
TRX008095,CLI0103,CRT00192,PRD0007,2026-07-19 09:34:31,7,149.36,1045.52,2522.04
TRX008096,CLI0089,CRT00096,PRD0012,2026-06-03 00:18:29,8,69.32,554.56,1705.86
TRX008097,CLI0422,CRT03141,PRD0192,2026-01-03 20:25:19,3,241.82,725.46,6881.280000000001
TRX008098,CLI0183,CRT03062,PRD0160,2026-07-12 10:16:55,4,246.16,984.64,3163.79
TRX008099,CLI0209,CRT00374,PRD0101,2026-04-10 16:25:29,9,26.82,241.38,3803.2799999999997
TRX008100,CLI0154,CRT02726,PRD0035,2026-02-25 04:53:10,7,344.9,2414.2999999999997,9658.92
TRX008101,CLI0198,CRT00715,PRD0147,2026-07-17 16:07:39,7,208.25,1457.75,14078.150000000001
TRX008102,CLI0426,CRT03024,PRD0135,2026-04-17 05:27:03,6,198.63,1191.78,1191.78
TRX008103,CLI0182,CRT01167,PRD0089,2026-02-27 06:45:52,7,57.82,404.74,1321.54
TRX008104,CLI0284,CRT01378,PRD0054,2026-02-28 03:08:54,1,301.82,301.82,1175.18
TRX008105,CLI0130,CRT01247,PRD0006,2026-03-17 17:00:04,7,207.27,1450.89,6874.58
TRX008106,CLI0388,CRT02475,PRD0124,2026-03-04 22:33:53,8,96.92,775.36,4538.42
TRX008107,CLI0355,CRT01371,PRD0112,2026-05-26 02:10:18,8,344.42,2755.36,4279.8099999999995
TRX008108,CLI0069,CRT01158,PRD0042,2026-01-03 02:36:43,6,88.65,531.9000000000001,3225.8
TRX008109,CLI0380,CRT01181,PRD0052,2026-06-19 02:50:34,6,68.6,411.59999999999997,11144.84
TRX008110,CLI0091,CRT02372,PRD0153,2026-01-09 21:58:04,10,63.71,637.1,1454.7
TRX008111,CLI0165,CRT01650,PRD0064,2026-01-16 01:01:29,6,237.14,1422.84,5501.37
TRX008112,CLI0219,CRT00009,PRD0195,2026-01-23 10:43:27,8,11.49,91.92,91.92
TRX008113,CLI0168,CRT03290,PRD0148,2026-06-01 13:56:21,4,270.94,1083.76,4667.88
TRX008114,CLI0364,CRT03398,PRD0022,2026-03-27 18:51:13,6,51.02,306.12,3166.52
TRX008115,CLI0259,CRT00277,PRD0181,2026-02-04 18:09:42,5,318.21,1591.05,6582.57
TRX008116,CLI0078,CRT02008,PRD0019,2026-05-28 02:06:17,2,13.65,27.3,1945.31
TRX008117,CLI0210,CRT00765,PRD0193,2026-06-14 11:43:28,1,190.14,190.14,1701.95
TRX008118,CLI0165,CRT00241,PRD0183,2026-03-03 12:02:51,6,74.71,448.26,5460.75
TRX008119,CLI0258,CRT02471,PRD0104,2026-05-31 00:29:02,8,46.73,373.84,373.84
TRX008120,CLI0171,CRT01934,PRD0161,2026-01-03 03:44:16,8,331.95,2655.6,6386.52
TRX008121,CLI0068,CRT00663,PRD0173,2026-05-15 06:12:41,3,330.57,991.71,3066.27
TRX008122,CLI0200,CRT02436,PRD0193,2026-06-26 11:13:32,6,190.14,1140.84,5224.31
TRX008123,CLI0376,CRT01388,PRD0051,2026-07-16 18:21:28,1,142.41,142.41,7274.96
TRX008124,CLI0026,CRT00775,PRD0136,2026-04-04 08:02:10,5,303.73,1518.65,6586.950000000001
TRX008125,CLI0261,CRT00254,PRD0180,2026-05-24 07:31:52,1,217.4,217.4,1351.04
TRX008126,CLI0126,CRT03271,PRD0122,2026-01-19 07:50:04,3,224.09,672.27,8073.75
TRX008127,CLI0060,CRT01928,PRD0134,2026-02-12 05:32:58,6,343.3,2059.8,9269.33
TRX008128,CLI0416,CRT00169,PRD0146,2026-04-14 00:41:46,9,318.04,2862.36,3432.18
TRX008129,CLI0102,CRT00717,PRD0120,2026-04-28 03:25:15,10,291.12,2911.2,5037.5599999999995
TRX008130,CLI0206,CRT03116,PRD0164,2026-03-26 02:20:50,9,242.9,2186.1,5272.0
TRX008131,CLI0228,CRT00667,PRD0016,2026-02-04 19:38:05,9,223.15,2008.3500000000001,6144.900000000001
TRX008132,CLI0191,CRT01426,PRD0072,2026-03-30 16:28:18,2,308.05,616.1,4508.969999999999
TRX008133,CLI0130,CRT03265,PRD0116,2026-05-31 14:55:14,1,281.93,281.93,3410.18
TRX008134,CLI0352,CRT02594,PRD0024,2026-06-18 17:18:05,9,78.71,708.39,2231.85
TRX008135,CLI0199,CRT00118,PRD0134,2026-07-08 01:17:09,6,343.3,2059.8,4192.5
TRX008136,CLI0379,CRT00871,PRD0011,2026-05-18 07:42:50,6,104.38,626.28,8124.78
TRX008137,CLI0174,CRT01086,PRD0132,2026-05-19 16:09:09,9,153.95,1385.55,1662.83
TRX008138,CLI0212,CRT01025,PRD0145,2026-01-12 12:09:10,8,40.06,320.48,1119.07
TRX008139,CLI0069,CRT00928,PRD0040,2026-05-09 22:01:00,3,256.15,768.4499999999999,4493.97
TRX008140,CLI0407,CRT00728,PRD0055,2026-03-12 21:17:17,4,349.75,1399.0,5223.57
TRX008141,CLI0004,CRT00378,PRD0188,2026-06-14 22:30:48,6,281.86,1691.16,6500.1
TRX008142,CLI0232,CRT01055,PRD0107,2026-03-19 07:52:09,8,114.48,915.84,2170.1800000000003
TRX008143,CLI0022,CRT02322,PRD0176,2026-04-30 18:39:03,9,288.19,2593.71,7126.6
TRX008144,CLI0160,CRT02500,PRD0008,2026-02-12 07:11:31,5,119.47,597.35,4232.93
TRX008145,CLI0076,CRT01455,PRD0032,2026-04-01 10:21:14,6,224.53,1347.18,4905.28
TRX008146,CLI0002,CRT02596,PRD0132,2026-06-13 11:43:49,8,153.95,1231.6,1231.6
TRX008147,CLI0012,CRT02362,PRD0084,2026-05-26 01:10:21,3,129.22,387.65999999999997,917.92
TRX008148,CLI0034,CRT02304,PRD0031,2026-02-12 18:31:05,1,267.28,267.28,1538.3200000000002
TRX008149,CLI0323,CRT02736,PRD0124,2026-07-07 09:48:30,9,96.92,872.28,5066.139999999999
TRX008150,CLI0268,CRT01891,PRD0190,2026-04-20 10:45:29,1,23.22,23.22,5736.22
TRX008151,CLI0141,CRT00099,PRD0133,2026-04-19 13:42:25,3,238.5,715.5,4043.06
TRX008152,CLI0425,CRT01933,PRD0027,2026-04-11 01:51:14,5,209.57,1047.85,2536.99
TRX008153,CLI0179,CRT03156,PRD0067,2026-02-23 06:57:35,2,327.31,654.62,4446.32
TRX008154,CLI0268,CRT03324,PRD0067,2026-05-16 08:45:25,1,327.31,327.31,6029.87
TRX008155,CLI0351,CRT01099,PRD0110,2026-06-14 16:56:40,5,286.9,1434.5,1671.6399999999999
TRX008156,CLI0104,CRT02478,PRD0033,2026-02-08 13:40:50,2,267.47,534.94,1994.16
TRX008157,CLI0050,CRT00494,PRD0115,2026-02-15 17:19:33,6,301.5,1809.0,3725.16
TRX008158,CLI0428,CRT03012,PRD0174,2026-05-22 15:19:51,1,6.76,6.76,5125.63
TRX008159,CLI0314,CRT01336,PRD0186,2026-01-23 22:50:07,8,13.84,110.72,3536.03
TRX008160,CLI0413,CRT02039,PRD0185,2026-07-10 21:10:30,5,144.46,722.3000000000001,733.7900000000001
TRX008161,CLI0320,CRT00176,PRD0110,2026-01-13 21:37:26,10,286.9,2869.0,5515.29
TRX008162,CLI0192,CRT03102,PRD0021,2026-01-22 15:02:38,4,175.98,703.92,1125.3899999999999
TRX008163,CLI0270,CRT02289,PRD0122,2026-07-24 22:41:24,2,224.09,448.18,4914.51
TRX008164,CLI0169,CRT02264,PRD0194,2026-02-11 03:49:02,7,311.57,2180.99,4522.7
TRX008165,CLI0113,CRT03403,PRD0171,2026-06-18 05:09:24,7,127.91,895.37,4418.41
TRX008166,CLI0328,CRT01534,PRD0161,2026-01-20 18:42:33,1,331.95,331.95,4183.72
TRX008167,CLI0394,CRT01002,PRD0095,2026-03-18 11:45:12,9,42.58,383.21999999999997,1201.38
TRX008168,CLI0252,CRT01631,PRD0137,2026-05-10 09:31:36,2,116.26,232.52,1567.38
TRX008169,CLI0200,CRT00660,PRD0122,2026-03-21 08:21:02,7,224.09,1568.63,4611.150000000001
TRX008170,CLI0216,CRT00132,PRD0108,2026-07-21 12:03:46,2,166.93,333.86,3235.51
TRX008171,CLI0407,CRT00728,PRD0090,2026-03-12 21:17:17,2,15.96,31.92,5223.57
TRX008172,CLI0303,CRT01115,PRD0078,2026-04-16 08:41:10,6,172.26,1033.56,12062.19
TRX008173,CLI0412,CRT00544,PRD0059,2026-05-13 10:24:47,6,252.15,1512.9,4750.110000000001
TRX008174,CLI0047,CRT01878,PRD0117,2026-07-13 15:23:02,7,196.2,1373.3999999999999,3527.2
TRX008175,CLI0348,CRT02770,PRD0188,2026-06-05 15:13:40,7,281.86,1973.02,4648.639999999999
TRX008176,CLI0357,CRT01284,PRD0192,2026-04-10 03:53:14,2,241.82,483.64,3539.35
TRX008177,CLI0306,CRT00165,PRD0097,2026-05-15 12:18:00,4,275.78,1103.12,2815.8199999999997
TRX008178,CLI0395,CRT00567,PRD0110,2026-03-04 12:22:00,5,286.9,1434.5,4504.58
TRX008179,CLI0214,CRT01957,PRD0051,2026-06-22 23:45:24,1,142.41,142.41,5826.360000000001
TRX008180,CLI0253,CRT03306,PRD0095,2026-06-14 04:25:13,5,42.58,212.89999999999998,669.35
TRX008181,CLI0021,CRT01478,PRD0159,2026-02-05 20:03:35,8,125.8,1006.4,1484.08
TRX008182,CLI0274,CRT01185,PRD0037,2026-07-19 00:23:33,6,171.38,1028.28,1409.48
TRX008183,CLI0387,CRT01570,PRD0053,2026-01-25 04:30:25,1,99.29,99.29,2467.83
TRX008184,CLI0268,CRT01179,PRD0016,2026-06-06 03:13:12,1,223.15,223.15,5581.72
TRX008185,CLI0278,CRT03053,PRD0037,2026-01-28 02:22:41,1,171.38,171.38,7873.91
TRX008186,CLI0212,CRT03228,PRD0068,2026-01-19 17:42:48,5,140.04,700.1999999999999,1736.46
TRX008187,CLI0003,CRT00559,PRD0010,2026-03-08 06:22:22,6,162.15,972.9000000000001,3026.2000000000003
TRX008188,CLI0373,CRT00704,PRD0055,2026-01-03 08:28:34,9,349.75,3147.75,3479.7
TRX008189,CLI0066,CRT01822,PRD0161,2026-05-08 10:13:51,5,331.95,1659.75,4626.85
TRX008190,CLI0190,CRT00537,PRD0125,2026-01-21 22:10:26,1,54.91,54.91,926.77
TRX008191,CLI0433,CRT02777,PRD0180,2026-01-24 23:06:28,9,217.4,1956.6000000000001,5658.4
TRX008192,CLI0293,CRT00033,PRD0085,2026-05-13 20:48:25,10,239.52,2395.2000000000003,5933.81
TRX008193,CLI0207,CRT00057,PRD0173,2026-02-06 22:30:34,3,330.57,991.71,5898.62
TRX008194,CLI0431,CRT01156,PRD0168,2026-04-17 05:37:00,3,260.65,781.9499999999999,4817.629999999999
TRX008195,CLI0078,CRT02008,PRD0124,2026-05-28 02:06:17,8,96.92,775.36,1945.31
TRX008196,CLI0004,CRT00378,PRD0101,2026-06-14 22:30:48,1,26.82,26.82,6500.1
TRX008197,CLI0127,CRT00716,PRD0130,2026-07-08 01:13:12,7,312.35,2186.4500000000003,5521.290000000001
TRX008198,CLI0062,CRT00035,PRD0091,2026-07-13 16:20:56,10,321.66,3216.6000000000004,7907.530000000001
TRX008199,CLI0292,CRT00077,PRD0199,2026-01-08 06:19:32,10,223.09,2230.9,3779.51
TRX008200,CLI0392,CRT00691,PRD0105,2026-07-24 22:19:35,1,200.26,200.26,2574.17
TRX008201,CLI0150,CRT01430,PRD0189,2026-04-26 22:36:29,7,80.62,564.34,6623.37
TRX008202,CLI0191,CRT01544,PRD0067,2026-07-19 17:39:16,5,327.31,1636.55,1700.87
TRX008203,CLI0326,CRT02570,PRD0056,2026-02-12 02:54:20,10,143.73,1437.3,1635.5
TRX008204,CLI0016,CRT00430,PRD0103,2026-05-29 21:04:37,5,234.25,1171.25,3744.9700000000003
TRX008205,CLI0357,CRT03154,PRD0177,2026-05-20 06:02:51,10,221.23,2212.2999999999997,2826.14
TRX008206,CLI0162,CRT02742,PRD0152,2026-07-21 15:47:16,4,336.37,1345.48,7306.88
TRX008207,CLI0274,CRT01279,PRD0194,2026-03-29 02:55:45,6,311.57,1869.42,5318.42
TRX008208,CLI0195,CRT02856,PRD0048,2026-04-15 19:06:49,7,275.16,1926.1200000000001,2194.32
TRX008209,CLI0326,CRT01532,PRD0001,2026-04-02 01:46:25,6,260.19,1561.1399999999999,1864.87
TRX008210,CLI0288,CRT01495,PRD0184,2026-01-23 07:51:11,9,85.85,772.65,6497.110000000001
TRX008211,CLI0217,CRT02716,PRD0186,2026-06-18 00:00:11,1,13.84,13.84,3098.06
TRX008212,CLI0403,CRT02134,PRD0028,2026-02-02 11:05:26,4,301.62,1206.48,2530.77
TRX008213,CLI0205,CRT01216,PRD0188,2026-05-02 10:58:20,7,281.86,1973.02,4419.89
TRX008214,CLI0313,CRT02849,PRD0199,2026-02-16 06:52:09,4,223.09,892.36,1788.52
TRX008215,CLI0105,CRT00872,PRD0197,2026-05-20 19:03:05,9,267.68,2409.12,7360.26
TRX008216,CLI0047,CRT02620,PRD0084,2026-07-23 12:07:00,4,129.22,516.88,516.88
TRX008217,CLI0218,CRT00608,PRD0179,2026-02-23 15:15:31,7,196.43,1375.01,3797.8900000000003
TRX008218,CLI0334,CRT02247,PRD0001,2026-07-13 13:01:30,5,260.19,1300.95,7096.43
TRX008219,CLI0331,CRT00738,PRD0066,2026-02-09 19:31:40,8,148.18,1185.44,4736.43
TRX008220,CLI0325,CRT00274,PRD0121,2026-06-22 21:26:16,3,301.87,905.61,4302.0
TRX008221,CLI0425,CRT03163,PRD0037,2026-05-19 15:30:16,3,171.38,514.14,3835.14
TRX008222,CLI0338,CRT03186,PRD0091,2026-03-09 11:11:31,5,321.66,1608.3000000000002,6424.13
TRX008223,CLI0064,CRT02572,PRD0133,2026-03-12 02:20:23,6,238.5,1431.0,3265.63
TRX008224,CLI0319,CRT01947,PRD0013,2026-06-15 12:37:31,6,103.06,618.36,2316.6
TRX008225,CLI0124,CRT00905,PRD0140,2026-05-27 05:33:41,9,80.42,723.78,8695.25
TRX008226,CLI0083,CRT01707,PRD0042,2026-03-07 21:53:24,2,88.65,177.3,2551.21
TRX008227,CLI0089,CRT00823,PRD0076,2026-05-05 20:58:47,8,260.49,2083.92,7347.469999999999
TRX008228,CLI0398,CRT00759,PRD0050,2026-06-08 08:41:38,1,164.79,164.79,1459.44
TRX008229,CLI0377,CRT02509,PRD0121,2026-04-21 05:40:31,9,301.87,2716.83,5632.62
TRX008230,CLI0393,CRT03328,PRD0023,2026-03-17 03:00:52,4,262.09,1048.36,1280.22
TRX008231,CLI0004,CRT00462,PRD0169,2026-05-09 05:03:34,4,259.17,1036.68,5830.4800000000005
TRX008232,CLI0184,CRT00445,PRD0169,2026-01-11 07:58:01,6,259.17,1555.02,4571.219999999999
TRX008233,CLI0409,CRT01037,PRD0106,2026-01-10 23:30:26,2,102.2,204.4,2142.64
TRX008234,CLI0435,CRT00239,PRD0158,2026-05-01 18:03:10,5,12.47,62.35,1373.21
TRX008235,CLI0113,CRT03403,PRD0096,2026-06-18 05:09:24,3,15.79,47.37,4418.41
TRX008236,CLI0064,CRT02036,PRD0049,2026-04-25 10:50:54,5,36.18,180.9,2708.6800000000003
TRX008237,CLI0264,CRT02595,PRD0144,2026-04-16 06:50:33,5,213.05,1065.25,3243.01
TRX008238,CLI0342,CRT03498,PRD0134,2026-03-12 14:14:33,10,343.3,3433.0,4475.99
TRX008239,CLI0293,CRT02698,PRD0082,2026-02-02 03:37:13,7,316.62,2216.34,4080.58
TRX008240,CLI0283,CRT00319,PRD0185,2026-01-14 00:28:19,7,144.46,1011.22,3936.19
TRX008241,CLI0219,CRT02512,PRD0014,2026-01-22 10:55:51,4,99.1,396.4,396.4
TRX008242,CLI0282,CRT03352,PRD0073,2026-01-22 12:54:15,10,292.23,2922.3,5875.84
TRX008243,CLI0293,CRT02317,PRD0111,2026-02-10 13:37:14,1,282.78,282.78,2807.7799999999997
TRX008244,CLI0040,CRT00464,PRD0081,2026-05-12 23:25:41,1,151.12,151.12,3034.4
TRX008245,CLI0356,CRT00183,PRD0142,2026-06-25 22:56:56,1,55.45,55.45,2383.27
TRX008246,CLI0234,CRT01307,PRD0141,2026-06-06 06:12:52,5,13.28,66.39999999999999,3139.3500000000004
TRX008247,CLI0279,CRT01538,PRD0048,2026-03-24 11:30:46,6,275.16,1650.96,4890.6900000000005
TRX008248,CLI0257,CRT03076,PRD0180,2026-05-13 22:09:48,4,217.4,869.6,5368.95
TRX008249,CLI0304,CRT01448,PRD0194,2026-06-20 19:18:09,10,311.57,3115.7,4030.74
TRX008250,CLI0133,CRT02910,PRD0163,2026-03-19 08:01:19,9,278.04,2502.36,2918.28
TRX008251,CLI0327,CRT02312,PRD0006,2026-07-22 21:15:43,1,207.27,207.27,5348.31
TRX008252,CLI0245,CRT01913,PRD0084,2026-04-28 14:44:56,5,129.22,646.1,646.1
TRX008253,CLI0417,CRT02554,PRD0123,2026-02-06 09:47:41,9,85.64,770.76,6809.639999999999
TRX008254,CLI0261,CRT03355,PRD0104,2026-03-27 01:56:07,9,46.73,420.57,420.57
TRX008255,CLI0152,CRT02911,PRD0174,2026-07-01 09:46:34,7,6.76,47.32,2970.88
TRX008256,CLI0194,CRT01668,PRD0194,2026-05-27 14:12:37,8,311.57,2492.56,5640.62
TRX008257,CLI0027,CRT02227,PRD0021,2026-03-17 13:53:18,3,175.98,527.9399999999999,4267.780000000001
TRX008258,CLI0131,CRT01734,PRD0008,2026-05-31 02:02:10,6,119.47,716.8199999999999,8364.53
TRX008259,CLI0370,CRT02887,PRD0142,2026-02-09 01:35:42,2,55.45,110.9,1216.3700000000001
TRX008260,CLI0432,CRT01449,PRD0090,2026-05-21 16:12:40,5,15.96,79.80000000000001,1019.6800000000001
TRX008261,CLI0361,CRT02179,PRD0185,2026-06-30 22:03:53,1,144.46,144.46,609.5
TRX008262,CLI0122,CRT02914,PRD0049,2026-03-16 01:25:23,10,36.18,361.8,3359.5
TRX008263,CLI0110,CRT03276,PRD0011,2026-04-30 20:39:39,7,104.38,730.66,730.66
TRX008264,CLI0324,CRT00641,PRD0168,2026-06-06 20:48:45,2,260.65,521.3,2386.55
TRX008265,CLI0391,CRT00923,PRD0193,2026-06-06 22:27:44,8,190.14,1521.12,4171.66
TRX008266,CLI0276,CRT01353,PRD0036,2026-02-15 05:45:15,1,86.2,86.2,86.2
TRX008267,CLI0065,CRT02240,PRD0177,2026-06-13 18:31:42,10,221.23,2212.2999999999997,2212.2999999999997
TRX008268,CLI0282,CRT00796,PRD0131,2026-04-13 18:22:31,10,212.13,2121.3,5194.46
TRX008269,CLI0109,CRT03054,PRD0151,2026-06-02 00:23:58,9,121.08,1089.72,2009.79
TRX008270,CLI0071,CRT01543,PRD0099,2026-05-13 10:14:45,8,248.8,1990.4,5340.160000000001
TRX008271,CLI0093,CRT02761,PRD0108,2026-03-30 19:21:28,4,166.93,667.72,4468.76
TRX008272,CLI0346,CRT01643,PRD0128,2026-05-06 20:09:45,2,9.29,18.58,293.46999999999997
TRX008273,CLI0212,CRT00520,PRD0033,2026-05-22 20:18:00,8,267.47,2139.76,6401.39
TRX008274,CLI0265,CRT01771,PRD0060,2026-07-02 23:38:09,1,339.13,339.13,5195.6
TRX008275,CLI0383,CRT03259,PRD0175,2026-03-11 11:36:19,10,120.9,1209.0,3275.37
TRX008276,CLI0177,CRT00630,PRD0071,2026-01-06 14:59:30,9,76.57,689.1299999999999,6451.72
TRX008277,CLI0310,CRT01109,PRD0038,2026-05-28 04:38:17,2,231.76,463.52,2822.33
TRX008278,CLI0103,CRT00141,PRD0013,2026-03-29 14:53:53,7,103.06,721.4200000000001,2326.2400000000002
TRX008279,CLI0076,CRT03346,PRD0162,2026-04-29 03:54:07,7,195.42,1367.9399999999998,7622.78
TRX008280,CLI0325,CRT02737,PRD0027,2026-06-28 23:30:16,9,209.57,1886.1299999999999,4015.8
TRX008281,CLI0310,CRT01202,PRD0016,2026-02-14 21:32:44,9,223.15,2008.3500000000001,4132.5599999999995
TRX008282,CLI0111,CRT01380,PRD0109,2026-06-01 17:14:21,2,181.62,363.24,3556.9799999999996
TRX008283,CLI0079,CRT01869,PRD0003,2026-01-31 10:52:11,4,149.12,596.48,1765.54
TRX008284,CLI0105,CRT02495,PRD0109,2026-02-02 03:20:27,1,181.62,181.62,7108.72
TRX008285,CLI0296,CRT03203,PRD0038,2026-07-20 14:16:21,4,231.76,927.04,3285.4
TRX008286,CLI0362,CRT02537,PRD0181,2026-06-23 01:01:43,9,318.21,2863.89,3323.0699999999997
TRX008287,CLI0275,CRT00517,PRD0108,2026-04-19 20:33:32,5,166.93,834.6500000000001,3579.92
TRX008288,CLI0125,CRT00866,PRD0160,2026-06-08 05:22:36,7,246.16,1723.12,6210.719999999999
TRX008289,CLI0105,CRT00872,PRD0182,2026-05-20 19:03:05,10,200.1,2001.0,7360.26
TRX008290,CLI0269,CRT00657,PRD0084,2026-07-15 03:01:51,2,129.22,258.44,3858.7200000000003
TRX008291,CLI0389,CRT02007,PRD0064,2026-01-10 23:21:18,3,237.14,711.42,6159.24
TRX008292,CLI0146,CRT03292,PRD0177,2026-01-05 23:26:06,9,221.23,1991.07,4796.48
TRX008293,CLI0284,CRT02781,PRD0070,2026-05-07 00:23:21,2,218.35,436.7,1243.03
TRX008294,CLI0005,CRT00350,PRD0173,2026-01-30 12:35:51,6,330.57,1983.42,5916.48
TRX008295,CLI0364,CRT00296,PRD0067,2026-06-16 06:28:26,1,327.31,327.31,1232.17
TRX008296,CLI0157,CRT03428,PRD0081,2026-01-02 15:40:03,2,151.12,302.24,2373.0299999999997
TRX008297,CLI0365,CRT00418,PRD0047,2026-07-09 23:19:55,7,327.59,2293.1299999999997,3825.4599999999996
TRX008298,CLI0345,CRT01603,PRD0087,2026-01-27 14:25:52,5,302.95,1514.75,8903.16
TRX008299,CLI0406,CRT01798,PRD0142,2026-02-07 01:02:51,6,55.45,332.70000000000005,2972.67
TRX008300,CLI0329,CRT00825,PRD0060,2026-03-18 01:21:38,5,339.13,1695.65,1695.65
TRX008301,CLI0329,CRT01214,PRD0105,2026-03-09 04:13:23,7,200.26,1401.82,5648.86
TRX008302,CLI0393,CRT02410,PRD0006,2026-07-19 11:52:11,7,207.27,1450.89,4007.34
TRX008303,CLI0234,CRT01456,PRD0126,2026-02-12 22:31:25,3,146.67,440.01,919.05
TRX008304,CLI0399,CRT03214,PRD0111,2026-04-02 06:47:32,6,282.78,1696.6799999999998,5722.75
TRX008305,CLI0046,CRT02150,PRD0105,2026-04-12 04:28:38,8,200.26,1602.08,5941.48
TRX008306,CLI0263,CRT02344,PRD0068,2026-07-14 05:26:06,4,140.04,560.16,2742.76
TRX008307,CLI0249,CRT03118,PRD0016,2026-02-24 17:20:19,2,223.15,446.3,4146.7
TRX008308,CLI0008,CRT03146,PRD0035,2026-02-08 16:41:57,3,344.9,1034.6999999999998,2195.2999999999997
TRX008309,CLI0070,CRT01591,PRD0133,2026-05-07 13:09:09,6,238.5,1431.0,3731.65
TRX008310,CLI0406,CRT00174,PRD0141,2026-01-10 13:39:37,4,13.28,53.12,1971.79
TRX008311,CLI0390,CRT02886,PRD0077,2026-02-21 19:25:34,7,75.69,529.8299999999999,1827.31
TRX008312,CLI0313,CRT01020,PRD0117,2026-03-01 10:34:34,2,196.2,392.4,4956.929999999999
TRX008313,CLI0242,CRT00127,PRD0183,2026-02-02 09:25:02,3,74.71,224.13,5167.29
TRX008314,CLI0201,CRT02203,PRD0064,2026-02-19 12:11:10,8,237.14,1897.12,3699.39
TRX008315,CLI0092,CRT00790,PRD0191,2026-05-23 20:19:16,7,288.92,2022.44,5078.87
TRX008316,CLI0206,CRT00529,PRD0055,2026-07-21 12:19:19,10,349.75,3497.5,4608.58
TRX008317,CLI0274,CRT00363,PRD0118,2026-01-02 22:49:33,9,163.96,1475.64,1512.0400000000002
TRX008318,CLI0352,CRT03401,PRD0143,2026-05-13 23:17:39,8,331.85,2654.8,5926.9400000000005
TRX008319,CLI0003,CRT02161,PRD0106,2026-01-03 06:19:05,7,102.2,715.4,7307.06
TRX008320,CLI0111,CRT02431,PRD0063,2026-07-02 01:15:14,3,30.34,91.02,3715.64
TRX008321,CLI0354,CRT00624,PRD0108,2026-02-11 02:11:09,3,166.93,500.79,2186.46
TRX008322,CLI0303,CRT01115,PRD0179,2026-04-16 08:41:10,10,196.43,1964.3000000000002,12062.19
TRX008323,CLI0433,CRT03101,PRD0199,2026-06-09 11:25:10,6,223.09,1338.54,2562.73
TRX008324,CLI0243,CRT02676,PRD0169,2026-02-15 01:54:37,8,259.17,2073.36,5665.9800000000005
TRX008325,CLI0169,CRT01729,PRD0199,2026-05-30 14:11:51,10,223.09,2230.9,2894.6000000000004
TRX008326,CLI0135,CRT00605,PRD0090,2026-03-02 09:48:31,5,15.96,79.80000000000001,2753.33
TRX008327,CLI0247,CRT00498,PRD0008,2026-06-18 04:44:42,8,119.47,955.76,2399.76
TRX008328,CLI0121,CRT01723,PRD0031,2026-01-29 20:47:18,5,267.28,1336.3999999999999,1990.6599999999999
TRX008329,CLI0215,CRT01358,PRD0049,2026-02-20 11:51:28,6,36.18,217.07999999999998,4359.71
TRX008330,CLI0021,CRT00891,PRD0134,2026-03-05 19:16:31,1,343.3,343.3,2411.4
TRX008331,CLI0429,CRT00772,PRD0168,2026-04-10 23:57:15,9,260.65,2345.85,7263.54
TRX008332,CLI0070,CRT01591,PRD0034,2026-05-07 13:09:09,1,115.14,115.14,3731.65
TRX008333,CLI0410,CRT00573,PRD0124,2026-03-22 15:00:57,10,96.92,969.2,1037.8
TRX008334,CLI0037,CRT01263,PRD0112,2026-05-27 09:07:26,9,344.42,3099.78,4177.43
TRX008335,CLI0404,CRT01013,PRD0181,2026-06-30 10:27:22,10,318.21,3182.1,6985.54
TRX008336,CLI0051,CRT00506,PRD0019,2026-04-19 04:52:28,8,13.65,109.2,3399.48
TRX008337,CLI0429,CRT01315,PRD0147,2026-07-23 07:45:48,2,208.25,416.5,4633.67
TRX008338,CLI0357,CRT01320,PRD0173,2026-04-05 20:08:56,8,330.57,2644.56,10432.75
TRX008339,CLI0279,CRT01122,PRD0042,2026-06-27 08:35:53,4,88.65,354.6,8484.73
TRX008340,CLI0220,CRT02839,PRD0032,2026-06-02 00:17:32,4,224.53,898.12,1687.3200000000002
TRX008341,CLI0021,CRT02069,PRD0004,2026-05-14 05:34:53,2,178.11,356.22,3802.27
TRX008342,CLI0297,CRT02262,PRD0174,2026-05-25 12:13:15,6,6.76,40.56,1747.08
TRX008343,CLI0115,CRT02975,PRD0189,2026-01-27 10:15:37,8,80.62,644.96,3633.65
TRX008344,CLI0227,CRT00674,PRD0105,2026-03-20 13:19:03,2,200.26,400.52,2567.52
TRX008345,CLI0281,CRT00684,PRD0197,2026-04-06 06:51:56,7,267.68,1873.76,5767.57
TRX008346,CLI0005,CRT02576,PRD0026,2026-01-16 09:41:15,1,238.97,238.97,1959.38
TRX008347,CLI0431,CRT02424,PRD0089,2026-02-11 06:12:39,5,57.82,289.1,1155.5
TRX008348,CLI0119,CRT02858,PRD0175,2026-02-26 12:14:23,3,120.9,362.70000000000005,816.0600000000001
TRX008349,CLI0170,CRT00709,PRD0097,2026-01-21 05:19:08,7,275.78,1930.4599999999998,4674.54
TRX008350,CLI0133,CRT01015,PRD0078,2026-05-15 20:56:25,2,172.26,344.52,4780.96
TRX008351,CLI0399,CRT01058,PRD0086,2026-02-21 03:22:17,5,197.06,985.3,6108.18
TRX008352,CLI0149,CRT03071,PRD0109,2026-02-11 05:31:02,5,181.62,908.1,4267.5
TRX008353,CLI0274,CRT02918,PRD0133,2026-01-30 00:03:03,8,238.5,1908.0,4530.95
TRX008354,CLI0236,CRT01067,PRD0068,2026-04-10 19:01:04,2,140.04,280.08,3845.46
TRX008355,CLI0084,CRT02943,PRD0095,2026-02-15 14:21:08,7,42.58,298.06,815.26
TRX008356,CLI0416,CRT01747,PRD0106,2026-06-25 04:26:37,6,102.2,613.2,2779.2400000000002
TRX008357,CLI0296,CRT02098,PRD0148,2026-07-13 01:55:30,1,270.94,270.94,2274.12
TRX008358,CLI0321,CRT03229,PRD0197,2026-01-20 07:39:23,5,267.68,1338.4,4893.34
TRX008359,CLI0164,CRT00042,PRD0145,2026-07-06 02:26:23,5,40.06,200.3,1521.5900000000001
TRX008360,CLI0320,CRT01627,PRD0030,2026-01-25 02:47:09,2,153.58,307.16,2213.0299999999997
TRX008361,CLI0080,CRT02816,PRD0102,2026-07-16 23:54:26,6,233.03,1398.18,2084.77
TRX008362,CLI0414,CRT00037,PRD0183,2026-02-19 04:35:39,3,74.71,224.13,2762.85
TRX008363,CLI0255,CRT01310,PRD0090,2026-06-02 22:24:51,7,15.96,111.72,1060.04
TRX008364,CLI0423,CRT02391,PRD0046,2026-04-13 22:01:18,5,234.97,1174.85,6276.3099999999995
TRX008365,CLI0124,CRT02681,PRD0054,2026-04-12 17:47:25,5,301.82,1509.1,1509.1
TRX008366,CLI0148,CRT02396,PRD0194,2026-06-15 16:36:49,6,311.57,1869.42,3440.61
TRX008367,CLI0053,CRT00250,PRD0192,2026-04-14 15:00:46,9,241.82,2176.38,5358.48
TRX008368,CLI0155,CRT02682,PRD0002,2026-06-26 21:42:19,3,38.12,114.35999999999999,332.12
TRX008369,CLI0417,CRT01097,PRD0037,2026-07-25 17:02:57,10,171.38,1713.8,3350.35
TRX008370,CLI0051,CRT02759,PRD0108,2026-01-13 06:13:00,7,166.93,1168.51,1907.3500000000001
TRX008371,CLI0034,CRT01569,PRD0165,2026-03-19 00:22:26,10,194.83,1948.3000000000002,2569.1600000000003
TRX008372,CLI0337,CRT00901,PRD0054,2026-02-05 03:11:47,5,301.82,1509.1,2508.1099999999997
TRX008373,CLI0333,CRT02457,PRD0127,2026-06-09 13:26:02,6,24.14,144.84,1522.3999999999999
TRX008374,CLI0250,CRT00636,PRD0163,2026-07-18 16:16:20,5,278.04,1390.2,5476.08
TRX008375,CLI0288,CRT01495,PRD0151,2026-01-23 07:51:11,2,121.08,242.16,6497.110000000001
TRX008376,CLI0402,CRT02303,PRD0196,2026-05-01 22:23:14,10,349.85,3498.5,7725.2
TRX008377,CLI0209,CRT00560,PRD0128,2026-05-10 03:52:34,2,9.29,18.58,1447.62
TRX008378,CLI0350,CRT03072,PRD0074,2026-04-29 02:52:02,4,229.76,919.04,1055.54
TRX008379,CLI0352,CRT02594,PRD0049,2026-06-18 17:18:05,8,36.18,289.44,2231.85
TRX008380,CLI0235,CRT01450,PRD0179,2026-03-19 20:39:10,9,196.43,1767.8700000000001,5973.900000000001
TRX008381,CLI0235,CRT00939,PRD0035,2026-03-05 15:34:00,1,344.9,344.9,1915.2000000000003
TRX008382,CLI0188,CRT01584,PRD0191,2026-06-28 21:27:31,5,288.92,1444.6000000000001,7245.81
TRX008383,CLI0354,CRT01744,PRD0026,2026-07-21 08:43:34,10,238.97,2389.7,8375.09
TRX008384,CLI0082,CRT01117,PRD0161,2026-05-04 13:58:27,9,331.95,2987.5499999999997,5171.139999999999
TRX008385,CLI0258,CRT00597,PRD0168,2026-03-30 14:20:05,8,260.65,2085.2,4962.74
TRX008386,CLI0293,CRT03193,PRD0100,2026-04-21 08:48:17,7,252.5,1767.5,4880.59
TRX008387,CLI0363,CRT01986,PRD0143,2026-04-24 18:25:08,3,331.85,995.5500000000001,5269.3
TRX008388,CLI0191,CRT00062,PRD0008,2026-01-06 12:18:04,1,119.47,119.47,5859.58
TRX008389,CLI0375,CRT00282,PRD0051,2026-02-02 03:46:13,10,142.41,1424.1,5594.08
TRX008390,CLI0361,CRT01398,PRD0043,2026-04-28 20:46:00,4,194.99,779.96,3875.23
TRX008391,CLI0059,CRT01900,PRD0107,2026-07-09 16:51:10,9,114.48,1030.32,1863.32
TRX008392,CLI0386,CRT00497,PRD0142,2026-01-31 03:23:34,4,55.45,221.8,2676.14
TRX008393,CLI0315,CRT02117,PRD0094,2026-03-25 06:36:24,8,179.52,1436.16,8560.28
TRX008394,CLI0413,CRT00098,PRD0013,2026-03-20 23:24:05,4,103.06,412.24,4294.860000000001
TRX008395,CLI0330,CRT01292,PRD0026,2026-03-20 18:11:34,10,238.97,2389.7,6932.87
TRX008396,CLI0358,CRT02538,PRD0093,2026-06-20 23:29:45,7,302.86,2120.02,5535.87
TRX008397,CLI0208,CRT00552,PRD0150,2026-05-31 07:17:35,6,151.36,908.1600000000001,3657.98
TRX008398,CLI0216,CRT02074,PRD0134,2026-01-13 11:06:38,3,343.3,1029.9,2369.19
TRX008399,CLI0036,CRT00410,PRD0026,2026-02-19 11:34:12,5,238.97,1194.85,5365.71
TRX008400,CLI0307,CRT01130,PRD0111,2026-01-28 21:42:52,3,282.78,848.3399999999999,1512.0299999999997
TRX008401,CLI0358,CRT03027,PRD0164,2026-03-18 17:07:08,8,242.9,1943.2,2467.38
TRX008402,CLI0099,CRT03252,PRD0163,2026-03-06 06:17:50,7,278.04,1946.2800000000002,3509.6400000000003
TRX008403,CLI0078,CRT01437,PRD0185,2026-02-22 18:57:27,1,144.46,144.46,1540.8400000000001
TRX008404,CLI0108,CRT00148,PRD0005,2026-07-14 06:08:19,8,228.33,1826.64,7225.42
TRX008405,CLI0061,CRT02070,PRD0142,2026-04-06 11:06:07,5,55.45,277.25,3252.1800000000003
TRX008406,CLI0244,CRT01106,PRD0158,2026-01-29 12:47:44,2,12.47,24.94,1887.52
TRX008407,CLI0013,CRT02327,PRD0009,2026-02-15 16:04:52,5,297.0,1485.0,9184.79
TRX008408,CLI0064,CRT02036,PRD0146,2026-04-25 10:50:54,7,318.04,2226.28,2708.6800000000003
TRX008409,CLI0049,CRT00815,PRD0031,2026-01-10 16:45:41,5,267.28,1336.3999999999999,5984.35
TRX008410,CLI0217,CRT00856,PRD0069,2026-04-04 12:40:53,5,112.37,561.85,2440.9900000000002
TRX008411,CLI0134,CRT02340,PRD0059,2026-01-03 10:54:12,1,252.15,252.15,4123.46
TRX008412,CLI0096,CRT02844,PRD0083,2026-03-05 10:14:09,3,194.5,583.5,3113.7200000000003
TRX008413,CLI0308,CRT02261,PRD0121,2026-06-27 12:03:23,7,301.87,2113.09,7316.14
TRX008414,CLI0133,CRT00604,PRD0158,2026-02-17 19:58:21,2,12.47,24.94,6266.45
TRX008415,CLI0361,CRT02179,PRD0137,2026-06-30 22:03:53,4,116.26,465.04,609.5
TRX008416,CLI0322,CRT01039,PRD0197,2026-04-28 19:33:01,6,267.68,1606.08,3980.25
TRX008417,CLI0193,CRT02674,PRD0160,2026-04-20 06:07:29,4,246.16,984.64,7075.110000000001
TRX008418,CLI0177,CRT00630,PRD0179,2026-01-06 14:59:30,5,196.43,982.1500000000001,6451.72
TRX008419,CLI0422,CRT01511,PRD0197,2026-03-19 21:18:24,3,267.68,803.04,6720.52
TRX008420,CLI0085,CRT00266,PRD0130,2026-05-07 05:06:48,6,312.35,1874.1000000000001,1916.68
TRX008421,CLI0022,CRT02322,PRD0059,2026-04-30 18:39:03,6,252.15,1512.9,7126.6
TRX008422,CLI0257,CRT02183,PRD0021,2026-05-07 06:12:24,6,175.98,1055.8799999999999,4308.030000000001
TRX008423,CLI0243,CRT00095,PRD0096,2026-02-03 23:34:12,7,15.79,110.53,1995.08
TRX008424,CLI0145,CRT02341,PRD0112,2026-03-30 14:42:08,2,344.42,688.84,5146.66
TRX008425,CLI0149,CRT01189,PRD0171,2026-02-12 01:17:10,9,127.91,1151.19,1151.19
TRX008426,CLI0005,CRT00681,PRD0014,2026-07-16 15:40:18,4,99.1,396.4,1660.09
TRX008427,CLI0198,CRT02534,PRD0158,2026-04-19 08:59:07,3,12.47,37.410000000000004,2697.69
TRX008428,CLI0421,CRT00781,PRD0085,2026-04-05 02:07:21,7,239.52,1676.64,4432.0
TRX008429,CLI0254,CRT01885,PRD0157,2026-05-15 22:55:17,3,263.29,789.8700000000001,937.5500000000001
TRX008430,CLI0272,CRT02980,PRD0058,2026-03-27 21:49:52,2,275.33,550.66,550.66
TRX008431,CLI0220,CRT00153,PRD0174,2026-05-03 13:57:22,4,6.76,27.04,2530.3
TRX008432,CLI0324,CRT02009,PRD0093,2026-07-02 18:55:28,9,302.86,2725.7400000000002,4884.17
TRX008433,CLI0093,CRT02981,PRD0106,2026-06-23 15:28:57,5,102.2,511.0,1895.9399999999998
TRX008434,CLI0052,CRT00786,PRD0169,2026-07-05 08:24:39,2,259.17,518.34,6856.870000000001
TRX008435,CLI0181,CRT02995,PRD0198,2026-03-23 17:59:36,6,156.17,937.02,5673.08
TRX008436,CLI0015,CRT00225,PRD0069,2026-06-25 04:45:25,6,112.37,674.22,2515.0
TRX008437,CLI0398,CRT02249,PRD0122,2026-02-07 05:22:01,2,224.09,448.18,3675.86
TRX008438,CLI0069,CRT00619,PRD0060,2026-06-11 18:49:25,1,339.13,339.13,5024.93
TRX008439,CLI0083,CRT00532,PRD0194,2026-04-10 23:09:05,10,311.57,3115.7,4935.98
TRX008440,CLI0296,CRT03325,PRD0103,2026-05-03 17:50:38,6,234.25,1405.5,5761.77
TRX008441,CLI0242,CRT00606,PRD0186,2026-06-06 12:29:30,5,13.84,69.2,547.08
TRX008442,CLI0421,CRT00267,PRD0053,2026-07-03 14:53:56,3,99.29,297.87,5341.6900000000005
TRX008443,CLI0194,CRT02623,PRD0135,2026-07-03 13:53:43,6,198.63,1191.78,3245.7200000000003
TRX008444,CLI0424,CRT01790,PRD0100,2026-06-22 17:59:29,3,252.5,757.5,3916.6600000000003
TRX008445,CLI0431,CRT03191,PRD0046,2026-05-13 21:50:36,8,234.97,1879.76,4986.72
TRX008446,CLI0281,CRT00395,PRD0038,2026-01-22 11:05:36,6,231.76,1390.56,5435.4400000000005
TRX008447,CLI0360,CRT01304,PRD0036,2026-06-16 04:45:09,1,86.2,86.2,4317.66
TRX008448,CLI0020,CRT00538,PRD0170,2026-07-05 13:59:34,6,100.84,605.04,2164.96
TRX008449,CLI0356,CRT01525,PRD0193,2026-01-31 13:35:16,7,190.14,1330.98,1438.18
TRX008450,CLI0022,CRT01461,PRD0033,2026-03-23 20:55:04,9,267.47,2407.2300000000005,5401.040000000001
TRX008451,CLI0199,CRT01749,PRD0109,2026-01-03 14:18:28,9,181.62,1634.58,4692.539999999999
TRX008452,CLI0272,CRT01406,PRD0067,2026-01-09 10:47:54,1,327.31,327.31,4944.14
TRX008453,CLI0139,CRT03128,PRD0107,2026-03-06 23:08:40,9,114.48,1030.32,3513.76
TRX008454,CLI0034,CRT00364,PRD0184,2026-02-23 22:55:11,5,85.85,429.25,4473.81
TRX008455,CLI0290,CRT02040,PRD0088,2026-07-02 22:51:19,9,64.83,583.47,7405.13
TRX008456,CLI0375,CRT01858,PRD0003,2026-07-07 20:43:20,3,149.12,447.36,3475.6400000000003
TRX008457,CLI0212,CRT00918,PRD0170,2026-04-16 11:02:40,1,100.84,100.84,291.97
TRX008458,CLI0219,CRT01881,PRD0179,2026-01-24 01:28:20,8,196.43,1571.44,1932.66
TRX008459,CLI0249,CRT01364,PRD0048,2026-01-14 15:52:09,3,275.16,825.48,5839.25
TRX008460,CLI0066,CRT03461,PRD0123,2026-06-08 19:46:47,8,85.64,685.12,685.12
TRX008461,CLI0115,CRT02626,PRD0189,2026-03-08 04:12:43,2,80.62,161.24,4585.92
TRX008462,CLI0325,CRT02931,PRD0117,2026-06-04 20:03:24,3,196.2,588.5999999999999,588.5999999999999
TRX008463,CLI0218,CRT02359,PRD0119,2026-06-25 14:41:10,7,332.64,2328.48,3919.9300000000003
TRX008464,CLI0251,CRT00150,PRD0169,2026-07-21 03:12:19,4,259.17,1036.68,4549.9400000000005
TRX008465,CLI0118,CRT01359,PRD0192,2026-07-19 04:00:35,4,241.82,967.28,1443.61
TRX008466,CLI0185,CRT01996,PRD0085,2026-06-11 08:56:11,5,239.52,1197.6000000000001,1197.6000000000001
TRX008467,CLI0420,CRT01759,PRD0007,2026-01-26 05:50:16,1,149.36,149.36,2400.77
TRX008468,CLI0086,CRT03264,PRD0083,2026-01-09 18:37:04,3,194.5,583.5,2946.64
TRX008469,CLI0408,CRT01548,PRD0128,2026-05-24 22:20:03,10,9.29,92.89999999999999,1258.94
TRX008470,CLI0364,CRT01836,PRD0119,2026-05-24 17:39:56,4,332.64,1330.56,5522.38
TRX008471,CLI0217,CRT00856,PRD0042,2026-04-04 12:40:53,8,88.65,709.2,2440.9900000000002
TRX008472,CLI0050,CRT01098,PRD0018,2026-04-27 11:18:03,9,115.19,1036.71,5909.18
TRX008473,CLI0028,CRT01146,PRD0189,2026-01-01 20:23:24,2,80.62,161.24,6902.13
TRX008474,CLI0109,CRT02579,PRD0010,2026-05-14 00:15:51,4,162.15,648.6,876.9300000000001
TRX008475,CLI0215,CRT01358,PRD0172,2026-02-20 11:51:28,3,97.82,293.46,4359.71
TRX008476,CLI0219,CRT01407,PRD0049,2026-07-12 09:49:21,7,36.18,253.26,3110.8
TRX008477,CLI0116,CRT03311,PRD0103,2026-02-13 03:12:16,8,234.25,1874.0,3500.08
TRX008478,CLI0361,CRT01398,PRD0139,2026-04-28 20:46:00,3,30.96,92.88,3875.23
TRX008479,CLI0242,CRT01088,PRD0049,2026-06-22 01:50:13,8,36.18,289.44,5970.06
TRX008480,CLI0427,CRT02609,PRD0190,2026-06-22 19:58:45,4,23.22,92.88,4974.91
TRX008481,CLI0077,CRT02086,PRD0100,2026-07-06 11:50:26,4,252.5,1010.0,3830.14
TRX008482,CLI0125,CRT02535,PRD0174,2026-05-03 01:15:22,3,6.76,20.28,4472.599999999999
TRX008483,CLI0098,CRT00762,PRD0076,2026-05-15 18:06:54,7,260.49,1823.43,3214.3
TRX008484,CLI0199,CRT02305,PRD0109,2026-07-12 23:29:10,3,181.62,544.86,3887.46
TRX008485,CLI0285,CRT00392,PRD0050,2026-02-06 04:29:12,8,164.79,1318.32,4932.9
TRX008486,CLI0050,CRT00494,PRD0085,2026-02-15 17:19:33,8,239.52,1916.16,3725.16
TRX008487,CLI0160,CRT03256,PRD0125,2026-02-12 07:29:38,7,54.91,384.37,4681.77
TRX008488,CLI0282,CRT02831,PRD0065,2026-05-07 04:38:23,8,88.06,704.48,704.48
TRX008489,CLI0231,CRT00627,PRD0178,2026-07-10 12:11:04,5,198.09,990.45,2530.4300000000003
TRX008490,CLI0268,CRT00677,PRD0156,2026-07-14 04:57:45,7,87.81,614.6700000000001,1947.5500000000002
TRX008491,CLI0354,CRT00060,PRD0016,2026-03-02 01:47:40,10,223.15,2231.5,5345.24
TRX008492,CLI0100,CRT02416,PRD0109,2026-04-12 01:22:31,6,181.62,1089.72,1704.04
TRX008493,CLI0160,CRT00160,PRD0004,2026-02-03 03:44:22,9,178.11,1602.9900000000002,6748.5
TRX008494,CLI0196,CRT00571,PRD0024,2026-06-12 08:01:25,9,78.71,708.39,1192.71
TRX008495,CLI0195,CRT00886,PRD0164,2026-05-11 03:37:35,2,242.9,485.8,646.04
TRX008496,CLI0165,CRT00760,PRD0042,2026-07-04 02:18:22,10,88.65,886.5,3150.9900000000002
TRX008497,CLI0126,CRT03405,PRD0057,2026-05-28 15:40:55,5,59.71,298.55,401.61
TRX008498,CLI0112,CRT00985,PRD0162,2026-05-31 17:19:12,7,195.42,1367.9399999999998,2401.7
TRX008499,CLI0031,CRT01700,PRD0066,2026-05-14 07:18:19,9,148.18,1333.6200000000001,10294.35
TRX008500,CLI0223,CRT01789,PRD0092,2026-07-17 16:31:08,8,10.72,85.76,1950.2
TRX008501,CLI0320,CRT03080,PRD0026,2026-04-21 01:27:24,8,238.97,1911.76,2946.87
TRX008502,CLI0276,CRT02704,PRD0132,2026-07-02 23:43:39,5,153.95,769.75,7367.3
TRX008503,CLI0119,CRT02451,PRD0099,2026-02-24 03:51:18,10,248.8,2488.0,4963.88
TRX008504,CLI0285,CRT00392,PRD0103,2026-02-06 04:29:12,3,234.25,702.75,4932.9
TRX008505,CLI0347,CRT01649,PRD0093,2026-04-01 10:21:21,10,302.86,3028.6000000000004,3028.6000000000004
TRX008506,CLI0313,CRT02153,PRD0200,2026-05-10 11:35:20,5,144.4,722.0,5490.34
TRX008507,CLI0190,CRT00537,PRD0186,2026-01-21 22:10:26,5,13.84,69.2,926.77
TRX008508,CLI0357,CRT02662,PRD0074,2026-02-19 19:57:08,10,229.76,2297.6,5591.61
TRX008509,CLI0422,CRT02059,PRD0087,2026-02-11 05:15:19,10,302.95,3029.5,7007.02
TRX008510,CLI0159,CRT02080,PRD0125,2026-05-25 16:28:13,4,54.91,219.64,1340.0900000000001
TRX008511,CLI0180,CRT02146,PRD0093,2026-06-11 07:44:46,2,302.86,605.72,6687.56
TRX008512,CLI0271,CRT02014,PRD0184,2026-06-06 05:20:49,4,85.85,343.4,1070.95
TRX008513,CLI0299,CRT01844,PRD0134,2026-01-02 19:09:05,7,343.3,2403.1,2403.1
TRX008514,CLI0174,CRT02281,PRD0060,2026-05-22 08:57:19,8,339.13,2713.04,3018.0
TRX008515,CLI0406,CRT01798,PRD0193,2026-02-07 01:02:51,6,190.14,1140.84,2972.67
TRX008516,CLI0232,CRT00698,PRD0069,2026-03-11 22:40:25,8,112.37,898.96,6545.639999999999
TRX008517,CLI0121,CRT02574,PRD0069,2026-05-03 17:39:55,3,112.37,337.11,2362.13
TRX008518,CLI0097,CRT00070,PRD0115,2026-04-24 07:41:47,7,301.5,2110.5,5673.6900000000005
TRX008519,CLI0428,CRT00768,PRD0196,2026-02-03 06:30:14,7,349.85,2448.9500000000003,2448.9500000000003
TRX008520,CLI0156,CRT01512,PRD0006,2026-05-07 20:21:46,9,207.27,1865.43,3989.21
TRX008521,CLI0085,CRT01435,PRD0069,2026-03-12 04:04:43,5,112.37,561.85,7508.799999999999
TRX008522,CLI0243,CRT02582,PRD0180,2026-07-13 12:16:15,10,217.4,2174.0,6225.9
TRX008523,CLI0408,CRT02608,PRD0048,2026-01-23 10:58:18,1,275.16,275.16,2201.36
TRX008524,CLI0120,CRT02472,PRD0126,2026-01-06 22:26:26,6,146.67,880.02,16103.4
TRX008525,CLI0058,CRT00219,PRD0027,2026-02-03 02:08:06,4,209.57,838.28,1540.76
TRX008526,CLI0120,CRT01218,PRD0143,2026-04-08 14:12:07,7,331.85,2322.9500000000003,8660.7
TRX008527,CLI0135,CRT00689,PRD0017,2026-01-21 15:22:23,7,134.36,940.5200000000001,2636.17
TRX008528,CLI0129,CRT00565,PRD0023,2026-06-27 16:07:14,8,262.09,2096.72,7371.049999999999
TRX008529,CLI0268,CRT01179,PRD0103,2026-06-06 03:13:12,9,234.25,2108.25,5581.72
TRX008530,CLI0161,CRT01904,PRD0176,2026-05-31 16:33:57,4,288.19,1152.76,2940.4300000000003
TRX008531,CLI0200,CRT00660,PRD0192,2026-03-21 08:21:02,3,241.82,725.46,4611.150000000001
TRX008532,CLI0252,CRT00338,PRD0058,2026-07-22 20:51:01,1,275.33,275.33,1735.87
TRX008533,CLI0167,CRT01127,PRD0015,2026-05-23 03:33:19,4,125.96,503.84,3472.3199999999997
TRX008534,CLI0422,CRT00163,PRD0045,2026-01-12 10:51:25,2,301.22,602.44,2612.77
TRX008535,CLI0068,CRT02834,PRD0069,2026-01-29 03:55:39,7,112.37,786.59,4066.59
TRX008536,CLI0267,CRT00946,PRD0033,2026-01-28 16:26:33,2,267.47,534.94,3069.09
TRX008537,CLI0260,CRT03103,PRD0063,2026-04-26 09:34:09,4,30.34,121.36,5246.56
TRX008538,CLI0059,CRT03148,PRD0148,2026-07-22 14:47:45,2,270.94,541.88,541.88
TRX008539,CLI0098,CRT01925,PRD0133,2026-01-23 10:57:21,8,238.5,1908.0,4578.139999999999
TRX008540,CLI0282,CRT00007,PRD0074,2026-05-06 05:35:31,8,229.76,1838.08,2498.14
TRX008541,CLI0193,CRT01244,PRD0162,2026-06-18 23:35:22,10,195.42,1954.1999999999998,2034.62
TRX008542,CLI0130,CRT02412,PRD0013,2026-02-23 18:25:30,1,103.06,103.06,2154.42
TRX008543,CLI0003,CRT03238,PRD0091,2026-02-10 18:59:46,6,321.66,1929.96,3349.26
TRX008544,CLI0373,CRT02949,PRD0134,2026-07-12 00:25:45,4,343.3,1373.2,4880.49
TRX008545,CLI0140,CRT02156,PRD0106,2026-03-04 11:42:37,5,102.2,511.0,1077.38
TRX008546,CLI0367,CRT02310,PRD0196,2026-05-07 17:14:56,1,349.85,349.85,1430.79
TRX008547,CLI0137,CRT01976,PRD0033,2026-02-08 18:45:52,4,267.47,1069.88,7092.639999999999
TRX008548,CLI0022,CRT02141,PRD0152,2026-01-01 16:55:02,9,336.37,3027.33,5664.26
TRX008549,CLI0049,CRT00209,PRD0079,2026-07-14 01:40:14,9,98.65,887.85,2648.75
TRX008550,CLI0112,CRT01394,PRD0063,2026-02-03 13:02:56,4,30.34,121.36,3730.77
TRX008551,CLI0015,CRT02442,PRD0175,2026-01-04 12:16:26,4,120.9,483.6,874.88
TRX008552,CLI0005,CRT00575,PRD0123,2026-06-29 09:35:17,4,85.64,342.56,6339.99
TRX008553,CLI0348,CRT01601,PRD0142,2026-04-05 06:31:40,2,55.45,110.9,2058.73
TRX008554,CLI0009,CRT01527,PRD0019,2026-03-08 05:55:44,6,13.65,81.9,104.88000000000001
TRX008555,CLI0058,CRT00855,PRD0167,2026-06-21 15:03:29,2,82.61,165.22,1242.44
TRX008556,CLI0054,CRT00795,PRD0075,2026-02-12 06:34:04,9,38.5,346.5,1701.0
TRX008557,CLI0395,CRT02954,PRD0060,2026-01-22 09:44:42,1,339.13,339.13,339.13
TRX008558,CLI0080,CRT03476,PRD0060,2026-03-19 22:52:24,2,339.13,678.26,5184.1900000000005
TRX008559,CLI0102,CRT00724,PRD0030,2026-04-03 01:53:47,7,153.58,1075.0600000000002,1075.0600000000002
TRX008560,CLI0278,CRT03053,PRD0161,2026-01-28 02:22:41,7,331.95,2323.65,7873.91
TRX008561,CLI0391,CRT02133,PRD0009,2026-05-23 23:43:20,5,297.0,1485.0,6249.83
TRX008562,CLI0146,CRT01349,PRD0162,2026-02-23 15:49:33,9,195.42,1758.78,5006.52
TRX008563,CLI0133,CRT02764,PRD0028,2026-01-03 18:41:54,1,301.62,301.62,594.22
TRX008564,CLI0207,CRT03360,PRD0127,2026-02-15 21:37:43,3,24.14,72.42,4822.4
TRX008565,CLI0141,CRT00751,PRD0154,2026-06-03 20:11:22,4,283.35,1133.4,10183.78
TRX008566,CLI0093,CRT01693,PRD0177,2026-01-05 22:51:32,7,221.23,1548.61,1548.61
TRX008567,CLI0231,CRT03151,PRD0093,2026-06-13 21:03:29,3,302.86,908.58,4370.12
TRX008568,CLI0161,CRT00292,PRD0006,2026-07-02 20:09:19,9,207.27,1865.43,1981.69
TRX008569,CLI0385,CRT01177,PRD0147,2026-07-19 10:10:24,1,208.25,208.25,7921.7
TRX008570,CLI0428,CRT00400,PRD0110,2026-03-06 07:04:30,2,286.9,573.8,1733.5
TRX008571,CLI0050,CRT02209,PRD0061,2026-01-08 17:28:30,10,111.48,1114.8,3320.94
TRX008572,CLI0394,CRT01899,PRD0012,2026-05-09 00:35:32,4,69.32,277.28,277.28
TRX008573,CLI0223,CRT02840,PRD0165,2026-05-03 10:32:20,9,194.83,1753.47,2200.83
TRX008574,CLI0357,CRT02896,PRD0073,2026-02-03 10:32:45,9,292.23,2630.07,8440.32
TRX008575,CLI0295,CRT01409,PRD0172,2026-07-23 07:32:31,10,97.82,978.1999999999999,2715.07
TRX008576,CLI0043,CRT01392,PRD0035,2026-05-23 00:27:08,6,344.9,2069.3999999999996,4873.389999999999
TRX008577,CLI0276,CRT00367,PRD0188,2026-06-29 15:50:47,4,281.86,1127.44,6999.0199999999995
TRX008578,CLI0015,CRT01520,PRD0158,2026-01-31 10:05:35,2,12.47,24.94,6637.59
TRX008579,CLI0236,CRT01067,PRD0148,2026-04-10 19:01:04,2,270.94,541.88,3845.46
TRX008580,CLI0072,CRT02720,PRD0057,2026-05-28 17:51:23,6,59.71,358.26,3294.51
TRX008581,CLI0370,CRT00003,PRD0199,2026-07-06 19:39:55,5,223.09,1115.45,3452.26
TRX008582,CLI0059,CRT00261,PRD0002,2026-01-25 23:59:24,4,38.12,152.48,3282.75
TRX008583,CLI0006,CRT00543,PRD0141,2026-02-21 23:54:59,10,13.28,132.79999999999998,2034.1999999999998
TRX008584,CLI0265,CRT01771,PRD0117,2026-07-02 23:38:09,8,196.2,1569.6,5195.6
TRX008585,CLI0001,CRT00549,PRD0200,2026-02-10 03:09:42,9,144.4,1299.6000000000001,3548.3900000000003
TRX008586,CLI0231,CRT03151,PRD0088,2026-06-13 21:03:29,2,64.83,129.66,4370.12
TRX008587,CLI0420,CRT02510,PRD0058,2026-07-23 17:32:56,6,275.33,1651.98,4010.02
TRX008588,CLI0422,CRT00534,PRD0168,2026-02-07 17:10:22,8,260.65,2085.2,3919.22
TRX008589,CLI0157,CRT02356,PRD0158,2026-07-08 00:21:08,4,12.47,49.88,3717.08
TRX008590,CLI0352,CRT02973,PRD0116,2026-07-03 04:05:33,5,281.93,1409.65,3946.01
TRX008591,CLI0269,CRT02559,PRD0019,2026-04-17 23:49:49,2,13.65,27.3,4108.5199999999995
TRX008592,CLI0428,CRT00784,PRD0160,2026-03-19 02:50:15,6,246.16,1476.96,4910.05
TRX008593,CLI0401,CRT03142,PRD0018,2026-06-02 07:13:45,10,115.19,1151.9,3580.9700000000003
TRX008594,CLI0304,CRT01614,PRD0111,2026-03-11 23:26:28,2,282.78,565.56,3288.4
TRX008595,CLI0010,CRT02101,PRD0008,2026-01-31 23:57:58,1,119.47,119.47,119.47
TRX008596,CLI0309,CRT02997,PRD0144,2026-07-23 23:10:40,7,213.05,1491.3500000000001,4019.75
TRX008597,CLI0202,CRT01850,PRD0133,2026-04-06 21:29:36,7,238.5,1669.5,6018.05
TRX008598,CLI0101,CRT01139,PRD0071,2026-02-22 11:31:37,1,76.57,76.57,76.57
TRX008599,CLI0294,CRT03283,PRD0115,2026-06-15 15:21:19,9,301.5,2713.5,2713.5
TRX008600,CLI0385,CRT02577,PRD0117,2026-01-02 21:12:22,7,196.2,1373.3999999999999,3886.95
TRX008601,CLI0183,CRT02452,PRD0013,2026-03-24 06:19:16,3,103.06,309.18,5484.83
TRX008602,CLI0360,CRT01422,PRD0006,2026-02-23 08:12:28,4,207.27,829.08,5300.380000000001
TRX008603,CLI0220,CRT03135,PRD0186,2026-03-29 10:48:35,7,13.84,96.88,3104.6299999999997
TRX008604,CLI0397,CRT01726,PRD0096,2026-05-15 09:10:04,6,15.79,94.74,1248.06
TRX008605,CLI0300,CRT00333,PRD0183,2026-03-07 00:12:19,1,74.71,74.71,1469.47
TRX008606,CLI0220,CRT00153,PRD0018,2026-05-03 13:57:22,5,115.19,575.95,2530.3
TRX008607,CLI0307,CRT02645,PRD0161,2026-03-23 11:14:47,7,331.95,2323.65,4262.0
TRX008608,CLI0326,CRT02532,PRD0132,2026-06-26 13:24:18,1,153.95,153.95,2748.51
TRX008609,CLI0389,CRT02890,PRD0181,2026-05-24 12:38:46,3,318.21,954.6299999999999,2339.33
TRX008610,CLI0104,CRT00585,PRD0065,2026-03-05 22:31:20,7,88.06,616.4200000000001,7462.18
TRX008611,CLI0401,CRT02222,PRD0082,2026-02-02 02:15:26,3,316.62,949.86,6530.33
TRX008612,CLI0126,CRT03271,PRD0018,2026-01-19 07:50:04,3,115.19,345.57,8073.75
TRX008613,CLI0028,CRT01830,PRD0181,2026-02-18 05:24:40,5,318.21,1591.05,6705.21
TRX008614,CLI0171,CRT02998,PRD0018,2026-02-05 23:48:35,8,115.19,921.52,921.52
TRX008615,CLI0102,CRT02847,PRD0194,2026-05-02 03:45:08,9,311.57,2804.13,8043.56
TRX008616,CLI0125,CRT00866,PRD0023,2026-06-08 05:22:36,10,262.09,2620.8999999999996,6210.719999999999
TRX008617,CLI0182,CRT00263,PRD0160,2026-06-12 10:37:50,3,246.16,738.48,3279.06
TRX008618,CLI0033,CRT00447,PRD0149,2026-03-09 13:27:02,3,344.39,1033.17,5261.6900000000005
TRX008619,CLI0301,CRT02124,PRD0146,2026-03-02 17:56:55,6,318.04,1908.2400000000002,8418.94
TRX008620,CLI0009,CRT03348,PRD0047,2026-04-28 06:48:34,2,327.59,655.18,6704.18
TRX008621,CLI0052,CRT00409,PRD0161,2026-03-14 22:33:21,9,331.95,2987.5499999999997,3332.35
TRX008622,CLI0399,CRT03214,PRD0143,2026-04-02 06:47:32,3,331.85,995.5500000000001,5722.75
TRX008623,CLI0346,CRT02432,PRD0095,2026-05-17 07:52:13,7,42.58,298.06,1987.0300000000002
TRX008624,CLI0345,CRT01234,PRD0041,2026-01-03 02:28:26,2,228.33,456.66,1603.5800000000002
TRX008625,CLI0002,CRT02077,PRD0121,2026-02-01 19:56:06,4,301.87,1207.48,3800.92
TRX008626,CLI0408,CRT02029,PRD0138,2026-05-19 21:34:20,6,308.17,1849.02,3875.84
TRX008627,CLI0084,CRT01867,PRD0087,2026-04-10 14:39:02,1,302.95,302.95,2120.64
TRX008628,CLI0058,CRT00865,PRD0036,2026-07-09 01:59:08,7,86.2,603.4,4985.530000000001
TRX008629,CLI0430,CRT02425,PRD0093,2026-01-05 22:05:59,3,302.86,908.58,908.58
TRX008630,CLI0182,CRT01225,PRD0110,2026-04-21 22:13:37,2,286.9,573.8,3790.67
TRX008631,CLI0331,CRT01742,PRD0018,2026-06-05 01:16:02,1,115.19,115.19,933.3500000000001
TRX008632,CLI0151,CRT02571,PRD0099,2026-01-22 13:45:09,9,248.8,2239.2000000000003,2679.21
TRX008633,CLI0020,CRT00059,PRD0059,2026-04-12 12:04:09,5,252.15,1260.75,1260.75
TRX008634,CLI0086,CRT02507,PRD0026,2026-05-01 16:04:12,1,238.97,238.97,3126.18
TRX008635,CLI0096,CRT02562,PRD0154,2026-06-30 04:53:27,2,283.35,566.7,4961.139999999999
TRX008636,CLI0034,CRT02456,PRD0031,2026-06-18 10:08:17,6,267.28,1603.6799999999998,5413.86
TRX008637,CLI0357,CRT01320,PRD0155,2026-04-05 20:08:56,8,289.44,2315.52,10432.75
TRX008638,CLI0200,CRT02436,PRD0124,2026-06-26 11:13:32,10,96.92,969.2,5224.31
TRX008639,CLI0122,CRT02877,PRD0177,2026-06-16 10:02:48,10,221.23,2212.2999999999997,2212.2999999999997
TRX008640,CLI0079,CRT01869,PRD0142,2026-01-31 10:52:11,8,55.45,443.6,1765.54
TRX008641,CLI0193,CRT02674,PRD0101,2026-04-20 06:07:29,1,26.82,26.82,7075.110000000001
TRX008642,CLI0022,CRT02141,PRD0199,2026-01-01 16:55:02,7,223.09,1561.63,5664.26
TRX008643,CLI0013,CRT01239,PRD0008,2026-06-08 03:20:50,3,119.47,358.40999999999997,3733.9399999999996
TRX008644,CLI0206,CRT02904,PRD0058,2026-06-05 09:53:05,10,275.33,2753.2999999999997,8624.66
TRX008645,CLI0421,CRT00485,PRD0172,2026-07-16 06:37:19,9,97.82,880.3799999999999,1068.12
TRX008646,CLI0034,CRT01569,PRD0113,2026-03-19 00:22:26,2,310.43,620.86,2569.1600000000003
TRX008647,CLI0141,CRT01079,PRD0033,2026-01-30 00:33:19,1,267.47,267.47,945.29
TRX008648,CLI0424,CRT01776,PRD0106,2026-03-25 10:15:35,10,102.2,1022.0,6794.39
TRX008649,CLI0055,CRT01980,PRD0121,2026-07-20 22:13:48,10,301.87,3018.7,6282.099999999999
TRX008650,CLI0240,CRT03334,PRD0112,2026-04-09 06:50:30,8,344.42,2755.36,6600.02
TRX008651,CLI0379,CRT01203,PRD0129,2026-02-08 23:59:56,6,4.55,27.299999999999997,316.74
TRX008652,CLI0271,CRT00783,PRD0143,2026-01-11 02:33:45,3,331.85,995.5500000000001,4941.0
TRX008653,CLI0314,CRT00955,PRD0116,2026-01-14 18:49:20,7,281.93,1973.51,3804.53
TRX008654,CLI0133,CRT01524,PRD0136,2026-06-10 17:19:55,9,303.73,2733.57,7445.09
TRX008655,CLI0206,CRT02228,PRD0061,2026-01-25 22:28:31,7,111.48,780.36,942.5
TRX008656,CLI0193,CRT02674,PRD0073,2026-04-20 06:07:29,7,292.23,2045.6100000000001,7075.110000000001
TRX008657,CLI0190,CRT02584,PRD0038,2026-06-24 12:29:27,6,231.76,1390.56,4008.58
TRX008658,CLI0350,CRT03104,PRD0165,2026-01-11 22:35:45,1,194.83,194.83,194.83
TRX008659,CLI0082,CRT02028,PRD0022,2026-01-06 01:00:55,9,51.02,459.18,2189.6
TRX008660,CLI0284,CRT02128,PRD0116,2026-04-15 02:22:59,4,281.93,1127.72,1575.5500000000002
TRX008661,CLI0015,CRT01558,PRD0119,2026-07-10 04:19:04,7,332.64,2328.48,2699.08
TRX008662,CLI0433,CRT02196,PRD0103,2026-04-15 09:58:38,9,234.25,2108.25,6439.55
TRX008663,CLI0397,CRT00500,PRD0015,2026-06-23 23:38:16,2,125.96,251.92,4147.1900000000005
TRX008664,CLI0003,CRT02161,PRD0044,2026-01-03 06:19:05,7,248.47,1739.29,7307.06
TRX008665,CLI0229,CRT01481,PRD0065,2026-04-02 03:22:01,9,88.06,792.54,3563.16
TRX008666,CLI0298,CRT03460,PRD0193,2026-05-12 13:35:04,3,190.14,570.42,570.42
TRX008667,CLI0106,CRT01066,PRD0146,2026-07-05 01:19:51,2,318.04,636.08,883.76
TRX008668,CLI0243,CRT02676,PRD0140,2026-02-15 01:54:37,5,80.42,402.1,5665.9800000000005
TRX008669,CLI0152,CRT02010,PRD0019,2026-04-18 14:38:11,1,13.65,13.65,3950.46
TRX008670,CLI0376,CRT01388,PRD0192,2026-07-16 18:21:28,8,241.82,1934.56,7274.96
TRX008671,CLI0207,CRT00076,PRD0047,2026-02-04 19:05:19,4,327.59,1310.36,2172.07
TRX008672,CLI0042,CRT00014,PRD0087,2026-05-02 04:12:19,8,302.95,2423.6,3469.12
TRX008673,CLI0325,CRT02737,PRD0173,2026-06-28 23:30:16,4,330.57,1322.28,4015.8
TRX008674,CLI0348,CRT01601,PRD0080,2026-04-05 06:31:40,1,342.98,342.98,2058.73
TRX008675,CLI0094,CRT02402,PRD0011,2026-06-28 20:42:09,9,104.38,939.42,2422.62
TRX008676,CLI0354,CRT01744,PRD0061,2026-07-21 08:43:34,8,111.48,891.84,8375.09
TRX008677,CLI0377,CRT01958,PRD0186,2026-04-03 17:11:48,2,13.84,27.68,27.68
TRX008678,CLI0317,CRT02400,PRD0176,2026-07-07 15:43:53,5,288.19,1440.95,7199.16
TRX008679,CLI0044,CRT02978,PRD0199,2026-01-12 22:00:33,4,223.09,892.36,4421.0599999999995
TRX008680,CLI0170,CRT00995,PRD0183,2026-01-23 01:47:06,10,74.71,747.0999999999999,9661.98
TRX008681,CLI0368,CRT00966,PRD0018,2026-07-07 04:29:53,1,115.19,115.19,2125.89
TRX008682,CLI0363,CRT03338,PRD0172,2026-04-27 23:51:30,4,97.82,391.28,1707.01
TRX008683,CLI0177,CRT00678,PRD0044,2026-03-15 17:04:58,10,248.47,2484.7,3826.3799999999997
TRX008684,CLI0248,CRT02129,PRD0110,2026-01-08 14:50:11,1,286.9,286.9,1438.3000000000002
TRX008685,CLI0329,CRT01765,PRD0113,2026-06-14 06:41:23,10,310.43,3104.3,5466.29
TRX008686,CLI0399,CRT01058,PRD0124,2026-02-21 03:22:17,3,96.92,290.76,6108.18
TRX008687,CLI0214,CRT01439,PRD0178,2026-06-24 19:42:46,1,198.09,198.09,846.93
TRX008688,CLI0203,CRT00849,PRD0159,2026-06-16 20:48:05,1,125.8,125.8,3315.96
TRX008689,CLI0189,CRT02937,PRD0096,2026-02-07 17:26:24,6,15.79,94.74,724.42
TRX008690,CLI0087,CRT01817,PRD0008,2026-05-09 17:56:37,7,119.47,836.29,1509.58
TRX008691,CLI0378,CRT02205,PRD0163,2026-02-27 15:25:50,3,278.04,834.1200000000001,2037.66
TRX008692,CLI0267,CRT00722,PRD0007,2026-02-01 09:13:22,7,149.36,1045.52,1943.12
TRX008693,CLI0103,CRT02566,PRD0048,2026-01-16 06:39:10,1,275.16,275.16,1689.65
TRX008694,CLI0047,CRT01878,PRD0042,2026-07-13 15:23:02,8,88.65,709.2,3527.2
TRX008695,CLI0084,CRT01867,PRD0032,2026-04-10 14:39:02,1,224.53,224.53,2120.64
TRX008696,CLI0012,CRT03491,PRD0153,2026-02-17 05:09:31,3,63.71,191.13,1804.17
TRX008697,CLI0180,CRT01026,PRD0198,2026-05-24 23:12:38,5,156.17,780.8499999999999,5195.68
TRX008698,CLI0267,CRT02045,PRD0055,2026-07-08 09:00:57,8,349.75,2798.0,3209.6
TRX008699,CLI0413,CRT00098,PRD0160,2026-03-20 23:24:05,5,246.16,1230.8,4294.860000000001
TRX008700,CLI0320,CRT01016,PRD0119,2026-04-01 04:43:21,9,332.64,2993.7599999999998,8480.2
TRX008701,CLI0062,CRT00035,PRD0086,2026-07-13 16:20:56,6,197.06,1182.3600000000001,7907.530000000001
TRX008702,CLI0014,CRT02118,PRD0192,2026-07-02 02:07:47,8,241.82,1934.56,4693.27
TRX008703,CLI0181,CRT02321,PRD0016,2026-02-28 21:15:41,10,223.15,2231.5,7822.360000000001
TRX008704,CLI0235,CRT01802,PRD0179,2026-01-22 00:22:32,9,196.43,1767.8700000000001,5099.12
TRX008705,CLI0429,CRT01381,PRD0095,2026-04-29 10:09:51,9,42.58,383.21999999999997,3512.63
TRX008706,CLI0062,CRT00035,PRD0079,2026-07-13 16:20:56,9,98.65,887.85,7907.530000000001
TRX008707,CLI0359,CRT03377,PRD0012,2026-06-09 17:21:29,10,69.32,693.1999999999999,2176.71
TRX008708,CLI0290,CRT00414,PRD0144,2026-05-26 13:16:14,3,213.05,639.1500000000001,639.1500000000001
TRX008709,CLI0080,CRT03107,PRD0091,2026-01-27 10:34:57,2,321.66,643.32,681.44
TRX008710,CLI0134,CRT00110,PRD0151,2026-06-17 23:43:09,4,121.08,484.32,6290.1
TRX008711,CLI0152,CRT01395,PRD0031,2026-03-03 23:34:47,3,267.28,801.8399999999999,2416.71
TRX008712,CLI0113,CRT03365,PRD0142,2026-01-30 01:56:04,8,55.45,443.6,5240.05
TRX008713,CLI0037,CRT00137,PRD0131,2026-05-01 07:04:59,4,212.13,848.52,3487.13
TRX008714,CLI0361,CRT01401,PRD0031,2026-04-14 06:44:01,9,267.28,2405.5199999999995,5841.03
TRX008715,CLI0213,CRT01936,PRD0016,2026-05-07 21:04:06,2,223.15,446.3,5938.49
TRX008716,CLI0348,CRT03157,PRD0076,2026-05-28 00:31:23,6,260.49,1562.94,3780.86
TRX008717,CLI0160,CRT00064,PRD0150,2026-03-13 17:53:57,3,151.36,454.08000000000004,5564.969999999999
TRX008718,CLI0320,CRT01906,PRD0024,2026-07-26 09:39:03,3,78.71,236.13,1090.5900000000001
TRX008719,CLI0234,CRT00947,PRD0006,2026-01-11 08:56:47,10,207.27,2072.7000000000003,6163.83
TRX008720,CLI0274,CRT02918,PRD0040,2026-01-30 00:03:03,4,256.15,1024.6,4530.95
TRX008721,CLI0092,CRT01255,PRD0100,2026-04-23 02:31:36,3,252.5,757.5,4278.37
TRX008722,CLI0428,CRT00366,PRD0129,2026-01-27 07:29:05,3,4.55,13.649999999999999,639.8100000000001
TRX008723,CLI0311,CRT00776,PRD0146,2026-07-03 02:34:49,10,318.04,3180.4,3252.82
TRX008724,CLI0319,CRT01947,PRD0019,2026-06-15 12:37:31,8,13.65,109.2,2316.6
TRX008725,CLI0154,CRT01889,PRD0195,2026-02-08 04:39:09,3,11.49,34.47,2017.74
TRX008726,CLI0138,CRT01945,PRD0135,2026-06-15 15:11:15,6,198.63,1191.78,2754.7200000000003
TRX008727,CLI0204,CRT03063,PRD0196,2026-05-09 07:05:43,5,349.85,1749.25,5245.05
TRX008728,CLI0080,CRT02816,PRD0011,2026-07-16 23:54:26,1,104.38,104.38,2084.77
TRX008729,CLI0285,CRT01155,PRD0155,2026-04-09 13:07:03,2,289.44,578.88,4211.4800000000005
TRX008730,CLI0060,CRT01068,PRD0139,2026-01-02 11:19:20,5,30.96,154.8,2432.56
TRX008731,CLI0068,CRT02852,PRD0088,2026-04-13 01:23:48,10,64.83,648.3,4913.67
TRX008732,CLI0379,CRT01929,PRD0170,2026-06-29 16:12:41,4,100.84,403.36,643.72
TRX008733,CLI0016,CRT02166,PRD0007,2026-06-21 16:12:30,9,149.36,1344.2400000000002,5209.160000000001
TRX008734,CLI0193,CRT02580,PRD0038,2026-06-04 18:56:07,5,231.76,1158.8,2767.1000000000004
TRX008735,CLI0373,CRT00917,PRD0172,2026-01-08 11:36:11,8,97.82,782.56,3895.48
TRX008736,CLI0296,CRT02992,PRD0123,2026-04-20 10:08:20,6,85.64,513.84,2947.8
TRX008737,CLI0050,CRT03482,PRD0172,2026-03-05 07:26:17,5,97.82,489.09999999999997,6276.35
TRX008738,CLI0306,CRT01937,PRD0042,2026-07-07 20:10:53,4,88.65,354.6,5312.94
TRX008739,CLI0234,CRT01456,PRD0085,2026-02-12 22:31:25,2,239.52,479.04,919.05
TRX008740,CLI0356,CRT03030,PRD0174,2026-01-04 10:26:27,9,6.76,60.839999999999996,3036.65
TRX008741,CLI0055,CRT00051,PRD0005,2026-05-25 03:40:37,9,228.33,2054.9700000000003,3727.46
TRX008742,CLI0099,CRT03240,PRD0070,2026-06-05 01:04:33,7,218.35,1528.45,6517.38
TRX008743,CLI0101,CRT01565,PRD0122,2026-01-28 01:11:38,5,224.09,1120.45,5719.88
TRX008744,CLI0414,CRT01297,PRD0081,2026-06-17 19:02:46,6,151.12,906.72,3635.3199999999997
TRX008745,CLI0142,CRT00045,PRD0120,2026-05-14 16:40:51,10,291.12,2911.2,3495.68
TRX008746,CLI0370,CRT00003,PRD0168,2026-07-06 19:39:55,5,260.65,1303.25,3452.26
TRX008747,CLI0197,CRT00161,PRD0080,2026-05-09 21:25:58,8,342.98,2743.84,4307.42
TRX008748,CLI0075,CRT01208,PRD0138,2026-06-02 05:36:44,9,308.17,2773.53,5385.62
TRX008749,CLI0192,CRT01367,PRD0050,2026-02-04 16:39:56,1,164.79,164.79,2226.91
TRX008750,CLI0150,CRT02376,PRD0144,2026-06-18 19:05:33,1,213.05,213.05,584.63
TRX008751,CLI0265,CRT00357,PRD0198,2026-07-17 13:39:06,8,156.17,1249.36,4528.44
TRX008752,CLI0179,CRT03111,PRD0050,2026-04-30 17:03:25,10,164.79,1647.8999999999999,5519.54
TRX008753,CLI0019,CRT02725,PRD0139,2026-02-18 05:09:28,3,30.96,92.88,2553.5
TRX008754,CLI0057,CRT01246,PRD0012,2026-06-28 06:42:31,5,69.32,346.59999999999997,1226.5
TRX008755,CLI0093,CRT00712,PRD0099,2026-02-19 09:06:18,7,248.8,1741.6000000000001,2195.7400000000002
TRX008756,CLI0014,CRT03190,PRD0149,2026-02-09 13:37:54,4,344.39,1377.56,4120.0
TRX008757,CLI0116,CRT03327,PRD0064,2026-01-24 09:36:18,7,237.14,1659.98,2703.82
TRX008758,CLI0121,CRT01356,PRD0164,2026-07-04 16:11:43,7,242.9,1700.3,3081.0
TRX008759,CLI0402,CRT00340,PRD0157,2026-07-01 11:34:22,10,263.29,2632.9,3395.4300000000003
TRX008760,CLI0163,CRT00914,PRD0116,2026-01-18 20:17:31,9,281.93,2537.37,4246.29
TRX008761,CLI0410,CRT01979,PRD0174,2026-04-28 04:02:19,4,6.76,27.04,3341.3799999999997
TRX008762,CLI0389,CRT02890,PRD0014,2026-05-24 12:38:46,8,99.1,792.8,2339.33
TRX008763,CLI0112,CRT03426,PRD0132,2026-03-14 21:35:35,6,153.95,923.6999999999999,4599.63
TRX008764,CLI0120,CRT02328,PRD0112,2026-03-09 23:29:47,6,344.42,2066.52,3971.96
TRX008765,CLI0422,CRT03141,PRD0040,2026-01-03 20:25:19,6,256.15,1536.8999999999999,6881.280000000001
TRX008766,CLI0158,CRT01030,PRD0037,2026-03-18 18:26:52,1,171.38,171.38,2364.67
TRX008767,CLI0309,CRT01571,PRD0060,2026-02-22 21:23:38,5,339.13,1695.65,5084.2300000000005
TRX008768,CLI0360,CRT00182,PRD0169,2026-02-09 07:28:54,6,259.17,1555.02,2044.12
TRX008769,CLI0413,CRT02665,PRD0160,2026-01-14 11:04:15,9,246.16,2215.44,3336.34
TRX008770,CLI0207,CRT03199,PRD0082,2026-03-23 18:50:00,4,316.62,1266.48,7461.8
TRX008771,CLI0293,CRT03193,PRD0178,2026-04-21 08:48:17,9,198.09,1782.81,4880.59
TRX008772,CLI0415,CRT02288,PRD0156,2026-04-06 06:14:20,8,87.81,702.48,3585.92
TRX008773,CLI0375,CRT01858,PRD0059,2026-07-07 20:43:20,6,252.15,1512.9,3475.6400000000003
TRX008774,CLI0395,CRT00567,PRD0177,2026-03-04 12:22:00,1,221.23,221.23,4504.58
TRX008775,CLI0111,CRT03074,PRD0109,2026-07-26 23:49:09,1,181.62,181.62,1559.1799999999998
TRX008776,CLI0102,CRT02813,PRD0106,2026-01-22 19:15:49,8,102.2,817.6,6290.7
TRX008777,CLI0134,CRT00110,PRD0039,2026-06-17 23:43:09,8,305.67,2445.36,6290.1
TRX008778,CLI0050,CRT02209,PRD0176,2026-01-08 17:28:30,1,288.19,288.19,3320.94
TRX008779,CLI0198,CRT00715,PRD0035,2026-07-17 16:07:39,10,344.9,3449.0,14078.150000000001
TRX008780,CLI0360,CRT01304,PRD0094,2026-06-16 04:45:09,10,179.52,1795.2,4317.66
TRX008781,CLI0063,CRT02408,PRD0120,2026-04-05 02:47:11,1,291.12,291.12,5743.01
TRX008782,CLI0176,CRT00167,PRD0002,2026-05-06 13:04:47,4,38.12,152.48,2486.15
TRX008783,CLI0199,CRT00950,PRD0116,2026-05-13 22:57:40,2,281.93,563.86,563.86
TRX008784,CLI0100,CRT01035,PRD0038,2026-03-26 12:18:14,8,231.76,1854.08,6025.13
TRX008785,CLI0268,CRT03324,PRD0105,2026-05-16 08:45:25,3,200.26,600.78,6029.87
TRX008786,CLI0340,CRT00883,PRD0178,2026-06-18 13:06:54,2,198.09,396.18,2042.66
TRX008787,CLI0311,CRT02106,PRD0183,2026-03-24 14:37:44,2,74.71,149.42,5319.370000000001
TRX008788,CLI0350,CRT03284,PRD0168,2026-07-13 15:50:43,4,260.65,1042.6,1074.4499999999998
TRX008789,CLI0314,CRT01377,PRD0029,2026-02-13 21:02:55,6,95.22,571.3199999999999,6860.72
TRX008790,CLI0202,CRT00960,PRD0075,2026-04-16 11:46:36,10,38.5,385.0,1935.7800000000002
TRX008791,CLI0008,CRT01201,PRD0190,2026-07-09 04:03:41,9,23.22,208.98,7110.4800000000005
TRX008792,CLI0353,CRT01477,PRD0149,2026-01-29 17:26:21,1,344.39,344.39,1284.27
TRX008793,CLI0155,CRT03159,PRD0072,2026-03-20 18:16:49,5,308.05,1540.25,4599.93
TRX008794,CLI0001,CRT01404,PRD0200,2026-06-10 02:34:26,4,144.4,577.6,4439.6900000000005
TRX008795,CLI0006,CRT03208,PRD0023,2026-06-10 21:36:03,4,262.09,1048.36,1961.6799999999998
TRX008796,CLI0205,CRT00577,PRD0125,2026-06-22 12:27:05,4,54.91,219.64,5143.0
TRX008797,CLI0168,CRT03290,PRD0023,2026-06-01 13:56:21,2,262.09,524.18,4667.88
TRX008798,CLI0052,CRT01323,PRD0116,2026-07-22 23:01:03,6,281.93,1691.58,10596.759999999998
TRX008799,CLI0049,CRT02756,PRD0085,2026-05-16 12:42:11,7,239.52,1676.64,3330.5299999999997
TRX008800,CLI0072,CRT00442,PRD0005,2026-04-25 05:47:49,10,228.33,2283.3,7872.34
TRX008801,CLI0047,CRT01133,PRD0043,2026-02-25 05:03:28,7,194.99,1364.93,1942.77
TRX008802,CLI0134,CRT01205,PRD0063,2026-07-20 08:35:58,5,30.34,151.7,946.02
TRX008803,CLI0344,CRT02091,PRD0173,2026-04-24 10:05:56,1,330.57,330.57,1019.4100000000001
TRX008804,CLI0278,CRT03053,PRD0156,2026-01-28 02:22:41,2,87.81,175.62,7873.91
TRX008805,CLI0327,CRT00480,PRD0048,2026-01-05 10:19:12,1,275.16,275.16,3558.15
TRX008806,CLI0086,CRT03264,PRD0100,2026-01-09 18:37:04,2,252.5,505.0,2946.64
TRX008807,CLI0062,CRT02689,PRD0113,2026-01-30 03:00:31,5,310.43,1552.15,3430.7
TRX008808,CLI0150,CRT00645,PRD0042,2026-07-01 09:44:18,7,88.65,620.5500000000001,4032.65
TRX008809,CLI0075,CRT02993,PRD0143,2026-01-24 11:45:43,1,331.85,331.85,1306.31
TRX008810,CLI0262,CRT00438,PRD0040,2026-01-24 14:26:47,2,256.15,512.3,989.3
TRX008811,CLI0420,CRT00028,PRD0176,2026-05-14 15:14:30,10,288.19,2881.9,6108.22
TRX008812,CLI0375,CRT00826,PRD0169,2026-07-26 20:58:54,4,259.17,1036.68,4492.29
TRX008813,CLI0291,CRT03262,PRD0039,2026-04-01 13:36:55,4,305.67,1222.68,3453.33
TRX008814,CLI0328,CRT02267,PRD0191,2026-02-27 08:23:02,6,288.92,1733.52,5341.98
TRX008815,CLI0175,CRT01033,PRD0107,2026-04-12 20:42:49,3,114.48,343.44,343.44
TRX008816,CLI0157,CRT02776,PRD0007,2026-04-15 11:23:11,1,149.36,149.36,4446.49
TRX008817,CLI0219,CRT00906,PRD0139,2026-03-21 22:02:26,7,30.96,216.72,369.86
TRX008818,CLI0142,CRT01076,PRD0083,2026-05-17 11:37:11,3,194.5,583.5,1922.04
TRX008819,CLI0382,CRT03153,PRD0088,2026-02-18 15:17:53,3,64.83,194.49,1547.4
TRX008820,CLI0159,CRT01063,PRD0104,2026-07-18 11:55:04,7,46.73,327.10999999999996,849.26
TRX008821,CLI0271,CRT01011,PRD0083,2026-01-23 17:36:34,1,194.5,194.5,4008.46
TRX008822,CLI0409,CRT02750,PRD0180,2026-02-27 09:57:47,10,217.4,2174.0,6621.69
TRX008823,CLI0360,CRT01304,PRD0055,2026-06-16 04:45:09,4,349.75,1399.0,4317.66
TRX008824,CLI0185,CRT00780,PRD0087,2026-05-23 15:08:39,2,302.95,605.9,1033.13
TRX008825,CLI0183,CRT01530,PRD0096,2026-02-11 01:55:32,7,15.79,110.53,2001.49
TRX008826,CLI0352,CRT00598,PRD0143,2026-07-18 06:21:51,5,331.85,1659.25,2483.95
TRX008827,CLI0001,CRT02969,PRD0020,2026-02-27 00:52:25,3,75.82,227.45999999999998,2282.5699999999997
TRX008828,CLI0180,CRT02863,PRD0047,2026-07-02 15:13:17,7,327.59,2293.1299999999997,4493.7699999999995
TRX008829,CLI0377,CRT01871,PRD0154,2026-07-26 11:17:25,7,283.35,1983.4500000000003,3073.17
TRX008830,CLI0171,CRT01094,PRD0027,2026-02-20 19:25:24,4,209.57,838.28,838.28
TRX008831,CLI0224,CRT01712,PRD0081,2026-04-19 23:33:13,4,151.12,604.48,2430.69
TRX008832,CLI0141,CRT00287,PRD0022,2026-04-12 12:28:59,2,51.02,102.04,2050.34
TRX008833,CLI0044,CRT00481,PRD0067,2026-02-25 16:21:17,7,327.31,2291.17,4245.01
TRX008834,CLI0283,CRT01166,PRD0179,2026-04-26 14:00:25,2,196.43,392.86,2062.1600000000003
TRX008835,CLI0244,CRT01217,PRD0116,2026-07-11 19:23:18,5,281.93,1409.65,2558.79
TRX008836,CLI0371,CRT00356,PRD0097,2026-03-14 00:53:58,1,275.78,275.78,2624.26
TRX008837,CLI0034,CRT02456,PRD0008,2026-06-18 10:08:17,9,119.47,1075.23,5413.86
TRX008838,CLI0357,CRT03017,PRD0053,2026-04-19 13:31:57,3,99.29,297.87,6698.98
TRX008839,CLI0077,CRT02086,PRD0103,2026-07-06 11:50:26,4,234.25,937.0,3830.14
TRX008840,CLI0050,CRT00012,PRD0001,2026-01-07 07:32:05,2,260.19,520.38,4077.2999999999997
TRX008841,CLI0105,CRT00872,PRD0021,2026-05-20 19:03:05,1,175.98,175.98,7360.26
TRX008842,CLI0120,CRT00448,PRD0150,2026-01-11 07:31:42,2,151.36,302.72,4355.69
TRX008843,CLI0139,CRT00647,PRD0054,2026-04-24 13:13:20,8,301.82,2414.56,4714.639999999999
TRX008844,CLI0381,CRT00320,PRD0160,2026-03-06 07:23:39,2,246.16,492.32,643.6800000000001
TRX008845,CLI0317,CRT03042,PRD0074,2026-01-15 07:58:12,8,229.76,1838.08,4956.280000000001
TRX008846,CLI0102,CRT03253,PRD0036,2026-06-25 10:14:02,2,86.2,172.4,219.72
TRX008847,CLI0309,CRT02727,PRD0023,2026-05-22 07:51:56,10,262.09,2620.8999999999996,5999.33
TRX008848,CLI0419,CRT00829,PRD0063,2026-04-22 15:09:54,10,30.34,303.4,3278.64
TRX008849,CLI0154,CRT02726,PRD0043,2026-02-25 04:53:10,5,194.99,974.95,9658.92
TRX008850,CLI0190,CRT00502,PRD0076,2026-01-12 19:17:24,6,260.49,1562.94,4185.04
TRX008851,CLI0280,CRT03395,PRD0014,2026-03-07 17:42:45,8,99.1,792.8,4261.46
TRX008852,CLI0055,CRT01732,PRD0083,2026-02-14 07:47:43,5,194.5,972.5,3000.5
TRX008853,CLI0342,CRT01490,PRD0077,2026-04-03 14:28:28,1,75.69,75.69,5172.61
TRX008854,CLI0266,CRT00948,PRD0021,2026-05-18 14:24:13,6,175.98,1055.8799999999999,7110.540000000001
TRX008855,CLI0398,CRT02249,PRD0078,2026-02-07 05:22:01,2,172.26,344.52,3675.86
TRX008856,CLI0088,CRT02561,PRD0007,2026-02-15 13:38:26,10,149.36,1493.6000000000001,4292.76
TRX008857,CLI0212,CRT02162,PRD0040,2026-05-23 17:48:11,10,256.15,2561.5,3766.23
TRX008858,CLI0138,CRT01945,PRD0076,2026-06-15 15:11:15,6,260.49,1562.94,2754.7200000000003
TRX008859,CLI0027,CRT02494,PRD0018,2026-06-12 05:09:10,1,115.19,115.19,115.19
TRX008860,CLI0429,CRT01125,PRD0122,2026-05-05 04:09:44,9,224.09,2016.81,3565.21
TRX008861,CLI0273,CRT01137,PRD0080,2026-03-16 14:11:55,2,342.98,685.96,685.96
TRX008862,CLI0090,CRT00634,PRD0150,2026-07-19 10:21:44,10,151.36,1513.6000000000001,3982.6000000000004
TRX008863,CLI0145,CRT02341,PRD0157,2026-03-30 14:42:08,1,263.29,263.29,5146.66
TRX008864,CLI0258,CRT00597,PRD0069,2026-03-30 14:20:05,1,112.37,112.37,4962.74
TRX008865,CLI0219,CRT02946,PRD0142,2026-03-04 16:34:00,6,55.45,332.70000000000005,3040.98
TRX008866,CLI0198,CRT00490,PRD0054,2026-02-03 03:57:10,7,301.82,2112.74,6425.79
TRX008867,CLI0243,CRT03008,PRD0195,2026-02-04 04:00:38,8,11.49,91.92,6413.85
TRX008868,CLI0198,CRT00355,PRD0182,2026-03-07 19:40:09,4,200.1,800.4,4271.3
TRX008869,CLI0129,CRT00405,PRD0036,2026-01-26 07:11:15,6,86.2,517.2,7149.48
TRX008870,CLI0420,CRT01759,PRD0080,2026-01-26 05:50:16,3,342.98,1028.94,2400.77
TRX008871,CLI0019,CRT01713,PRD0194,2026-02-21 05:48:07,7,311.57,2180.99,4367.4400000000005
TRX008872,CLI0313,CRT02153,PRD0076,2026-05-10 11:35:20,4,260.49,1041.96,5490.34
TRX008873,CLI0309,CRT01571,PRD0151,2026-02-22 21:23:38,6,121.08,726.48,5084.2300000000005
TRX008874,CLI0103,CRT00192,PRD0185,2026-07-19 09:34:31,10,144.46,1444.6000000000001,2522.04
TRX008875,CLI0048,CRT03207,PRD0189,2026-01-07 15:55:33,6,80.62,483.72,4628.43
TRX008876,CLI0015,CRT01852,PRD0195,2026-01-21 16:45:23,2,11.49,22.98,2196.52
TRX008877,CLI0386,CRT02229,PRD0199,2026-04-16 08:29:14,8,223.09,1784.72,9667.08
TRX008878,CLI0433,CRT01272,PRD0100,2026-07-06 02:33:08,7,252.5,1767.5,3037.81
TRX008879,CLI0296,CRT02098,PRD0018,2026-07-13 01:55:30,4,115.19,460.76,2274.12
TRX008880,CLI0124,CRT00905,PRD0054,2026-05-27 05:33:41,6,301.82,1810.92,8695.25
TRX008881,CLI0239,CRT01590,PRD0006,2026-01-29 18:55:21,3,207.27,621.8100000000001,3699.25
TRX008882,CLI0314,CRT00943,PRD0059,2026-07-10 20:49:24,5,252.15,1260.75,5606.93
TRX008883,CLI0204,CRT00807,PRD0160,2026-01-01 01:15:43,2,246.16,492.32,3529.6200000000003
TRX008884,CLI0284,CRT01282,PRD0055,2026-01-11 13:59:13,4,349.75,1399.0,6454.26
TRX008885,CLI0083,CRT00752,PRD0138,2026-01-18 19:20:17,1,308.17,308.17,911.9100000000001
TRX008886,CLI0276,CRT02704,PRD0057,2026-07-02 23:43:39,3,59.71,179.13,7367.3
TRX008887,CLI0154,CRT01042,PRD0068,2026-05-25 11:29:13,3,140.04,420.12,2923.62
TRX008888,CLI0023,CRT03059,PRD0114,2026-05-25 17:36:53,9,141.38,1272.42,7255.530000000001
TRX008889,CLI0096,CRT02562,PRD0135,2026-06-30 04:53:27,7,198.63,1390.4099999999999,4961.139999999999
TRX008890,CLI0404,CRT02987,PRD0158,2026-01-01 05:24:42,8,12.47,99.76,2551.2500000000005
TRX008891,CLI0345,CRT01036,PRD0006,2026-05-03 17:16:33,2,207.27,414.54,1384.3000000000002
TRX008892,CLI0329,CRT02917,PRD0047,2026-03-05 07:38:41,1,327.59,327.59,439.07
TRX008893,CLI0074,CRT02955,PRD0002,2026-06-10 21:49:55,7,38.12,266.84,3777.11
TRX008894,CLI0127,CRT00417,PRD0018,2026-07-21 08:03:55,7,115.19,806.3299999999999,1175.1599999999999
TRX008895,CLI0431,CRT02033,PRD0121,2026-04-06 09:27:26,6,301.87,1811.22,4502.76
TRX008896,CLI0211,CRT02459,PRD0083,2026-03-19 21:48:14,7,194.5,1361.5,3689.98
TRX008897,CLI0026,CRT03430,PRD0196,2026-03-06 05:00:51,1,349.85,349.85,2978.5299999999997
TRX008898,CLI0187,CRT01609,PRD0031,2026-02-20 12:19:45,3,267.28,801.8399999999999,3642.2299999999996
TRX008899,CLI0351,CRT00910,PRD0156,2026-07-24 07:21:57,5,87.81,439.05,486.37
TRX008900,CLI0423,CRT02966,PRD0192,2026-01-12 03:44:36,10,241.82,2418.2,11492.789999999999
TRX008901,CLI0132,CRT02111,PRD0194,2026-01-24 04:10:26,3,311.57,934.71,4813.9
TRX008902,CLI0391,CRT00129,PRD0076,2026-02-16 12:13:12,4,260.49,1041.96,6610.22
TRX008903,CLI0004,CRT00810,PRD0118,2026-03-18 08:04:43,6,163.96,983.76,1142.68
TRX008904,CLI0088,CRT01787,PRD0182,2026-05-26 04:16:21,8,200.1,1600.8,2117.58
TRX008905,CLI0312,CRT00106,PRD0138,2026-03-14 10:52:01,8,308.17,2465.36,2889.5
TRX008906,CLI0281,CRT00684,PRD0139,2026-04-06 06:51:56,8,30.96,247.68,5767.57
TRX008907,CLI0305,CRT01855,PRD0131,2026-06-18 00:12:40,5,212.13,1060.65,4966.5
TRX008908,CLI0342,CRT01475,PRD0146,2026-02-07 20:34:46,2,318.04,636.08,5184.56
TRX008909,CLI0023,CRT03059,PRD0154,2026-05-25 17:36:53,5,283.35,1416.75,7255.530000000001
TRX008910,CLI0165,CRT00241,PRD0149,2026-03-03 12:02:51,10,344.39,3443.8999999999996,5460.75
TRX008911,CLI0373,CRT00704,PRD0161,2026-01-03 08:28:34,1,331.95,331.95,3479.7
TRX008912,CLI0389,CRT02890,PRD0079,2026-05-24 12:38:46,6,98.65,591.9000000000001,2339.33
TRX008913,CLI0425,CRT01825,PRD0107,2026-07-14 09:36:11,8,114.48,915.84,2532.0800000000004
TRX008914,CLI0126,CRT02104,PRD0108,2026-06-30 21:06:03,2,166.93,333.86,4172.9400000000005
TRX008915,CLI0147,CRT00638,PRD0132,2026-04-29 22:59:59,8,153.95,1231.6,5033.0199999999995
TRX008916,CLI0288,CRT03278,PRD0175,2026-01-17 14:02:20,6,120.9,725.4000000000001,1121.8000000000002
TRX008917,CLI0422,CRT01796,PRD0189,2026-03-14 06:53:40,4,80.62,322.48,1882.61
TRX008918,CLI0391,CRT01772,PRD0065,2026-02-03 21:37:38,3,88.06,264.18,890.46
TRX008919,CLI0375,CRT03114,PRD0136,2026-01-28 14:27:08,3,303.73,911.19,4244.1
TRX008920,CLI0317,CRT02843,PRD0091,2026-02-09 18:36:49,8,321.66,2573.28,3854.06
TRX008921,CLI0011,CRT01949,PRD0196,2026-02-11 10:29:10,10,349.85,3498.5,5162.03
TRX008922,CLI0007,CRT01235,PRD0118,2026-04-16 03:33:25,10,163.96,1639.6000000000001,2244.08
TRX008923,CLI0187,CRT00610,PRD0052,2026-04-13 10:10:51,8,68.6,548.8,3521.2799999999997
TRX008924,CLI0432,CRT01902,PRD0157,2026-04-11 01:38:52,6,263.29,1579.7400000000002,6472.06
TRX008925,CLI0200,CRT00688,PRD0121,2026-04-07 08:01:53,3,301.87,905.61,7780.32
TRX008926,CLI0294,CRT00999,PRD0018,2026-07-21 20:28:05,7,115.19,806.3299999999999,4455.38
TRX008927,CLI0366,CRT01942,PRD0137,2026-01-16 19:14:06,2,116.26,232.52,1420.3899999999999
TRX008928,CLI0161,CRT00644,PRD0182,2026-03-23 23:46:31,6,200.1,1200.6,1866.75
TRX008929,CLI0021,CRT02395,PRD0007,2026-07-08 03:19:01,9,149.36,1344.2400000000002,4956.4800000000005
TRX008930,CLI0050,CRT01098,PRD0023,2026-04-27 11:18:03,8,262.09,2096.72,5909.18
TRX008931,CLI0373,CRT00428,PRD0038,2026-01-20 00:40:41,9,231.76,2085.84,6518.900000000001
TRX008932,CLI0043,CRT02421,PRD0161,2026-05-21 23:55:17,10,331.95,3319.5,4010.17
TRX008933,CLI0189,CRT01431,PRD0159,2026-07-24 02:23:21,9,125.8,1132.2,5587.38
TRX008934,CLI0283,CRT02912,PRD0172,2026-01-31 06:13:47,10,97.82,978.1999999999999,2002.74
TRX008935,CLI0371,CRT00745,PRD0151,2026-02-04 09:07:39,2,121.08,242.16,930.9399999999999
TRX008936,CLI0421,CRT01147,PRD0190,2026-04-02 03:59:38,7,23.22,162.54,1002.8799999999999
TRX008937,CLI0184,CRT00793,PRD0049,2026-06-22 16:42:05,9,36.18,325.62,1802.06
TRX008938,CLI0317,CRT02843,PRD0164,2026-02-09 18:36:49,4,242.9,971.6,3854.06
TRX008939,CLI0064,CRT02745,PRD0126,2026-05-17 04:00:16,2,146.67,293.34,4753.3
TRX008940,CLI0320,CRT00176,PRD0113,2026-01-13 21:37:26,8,310.43,2483.44,5515.29
TRX008941,CLI0098,CRT01792,PRD0038,2026-07-20 09:41:31,2,231.76,463.52,2194.93
TRX008942,CLI0040,CRT03023,PRD0150,2026-01-04 20:43:23,6,151.36,908.1600000000001,4752.31
TRX008943,CLI0130,CRT01247,PRD0095,2026-03-17 17:00:04,2,42.58,85.16,6874.58
TRX008944,CLI0317,CRT02400,PRD0093,2026-07-07 15:43:53,2,302.86,605.72,7199.16
TRX008945,CLI0054,CRT00658,PRD0004,2026-03-09 22:30:15,2,178.11,356.22,838.96
TRX008946,CLI0374,CRT00978,PRD0084,2026-07-16 16:14:51,5,129.22,646.1,6012.43
TRX008947,CLI0314,CRT01336,PRD0163,2026-01-23 22:50:07,3,278.04,834.1200000000001,3536.03
TRX008948,CLI0137,CRT00307,PRD0186,2026-07-12 05:51:34,5,13.84,69.2,286.28
TRX008949,CLI0148,CRT01678,PRD0067,2026-03-09 01:43:50,2,327.31,654.62,5942.58
TRX008950,CLI0348,CRT02599,PRD0133,2026-04-24 08:30:12,3,238.5,715.5,1944.14
TRX008951,CLI0016,CRT03268,PRD0068,2026-01-30 06:33:00,5,140.04,700.1999999999999,700.1999999999999
TRX008952,CLI0216,CRT02074,PRD0142,2026-01-13 11:06:38,9,55.45,499.05,2369.19
TRX008953,CLI0043,CRT01392,PRD0061,2026-05-23 00:27:08,5,111.48,557.4,4873.389999999999
TRX008954,CLI0324,CRT03263,PRD0037,2026-01-17 16:21:44,6,171.38,1028.28,5337.58
TRX008955,CLI0239,CRT03455,PRD0191,2026-04-18 14:56:13,5,288.92,1444.6000000000001,2113.12
TRX008956,CLI0052,CRT00786,PRD0052,2026-07-05 08:24:39,7,68.6,480.19999999999993,6856.870000000001
TRX008957,CLI0359,CRT02848,PRD0123,2026-07-06 18:17:21,8,85.64,685.12,4502.05
TRX008958,CLI0133,CRT00478,PRD0078,2026-02-16 18:48:37,4,172.26,689.04,2589.62
TRX008959,CLI0315,CRT02117,PRD0116,2026-03-25 06:36:24,2,281.93,563.86,8560.28
TRX008960,CLI0078,CRT00900,PRD0059,2026-03-29 14:18:11,4,252.15,1008.6,5265.0
TRX008961,CLI0089,CRT01317,PRD0168,2026-03-27 02:18:06,8,260.65,2085.2,3102.22
TRX008962,CLI0048,CRT02779,PRD0197,2026-02-12 20:56:47,2,267.68,535.36,2813.84
TRX008963,CLI0373,CRT00917,PRD0151,2026-01-08 11:36:11,8,121.08,968.64,3895.48
TRX008964,CLI0046,CRT03172,PRD0096,2026-06-16 00:35:53,5,15.79,78.94999999999999,2442.7799999999997
TRX008965,CLI0339,CRT00185,PRD0140,2026-01-26 18:56:37,2,80.42,160.84,708.52
TRX008966,CLI0326,CRT02057,PRD0194,2026-04-19 16:01:22,10,311.57,3115.7,3690.71
TRX008967,CLI0218,CRT02051,PRD0169,2026-02-03 17:20:23,1,259.17,259.17,3039.47
TRX008968,CLI0347,CRT00102,PRD0027,2026-05-14 22:42:17,7,209.57,1466.99,3064.2
TRX008969,CLI0336,CRT00130,PRD0069,2026-01-23 08:05:31,7,112.37,786.59,1753.87
TRX008970,CLI0416,CRT00169,PRD0101,2026-04-14 00:41:46,10,26.82,268.2,3432.18
TRX008971,CLI0390,CRT02085,PRD0194,2026-04-26 16:21:01,6,311.57,1869.42,1869.42
TRX008972,CLI0373,CRT01191,PRD0023,2026-07-20 20:31:26,5,262.09,1310.4499999999998,2226.8399999999997
TRX008973,CLI0274,CRT00798,PRD0194,2026-06-03 16:07:46,6,311.57,1869.42,8458.74
TRX008974,CLI0354,CRT00060,PRD0149,2026-03-02 01:47:40,1,344.39,344.39,5345.24
TRX008975,CLI0051,CRT03171,PRD0200,2026-01-23 03:46:46,9,144.4,1299.6000000000001,5758.08
TRX008976,CLI0328,CRT02915,PRD0187,2026-02-07 10:06:46,6,241.37,1448.22,3863.1800000000003
TRX008977,CLI0236,CRT02394,PRD0173,2026-04-29 20:58:34,8,330.57,2644.56,3118.92
TRX008978,CLI0134,CRT01192,PRD0130,2026-01-16 22:54:43,1,312.35,312.35,3596.8900000000003
TRX008979,CLI0170,CRT00334,PRD0090,2026-04-30 05:38:10,4,15.96,63.84,5084.92
TRX008980,CLI0166,CRT00298,PRD0055,2026-07-01 04:12:06,5,349.75,1748.75,2625.81
TRX008981,CLI0173,CRT02081,PRD0093,2026-07-20 13:44:14,1,302.86,302.86,2932.62
TRX008982,CLI0319,CRT02323,PRD0133,2026-03-28 15:30:50,2,238.5,477.0,1089.56
TRX008983,CLI0315,CRT01017,PRD0057,2026-05-25 18:04:23,2,59.71,119.42,649.2499999999999
TRX008984,CLI0169,CRT01007,PRD0151,2026-05-15 15:03:52,8,121.08,968.64,1499.38
TRX008985,CLI0392,CRT02277,PRD0118,2026-04-03 01:35:54,7,163.96,1147.72,5102.299999999999
TRX008986,CLI0075,CRT01365,PRD0047,2026-02-25 22:11:19,2,327.59,655.18,6292.23
TRX008987,CLI0385,CRT02577,PRD0135,2026-01-02 21:12:22,8,198.63,1589.04,3886.95
TRX008988,CLI0235,CRT01802,PRD0164,2026-01-22 00:22:32,1,242.9,242.9,5099.12
TRX008989,CLI0121,CRT01809,PRD0143,2026-05-01 12:53:59,7,331.85,2322.9500000000003,5942.62
TRX008990,CLI0417,CRT02168,PRD0111,2026-04-07 21:53:35,2,282.78,565.56,4826.62
TRX008991,CLI0216,CRT03288,PRD0165,2026-01-31 04:31:05,4,194.83,779.32,1240.06
TRX008992,CLI0048,CRT02938,PRD0085,2026-05-07 06:36:31,1,239.52,239.52,895.36
TRX008993,CLI0313,CRT02153,PRD0182,2026-05-10 11:35:20,2,200.1,400.2,5490.34
TRX008994,CLI0345,CRT01603,PRD0103,2026-01-27 14:25:52,2,234.25,468.5,8903.16
TRX008995,CLI0235,CRT01298,PRD0098,2026-06-23 19:32:08,3,136.36,409.08000000000004,1127.73
TRX008996,CLI0352,CRT00598,PRD0019,2026-07-18 06:21:51,8,13.65,109.2,2483.95
TRX008997,CLI0345,CRT03188,PRD0192,2026-03-03 00:09:04,4,241.82,967.28,5306.02
TRX008998,CLI0077,CRT01299,PRD0171,2026-07-09 21:05:36,9,127.91,1151.19,8133.150000000001
TRX008999,CLI0386,CRT02713,PRD0011,2026-01-09 03:04:50,4,104.38,417.52,1743.42
TRX009000,CLI0338,CRT01716,PRD0089,2026-05-21 06:24:26,2,57.82,115.64,2572.0899999999997
TRX009001,CLI0411,CRT02223,PRD0094,2026-04-24 01:59:41,9,179.52,1615.68,2732.97
TRX009002,CLI0071,CRT01999,PRD0194,2026-07-25 15:36:46,2,311.57,623.14,8050.73
TRX009003,CLI0236,CRT02640,PRD0021,2026-03-22 05:16:06,8,175.98,1407.84,4798.97
TRX009004,CLI0092,CRT00443,PRD0137,2026-05-25 20:36:02,3,116.26,348.78000000000003,7562.71
TRX009005,CLI0068,CRT01815,PRD0125,2026-05-24 01:29:50,1,54.91,54.91,2175.56
TRX009006,CLI0153,CRT00390,PRD0128,2026-06-23 23:35:26,4,9.29,37.16,1303.57
TRX009007,CLI0216,CRT02074,PRD0068,2026-01-13 11:06:38,6,140.04,840.24,2369.19
TRX009008,CLI0134,CRT00628,PRD0082,2026-04-03 13:07:06,8,316.62,2532.96,6370.66
TRX009009,CLI0019,CRT00251,PRD0015,2026-05-23 19:59:31,10,125.96,1259.6,4038.54
TRX009010,CLI0427,CRT02609,PRD0148,2026-06-22 19:58:45,7,270.94,1896.58,4974.91
TRX009011,CLI0251,CRT01620,PRD0009,2026-05-08 08:24:14,6,297.0,1782.0,9009.8
TRX009012,CLI0332,CRT01886,PRD0055,2026-05-15 03:03:26,7,349.75,2448.25,3478.15
TRX009013,CLI0327,CRT02312,PRD0200,2026-07-22 21:15:43,5,144.4,722.0,5348.31
TRX009014,CLI0152,CRT02320,PRD0190,2026-04-24 18:53:22,1,23.22,23.22,74.24000000000001
TRX009015,CLI0222,CRT02210,PRD0114,2026-07-26 00:52:28,1,141.38,141.38,5436.57
TRX009016,CLI0308,CRT00259,PRD0112,2026-05-02 23:55:36,2,344.42,688.84,2587.37
TRX009017,CLI0311,CRT00482,PRD0018,2026-05-01 17:32:13,10,115.19,1151.9,2907.8100000000004
TRX009018,CLI0055,CRT01851,PRD0185,2026-03-24 05:35:55,2,144.46,288.92,796.02
TRX009019,CLI0269,CRT00657,PRD0058,2026-07-15 03:01:51,6,275.33,1651.98,3858.7200000000003
TRX009020,CLI0325,CRT02130,PRD0126,2026-03-01 00:40:40,5,146.67,733.3499999999999,2131.5299999999997
TRX009021,CLI0435,CRT03010,PRD0179,2026-07-19 05:04:24,3,196.43,589.29,1177.71
TRX009022,CLI0008,CRT03146,PRD0170,2026-02-08 16:41:57,7,100.84,705.88,2195.2999999999997
TRX009023,CLI0076,CRT01618,PRD0161,2026-07-16 16:33:09,1,331.95,331.95,5170.55
TRX009024,CLI0263,CRT03242,PRD0063,2026-07-14 05:32:48,8,30.34,242.72,1353.4
TRX009025,CLI0046,CRT02628,PRD0071,2026-03-29 21:33:40,9,76.57,689.1299999999999,2088.5299999999997
TRX009026,CLI0015,CRT01852,PRD0030,2026-01-21 16:45:23,3,153.58,460.74,2196.52
TRX009027,CLI0166,CRT03206,PRD0200,2026-02-22 03:23:43,5,144.4,722.0,2945.17
TRX009028,CLI0379,CRT00920,PRD0163,2026-03-12 05:31:57,2,278.04,556.08,6730.61
TRX009029,CLI0365,CRT01151,PRD0109,2026-04-08 14:46:59,2,181.62,363.24,5981.91
TRX009030,CLI0185,CRT00347,PRD0128,2026-03-17 07:57:12,7,9.29,65.03,2146.55
TRX009031,CLI0252,CRT00931,PRD0097,2026-05-02 05:00:24,5,275.78,1378.8999999999999,9575.79
TRX009032,CLI0275,CRT03241,PRD0135,2026-01-06 18:51:34,4,198.63,794.52,2476.37
TRX009033,CLI0342,CRT01490,PRD0162,2026-04-03 14:28:28,5,195.42,977.0999999999999,5172.61
TRX009034,CLI0357,CRT02662,PRD0143,2026-02-19 19:57:08,3,331.85,995.5500000000001,5591.61
TRX009035,CLI0209,CRT00560,PRD0172,2026-05-10 03:52:34,5,97.82,489.09999999999997,1447.62
TRX009036,CLI0054,CRT03483,PRD0132,2026-05-02 00:53:51,2,153.95,307.9,6073.09
TRX009037,CLI0416,CRT03438,PRD0115,2026-06-23 23:11:38,2,301.5,603.0,3396.21
TRX009038,CLI0276,CRT00367,PRD0111,2026-06-29 15:50:47,5,282.78,1413.8999999999999,6999.0199999999995
TRX009039,CLI0147,CRT00638,PRD0132,2026-04-29 22:59:59,8,153.95,1231.6,5033.0199999999995
TRX009040,CLI0098,CRT00762,PRD0010,2026-05-15 18:06:54,6,162.15,972.9000000000001,3214.3
TRX009041,CLI0004,CRT00104,PRD0028,2026-05-11 13:37:31,5,301.62,1508.1,3420.6499999999996
TRX009042,CLI0349,CRT01849,PRD0178,2026-06-24 04:26:29,7,198.09,1386.63,1493.91
TRX009043,CLI0043,CRT01197,PRD0076,2026-02-02 18:24:29,7,260.49,1823.43,1823.43
TRX009044,CLI0253,CRT01521,PRD0128,2026-01-18 21:48:17,3,9.29,27.869999999999997,4261.18
TRX009045,CLI0047,CRT01878,PRD0191,2026-07-13 15:23:02,5,288.92,1444.6000000000001,3527.2
TRX009046,CLI0064,CRT02714,PRD0095,2026-05-10 10:52:15,9,42.58,383.21999999999997,1419.93
TRX009047,CLI0267,CRT02024,PRD0166,2026-05-19 10:20:14,3,124.75,374.25,1860.1599999999999
TRX009048,CLI0291,CRT02135,PRD0069,2026-04-15 16:14:15,3,112.37,337.11,3677.86
TRX009049,CLI0071,CRT03451,PRD0113,2026-05-15 16:05:20,4,310.43,1241.72,1241.72
TRX009050,CLI0043,CRT02921,PRD0177,2026-06-30 19:59:54,1,221.23,221.23,3230.7
TRX009051,CLI0248,CRT00280,PRD0146,2026-05-11 06:27:06,7,318.04,2226.28,3425.94
TRX009052,CLI0025,CRT03309,PRD0013,2026-01-03 05:03:04,5,103.06,515.3,3308.22
TRX009053,CLI0239,CRT01178,PRD0105,2026-05-13 02:50:54,3,200.26,600.78,669.72
TRX009054,CLI0422,CRT00040,PRD0198,2026-06-10 05:23:02,2,156.17,312.34,312.34
TRX009055,CLI0185,CRT02874,PRD0094,2026-07-09 13:09:27,2,179.52,359.04,4572.639999999999
TRX009056,CLI0310,CRT02583,PRD0008,2026-04-20 12:15:12,7,119.47,836.29,7217.51
TRX009057,CLI0003,CRT02161,PRD0179,2026-01-03 06:19:05,9,196.43,1767.8700000000001,7307.06
TRX009058,CLI0363,CRT03210,PRD0159,2026-05-20 02:52:04,5,125.8,629.0,2193.38
TRX009059,CLI0342,CRT03382,PRD0056,2026-05-02 15:34:48,7,143.73,1006.1099999999999,1006.1099999999999
TRX009060,CLI0003,CRT02521,PRD0187,2026-01-04 18:13:47,1,241.37,241.37,2532.2400000000002
TRX009061,CLI0039,CRT02206,PRD0188,2026-03-05 07:10:05,4,281.86,1127.44,3396.37
TRX009062,CLI0104,CRT00585,PRD0098,2026-03-05 22:31:20,9,136.36,1227.2400000000002,7462.18
TRX009063,CLI0013,CRT00369,PRD0116,2026-04-28 12:04:38,10,281.93,2819.3,5444.17
TRX009064,CLI0362,CRT01639,PRD0024,2026-02-12 17:53:39,6,78.71,472.26,472.26
TRX009065,CLI0306,CRT00165,PRD0084,2026-05-15 12:18:00,2,129.22,258.44,2815.8199999999997
TRX009066,CLI0250,CRT01105,PRD0016,2026-01-08 02:22:47,6,223.15,1338.9,1806.2
TRX009067,CLI0342,CRT01961,PRD0187,2026-05-04 04:42:00,10,241.37,2413.7,7456.82
TRX009068,CLI0310,CRT01489,PRD0052,2026-05-11 02:02:26,3,68.6,205.79999999999998,5186.2
TRX009069,CLI0229,CRT01481,PRD0077,2026-04-02 03:22:01,4,75.69,302.76,3563.16
TRX009070,CLI0407,CRT00728,PRD0130,2026-03-12 21:17:17,5,312.35,1561.75,5223.57
TRX009071,CLI0062,CRT02881,PRD0194,2026-01-11 21:21:21,7,311.57,2180.99,3877.6699999999996
TRX009072,CLI0428,CRT01308,PRD0200,2026-06-01 02:19:43,7,144.4,1010.8000000000001,6594.19
TRX009073,CLI0265,CRT02199,PRD0172,2026-07-14 01:34:57,6,97.82,586.92,5793.83
TRX009074,CLI0408,CRT02300,PRD0049,2026-03-13 04:36:15,3,36.18,108.53999999999999,1542.48
TRX009075,CLI0267,CRT02606,PRD0152,2026-05-27 18:22:23,2,336.37,672.74,4621.129999999999
TRX009076,CLI0254,CRT01885,PRD0092,2026-05-15 22:55:17,8,10.72,85.76,937.5500000000001
TRX009077,CLI0421,CRT00073,PRD0161,2026-01-15 18:45:37,5,331.95,1659.75,3415.4300000000003
TRX009078,CLI0210,CRT02527,PRD0035,2026-01-10 04:31:55,7,344.9,2414.2999999999997,5243.29
TRX009079,CLI0113,CRT03365,PRD0154,2026-01-30 01:56:04,5,283.35,1416.75,5240.05
TRX009080,CLI0164,CRT00042,PRD0175,2026-07-06 02:26:23,6,120.9,725.4000000000001,1521.5900000000001
TRX009081,CLI0091,CRT02927,PRD0098,2026-03-07 00:34:09,4,136.36,545.44,4424.6
TRX009082,CLI0303,CRT01115,PRD0192,2026-04-16 08:41:10,4,241.82,967.28,12062.19
TRX009083,CLI0092,CRT00443,PRD0163,2026-05-25 20:36:02,2,278.04,556.08,7562.71
TRX009084,CLI0429,CRT01381,PRD0135,2026-04-29 10:09:51,7,198.63,1390.4099999999999,3512.63
TRX009085,CLI0124,CRT02612,PRD0184,2026-03-04 07:42:20,5,85.85,429.25,3819.9300000000003
TRX009086,CLI0276,CRT00426,PRD0172,2026-02-20 09:35:02,10,97.82,978.1999999999999,5635.61
TRX009087,CLI0359,CRT02015,PRD0154,2026-04-14 16:14:42,6,283.35,1700.1000000000001,9789.220000000001
TRX009088,CLI0049,CRT02756,PRD0195,2026-05-16 12:42:11,1,11.49,11.49,3330.5299999999997
TRX009089,CLI0248,CRT00280,PRD0037,2026-05-11 06:27:06,7,171.38,1199.6599999999999,3425.94
TRX009090,CLI0379,CRT00871,PRD0100,2026-05-18 07:42:50,1,252.5,252.5,8124.78
TRX009091,CLI0275,CRT03002,PRD0145,2026-02-28 14:00:13,6,40.06,240.36,7216.58
TRX009092,CLI0340,CRT00440,PRD0097,2026-03-03 22:21:22,5,275.78,1378.8999999999999,1883.1
TRX009093,CLI0078,CRT02008,PRD0059,2026-05-28 02:06:17,2,252.15,504.3,1945.31
TRX009094,CLI0157,CRT01661,PRD0135,2026-01-30 12:17:29,2,198.63,397.26,4587.88
TRX009095,CLI0246,CRT00471,PRD0195,2026-02-23 21:30:36,4,11.49,45.96,3918.74
TRX009096,CLI0329,CRT03032,PRD0100,2026-01-09 21:59:50,8,252.5,2020.0,3963.14
TRX009097,CLI0050,CRT01224,PRD0001,2026-05-17 23:12:28,2,260.19,520.38,520.38
TRX009098,CLI0125,CRT00852,PRD0094,2026-01-19 09:41:38,4,179.52,718.08,1988.68
TRX009099,CLI0180,CRT01494,PRD0113,2026-03-20 16:13:22,5,310.43,1552.15,4489.59
TRX009100,CLI0324,CRT02009,PRD0025,2026-07-02 18:55:28,7,265.13,1855.9099999999999,4884.17
TRX009101,CLI0100,CRT02416,PRD0030,2026-04-12 01:22:31,4,153.58,614.32,1704.04
TRX009102,CLI0222,CRT01149,PRD0049,2026-06-29 21:29:13,2,36.18,72.36,208.72000000000003
TRX009103,CLI0184,CRT01873,PRD0067,2026-06-20 03:29:57,1,327.31,327.31,1458.74
TRX009104,CLI0196,CRT00354,PRD0019,2026-07-23 04:07:40,8,13.65,109.2,2552.44
TRX009105,CLI0420,CRT01759,PRD0018,2026-01-26 05:50:16,9,115.19,1036.71,2400.77
TRX009106,CLI0208,CRT00431,PRD0130,2026-07-16 21:28:57,10,312.35,3123.5,6944.34
TRX009107,CLI0335,CRT00992,PRD0155,2026-03-31 01:20:13,1,289.44,289.44,1606.03
TRX009108,CLI0418,CRT00214,PRD0166,2026-03-29 06:39:29,8,124.75,998.0,2260.3
TRX009109,CLI0083,CRT00475,PRD0111,2026-02-04 22:55:15,9,282.78,2545.0199999999995,6637.679999999999
TRX009110,CLI0376,CRT00743,PRD0033,2026-02-19 00:46:38,7,267.47,1872.2900000000002,2856.9300000000003
TRX009111,CLI0304,CRT01614,PRD0034,2026-03-11 23:26:28,10,115.14,1151.4,3288.4
TRX009112,CLI0405,CRT01402,PRD0097,2026-04-05 22:49:17,6,275.78,1654.6799999999998,2111.3399999999997
TRX009113,CLI0051,CRT03171,PRD0195,2026-01-23 03:46:46,8,11.49,91.92,5758.08
TRX009114,CLI0130,CRT03265,PRD0013,2026-05-31 14:55:14,7,103.06,721.4200000000001,3410.18
TRX009115,CLI0375,CRT02783,PRD0082,2026-02-04 17:27:49,1,316.62,316.62,316.62
TRX009116,CLI0067,CRT01859,PRD0082,2026-02-24 01:46:20,2,316.62,633.24,3901.84
TRX009117,CLI0166,CRT00720,PRD0146,2026-02-10 22:54:25,9,318.04,2862.36,5253.78
TRX009118,CLI0435,CRT02652,PRD0030,2026-07-07 08:11:40,9,153.58,1382.22,1801.73
TRX009119,CLI0198,CRT00490,PRD0087,2026-02-03 03:57:10,4,302.95,1211.8,6425.79
TRX009120,CLI0139,CRT01540,PRD0183,2026-06-25 13:11:56,1,74.71,74.71,3839.18
TRX009121,CLI0165,CRT00760,PRD0169,2026-07-04 02:18:22,5,259.17,1295.8500000000001,3150.9900000000002
TRX009122,CLI0148,CRT01221,PRD0110,2026-07-24 16:20:27,2,286.9,573.8,4868.54
TRX009123,CLI0252,CRT02523,PRD0044,2026-04-14 15:08:22,6,248.47,1490.82,1797.98
TRX009124,CLI0001,CRT01404,PRD0115,2026-06-10 02:34:26,5,301.5,1507.5,4439.6900000000005
TRX009125,CLI0395,CRT00859,PRD0200,2026-03-20 06:09:44,5,144.4,722.0,2899.45
TRX009126,CLI0180,CRT01237,PRD0092,2026-02-26 10:18:52,8,10.72,85.76,6044.61
TRX009127,CLI0188,CRT02795,PRD0082,2026-02-04 18:42:09,5,316.62,1583.1,2601.6299999999997
TRX009128,CLI0225,CRT00212,PRD0081,2026-06-09 09:46:07,8,151.12,1208.96,4385.17
TRX009129,CLI0414,CRT00025,PRD0166,2026-05-19 15:04:22,4,124.75,499.0,1687.4
TRX009130,CLI0296,CRT01169,PRD0106,2026-05-08 08:37:11,4,102.2,408.8,5120.650000000001
TRX009131,CLI0167,CRT01127,PRD0196,2026-05-23 03:33:19,5,349.85,1749.25,3472.3199999999997
TRX009132,CLI0023,CRT03059,PRD0154,2026-05-25 17:36:53,4,283.35,1133.4,7255.530000000001
TRX009133,CLI0294,CRT02630,PRD0001,2026-04-05 04:38:20,6,260.19,1561.1399999999999,2289.6099999999997
TRX009134,CLI0397,CRT03399,PRD0003,2026-06-19 21:41:25,10,149.12,1491.2,3107.7799999999997
TRX009135,CLI0196,CRT00317,PRD0137,2026-04-10 15:10:00,8,116.26,930.08,3563.21
TRX009136,CLI0038,CRT02216,PRD0150,2026-07-18 21:50:38,4,151.36,605.44,1269.13
TRX009137,CLI0013,CRT01022,PRD0002,2026-04-30 22:46:20,7,38.12,266.84,266.84
TRX009138,CLI0151,CRT02330,PRD0152,2026-05-09 18:40:12,10,336.37,3363.7,4738.71
TRX009139,CLI0342,CRT00301,PRD0119,2026-07-01 15:11:59,8,332.64,2661.12,3829.63
TRX009140,CLI0211,CRT01171,PRD0197,2026-05-20 20:59:03,1,267.68,267.68,1792.6400000000003
TRX009141,CLI0413,CRT01351,PRD0090,2026-07-14 16:29:54,2,15.96,31.92,2901.19
TRX009142,CLI0429,CRT01315,PRD0163,2026-07-23 07:45:48,7,278.04,1946.2800000000002,4633.67
TRX009143,CLI0299,CRT02047,PRD0098,2026-02-19 13:09:12,9,136.36,1227.2400000000002,3164.6400000000003
TRX009144,CLI0172,CRT01989,PRD0156,2026-02-05 04:28:39,6,87.81,526.86,5190.43
TRX009145,CLI0355,CRT01250,PRD0106,2026-06-20 11:46:29,3,102.2,306.6,3013.71
TRX009146,CLI0366,CRT02765,PRD0103,2026-02-09 23:56:28,6,234.25,1405.5,3401.6800000000003
TRX009147,CLI0129,CRT00405,PRD0147,2026-01-26 07:11:15,4,208.25,833.0,7149.48
TRX009148,CLI0355,CRT01330,PRD0184,2026-02-02 07:30:21,2,85.85,171.7,4968.55
TRX009149,CLI0023,CRT00862,PRD0142,2026-03-01 07:16:13,8,55.45,443.6,4339.56
TRX009150,CLI0009,CRT03348,PRD0087,2026-04-28 06:48:34,6,302.95,1817.6999999999998,6704.18
TRX009151,CLI0024,CRT02148,PRD0162,2026-02-11 19:26:44,1,195.42,195.42,1808.6699999999998
TRX009152,CLI0138,CRT02311,PRD0117,2026-05-29 14:35:52,5,196.2,981.0,1669.8400000000001
TRX009153,CLI0080,CRT02935,PRD0033,2026-04-25 08:26:12,1,267.47,267.47,1902.05
TRX009154,CLI0213,CRT03189,PRD0100,2026-01-09 00:33:55,10,252.5,2525.0,5594.25
TRX009155,CLI0303,CRT01651,PRD0169,2026-01-12 04:40:03,4,259.17,1036.68,1733.0
TRX009156,CLI0250,CRT00636,PRD0151,2026-07-18 16:16:20,8,121.08,968.64,5476.08
TRX009157,CLI0141,CRT00099,PRD0008,2026-04-19 13:42:25,1,119.47,119.47,4043.06
TRX009158,CLI0372,CRT00555,PRD0193,2026-05-24 21:13:26,2,190.14,380.28,3247.4
TRX009159,CLI0173,CRT02081,PRD0179,2026-07-20 13:44:14,2,196.43,392.86,2932.62
TRX009160,CLI0337,CRT03489,PRD0047,2026-06-07 04:29:07,9,327.59,2948.31,3861.76
TRX009161,CLI0100,CRT02276,PRD0101,2026-06-11 21:19:27,6,26.82,160.92000000000002,5346.82
TRX009162,CLI0085,CRT01435,PRD0119,2026-03-12 04:04:43,10,332.64,3326.3999999999996,7508.799999999999
TRX009163,CLI0008,CRT01201,PRD0135,2026-07-09 04:03:41,7,198.63,1390.4099999999999,7110.4800000000005
TRX009164,CLI0385,CRT00873,PRD0139,2026-03-08 19:58:52,9,30.96,278.64,956.9
TRX009165,CLI0274,CRT00620,PRD0099,2026-07-04 11:29:43,10,248.8,2488.0,6421.389999999999
TRX009166,CLI0151,CRT00288,PRD0061,2026-04-26 04:51:21,8,111.48,891.84,6921.26
TRX009167,CLI0021,CRT02826,PRD0089,2026-02-04 14:21:53,5,57.82,289.1,3473.94
TRX009168,CLI0132,CRT00898,PRD0082,2026-04-10 01:04:22,1,316.62,316.62,316.62
TRX009169,CLI0262,CRT02860,PRD0137,2026-04-20 23:26:33,10,116.26,1162.6000000000001,3343.96
TRX009170,CLI0423,CRT02391,PRD0124,2026-04-13 22:01:18,6,96.92,581.52,6276.3099999999995
TRX009171,CLI0055,CRT00268,PRD0070,2026-03-07 22:14:25,3,218.35,655.05,2486.11
TRX009172,CLI0012,CRT03127,PRD0171,2026-07-14 15:23:53,10,127.91,1279.1,5305.219999999999
TRX009173,CLI0257,CRT02183,PRD0160,2026-05-07 06:12:24,1,246.16,246.16,4308.030000000001
TRX009174,CLI0003,CRT02438,PRD0135,2026-01-13 13:44:25,6,198.63,1191.78,4781.74
TRX009175,CLI0051,CRT03357,PRD0054,2026-01-13 23:36:56,6,301.82,1810.92,2211.52
TRX009176,CLI0254,CRT01132,PRD0069,2026-06-15 02:14:18,1,112.37,112.37,1993.6100000000001
TRX009177,CLI0241,CRT03121,PRD0064,2026-02-07 23:18:34,10,237.14,2371.3999999999996,2631.5899999999997
TRX009178,CLI0188,CRT01172,PRD0027,2026-01-09 01:22:43,6,209.57,1257.42,5581.68
TRX009179,CLI0278,CRT03053,PRD0095,2026-01-28 02:22:41,8,42.58,340.64,7873.91
TRX009180,CLI0401,CRT02222,PRD0073,2026-02-02 02:15:26,10,292.23,2922.3,6530.33
TRX009181,CLI0432,CRT01049,PRD0056,2026-02-12 20:47:19,3,143.73,431.18999999999994,1343.8899999999999
TRX009182,CLI0380,CRT02899,PRD0155,2026-04-12 18:01:24,9,289.44,2604.96,5355.9
TRX009183,CLI0251,CRT00150,PRD0102,2026-07-21 03:12:19,2,233.03,466.06,4549.9400000000005
TRX009184,CLI0234,CRT01307,PRD0101,2026-06-06 06:12:52,9,26.82,241.38,3139.3500000000004
TRX009185,CLI0396,CRT00436,PRD0090,2026-05-31 10:35:41,5,15.96,79.80000000000001,4822.4
TRX009186,CLI0227,CRT00662,PRD0118,2026-06-10 04:36:09,8,163.96,1311.68,3037.7300000000005
TRX009187,CLI0342,CRT01961,PRD0100,2026-05-04 04:42:00,3,252.5,757.5,7456.82
TRX009188,CLI0153,CRT00005,PRD0116,2026-03-02 03:29:31,7,281.93,1973.51,4980.95
TRX009189,CLI0330,CRT01717,PRD0001,2026-01-11 17:41:20,7,260.19,1821.33,6423.09
TRX009190,CLI0291,CRT00749,PRD0184,2026-02-17 19:47:33,9,85.85,772.65,7205.210000000001
TRX009191,CLI0314,CRT00925,PRD0009,2026-03-01 21:42:46,1,297.0,297.0,4408.45
TRX009192,CLI0164,CRT01704,PRD0062,2026-01-17 23:04:50,7,321.99,2253.9300000000003,4586.72
TRX009193,CLI0005,CRT00730,PRD0153,2026-01-11 21:09:22,4,63.71,254.84,496.0
TRX009194,CLI0246,CRT00471,PRD0151,2026-02-23 21:30:36,10,121.08,1210.8,3918.74
TRX009195,CLI0274,CRT03001,PRD0013,2026-05-07 19:23:12,10,103.06,1030.6,4280.65
TRX009196,CLI0109,CRT03054,PRD0088,2026-06-02 00:23:58,3,64.83,194.49,2009.79
TRX009197,CLI0068,CRT00922,PRD0036,2026-02-17 00:57:13,5,86.2,431.0,1673.35
TRX009198,CLI0068,CRT00908,PRD0123,2026-02-22 23:45:20,2,85.64,171.28,3554.94
TRX009199,CLI0266,CRT00948,PRD0196,2026-05-18 14:24:13,7,349.85,2448.9500000000003,7110.540000000001
TRX009200,CLI0170,CRT00407,PRD0012,2026-04-02 04:40:05,2,69.32,138.64,4013.67
TRX009201,CLI0076,CRT02643,PRD0026,2026-06-03 10:19:04,2,238.97,477.94,4494.64
TRX009202,CLI0393,CRT00805,PRD0149,2026-05-21 09:15:03,10,344.39,3443.8999999999996,8455.99
TRX009203,CLI0261,CRT01110,PRD0133,2026-01-27 14:46:14,6,238.5,1431.0,4081.6800000000003
TRX009204,CLI0250,CRT00740,PRD0181,2026-03-01 11:31:55,5,318.21,1591.05,2051.61
TRX009205,CLI0207,CRT00076,PRD0070,2026-02-04 19:05:19,1,218.35,218.35,2172.07
TRX009206,CLI0011,CRT01442,PRD0191,2026-03-16 06:53:00,7,288.92,2022.44,2697.76
TRX009207,CLI0351,CRT02791,PRD0075,2026-06-05 01:32:31,3,38.5,115.5,3877.56
TRX009208,CLI0341,CRT01465,PRD0089,2026-03-23 12:31:08,8,57.82,462.56,785.75
TRX009209,CLI0358,CRT01408,PRD0049,2026-06-06 19:44:58,9,36.18,325.62,3652.0199999999995
TRX009210,CLI0429,CRT02434,PRD0123,2026-06-12 19:02:14,10,85.64,856.4,1744.41
TRX009211,CLI0428,CRT03012,PRD0144,2026-05-22 15:19:51,1,213.05,213.05,5125.63
TRX009212,CLI0092,CRT02308,PRD0007,2026-03-24 13:36:45,9,149.36,1344.2400000000002,5862.42
TRX009213,CLI0301,CRT02124,PRD0199,2026-03-02 17:56:55,9,223.09,2007.81,8418.94
TRX009214,CLI0088,CRT03379,PRD0151,2026-03-22 02:31:43,1,121.08,121.08,6112.93
TRX009215,CLI0322,CRT03220,PRD0165,2026-01-06 23:14:34,7,194.83,1363.8100000000002,7242.63
TRX009216,CLI0044,CRT01994,PRD0156,2026-03-10 13:33:35,9,87.81,790.29,6666.209999999999
TRX009217,CLI0242,CRT00606,PRD0008,2026-06-06 12:29:30,4,119.47,477.88,547.08
TRX009218,CLI0416,CRT01879,PRD0077,2026-04-05 22:21:00,2,75.69,151.38,441.71999999999997
TRX009219,CLI0270,CRT03004,PRD0068,2026-05-28 07:59:08,2,140.04,280.08,2800.5
TRX009220,CLI0163,CRT03285,PRD0087,2026-03-23 07:12:51,3,302.95,908.8499999999999,1038.07
TRX009221,CLI0102,CRT01783,PRD0069,2026-03-09 06:08:39,2,112.37,224.74,2730.3
TRX009222,CLI0077,CRT02679,PRD0130,2026-06-10 14:42:32,8,312.35,2498.8,3569.5200000000004
TRX009223,CLI0040,CRT03050,PRD0055,2026-04-03 21:57:41,10,349.75,3497.5,6043.24
TRX009224,CLI0418,CRT02641,PRD0080,2026-03-17 07:58:12,6,342.98,2057.88,6908.97
TRX009225,CLI0131,CRT01228,PRD0096,2026-06-17 21:16:09,10,15.79,157.89999999999998,1207.4500000000003
TRX009226,CLI0181,CRT02995,PRD0025,2026-03-23 17:59:36,3,265.13,795.39,5673.08
TRX009227,CLI0062,CRT00830,PRD0069,2026-07-17 08:15:16,9,112.37,1011.33,3256.63
TRX009228,CLI0152,CRT02911,PRD0112,2026-07-01 09:46:34,3,344.42,1033.26,2970.88
TRX009229,CLI0365,CRT01151,PRD0097,2026-04-08 14:46:59,3,275.78,827.3399999999999,5981.91
TRX009230,CLI0115,CRT02621,PRD0127,2026-05-28 21:52:12,4,24.14,96.56,1476.1599999999999
TRX009231,CLI0117,CRT01588,PRD0119,2026-04-15 04:06:30,4,332.64,1330.56,8613.39
TRX009232,CLI0418,CRT02961,PRD0005,2026-02-11 11:11:29,2,228.33,456.66,4269.38
TRX009233,CLI0109,CRT00432,PRD0145,2026-01-10 20:04:58,3,40.06,120.18,1118.2
TRX009234,CLI0252,CRT00931,PRD0072,2026-05-02 05:00:24,6,308.05,1848.3000000000002,9575.79
TRX009235,CLI0200,CRT00688,PRD0168,2026-04-07 08:01:53,7,260.65,1824.5499999999997,7780.32
TRX009236,CLI0334,CRT02247,PRD0042,2026-07-13 13:01:30,8,88.65,709.2,7096.43
TRX009237,CLI0263,CRT01487,PRD0145,2026-04-11 07:04:46,8,40.06,320.48,545.22
TRX009238,CLI0323,CRT01935,PRD0154,2026-07-02 15:43:15,3,283.35,850.0500000000001,4036.2799999999997
TRX009239,CLI0107,CRT01960,PRD0121,2026-03-14 03:08:17,6,301.87,1811.22,3492.58
TRX009240,CLI0069,CRT00420,PRD0042,2026-06-23 12:04:18,1,88.65,88.65,6483.099999999999
TRX009241,CLI0020,CRT00370,PRD0028,2026-01-23 02:40:00,4,301.62,1206.48,3683.1400000000003
TRX009242,CLI0142,CRT01344,PRD0087,2026-01-14 07:03:11,9,302.95,2726.5499999999997,4473.58
TRX009243,CLI0115,CRT02913,PRD0044,2026-01-12 19:25:35,6,248.47,1490.82,3186.4700000000003
TRX009244,CLI0377,CRT00949,PRD0052,2026-01-11 20:18:18,7,68.6,480.19999999999993,4100.14
TRX009245,CLI0252,CRT02523,PRD0030,2026-04-14 15:08:22,2,153.58,307.16,1797.98
TRX009246,CLI0385,CRT02902,PRD0189,2026-05-11 13:59:11,7,80.62,564.34,3538.35
TRX009247,CLI0037,CRT00711,PRD0140,2026-05-20 17:07:03,3,80.42,241.26,1140.22
TRX009248,CLI0402,CRT03315,PRD0032,2026-01-12 04:02:03,8,224.53,1796.24,1888.16
TRX009249,CLI0190,CRT02068,PRD0190,2026-05-27 10:32:37,2,23.22,46.44,4072.8399999999997
TRX009250,CLI0373,CRT02661,PRD0104,2026-03-14 10:16:50,5,46.73,233.64999999999998,1560.7
TRX009251,CLI0308,CRT03155,PRD0094,2026-04-07 07:52:09,2,179.52,359.04,4860.78
TRX009252,CLI0424,CRT01776,PRD0180,2026-03-25 10:15:35,4,217.4,869.6,6794.39
TRX009253,CLI0166,CRT00720,PRD0167,2026-02-10 22:54:25,5,82.61,413.05,5253.78
TRX009254,CLI0241,CRT01645,PRD0163,2026-05-02 20:28:15,3,278.04,834.1200000000001,7430.02
TRX009255,CLI0092,CRT02282,PRD0100,2026-02-20 00:46:57,8,252.5,2020.0,5064.34
TRX009256,CLI0252,CRT01258,PRD0036,2026-01-28 05:14:17,8,86.2,689.6,2393.08
TRX009257,CLI0098,CRT01792,PRD0068,2026-07-20 09:41:31,4,140.04,560.16,2194.93
TRX009258,CLI0258,CRT02564,PRD0116,2026-01-29 16:24:29,3,281.93,845.79,8032.889999999999
TRX009259,CLI0141,CRT00751,PRD0021,2026-06-03 20:11:22,4,175.98,703.92,10183.78
TRX009260,CLI0430,CRT00994,PRD0047,2026-06-04 10:51:57,6,327.59,1965.54,4220.79
TRX009261,CLI0167,CRT01663,PRD0046,2026-01-10 16:46:52,8,234.97,1879.76,4617.73
TRX009262,CLI0076,CRT00049,PRD0095,2026-05-26 21:24:21,4,42.58,170.32,4953.7
TRX009263,CLI0405,CRT00879,PRD0154,2026-06-28 22:29:57,8,283.35,2266.8,2831.1400000000003
TRX009264,CLI0293,CRT00814,PRD0140,2026-05-27 05:37:58,5,80.42,402.1,3870.57
TRX009265,CLI0294,CRT00030,PRD0178,2026-03-02 17:20:24,3,198.09,594.27,3434.52
TRX009266,CLI0204,CRT00044,PRD0002,2026-05-22 11:52:26,2,38.12,76.24,5124.24
TRX009267,CLI0220,CRT03197,PRD0139,2026-02-02 23:09:57,5,30.96,154.8,2914.67
TRX009268,CLI0036,CRT03298,PRD0063,2026-05-01 03:27:47,3,30.34,91.02,2061.26
TRX009269,CLI0196,CRT01222,PRD0131,2026-06-23 11:29:37,1,212.13,212.13,2322.56
TRX009270,CLI0106,CRT01795,PRD0051,2026-06-03 07:50:54,10,142.41,1424.1,3152.98
TRX009271,CLI0307,CRT02230,PRD0180,2026-07-21 22:43:09,5,217.4,1087.0,1644.4
TRX009272,CLI0277,CRT01467,PRD0041,2026-02-11 19:25:45,3,228.33,684.99,6101.51
TRX009273,CLI0259,CRT00082,PRD0090,2026-04-12 23:08:04,1,15.96,15.96,1207.74
TRX009274,CLI0095,CRT01908,PRD0054,2026-01-21 21:59:34,8,301.82,2414.56,2414.56
TRX009275,CLI0294,CRT01386,PRD0039,2026-01-02 15:12:38,10,305.67,3056.7000000000003,9419.52
TRX009276,CLI0148,CRT01221,PRD0178,2026-07-24 16:20:27,4,198.09,792.36,4868.54
TRX009277,CLI0359,CRT02757,PRD0040,2026-05-27 10:16:01,8,256.15,2049.2,7430.33
TRX009278,CLI0280,CRT03395,PRD0025,2026-03-07 17:42:45,5,265.13,1325.65,4261.46
TRX009279,CLI0338,CRT03234,PRD0126,2026-05-26 22:58:54,2,146.67,293.34,1847.7
TRX009280,CLI0330,CRT00238,PRD0178,2026-02-10 18:24:25,6,198.09,1188.54,2805.38
TRX009281,CLI0423,CRT02966,PRD0103,2026-01-12 03:44:36,9,234.25,2108.25,11492.789999999999
TRX009282,CLI0340,CRT03019,PRD0107,2026-05-29 02:41:09,8,114.48,915.84,2516.64
TRX009283,CLI0049,CRT00815,PRD0074,2026-01-10 16:45:41,2,229.76,459.52,5984.35
TRX009284,CLI0166,CRT00298,PRD0127,2026-07-01 04:12:06,10,24.14,241.4,2625.81
TRX009285,CLI0352,CRT00122,PRD0194,2026-05-17 23:14:25,10,311.57,3115.7,5746.82
TRX009286,CLI0011,CRT02284,PRD0026,2026-06-23 04:59:48,5,238.97,1194.85,2846.83
TRX009287,CLI0083,CRT01576,PRD0130,2026-05-09 22:19:01,3,312.35,937.0500000000001,1397.81
TRX009288,CLI0416,CRT00469,PRD0179,2026-03-26 04:07:35,6,196.43,1178.58,2364.2799999999997
TRX009289,CLI0208,CRT00940,PRD0126,2026-07-18 01:31:22,1,146.67,146.67,2560.37
TRX009290,CLI0148,CRT00979,PRD0003,2026-06-10 06:34:44,6,149.12,894.72,7559.410000000001
TRX009291,CLI0310,CRT00069,PRD0093,2026-06-15 03:15:03,10,302.86,3028.6000000000004,5167.25
TRX009292,CLI0041,CRT02476,PRD0088,2026-01-16 05:00:29,3,64.83,194.49,805.12
TRX009293,CLI0055,CRT01732,PRD0119,2026-02-14 07:47:43,6,332.64,1995.84,3000.5
TRX009294,CLI0192,CRT02071,PRD0161,2026-03-19 10:42:12,4,331.95,1327.8,1327.8
TRX009295,CLI0171,CRT02465,PRD0129,2026-02-14 23:07:57,1,4.55,4.55,4974.04
TRX009296,CLI0244,CRT00349,PRD0075,2026-05-24 23:38:25,10,38.5,385.0,4083.8
TRX009297,CLI0080,CRT00753,PRD0188,2026-04-26 10:45:54,6,281.86,1691.16,5862.96
TRX009298,CLI0266,CRT00948,PRD0136,2026-05-18 14:24:13,6,303.73,1822.38,7110.540000000001
TRX009299,CLI0124,CRT03493,PRD0096,2026-02-13 18:37:25,9,15.79,142.10999999999999,6236.67
TRX009300,CLI0403,CRT00841,PRD0085,2026-04-11 05:23:20,8,239.52,1916.16,4221.68
TRX009301,CLI0060,CRT01928,PRD0132,2026-02-12 05:32:58,8,153.95,1231.6,9269.33
TRX009302,CLI0281,CRT00264,PRD0109,2026-05-14 13:36:46,10,181.62,1816.2,3241.38
TRX009303,CLI0099,CRT02175,PRD0179,2026-01-24 22:20:05,10,196.43,1964.3000000000002,1964.3000000000002
TRX009304,CLI0311,CRT02502,PRD0131,2026-03-05 11:02:08,4,212.13,848.52,4045.82
TRX009305,CLI0294,CRT01084,PRD0078,2026-03-04 06:14:09,7,172.26,1205.82,7178.87
TRX009306,CLI0263,CRT03342,PRD0074,2026-02-21 14:34:15,5,229.76,1148.8,1914.5
TRX009307,CLI0153,CRT03233,PRD0142,2026-01-03 06:30:19,3,55.45,166.35000000000002,3633.4700000000003
TRX009308,CLI0180,CRT00505,PRD0062,2026-05-31 20:58:33,8,321.99,2575.92,4597.92
TRX009309,CLI0373,CRT00970,PRD0146,2026-07-22 18:37:45,4,318.04,1272.16,2827.1800000000003
TRX009310,CLI0007,CRT03333,PRD0139,2026-06-21 07:52:09,8,30.96,247.68,5400.75
TRX009311,CLI0141,CRT00099,PRD0020,2026-04-19 13:42:25,10,75.82,758.1999999999999,4043.06
TRX009312,CLI0358,CRT02556,PRD0098,2026-03-20 00:14:01,6,136.36,818.1600000000001,1684.5600000000002
TRX009313,CLI0432,CRT01954,PRD0140,2026-07-03 23:55:08,8,80.42,643.36,5725.62
TRX009314,CLI0206,CRT00529,PRD0159,2026-07-21 12:19:19,3,125.8,377.4,4608.58
TRX009315,CLI0075,CRT01365,PRD0093,2026-02-25 22:11:19,4,302.86,1211.44,6292.23
TRX009316,CLI0121,CRT00896,PRD0134,2026-05-09 10:02:39,9,343.3,3089.7000000000003,6829.1
TRX009317,CLI0272,CRT03267,PRD0088,2026-04-01 14:30:06,2,64.83,129.66,1964.21
TRX009318,CLI0142,CRT01425,PRD0007,2026-01-14 02:18:25,7,149.36,1045.52,2308.51
TRX009319,CLI0208,CRT00642,PRD0042,2026-01-19 02:52:49,2,88.65,177.3,1798.8
TRX009320,CLI0234,CRT01307,PRD0030,2026-06-06 06:12:52,3,153.58,460.74,3139.3500000000004
TRX009321,CLI0346,CRT03472,PRD0165,2026-05-11 01:55:49,10,194.83,1948.3000000000002,5556.66
TRX009322,CLI0331,CRT02947,PRD0040,2026-04-14 03:38:57,3,256.15,768.4499999999999,6109.43
TRX009323,CLI0041,CRT02778,PRD0194,2026-01-20 08:44:22,2,311.57,623.14,5125.61
TRX009324,CLI0095,CRT00650,PRD0194,2026-01-06 04:33:09,4,311.57,1246.28,2705.59
TRX009325,CLI0076,CRT00049,PRD0086,2026-05-26 21:24:21,6,197.06,1182.3600000000001,4953.7
TRX009326,CLI0122,CRT02914,PRD0106,2026-03-16 01:25:23,2,102.2,204.4,3359.5
TRX009327,CLI0347,CRT02429,PRD0124,2026-03-11 05:35:19,2,96.92,193.84,2206.2
TRX009328,CLI0174,CRT02358,PRD0053,2026-02-27 15:15:38,2,99.29,198.58,3017.5
TRX009329,CLI0133,CRT00604,PRD0193,2026-02-17 19:58:21,4,190.14,760.56,6266.45
TRX009330,CLI0244,CRT00349,PRD0106,2026-05-24 23:38:25,4,102.2,408.8,4083.8
TRX009331,CLI0146,CRT01868,PRD0112,2026-06-15 23:48:49,1,344.42,344.42,2684.0099999999998
TRX009332,CLI0120,CRT02177,PRD0128,2026-05-07 13:12:59,2,9.29,18.58,2818.2000000000003
TRX009333,CLI0431,CRT00125,PRD0115,2026-06-18 20:19:30,1,301.5,301.5,5235.799999999999
TRX009334,CLI0045,CRT01070,PRD0045,2026-03-27 16:59:54,8,301.22,2409.76,3621.5600000000004
TRX009335,CLI0428,CRT01841,PRD0092,2026-02-13 18:31:21,6,10.72,64.32000000000001,626.1700000000001
TRX009336,CLI0386,CRT00348,PRD0183,2026-06-08 19:18:53,4,74.71,298.84,298.84
TRX009337,CLI0314,CRT01336,PRD0094,2026-01-23 22:50:07,6,179.52,1077.1200000000001,3536.03
TRX009338,CLI0320,CRT00176,PRD0184,2026-01-13 21:37:26,1,85.85,85.85,5515.29
TRX009339,CLI0164,CRT00042,PRD0135,2026-07-06 02:26:23,3,198.63,595.89,1521.5900000000001
TRX009340,CLI0007,CRT01912,PRD0173,2026-02-13 23:52:37,5,330.57,1652.85,2014.6499999999999
TRX009341,CLI0309,CRT01571,PRD0136,2026-02-22 21:23:38,7,303.73,2126.11,5084.2300000000005
TRX009342,CLI0195,CRT02285,PRD0017,2026-06-17 04:02:24,10,134.36,1343.6000000000001,1676.2400000000002
TRX009343,CLI0353,CRT00197,PRD0075,2026-05-04 12:02:12,5,38.5,192.5,1390.65
TRX009344,CLI0407,CRT03255,PRD0048,2026-07-16 21:23:35,9,275.16,2476.44,2697.67
TRX009345,CLI0309,CRT02727,PRD0019,2026-05-22 07:51:56,5,13.65,68.25,5999.33
TRX009346,CLI0265,CRT00112,PRD0102,2026-07-15 08:44:56,2,233.03,466.06,1111.02
TRX009347,CLI0058,CRT01174,PRD0152,2026-05-29 17:31:55,3,336.37,1009.11,2035.7999999999997
TRX009348,CLI0220,CRT02774,PRD0165,2026-05-14 08:19:44,4,194.83,779.32,3930.4
TRX009349,CLI0184,CRT01369,PRD0085,2026-03-11 07:21:44,3,239.52,718.5600000000001,2153.14
TRX009350,CLI0003,CRT02810,PRD0070,2026-03-31 06:46:40,3,218.35,655.05,701.01
TRX009351,CLI0329,CRT02526,PRD0073,2026-05-31 02:35:36,3,292.23,876.69,2262.91
TRX009352,CLI0411,CRT00246,PRD0017,2026-05-27 16:18:53,4,134.36,537.44,1907.42
TRX009353,CLI0053,CRT01262,PRD0137,2026-01-09 02:39:17,3,116.26,348.78000000000003,10205.3
TRX009354,CLI0042,CRT01433,PRD0006,2026-04-11 06:30:37,1,207.27,207.27,4892.27
TRX009355,CLI0043,CRT01903,PRD0067,2026-04-17 10:50:13,9,327.31,2945.79,5790.889999999999
TRX009356,CLI0134,CRT00110,PRD0080,2026-06-17 23:43:09,8,342.98,2743.84,6290.1
TRX009357,CLI0241,CRT01187,PRD0087,2026-05-27 12:04:12,4,302.95,1211.8,5151.320000000001
TRX009358,CLI0011,CRT01666,PRD0183,2026-06-28 17:06:04,9,74.71,672.39,1046.6399999999999
TRX009359,CLI0291,CRT01096,PRD0130,2026-02-03 03:22:58,6,312.35,1874.1000000000001,6528.97
TRX009360,CLI0005,CRT00210,PRD0081,2026-02-05 23:33:49,8,151.12,1208.96,3559.33
TRX009361,CLI0141,CRT01733,PRD0135,2026-04-23 14:52:06,1,198.63,198.63,2139.51
TRX009362,CLI0133,CRT00478,PRD0008,2026-02-16 18:48:37,10,119.47,1194.7,2589.62
TRX009363,CLI0217,CRT03344,PRD0130,2026-02-12 11:10:58,5,312.35,1561.75,3784.5
TRX009364,CLI0221,CRT01971,PRD0045,2026-01-30 22:29:05,4,301.22,1204.88,5321.93
TRX009365,CLI0204,CRT00044,PRD0060,2026-05-22 11:52:26,10,339.13,3391.3,5124.24
TRX009366,CLI0188,CRT02795,PRD0084,2026-02-04 18:42:09,2,129.22,258.44,2601.6299999999997
TRX009367,CLI0195,CRT00757,PRD0019,2026-07-07 06:45:18,4,13.65,54.6,3321.6000000000004
TRX009368,CLI0342,CRT01616,PRD0060,2026-06-04 14:43:31,8,339.13,2713.04,2713.04
TRX009369,CLI0015,CRT00664,PRD0114,2026-01-09 12:59:31,1,141.38,141.38,934.18
TRX009370,CLI0154,CRT02726,PRD0136,2026-02-25 04:53:10,9,303.73,2733.57,9658.92
TRX009371,CLI0061,CRT02291,PRD0086,2026-02-06 04:45:43,6,197.06,1182.3600000000001,1182.3600000000001
TRX009372,CLI0007,CRT00601,PRD0029,2026-06-22 07:40:23,9,95.22,856.98,1036.1100000000001
TRX009373,CLI0350,CRT00328,PRD0117,2026-01-20 06:48:27,8,196.2,1569.6,3867.2
TRX009374,CLI0198,CRT00715,PRD0145,2026-07-17 16:07:39,9,40.06,360.54,14078.150000000001
TRX009375,CLI0359,CRT02846,PRD0018,2026-03-05 15:37:30,4,115.19,460.76,5886.47
TRX009376,CLI0260,CRT01983,PRD0147,2026-01-27 06:04:55,8,208.25,1666.0,2667.58
TRX009377,CLI0179,CRT02602,PRD0047,2026-04-20 17:20:06,10,327.59,3275.8999999999996,5311.2
TRX009378,CLI0175,CRT01655,PRD0067,2026-04-08 03:32:39,3,327.31,981.9300000000001,1361.75
TRX009379,CLI0360,CRT00265,PRD0063,2026-01-28 01:40:00,2,30.34,60.68,1208.28
TRX009380,CLI0075,CRT01365,PRD0172,2026-02-25 22:11:19,4,97.82,391.28,6292.23
TRX009381,CLI0309,CRT00499,PRD0077,2026-05-19 00:02:37,2,75.69,151.38,4536.79
TRX009382,CLI0069,CRT00420,PRD0031,2026-06-23 12:04:18,7,267.28,1870.9599999999998,6483.099999999999
TRX009383,CLI0064,CRT02815,PRD0066,2026-05-05 00:15:05,9,148.18,1333.6200000000001,3412.1900000000005
TRX009384,CLI0102,CRT00889,PRD0114,2026-05-09 16:40:29,3,141.38,424.14,1616.76
TRX009385,CLI0329,CRT03046,PRD0081,2026-04-14 13:51:08,3,151.12,453.36,1110.73
TRX009386,CLI0332,CRT02485,PRD0182,2026-03-15 00:51:45,7,200.1,1400.7,5436.96
TRX009387,CLI0374,CRT00978,PRD0089,2026-07-16 16:14:51,1,57.82,57.82,6012.43
TRX009388,CLI0249,CRT01427,PRD0042,2026-05-09 19:10:33,9,88.65,797.85,3574.68
TRX009389,CLI0285,CRT00392,PRD0136,2026-02-06 04:29:12,1,303.73,303.73,4932.9
TRX009390,CLI0359,CRT01736,PRD0083,2026-01-29 11:31:22,10,194.5,1945.0,4982.96
TRX009391,CLI0044,CRT01994,PRD0120,2026-03-10 13:33:35,10,291.12,2911.2,6666.209999999999
TRX009392,CLI0317,CRT01916,PRD0052,2026-06-07 13:08:01,4,68.6,274.4,274.4
TRX009393,CLI0070,CRT03475,PRD0068,2026-02-27 23:17:22,8,140.04,1120.32,4936.36
TRX009394,CLI0085,CRT00240,PRD0120,2026-01-20 17:54:01,2,291.12,582.24,1688.3899999999999
TRX009395,CLI0310,CRT02920,PRD0002,2026-04-05 11:49:00,6,38.12,228.71999999999997,4348.44
TRX009396,CLI0361,CRT01592,PRD0112,2026-03-15 20:17:04,2,344.42,688.84,2232.84
TRX009397,CLI0012,CRT01073,PRD0070,2026-05-28 11:21:53,10,218.35,2183.5,6280.610000000001
TRX009398,CLI0142,CRT01425,PRD0158,2026-01-14 02:18:25,4,12.47,49.88,2308.51
TRX009399,CLI0289,CRT03442,PRD0058,2026-04-22 11:44:28,2,275.33,550.66,5522.66
TRX009400,CLI0131,CRT00507,PRD0073,2026-05-03 08:27:55,8,292.23,2337.84,7298.12
TRX009401,CLI0092,CRT00790,PRD0156,2026-05-23 20:19:16,9,87.81,790.29,5078.87
TRX009402,CLI0269,CRT01056,PRD0131,2026-03-19 06:22:19,5,212.13,1060.65,3961.5800000000004
TRX009403,CLI0126,CRT02999,PRD0040,2026-04-09 15:14:34,5,256.15,1280.75,1280.75
TRX009404,CLI0229,CRT03258,PRD0094,2026-04-19 21:42:42,10,179.52,1795.2,8111.16
TRX009405,CLI0004,CRT00462,PRD0103,2026-05-09 05:03:34,9,234.25,2108.25,5830.4800000000005
TRX009406,CLI0053,CRT01262,PRD0044,2026-01-09 02:39:17,9,248.47,2236.23,10205.3
TRX009407,CLI0280,CRT00325,PRD0011,2026-07-09 21:58:07,4,104.38,417.52,1566.32
TRX009408,CLI0232,CRT01391,PRD0148,2026-05-07 08:45:24,9,270.94,2438.46,3699.67
TRX009409,CLI0180,CRT00505,PRD0019,2026-05-31 20:58:33,1,13.65,13.65,4597.92
TRX009410,CLI0090,CRT00634,PRD0133,2026-07-19 10:21:44,4,238.5,954.0,3982.6000000000004
TRX009411,CLI0014,CRT03190,PRD0148,2026-02-09 13:37:54,8,270.94,2167.52,4120.0
TRX009412,CLI0329,CRT00945,PRD0189,2026-06-30 01:24:07,5,80.62,403.1,403.1
TRX009413,CLI0151,CRT00288,PRD0189,2026-04-26 04:51:21,8,80.62,644.96,6921.26
TRX009414,CLI0198,CRT03341,PRD0077,2026-04-26 22:35:27,4,75.69,302.76,1441.7399999999998
TRX009415,CLI0207,CRT03199,PRD0076,2026-03-23 18:50:00,9,260.49,2344.41,7461.8
TRX009416,CLI0163,CRT02326,PRD0137,2026-03-11 13:55:18,2,116.26,232.52,1317.7
TRX009417,CLI0354,CRT00060,PRD0195,2026-03-02 01:47:40,2,11.49,22.98,5345.24
TRX009418,CLI0026,CRT00951,PRD0071,2026-02-18 10:36:05,4,76.57,306.28,2352.0299999999997
TRX009419,CLI0009,CRT02597,PRD0079,2026-06-12 13:06:52,4,98.65,394.6,2045.92
TRX009420,CLI0041,CRT01562,PRD0159,2026-04-19 04:04:03,8,125.8,1006.4,1943.45
TRX009421,CLI0373,CRT02949,PRD0041,2026-07-12 00:25:45,1,228.33,228.33,4880.49
TRX009422,CLI0046,CRT03092,PRD0141,2026-01-19 06:31:26,5,13.28,66.39999999999999,4452.33
TRX009423,CLI0392,CRT01316,PRD0038,2026-01-12 21:35:36,10,231.76,2317.6,5137.52
TRX009424,CLI0026,CRT00080,PRD0190,2026-04-03 07:14:57,5,23.22,116.1,3241.12
TRX009425,CLI0154,CRT02361,PRD0041,2026-03-25 21:22:13,7,228.33,1598.3100000000002,3103.29
TRX009426,CLI0362,CRT01473,PRD0184,2026-03-17 17:15:16,3,85.85,257.54999999999995,1869.52
TRX009427,CLI0099,CRT02190,PRD0091,2026-06-23 00:50:30,5,321.66,1608.3000000000002,2991.08
TRX009428,CLI0244,CRT01106,PRD0113,2026-01-29 12:47:44,6,310.43,1862.58,1887.52
TRX009429,CLI0273,CRT00787,PRD0120,2026-04-09 06:53:52,6,291.12,1746.72,3444.3
TRX009430,CLI0335,CRT00457,PRD0014,2026-01-20 18:48:40,5,99.1,495.5,4677.5
TRX009431,CLI0097,CRT01432,PRD0134,2026-04-28 03:10:43,1,343.3,343.3,1191.6399999999999
TRX009432,CLI0174,CRT02281,PRD0002,2026-05-22 08:57:19,8,38.12,304.96,3018.0
TRX009433,CLI0271,CRT02110,PRD0020,2026-03-23 13:54:30,8,75.82,606.56,1893.3200000000002
TRX009434,CLI0305,CRT01051,PRD0025,2026-01-30 11:13:27,1,265.13,265.13,568.86
TRX009435,CLI0177,CRT01951,PRD0121,2026-04-23 08:27:02,1,301.87,301.87,1528.69
TRX009436,CLI0007,CRT03397,PRD0061,2026-04-01 10:57:50,6,111.48,668.88,668.88
TRX009437,CLI0328,CRT02370,PRD0104,2026-03-19 03:23:41,4,46.73,186.92,350.88
TRX009438,CLI0234,CRT00947,PRD0080,2026-01-11 08:56:47,6,342.98,2057.88,6163.83
TRX009439,CLI0075,CRT01208,PRD0195,2026-06-02 05:36:44,6,11.49,68.94,5385.62
TRX009440,CLI0072,CRT02423,PRD0005,2026-05-01 10:09:47,9,228.33,2054.9700000000003,2054.9700000000003
TRX009441,CLI0054,CRT02046,PRD0089,2026-03-25 18:48:12,9,57.82,520.38,3181.71
TRX009442,CLI0131,CRT01228,PRD0196,2026-06-17 21:16:09,3,349.85,1049.5500000000002,1207.4500000000003
TRX009443,CLI0179,CRT01338,PRD0150,2026-04-18 00:09:59,4,151.36,605.44,1672.22
TRX009444,CLI0419,CRT00460,PRD0083,2026-03-30 17:43:33,5,194.5,972.5,972.5
TRX009445,CLI0421,CRT00373,PRD0061,2026-02-28 09:25:01,9,111.48,1003.32,4577.42
TRX009446,CLI0346,CRT02336,PRD0152,2026-03-26 09:06:11,2,336.37,672.74,2460.61
TRX009447,CLI0417,CRT01119,PRD0155,2026-06-27 21:30:59,2,289.44,578.88,9964.51
TRX009448,CLI0160,CRT03256,PRD0112,2026-02-12 07:29:38,9,344.42,3099.78,4681.77
TRX009449,CLI0064,CRT02036,PRD0115,2026-04-25 10:50:54,1,301.5,301.5,2708.6800000000003
TRX009450,CLI0219,CRT02946,PRD0139,2026-03-04 16:34:00,9,30.96,278.64,3040.98
TRX009451,CLI0352,CRT00598,PRD0133,2026-07-18 06:21:51,3,238.5,715.5,2483.95
TRX009452,CLI0004,CRT01505,PRD0103,2026-04-15 23:15:29,10,234.25,2342.5,8646.029999999999
TRX009453,CLI0311,CRT03083,PRD0123,2026-01-20 05:32:55,4,85.64,342.56,7032.67
TRX009454,CLI0160,CRT03477,PRD0127,2026-07-04 00:14:05,9,24.14,217.26,1940.82
TRX009455,CLI0406,CRT02461,PRD0056,2026-05-26 06:14:33,6,143.73,862.3799999999999,5548.88
TRX009456,CLI0258,CRT02564,PRD0097,2026-01-29 16:24:29,1,275.78,275.78,8032.889999999999
TRX009457,CLI0153,CRT02809,PRD0087,2026-04-01 03:54:06,3,302.95,908.8499999999999,1927.61
TRX009458,CLI0147,CRT03098,PRD0012,2026-04-13 14:53:32,9,69.32,623.8799999999999,2212.92
TRX009459,CLI0010,CRT00894,PRD0164,2026-03-30 12:48:45,5,242.9,1214.5,2153.4700000000003
TRX009460,CLI0319,CRT01947,PRD0135,2026-06-15 12:37:31,8,198.63,1589.04,2316.6
TRX009461,CLI0348,CRT02770,PRD0120,2026-06-05 15:13:40,8,291.12,2328.96,4648.639999999999
TRX009462,CLI0196,CRT03180,PRD0100,2026-01-30 07:07:12,10,252.5,2525.0,2525.0
TRX009463,CLI0406,CRT01798,PRD0184,2026-02-07 01:02:51,9,85.85,772.65,2972.67
TRX009464,CLI0342,CRT01475,PRD0059,2026-02-07 20:34:46,3,252.15,756.45,5184.56
TRX009465,CLI0291,CRT00749,PRD0188,2026-02-17 19:47:33,6,281.86,1691.16,7205.210000000001
TRX009466,CLI0304,CRT01328,PRD0142,2026-03-14 15:09:15,9,55.45,499.05,6589.6
TRX009467,CLI0417,CRT00206,PRD0133,2026-02-14 01:26:10,8,238.5,1908.0,5250.07
TRX009468,CLI0347,CRT00034,PRD0128,2026-06-08 05:22:06,6,9.29,55.739999999999995,845.0600000000001
TRX009469,CLI0105,CRT01840,PRD0112,2026-03-14 06:34:38,4,344.42,1377.68,2157.6400000000003
TRX009470,CLI0304,CRT01092,PRD0003,2026-06-11 16:13:56,8,149.12,1192.96,1983.25
TRX009471,CLI0219,CRT00906,PRD0071,2026-03-21 22:02:26,2,76.57,153.14,369.86
TRX009472,CLI0424,CRT01790,PRD0099,2026-06-22 17:59:29,6,248.8,1492.8000000000002,3916.6600000000003
TRX009473,CLI0146,CRT00808,PRD0050,2026-06-02 00:35:36,7,164.79,1153.53,1277.37
TRX009474,CLI0185,CRT02874,PRD0055,2026-07-09 13:09:27,5,349.75,1748.75,4572.639999999999
TRX009475,CLI0260,CRT01952,PRD0088,2026-02-26 21:23:45,2,64.83,129.66,6487.39
TRX009476,CLI0105,CRT00310,PRD0115,2026-07-12 19:42:12,6,301.5,1809.0,3475.74
TRX009477,CLI0137,CRT01976,PRD0061,2026-02-08 18:45:52,4,111.48,445.92,7092.639999999999
TRX009478,CLI0016,CRT02002,PRD0183,2026-04-24 05:18:02,4,74.71,298.84,4060.27
TRX009479,CLI0401,CRT01718,PRD0159,2026-01-06 02:00:51,1,125.8,125.8,1425.3799999999999
TRX009480,CLI0184,CRT02169,PRD0138,2026-04-10 06:27:04,8,308.17,2465.36,8819.01
TRX009481,CLI0363,CRT01986,PRD0194,2026-04-24 18:25:08,1,311.57,311.57,5269.3
TRX009482,CLI0342,CRT00301,PRD0108,2026-07-01 15:11:59,7,166.93,1168.51,3829.63
TRX009483,CLI0140,CRT01053,PRD0154,2026-04-16 03:09:36,7,283.35,1983.4500000000003,2546.3900000000003
TRX009484,CLI0025,CRT00177,PRD0177,2026-06-19 03:56:10,7,221.23,1548.61,3893.0199999999995
TRX009485,CLI0212,CRT02000,PRD0149,2026-04-15 16:42:09,8,344.39,2755.12,9151.84
TRX009486,CLI0297,CRT02542,PRD0158,2026-06-19 05:52:38,1,12.47,12.47,8403.119999999999
TRX009487,CLI0015,CRT01852,PRD0189,2026-01-21 16:45:23,7,80.62,564.34,2196.52
TRX009488,CLI0039,CRT02884,PRD0066,2026-05-20 22:32:14,4,148.18,592.72,5045.110000000001
TRX009489,CLI0091,CRT03129,PRD0101,2026-01-22 05:09:37,4,26.82,107.28,5541.51
TRX009490,CLI0348,CRT03411,PRD0115,2026-03-31 12:03:30,2,301.5,603.0,1432.08
TRX009491,CLI0081,CRT01376,PRD0132,2026-07-22 23:13:43,2,153.95,307.9,1052.5
TRX009492,CLI0123,CRT03367,PRD0078,2026-01-17 19:22:27,10,172.26,1722.6,2138.94
TRX009493,CLI0117,CRT02189,PRD0069,2026-05-14 09:59:16,2,112.37,224.74,1993.12
TRX009494,CLI0274,CRT02918,PRD0198,2026-01-30 00:03:03,7,156.17,1093.1899999999998,4530.95
TRX009495,CLI0399,CRT02749,PRD0111,2026-03-11 05:19:39,2,282.78,565.56,565.56
TRX009496,CLI0181,CRT03429,PRD0089,2026-06-19 00:01:24,2,57.82,115.64,2678.8199999999997
TRX009497,CLI0394,CRT00976,PRD0160,2026-07-02 01:52:05,10,246.16,2461.6,5897.780000000001
TRX009498,CLI0369,CRT00942,PRD0061,2026-03-22 14:21:02,6,111.48,668.88,3923.23
TRX009499,CLI0183,CRT01530,PRD0090,2026-02-11 01:55:32,6,15.96,95.76,2001.49
TRX009500,CLI0103,CRT01572,PRD0019,2026-02-17 12:47:56,4,13.65,54.6,588.9300000000001
TRX009501,CLI0393,CRT03328,PRD0106,2026-03-17 03:00:52,1,102.2,102.2,1280.22
TRX009502,CLI0329,CRT01765,PRD0151,2026-06-14 06:41:23,10,121.08,1210.8,5466.29
TRX009503,CLI0249,CRT00411,PRD0101,2026-04-26 11:57:16,4,26.82,107.28,800.9799999999999
TRX009504,CLI0152,CRT02010,PRD0196,2026-04-18 14:38:11,8,349.85,2798.8,3950.46
TRX009505,CLI0169,CRT01848,PRD0055,2026-01-07 10:21:01,4,349.75,1399.0,2027.82
TRX009506,CLI0303,CRT01115,PRD0164,2026-04-16 08:41:10,2,242.9,485.8,12062.19
TRX009507,CLI0422,CRT01511,PRD0071,2026-03-19 21:18:24,4,76.57,306.28,6720.52
TRX009508,CLI0349,CRT00519,PRD0122,2026-04-12 07:24:58,5,224.09,1120.45,4507.13
TRX009509,CLI0181,CRT02995,PRD0081,2026-03-23 17:59:36,1,151.12,151.12,5673.08
TRX009510,CLI0022,CRT00589,PRD0064,2026-05-04 13:30:53,4,237.14,948.56,1328.84
TRX009511,CLI0124,CRT03493,PRD0043,2026-02-13 18:37:25,8,194.99,1559.92,6236.67
TRX009512,CLI0232,CRT00698,PRD0009,2026-03-11 22:40:25,8,297.0,2376.0,6545.639999999999
TRX009513,CLI0330,CRT02544,PRD0032,2026-07-02 13:59:37,10,224.53,2245.3,5280.0
TRX009514,CLI0049,CRT02403,PRD0065,2026-04-11 01:35:23,2,88.06,176.12,1976.4899999999998
TRX009515,CLI0348,CRT02599,PRD0030,2026-04-24 08:30:12,8,153.58,1228.64,1944.14
TRX009516,CLI0329,CRT03032,PRD0010,2026-01-09 21:59:50,1,162.15,162.15,3963.14
TRX009517,CLI0252,CRT01258,PRD0173,2026-01-28 05:14:17,4,330.57,1322.28,2393.08
TRX009518,CLI0365,CRT01151,PRD0129,2026-04-08 14:46:59,8,4.55,36.4,5981.91
TRX009519,CLI0257,CRT03076,PRD0166,2026-05-13 22:09:48,10,124.75,1247.5,5368.95
TRX009520,CLI0413,CRT02665,PRD0078,2026-01-14 11:04:15,4,172.26,689.04,3336.34
TRX009521,CLI0282,CRT00007,PRD0079,2026-05-06 05:35:31,1,98.65,98.65,2498.14
TRX009522,CLI0421,CRT00073,PRD0122,2026-01-15 18:45:37,7,224.09,1568.63,3415.4300000000003
TRX009523,CLI0098,CRT01920,PRD0128,2026-01-29 00:34:42,2,9.29,18.58,4201.72
TRX009524,CLI0357,CRT01320,PRD0054,2026-04-05 20:08:56,9,301.82,2716.38,10432.75
TRX009525,CLI0433,CRT02777,PRD0045,2026-01-24 23:06:28,10,301.22,3012.2000000000003,5658.4
TRX009526,CLI0376,CRT02604,PRD0155,2026-04-09 10:41:57,3,289.44,868.3199999999999,1792.47
TRX009527,CLI0035,CRT03480,PRD0047,2026-01-01 05:34:16,1,327.59,327.59,2345.46
TRX009528,CLI0117,CRT01588,PRD0051,2026-04-15 04:06:30,1,142.41,142.41,8613.39
TRX009529,CLI0214,CRT02079,PRD0082,2026-05-04 20:51:52,5,316.62,1583.1,6517.530000000001
TRX009530,CLI0335,CRT02143,PRD0066,2026-02-12 00:01:11,6,148.18,889.08,1863.23
TRX009531,CLI0050,CRT00012,PRD0200,2026-01-07 07:32:05,9,144.4,1299.6000000000001,4077.2999999999997
TRX009532,CLI0145,CRT01824,PRD0038,2026-03-09 22:18:58,3,231.76,695.28,1519.74
TRX009533,CLI0062,CRT02689,PRD0021,2026-01-30 03:00:31,1,175.98,175.98,3430.7
TRX009534,CLI0172,CRT01989,PRD0072,2026-02-05 04:28:39,8,308.05,2464.4,5190.43
TRX009535,CLI0262,CRT00315,PRD0007,2026-07-20 10:28:21,3,149.36,448.08000000000004,2316.82
TRX009536,CLI0340,CRT00883,PRD0048,2026-06-18 13:06:54,2,275.16,550.32,2042.66
TRX009537,CLI0360,CRT01422,PRD0091,2026-02-23 08:12:28,7,321.66,2251.6200000000003,5300.380000000001
TRX009538,CLI0422,CRT00010,PRD0002,2026-06-19 22:45:31,3,38.12,114.35999999999999,7384.2300000000005
TRX009539,CLI0408,CRT02029,PRD0110,2026-05-19 21:34:20,5,286.9,1434.5,3875.84
TRX009540,CLI0218,CRT02996,PRD0042,2026-05-04 15:04:16,8,88.65,709.2,1482.45
TRX009541,CLI0189,CRT00324,PRD0174,2026-07-13 21:25:20,5,6.76,33.8,6086.860000000001
TRX009542,CLI0079,CRT01988,PRD0084,2026-06-15 13:14:35,3,129.22,387.65999999999997,3950.2300000000005
TRX009543,CLI0264,CRT02595,PRD0059,2026-04-16 06:50:33,5,252.15,1260.75,3243.01
TRX009544,CLI0003,CRT00533,PRD0086,2026-07-25 03:18:59,7,197.06,1379.42,8103.900000000001
TRX009545,CLI0089,CRT00823,PRD0181,2026-05-05 20:58:47,9,318.21,2863.89,7347.469999999999
TRX009546,CLI0317,CRT02400,PRD0118,2026-07-07 15:43:53,5,163.96,819.8000000000001,7199.16
TRX009547,CLI0253,CRT00706,PRD0012,2026-02-25 12:26:55,8,69.32,554.56,3781.13
TRX009548,CLI0220,CRT01599,PRD0096,2026-02-18 02:32:03,4,15.79,63.16,830.62
TRX009549,CLI0152,CRT02911,PRD0052,2026-07-01 09:46:34,3,68.6,205.79999999999998,2970.88
TRX009550,CLI0256,CRT02357,PRD0056,2026-06-18 12:54:46,6,143.73,862.3799999999999,6535.44
TRX009551,CLI0053,CRT03308,PRD0087,2026-01-08 08:09:22,6,302.95,1817.6999999999998,5001.59
TRX009552,CLI0155,CRT02021,PRD0183,2026-01-22 01:20:45,1,74.71,74.71,2498.31
TRX009553,CLI0103,CRT01610,PRD0025,2026-06-02 14:43:10,7,265.13,1855.9099999999999,1855.9099999999999
TRX009554,CLI0217,CRT02508,PRD0149,2026-05-10 22:11:14,6,344.39,2066.34,4162.4400000000005
TRX009555,CLI0098,CRT00157,PRD0017,2026-01-05 00:09:00,3,134.36,403.08000000000004,2870.47
TRX009556,CLI0366,CRT00032,PRD0017,2026-01-09 18:16:51,10,134.36,1343.6000000000001,2775.53
TRX009557,CLI0255,CRT02784,PRD0036,2026-05-12 19:23:03,10,86.2,862.0,862.0
TRX009558,CLI0268,CRT01179,PRD0163,2026-06-06 03:13:12,1,278.04,278.04,5581.72
TRX009559,CLI0432,CRT01902,PRD0009,2026-04-11 01:38:52,6,297.0,1782.0,6472.06
TRX009560,CLI0309,CRT02950,PRD0151,2026-01-26 13:45:28,4,121.08,484.32,2572.65
TRX009561,CLI0151,CRT00288,PRD0146,2026-04-26 04:51:21,7,318.04,2226.28,6921.26
TRX009562,CLI0418,CRT02991,PRD0164,2026-01-18 04:07:12,8,242.9,1943.2,2895.4
TRX009563,CLI0260,CRT03185,PRD0082,2026-03-14 09:44:36,10,316.62,3166.2,3166.2
TRX009564,CLI0310,CRT01489,PRD0063,2026-05-11 02:02:26,2,30.34,60.68,5186.2
TRX009565,CLI0238,CRT03500,PRD0071,2026-04-17 15:28:03,3,76.57,229.70999999999998,439.28
TRX009566,CLI0167,CRT01360,PRD0158,2026-02-28 03:34:13,1,12.47,12.47,3123.84
TRX009567,CLI0162,CRT00143,PRD0143,2026-07-03 06:33:59,8,331.85,2654.8,6128.700000000001
TRX009568,CLI0141,CRT00081,PRD0143,2026-04-05 16:54:06,3,331.85,995.5500000000001,9449.42
TRX009569,CLI0199,CRT02089,PRD0141,2026-03-01 14:23:45,1,13.28,13.28,1162.08
TRX009570,CLI0036,CRT02945,PRD0128,2026-02-06 02:37:23,10,9.29,92.89999999999999,3452.0000000000005
TRX009571,CLI0234,CRT02064,PRD0181,2026-05-02 01:11:13,6,318.21,1909.2599999999998,7752.959999999999
TRX009572,CLI0314,CRT00971,PRD0009,2026-02-10 13:47:14,8,297.0,2376.0,2722.4700000000003
TRX009573,CLI0338,CRT00767,PRD0158,2026-01-18 01:35:37,9,12.47,112.23,6103.45
TRX009574,CLI0253,CRT01521,PRD0061,2026-01-18 21:48:17,10,111.48,1114.8,4261.18
TRX009575,CLI0163,CRT03117,PRD0063,2026-03-29 22:00:15,1,30.34,30.34,8988.16
TRX009576,CLI0261,CRT02531,PRD0121,2026-07-01 17:47:24,4,301.87,1207.48,3356.52
TRX009577,CLI0217,CRT00856,PRD0043,2026-04-04 12:40:53,6,194.99,1169.94,2440.9900000000002
TRX009578,CLI0353,CRT01560,PRD0075,2026-02-28 11:11:35,6,38.5,231.0,602.53
TRX009579,CLI0202,CRT03254,PRD0170,2026-01-27 21:14:59,1,100.84,100.84,433.7
TRX009580,CLI0019,CRT01832,PRD0084,2026-05-01 09:28:28,9,129.22,1162.98,2543.39
TRX009581,CLI0390,CRT00299,PRD0144,2026-04-01 20:28:19,2,213.05,426.1,480.18
TRX009582,CLI0189,CRT00324,PRD0081,2026-07-13 21:25:20,10,151.12,1511.2,6086.860000000001
TRX009583,CLI0079,CRT02115,PRD0021,2026-03-20 14:49:42,10,175.98,1759.8,3780.5699999999997
TRX009584,CLI0308,CRT02261,PRD0045,2026-06-27 12:03:23,7,301.22,2108.54,7316.14
TRX009585,CLI0111,CRT02431,PRD0063,2026-07-02 01:15:14,9,30.34,273.06,3715.64
TRX009586,CLI0285,CRT01155,PRD0150,2026-04-09 13:07:03,5,151.36,756.8000000000001,4211.4800000000005
TRX009587,CLI0402,CRT00496,PRD0154,2026-05-17 18:19:32,5,283.35,1416.75,7158.02
TRX009588,CLI0389,CRT02007,PRD0006,2026-01-10 23:21:18,6,207.27,1243.6200000000001,6159.24
TRX009589,CLI0129,CRT02817,PRD0118,2026-02-27 17:08:15,7,163.96,1147.72,2637.04
TRX009590,CLI0383,CRT00526,PRD0158,2026-02-28 16:15:36,6,12.47,74.82000000000001,1627.02
TRX009591,CLI0160,CRT00064,PRD0097,2026-03-13 17:53:57,8,275.78,2206.24,5564.969999999999
TRX009592,CLI0347,CRT02226,PRD0158,2026-01-15 20:21:43,9,12.47,112.23,112.23
TRX009593,CLI0203,CRT02818,PRD0003,2026-04-06 10:53:47,2,149.12,298.24,688.52
TRX009594,CLI0013,CRT02327,PRD0199,2026-02-15 16:04:52,8,223.09,1784.72,9184.79
TRX009595,CLI0085,CRT00240,PRD0177,2026-01-20 17:54:01,5,221.23,1106.1499999999999,1688.3899999999999
TRX009596,CLI0419,CRT00713,PRD0014,2026-04-08 00:27:33,5,99.1,495.5,495.5
TRX009597,CLI0412,CRT02670,PRD0172,2026-07-11 07:07:24,3,97.82,293.46,5556.82
TRX009598,CLI0394,CRT00973,PRD0163,2026-02-13 12:12:14,1,278.04,278.04,3007.98
TRX009599,CLI0214,CRT01439,PRD0172,2026-06-24 19:42:46,6,97.82,586.92,846.93
TRX009600,CLI0040,CRT01563,PRD0019,2026-01-05 17:37:52,5,13.65,68.25,68.25
TRX009601,CLI0167,CRT01313,PRD0109,2026-01-31 20:58:13,1,181.62,181.62,4354.35
TRX009602,CLI0156,CRT02012,PRD0183,2026-07-04 11:25:16,6,74.71,448.26,2038.46
TRX009603,CLI0344,CRT02091,PRD0112,2026-04-24 10:05:56,2,344.42,688.84,1019.4100000000001
TRX009604,CLI0335,CRT00992,PRD0077,2026-03-31 01:20:13,6,75.69,454.14,1606.03
TRX009605,CLI0163,CRT03117,PRD0183,2026-03-29 22:00:15,6,74.71,448.26,8988.16
TRX009606,CLI0232,CRT00957,PRD0162,2026-01-24 18:13:42,7,195.42,1367.9399999999998,2063.22
TRX009607,CLI0090,CRT01416,PRD0120,2026-06-15 20:20:41,8,291.12,2328.96,3887.6400000000003
TRX009608,CLI0053,CRT01546,PRD0122,2026-02-25 05:37:37,5,224.09,1120.45,4436.5
TRX009609,CLI0086,CRT02507,PRD0155,2026-05-01 16:04:12,1,289.44,289.44,3126.18
TRX009610,CLI0021,CRT00335,PRD0024,2026-02-09 11:44:47,10,78.71,787.0999999999999,4134.48
TRX009611,CLI0243,CRT01927,PRD0183,2026-04-19 00:47:39,3,74.71,224.13,3887.13
TRX009612,CLI0381,CRT00935,PRD0126,2026-06-21 07:23:05,1,146.67,146.67,3338.45
TRX009613,CLI0030,CRT02254,PRD0145,2026-03-02 18:27:47,2,40.06,80.12,5185.009999999999
TRX009614,CLI0207,CRT00057,PRD0008,2026-02-06 22:30:34,7,119.47,836.29,5898.62
TRX009615,CLI0233,CRT00488,PRD0072,2026-06-02 21:30:10,8,308.05,2464.4,2829.07
TRX009616,CLI0407,CRT02695,PRD0025,2026-06-01 06:35:36,6,265.13,1590.78,5568.49
TRX009617,CLI0338,CRT03186,PRD0019,2026-03-09 11:11:31,10,13.65,136.5,6424.13
TRX009618,CLI0210,CRT02411,PRD0163,2026-04-26 06:00:05,10,278.04,2780.4,5037.4
TRX009619,CLI0003,CRT00533,PRD0163,2026-07-25 03:18:59,4,278.04,1112.16,8103.900000000001
TRX009620,CLI0088,CRT00483,PRD0045,2026-02-26 14:57:20,1,301.22,301.22,444.86
TRX009621,CLI0411,CRT00779,PRD0186,2026-06-13 02:12:36,1,13.84,13.84,109.60000000000001
TRX009622,CLI0388,CRT01564,PRD0083,2026-04-21 01:32:52,2,194.5,389.0,6546.029999999999
TRX009623,CLI0321,CRT03229,PRD0088,2026-01-20 07:39:23,4,64.83,259.32,4893.34
TRX009624,CLI0371,CRT01012,PRD0101,2026-06-26 22:01:09,5,26.82,134.1,720.02
TRX009625,CLI0136,CRT00004,PRD0159,2026-06-19 10:14:59,2,125.8,251.6,503.52
TRX009626,CLI0331,CRT03364,PRD0099,2026-03-05 04:02:39,5,248.8,1244.0,4300.39
TRX009627,CLI0184,CRT01369,PRD0097,2026-03-11 07:21:44,1,275.78,275.78,2153.14
TRX009628,CLI0199,CRT00118,PRD0108,2026-07-08 01:17:09,6,166.93,1001.58,4192.5
TRX009629,CLI0329,CRT01214,PRD0129,2026-03-09 04:13:23,9,4.55,40.949999999999996,5648.86
TRX009630,CLI0359,CRT03106,PRD0123,2026-05-24 00:17:21,1,85.64,85.64,3972.6
TRX009631,CLI0244,CRT01740,PRD0030,2026-07-03 13:23:20,7,153.58,1075.0600000000002,4795.5
TRX009632,CLI0210,CRT02411,PRD0171,2026-04-26 06:00:05,8,127.91,1023.28,5037.4
TRX009633,CLI0284,CRT03167,PRD0142,2026-06-02 05:55:19,1,55.45,55.45,4429.93
TRX009634,CLI0017,CRT01637,PRD0151,2026-02-15 20:16:03,10,121.08,1210.8,2247.06
TRX009635,CLI0133,CRT02764,PRD0190,2026-01-03 18:41:54,2,23.22,46.44,594.22
TRX009636,CLI0092,CRT01255,PRD0170,2026-04-23 02:31:36,5,100.84,504.20000000000005,4278.37
TRX009637,CLI0397,CRT03399,PRD0182,2026-06-19 21:41:25,5,200.1,1000.5,3107.7799999999997
TRX009638,CLI0216,CRT01441,PRD0191,2026-04-24 23:28:20,7,288.92,2022.44,6622.2300000000005
TRX009639,CLI0209,CRT00560,PRD0170,2026-05-10 03:52:34,6,100.84,605.04,1447.62
TRX009640,CLI0370,CRT03257,PRD0198,2026-05-05 15:46:55,5,156.17,780.8499999999999,2622.7799999999997
TRX009641,CLI0249,CRT01206,PRD0004,2026-02-16 19:12:05,9,178.11,1602.9900000000002,1602.9900000000002
TRX009642,CLI0070,CRT01591,PRD0184,2026-05-07 13:09:09,5,85.85,429.25,3731.65
TRX009643,CLI0294,CRT00030,PRD0141,2026-03-02 17:20:24,1,13.28,13.28,3434.52
TRX009644,CLI0344,CRT00306,PRD0121,2026-01-15 07:16:41,1,301.87,301.87,2884.7200000000003
TRX009645,CLI0430,CRT02170,PRD0017,2026-07-16 00:18:25,1,134.36,134.36,859.04
TRX009646,CLI0074,CRT03474,PRD0193,2026-05-24 18:02:00,1,190.14,190.14,1673.25
TRX009647,CLI0342,CRT01961,PRD0045,2026-05-04 04:42:00,5,301.22,1506.1000000000001,7456.82
TRX009648,CLI0036,CRT00489,PRD0163,2026-02-28 13:46:12,1,278.04,278.04,5182.93
TRX009649,CLI0109,CRT02455,PRD0015,2026-04-28 08:00:48,1,125.96,125.96,3763.45
TRX009650,CLI0162,CRT00376,PRD0039,2026-01-05 14:10:52,5,305.67,1528.3500000000001,5017.05
TRX009651,CLI0170,CRT00407,PRD0116,2026-04-02 04:40:05,7,281.93,1973.51,4013.67
TRX009652,CLI0076,CRT01466,PRD0033,2026-04-06 16:19:36,5,267.47,1337.3500000000001,10066.05
TRX009653,CLI0194,CRT00244,PRD0027,2026-04-14 08:33:21,6,209.57,1257.42,1458.17
TRX009654,CLI0069,CRT00619,PRD0113,2026-06-11 18:49:25,5,310.43,1552.15,5024.93
TRX009655,CLI0304,CRT02211,PRD0189,2026-07-24 22:48:10,10,80.62,806.2,4781.82
TRX009656,CLI0028,CRT01146,PRD0155,2026-01-01 20:23:24,8,289.44,2315.52,6902.13
TRX009657,CLI0137,CRT01976,PRD0054,2026-02-08 18:45:52,7,301.82,2112.74,7092.639999999999
TRX009658,CLI0034,CRT01005,PRD0134,2026-03-16 17:08:30,9,343.3,3089.7000000000003,5545.29
TRX009659,CLI0329,CRT03032,PRD0189,2026-01-09 21:59:50,4,80.62,322.48,3963.14
TRX009660,CLI0043,CRT01392,PRD0166,2026-05-23 00:27:08,5,124.75,623.75,4873.389999999999
TRX009661,CLI0046,CRT03092,PRD0096,2026-01-19 06:31:26,9,15.79,142.10999999999999,4452.33
TRX009662,CLI0376,CRT00213,PRD0136,2026-01-24 13:34:00,8,303.73,2429.84,6738.740000000001
TRX009663,CLI0311,CRT02106,PRD0188,2026-03-24 14:37:44,6,281.86,1691.16,5319.370000000001
TRX009664,CLI0338,CRT00767,PRD0095,2026-01-18 01:35:37,3,42.58,127.74,6103.45
TRX009665,CLI0119,CRT00926,PRD0073,2026-03-01 00:56:58,6,292.23,1753.38,2273.76
TRX009666,CLI0150,CRT01430,PRD0112,2026-04-26 22:36:29,7,344.42,2410.94,6623.37
TRX009667,CLI0369,CRT00189,PRD0078,2026-06-08 04:17:11,1,172.26,172.26,2715.89
TRX009668,CLI0120,CRT00448,PRD0144,2026-01-11 07:31:42,5,213.05,1065.25,4355.69
TRX009669,CLI0203,CRT00849,PRD0051,2026-06-16 20:48:05,9,142.41,1281.69,3315.96
TRX009670,CLI0190,CRT00502,PRD0002,2026-01-12 19:17:24,10,38.12,381.2,4185.04
TRX009671,CLI0268,CRT00304,PRD0080,2026-01-28 00:55:12,10,342.98,3429.8,3668.6400000000003
TRX009672,CLI0262,CRT00315,PRD0014,2026-07-20 10:28:21,3,99.1,297.29999999999995,2316.82
TRX009673,CLI0334,CRT03077,PRD0184,2026-05-14 12:25:49,5,85.85,429.25,571.36
TRX009674,CLI0228,CRT03176,PRD0190,2026-05-09 21:09:43,7,23.22,162.54,2975.1600000000003
TRX009675,CLI0053,CRT00702,PRD0037,2026-03-14 09:48:03,7,171.38,1199.6599999999999,5118.71
TRX009676,CLI0059,CRT03165,PRD0083,2026-02-15 16:42:18,3,194.5,583.5,2243.26
TRX009677,CLI0079,CRT01988,PRD0196,2026-06-15 13:14:35,6,349.85,2099.1000000000004,3950.2300000000005
TRX009678,CLI0236,CRT03466,PRD0027,2026-01-14 03:04:56,8,209.57,1676.56,3561.8199999999997
TRX009679,CLI0433,CRT02196,PRD0007,2026-04-15 09:58:38,7,149.36,1045.52,6439.55
TRX009680,CLI0165,CRT00241,PRD0046,2026-03-03 12:02:51,1,234.97,234.97,5460.75
TRX009681,CLI0288,CRT00314,PRD0012,2026-04-10 08:39:02,2,69.32,138.64,2594.26
TRX009682,CLI0204,CRT00103,PRD0078,2026-05-30 03:43:30,4,172.26,689.04,5573.01
TRX009683,CLI0220,CRT03166,PRD0200,2026-04-06 06:26:26,9,144.4,1299.6000000000001,6177.139999999999
TRX009684,CLI0418,CRT03313,PRD0075,2026-05-18 00:10:47,1,38.5,38.5,38.5
TRX009685,CLI0326,CRT02504,PRD0015,2026-02-21 09:53:53,8,125.96,1007.68,1889.21
TRX009686,CLI0428,CRT00041,PRD0064,2026-06-02 09:23:21,10,237.14,2371.3999999999996,6065.48
TRX009687,CLI0121,CRT02574,PRD0135,2026-05-03 17:39:55,6,198.63,1191.78,2362.13
TRX009688,CLI0133,CRT01524,PRD0034,2026-06-10 17:19:55,2,115.14,230.28,7445.09
TRX009689,CLI0316,CRT01138,PRD0024,2026-05-28 16:16:50,2,78.71,157.42,2617.3
TRX009690,CLI0076,CRT03346,PRD0087,2026-04-29 03:54:07,9,302.95,2726.5499999999997,7622.78
TRX009691,CLI0402,CRT02702,PRD0167,2026-05-16 17:47:16,2,82.61,165.22,3478.1099999999997
TRX009692,CLI0087,CRT02557,PRD0013,2026-05-06 00:03:26,3,103.06,309.18,1398.9
TRX009693,CLI0056,CRT03408,PRD0017,2026-03-12 22:49:27,2,134.36,268.72,617.5
TRX009694,CLI0124,CRT00905,PRD0025,2026-05-27 05:33:41,7,265.13,1855.9099999999999,8695.25
TRX009695,CLI0424,CRT01337,PRD0146,2026-07-20 10:57:58,6,318.04,1908.2400000000002,3925.4400000000005
TRX009696,CLI0157,CRT00162,PRD0173,2026-02-12 02:22:37,3,330.57,991.71,3860.83
TRX009697,CLI0162,CRT03064,PRD0143,2026-07-12 14:13:22,6,331.85,1991.1000000000001,2550.0
TRX009698,CLI0273,CRT02293,PRD0156,2026-04-07 13:37:34,1,87.81,87.81,329.07
TRX009699,CLI0091,CRT03129,PRD0175,2026-01-22 05:09:37,9,120.9,1088.1000000000001,5541.51
TRX009700,CLI0008,CRT03425,PRD0123,2026-04-27 01:29:27,2,85.64,171.28,2520.81
TRX009701,CLI0277,CRT01467,PRD0122,2026-02-11 19:25:45,6,224.09,1344.54,6101.51
TRX009702,CLI0057,CRT00766,PRD0045,2026-01-25 19:02:56,10,301.22,3012.2000000000003,3534.1000000000004
TRX009703,CLI0018,CRT02220,PRD0012,2026-04-07 11:24:22,6,69.32,415.91999999999996,4484.67
TRX009704,CLI0061,CRT01340,PRD0065,2026-05-16 03:29:01,10,88.06,880.6,6054.54
TRX009705,CLI0172,CRT03383,PRD0117,2026-01-06 06:27:47,1,196.2,196.2,4094.71
TRX009706,CLI0323,CRT00375,PRD0150,2026-04-14 15:45:57,5,151.36,756.8000000000001,2684.2200000000003
TRX009707,CLI0075,CRT00309,PRD0154,2026-01-16 10:44:44,4,283.35,1133.4,5831.51
TRX009708,CLI0419,CRT00829,PRD0117,2026-04-22 15:09:54,2,196.2,392.4,3278.64
TRX009709,CLI0332,CRT01281,PRD0184,2026-02-21 06:25:49,6,85.85,515.0999999999999,2218.88
TRX009710,CLI0247,CRT02518,PRD0012,2026-01-19 12:07:57,1,69.32,69.32,2618.32
TRX009711,CLI0188,CRT02795,PRD0158,2026-02-04 18:42:09,8,12.47,99.76,2601.6299999999997
TRX009712,CLI0306,CRT03441,PRD0045,2026-03-21 06:18:35,2,301.22,602.44,602.44
TRX009713,CLI0148,CRT03375,PRD0159,2026-07-07 00:06:47,8,125.8,1006.4,6787.18
TRX009714,CLI0180,CRT01082,PRD0164,2026-05-21 11:35:44,5,242.9,1214.5,1214.5
TRX009715,CLI0104,CRT02959,PRD0069,2026-02-05 17:29:30,2,112.37,224.74,2515.91
TRX009716,CLI0071,CRT00909,PRD0087,2026-05-29 19:42:36,7,302.95,2120.65,11510.77
TRX009717,CLI0182,CRT01225,PRD0132,2026-04-21 22:13:37,5,153.95,769.75,3790.67
TRX009718,CLI0331,CRT03364,PRD0101,2026-03-05 04:02:39,8,26.82,214.56,4300.39
TRX009719,CLI0154,CRT00291,PRD0122,2026-06-29 19:56:42,8,224.09,1792.72,2019.3
TRX009720,CLI0342,CRT03498,PRD0170,2026-03-12 14:14:33,7,100.84,705.88,4475.99
TRX009721,CLI0351,CRT01872,PRD0022,2026-06-04 04:46:48,4,51.02,204.08,2849.8500000000004
TRX009722,CLI0347,CRT00572,PRD0005,2026-06-29 08:22:17,2,228.33,456.66,9772.52
TRX009723,CLI0037,CRT01113,PRD0117,2026-07-22 10:59:59,1,196.2,196.2,196.2
TRX009724,CLI0371,CRT00356,PRD0078,2026-03-14 00:53:58,4,172.26,689.04,2624.26
TRX009725,CLI0189,CRT02378,PRD0022,2026-05-13 00:24:07,3,51.02,153.06,2548.26
TRX009726,CLI0368,CRT02892,PRD0153,2026-01-31 15:52:43,4,63.71,254.84,3498.14
TRX009727,CLI0071,CRT02339,PRD0173,2026-07-12 19:46:28,2,330.57,661.14,3984.79
TRX009728,CLI0208,CRT00642,PRD0010,2026-01-19 02:52:49,10,162.15,1621.5,1798.8
TRX009729,CLI0093,CRT01586,PRD0058,2026-04-01 13:49:16,8,275.33,2202.64,3580.3199999999997
TRX009730,CLI0042,CRT00014,PRD0007,2026-05-02 04:12:19,7,149.36,1045.52,3469.12
TRX009731,CLI0144,CRT01372,PRD0033,2026-02-04 04:02:43,8,267.47,2139.76,5502.2300000000005
TRX009732,CLI0341,CRT01465,PRD0014,2026-03-23 12:31:08,1,99.1,99.1,785.75
TRX009733,CLI0257,CRT02833,PRD0151,2026-07-05 14:09:27,3,121.08,363.24,3685.8599999999997
TRX009734,CLI0075,CRT03273,PRD0169,2026-07-19 11:26:55,6,259.17,1555.02,5755.51
TRX009735,CLI0291,CRT03262,PRD0159,2026-04-01 13:36:55,5,125.8,629.0,3453.33
TRX009736,CLI0162,CRT02742,PRD0002,2026-07-21 15:47:16,7,38.12,266.84,7306.88
TRX009737,CLI0250,CRT03335,PRD0025,2026-01-27 12:23:43,2,265.13,530.26,2266.81
TRX009738,CLI0218,CRT02996,PRD0158,2026-05-04 15:04:16,7,12.47,87.29,1482.45
TRX009739,CLI0047,CRT00967,PRD0156,2026-01-30 16:21:43,9,87.81,790.29,2959.85
TRX009740,CLI0101,CRT00269,PRD0189,2026-02-18 04:23:46,5,80.62,403.1,4397.68
TRX009741,CLI0112,CRT03244,PRD0178,2026-01-08 11:55:31,5,198.09,990.45,4233.45
TRX009742,CLI0230,CRT03078,PRD0154,2026-07-21 04:46:36,5,283.35,1416.75,1790.3
TRX009743,CLI0133,CRT03094,PRD0051,2026-05-02 09:19:17,7,142.41,996.87,1903.5900000000001
TRX009744,CLI0189,CRT01431,PRD0150,2026-07-24 02:23:21,10,151.36,1513.6000000000001,5587.38
TRX009745,CLI0003,CRT01911,PRD0162,2026-04-12 04:14:53,7,195.42,1367.9399999999998,6046.98
TRX009746,CLI0008,CRT01788,PRD0168,2026-07-03 19:08:42,5,260.65,1303.25,3958.85
TRX009747,CLI0007,CRT02956,PRD0176,2026-07-22 00:20:31,6,288.19,1729.1399999999999,1729.1399999999999
TRX009748,CLI0065,CRT02766,PRD0141,2026-02-06 13:47:30,9,13.28,119.52,453.96
TRX009749,CLI0104,CRT01028,PRD0139,2026-06-26 10:15:13,10,30.96,309.6,3406.8700000000003
TRX009750,CLI0231,CRT01635,PRD0100,2026-03-22 13:42:07,3,252.5,757.5,2060.75
TRX009751,CLI0375,CRT00282,PRD0021,2026-02-02 03:46:13,5,175.98,879.9,5594.08
TRX009752,CLI0003,CRT00559,PRD0008,2026-03-08 06:22:22,5,119.47,597.35,3026.2000000000003
TRX009753,CLI0088,CRT00211,PRD0155,2026-03-26 13:01:01,2,289.44,578.88,1685.0299999999997
TRX009754,CLI0167,CRT00727,PRD0169,2026-01-04 06:05:36,9,259.17,2332.53,3778.1400000000003
TRX009755,CLI0177,CRT00053,PRD0055,2026-04-16 09:37:00,4,349.75,1399.0,4585.22
TRX009756,CLI0172,CRT01445,PRD0113,2026-04-16 21:04:11,3,310.43,931.29,5637.83
TRX009757,CLI0130,CRT03265,PRD0053,2026-05-31 14:55:14,9,99.29,893.61,3410.18
TRX009758,CLI0083,CRT02822,PRD0114,2026-02-05 12:52:45,2,141.38,282.76,2352.05
TRX009759,CLI0248,CRT01062,PRD0071,2026-07-07 19:03:52,2,76.57,153.14,6774.39
TRX009760,CLI0055,CRT01980,PRD0165,2026-07-20 22:13:48,4,194.83,779.32,6282.099999999999
TRX009761,CLI0160,CRT03477,PRD0003,2026-07-04 00:14:05,8,149.12,1192.96,1940.82
TRX009762,CLI0056,CRT03408,PRD0137,2026-03-12 22:49:27,3,116.26,348.78000000000003,617.5
TRX009763,CLI0340,CRT00440,PRD0170,2026-03-03 22:21:22,5,100.84,504.20000000000005,1883.1
TRX009764,CLI0417,CRT01097,PRD0067,2026-07-25 17:02:57,5,327.31,1636.55,3350.35
TRX009765,CLI0226,CRT00952,PRD0182,2026-04-12 11:05:18,8,200.1,1600.8,5153.07
TRX009766,CLI0128,CRT00734,PRD0101,2026-02-10 18:12:05,10,26.82,268.2,1113.78
TRX009767,CLI0426,CRT00188,PRD0083,2026-01-27 18:37:34,3,194.5,583.5,3168.9
TRX009768,CLI0297,CRT02542,PRD0027,2026-06-19 05:52:38,10,209.57,2095.7,8403.119999999999
TRX009769,CLI0257,CRT03076,PRD0189,2026-05-13 22:09:48,8,80.62,644.96,5368.95
TRX009770,CLI0203,CRT02639,PRD0053,2026-01-03 19:35:55,6,99.29,595.74,1491.9
TRX009771,CLI0354,CRT01917,PRD0080,2026-06-22 14:22:53,10,342.98,3429.8,6558.6
TRX009772,CLI0136,CRT03317,PRD0119,2026-03-26 22:18:34,2,332.64,665.28,665.28
TRX009773,CLI0052,CRT00528,PRD0045,2026-02-24 18:30:29,5,301.22,1506.1000000000001,5486.58
TRX009774,CLI0385,CRT01177,PRD0124,2026-07-19 10:10:24,5,96.92,484.6,7921.7
TRX009775,CLI0006,CRT02231,PRD0110,2026-04-27 13:58:41,9,286.9,2582.1,6952.62
TRX009776,CLI0023,CRT02953,PRD0167,2026-02-03 09:02:30,10,82.61,826.1,5999.150000000001
TRX009777,CLI0315,CRT02117,PRD0115,2026-03-25 06:36:24,5,301.5,1507.5,8560.28
TRX009778,CLI0294,CRT02630,PRD0009,2026-04-05 04:38:20,1,297.0,297.0,2289.6099999999997
TRX009779,CLI0410,CRT00573,PRD0052,2026-03-22 15:00:57,1,68.6,68.6,1037.8
TRX009780,CLI0285,CRT00899,PRD0122,2026-03-13 08:12:47,10,224.09,2240.9,2240.9
TRX009781,CLI0409,CRT02750,PRD0055,2026-02-27 09:57:47,5,349.75,1748.75,6621.69
TRX009782,CLI0382,CRT00061,PRD0062,2026-05-02 09:46:43,7,321.99,2253.9300000000003,5461.59
TRX009783,CLI0383,CRT01399,PRD0134,2026-05-30 00:53:19,6,343.3,2059.8,5908.56
TRX009784,CLI0344,CRT02419,PRD0132,2026-07-11 16:54:09,9,153.95,1385.55,3374.38
TRX009785,CLI0202,CRT02804,PRD0059,2026-02-25 11:05:53,5,252.15,1260.75,1260.75
TRX009786,CLI0241,CRT02250,PRD0072,2026-03-21 21:57:59,7,308.05,2156.35,4977.79
TRX009787,CLI0147,CRT00308,PRD0186,2026-06-24 09:07:21,4,13.84,55.36,55.36
TRX009788,CLI0242,CRT00434,PRD0200,2026-06-17 05:24:41,10,144.4,1444.0,5003.32
TRX009789,CLI0301,CRT02348,PRD0089,2026-07-21 20:07:12,3,57.82,173.46,173.46
TRX009790,CLI0031,CRT02144,PRD0087,2026-05-04 09:57:02,5,302.95,1514.75,4533.45
TRX009791,CLI0021,CRT02710,PRD0064,2026-02-02 20:56:17,9,237.14,2134.2599999999998,2722.8599999999997
TRX009792,CLI0337,CRT01914,PRD0039,2026-07-10 21:54:50,9,305.67,2751.03,9751.08
TRX009793,CLI0375,CRT00282,PRD0153,2026-02-02 03:46:13,8,63.71,509.68,5594.08
TRX009794,CLI0210,CRT00514,PRD0107,2026-04-03 03:52:50,9,114.48,1030.32,1030.32
TRX009795,CLI0105,CRT00872,PRD0091,2026-05-20 19:03:05,1,321.66,321.66,7360.26
TRX009796,CLI0274,CRT03001,PRD0151,2026-05-07 19:23:12,8,121.08,968.64,4280.65
TRX009797,CLI0156,CRT01502,PRD0121,2026-05-02 19:07:32,4,301.87,1207.48,2253.82
TRX009798,CLI0328,CRT01074,PRD0176,2026-02-23 11:40:58,8,288.19,2305.52,5684.84
TRX009799,CLI0380,CRT01181,PRD0162,2026-06-19 02:50:34,7,195.42,1367.9399999999998,11144.84
TRX009800,CLI0207,CRT02054,PRD0040,2026-05-31 20:21:05,8,256.15,2049.2,5797.610000000001
TRX009801,CLI0169,CRT01007,PRD0020,2026-05-15 15:03:52,7,75.82,530.74,1499.38
TRX009802,CLI0048,CRT03061,PRD0188,2026-03-21 00:18:31,5,281.86,1409.3000000000002,1409.3000000000002
TRX009803,CLI0358,CRT01760,PRD0194,2026-03-08 18:26:06,10,311.57,3115.7,5197.219999999999
TRX009804,CLI0430,CRT00626,PRD0100,2026-06-11 03:30:22,8,252.5,2020.0,4643.84
TRX009805,CLI0211,CRT00227,PRD0105,2026-04-23 01:40:25,4,200.26,801.04,6575.63
TRX009806,CLI0121,CRT01809,PRD0127,2026-05-01 12:53:59,8,24.14,193.12,5942.62
TRX009807,CLI0207,CRT02054,PRD0025,2026-05-31 20:21:05,9,265.13,2386.17,5797.610000000001
TRX009808,CLI0235,CRT01470,PRD0198,2026-03-23 05:40:54,1,156.17,156.17,7832.56
TRX009809,CLI0259,CRT00082,PRD0135,2026-04-12 23:08:04,6,198.63,1191.78,1207.74
TRX009810,CLI0071,CRT01419,PRD0076,2026-03-27 08:41:18,4,260.49,1041.96,4626.15
TRX009811,CLI0071,CRT00909,PRD0104,2026-05-29 19:42:36,5,46.73,233.64999999999998,11510.77
TRX009812,CLI0021,CRT02710,PRD0117,2026-02-02 20:56:17,3,196.2,588.5999999999999,2722.8599999999997
TRX009813,CLI0205,CRT01216,PRD0003,2026-05-02 10:58:20,6,149.12,894.72,4419.89
TRX009814,CLI0179,CRT00345,PRD0194,2026-02-26 07:46:04,2,311.57,623.14,3414.4900000000002
TRX009815,CLI0021,CRT00353,PRD0193,2026-06-24 11:41:05,10,190.14,1901.3999999999999,2055.7599999999998
TRX009816,CLI0003,CRT00154,PRD0078,2026-01-10 19:26:03,2,172.26,344.52,5427.589999999999
TRX009817,CLI0283,CRT00319,PRD0122,2026-01-14 00:28:19,9,224.09,2016.81,3936.19
TRX009818,CLI0219,CRT02854,PRD0090,2026-01-05 22:26:41,8,15.96,127.68,4473.66
TRX009819,CLI0077,CRT01299,PRD0078,2026-07-09 21:05:36,2,172.26,344.52,8133.150000000001
TRX009820,CLI0367,CRT00687,PRD0025,2026-07-08 23:31:11,7,265.13,1855.9099999999999,5358.27
TRX009821,CLI0224,CRT02625,PRD0079,2026-07-26 08:29:47,3,98.65,295.95000000000005,4957.65
TRX009822,CLI0151,CRT00288,PRD0028,2026-04-26 04:51:21,9,301.62,2714.58,6921.26
TRX009823,CLI0297,CRT02542,PRD0144,2026-06-19 05:52:38,10,213.05,2130.5,8403.119999999999
TRX009824,CLI0058,CRT00865,PRD0080,2026-07-09 01:59:08,8,342.98,2743.84,4985.530000000001
TRX009825,CLI0204,CRT00103,PRD0002,2026-05-30 03:43:30,5,38.12,190.6,5573.01
TRX009826,CLI0105,CRT02479,PRD0038,2026-06-14 01:22:48,8,231.76,1854.08,4484.01
TRX009827,CLI0354,CRT00179,PRD0120,2026-01-30 15:10:27,7,291.12,2037.8400000000001,5553.4
TRX009828,CLI0217,CRT02140,PRD0026,2026-05-23 16:26:50,8,238.97,1911.76,3556.8
TRX009829,CLI0181,CRT03329,PRD0162,2026-05-23 08:49:28,7,195.42,1367.9399999999998,3518.67
TRX009830,CLI0270,CRT01484,PRD0081,2026-02-26 10:07:08,7,151.12,1057.8400000000001,2414.46
TRX009831,CLI0039,CRT02884,PRD0110,2026-05-20 22:32:14,7,286.9,2008.2999999999997,5045.110000000001
TRX009832,CLI0114,CRT00840,PRD0184,2026-04-21 10:33:02,1,85.85,85.85,85.85
TRX009833,CLI0247,CRT00498,PRD0200,2026-06-18 04:44:42,10,144.4,1444.0,2399.76
TRX009834,CLI0121,CRT02498,PRD0136,2026-05-10 02:50:45,2,303.73,607.46,2819.76
TRX009835,CLI0334,CRT02247,PRD0097,2026-07-13 13:01:30,10,275.78,2757.7999999999997,7096.43
TRX009836,CLI0161,CRT01769,PRD0010,2026-05-28 02:59:38,2,162.15,324.3,581.8499999999999
TRX009837,CLI0139,CRT00186,PRD0080,2026-06-09 22:03:01,10,342.98,3429.8,5905.620000000001
TRX009838,CLI0238,CRT00205,PRD0076,2026-01-13 03:38:02,4,260.49,1041.96,1890.1399999999999
TRX009839,CLI0347,CRT00572,PRD0168,2026-06-29 08:22:17,6,260.65,1563.8999999999999,9772.52
TRX009840,CLI0198,CRT03499,PRD0150,2026-06-28 03:54:28,3,151.36,454.08000000000004,2768.0699999999997
TRX009841,CLI0253,CRT00706,PRD0165,2026-02-25 12:26:55,7,194.83,1363.8100000000002,3781.13
TRX009842,CLI0244,CRT02082,PRD0060,2026-07-04 22:03:11,5,339.13,1695.65,1695.65
TRX009843,CLI0060,CRT01928,PRD0032,2026-02-12 05:32:58,3,224.53,673.59,9269.33
TRX009844,CLI0073,CRT02073,PRD0180,2026-07-20 21:28:03,6,217.4,1304.4,1304.4
TRX009845,CLI0348,CRT02116,PRD0165,2026-02-13 02:08:41,10,194.83,1948.3000000000002,3872.9700000000003
TRX009846,CLI0221,CRT03353,PRD0100,2026-02-24 05:29:02,10,252.5,2525.0,5906.83
TRX009847,CLI0355,CRT00281,PRD0027,2026-05-29 06:19:20,4,209.57,838.28,2933.88
TRX009848,CLI0216,CRT02827,PRD0018,2026-07-10 12:03:32,2,115.19,230.38,2396.14
TRX009849,CLI0207,CRT00114,PRD0188,2026-06-19 11:38:08,8,281.86,2254.88,6052.77
TRX009850,CLI0301,CRT00047,PRD0065,2026-05-14 15:16:37,7,88.06,616.4200000000001,1497.02
TRX009851,CLI0285,CRT01043,PRD0055,2026-05-18 00:40:53,10,349.75,3497.5,6300.06
TRX009852,CLI0146,CRT03279,PRD0193,2026-06-04 07:43:30,8,190.14,1521.12,1561.6799999999998
TRX009853,CLI0102,CRT02847,PRD0069,2026-05-02 03:45:08,1,112.37,112.37,8043.56
TRX009854,CLI0244,CRT00843,PRD0069,2026-05-27 01:47:43,9,112.37,1011.33,6092.25
TRX009855,CLI0115,CRT02626,PRD0149,2026-03-08 04:12:43,6,344.39,2066.34,4585.92
TRX009856,CLI0350,CRT01738,PRD0167,2026-03-05 10:06:43,7,82.61,578.27,2914.74
TRX009857,CLI0185,CRT00347,PRD0001,2026-03-17 07:57:12,8,260.19,2081.52,2146.55
TRX009858,CLI0323,CRT02880,PRD0065,2026-07-10 21:54:43,6,88.06,528.36,1962.1799999999998
TRX009859,CLI0296,CRT02667,PRD0168,2026-02-05 16:05:18,10,260.65,2606.5,2606.5
TRX009860,CLI0366,CRT01942,PRD0168,2026-01-16 19:14:06,2,260.65,521.3,1420.3899999999999
TRX009861,CLI0160,CRT00160,PRD0062,2026-02-03 03:44:22,1,321.99,321.99,6748.5
TRX009862,CLI0194,CRT02623,PRD0079,2026-07-03 13:53:43,6,98.65,591.9000000000001,3245.7200000000003
TRX009863,CLI0250,CRT03097,PRD0013,2026-01-11 13:14:01,7,103.06,721.4200000000001,6943.9400000000005
TRX009864,CLI0435,CRT02652,PRD0036,2026-07-07 08:11:40,4,86.2,344.8,1801.73
TRX009865,CLI0391,CRT03095,PRD0073,2026-04-24 23:40:35,10,292.23,2922.3,2922.3
TRX009866,CLI0100,CRT00545,PRD0170,2026-01-09 21:49:39,7,100.84,705.88,5921.43
TRX009867,CLI0014,CRT03457,PRD0068,2026-07-16 15:19:30,8,140.04,1120.32,2800.5
TRX009868,CLI0327,CRT01242,PRD0031,2026-02-01 04:22:05,1,267.28,267.28,2870.76
TRX009869,CLI0326,CRT02504,PRD0126,2026-02-21 09:53:53,5,146.67,733.3499999999999,1889.21
TRX009870,CLI0156,CRT03423,PRD0182,2026-05-05 10:29:42,5,200.1,1000.5,1712.55
TRX009871,CLI0055,CRT03468,PRD0180,2026-03-27 21:38:21,8,217.4,1739.2,6747.700000000001
TRX009872,CLI0210,CRT02527,PRD0067,2026-01-10 04:31:55,8,327.31,2618.48,5243.29
TRX009873,CLI0124,CRT00905,PRD0154,2026-05-27 05:33:41,8,283.35,2266.8,8695.25
TRX009874,CLI0294,CRT02037,PRD0038,2026-07-08 00:11:23,2,231.76,463.52,503.58
TRX009875,CLI0313,CRT00998,PRD0024,2026-06-19 21:39:43,5,78.71,393.54999999999995,6712.32
TRX009876,CLI0034,CRT03424,PRD0055,2026-07-24 10:43:50,1,349.75,349.75,1555.75
TRX009877,CLI0221,CRT01634,PRD0184,2026-01-31 13:58:03,6,85.85,515.0999999999999,2033.75
TRX009878,CLI0224,CRT01834,PRD0004,2026-01-30 18:01:08,8,178.11,1424.88,7147.33
TRX009879,CLI0284,CRT03036,PRD0123,2026-07-02 09:23:43,8,85.64,685.12,770.97
TRX009880,CLI0040,CRT03225,PRD0166,2026-05-07 13:09:29,1,124.75,124.75,2851.2999999999997
TRX009881,CLI0143,CRT02201,PRD0046,2026-04-18 19:23:04,3,234.97,704.91,1482.9099999999999
TRX009882,CLI0202,CRT00270,PRD0133,2026-02-25 16:38:25,6,238.5,1431.0,1765.6399999999999
TRX009883,CLI0204,CRT03354,PRD0049,2026-05-09 15:41:12,1,36.18,36.18,725.3099999999998
TRX009884,CLI0243,CRT01193,PRD0026,2026-05-29 06:09:21,2,238.97,477.94,5101.74
TRX009885,CLI0351,CRT01182,PRD0144,2026-06-12 19:37:53,6,213.05,1278.3000000000002,6454.070000000001
TRX009886,CLI0112,CRT00580,PRD0025,2026-05-27 09:47:48,6,265.13,1590.78,6761.61
TRX009887,CLI0365,CRT00418,PRD0121,2026-07-09 23:19:55,5,301.87,1509.35,3825.4599999999996
TRX009888,CLI0014,CRT01654,PRD0177,2026-07-15 22:45:40,5,221.23,1106.1499999999999,3988.8999999999996
TRX009889,CLI0121,CRT00583,PRD0185,2026-07-08 08:48:46,10,144.46,1444.6000000000001,6640.04
TRX009890,CLI0202,CRT01850,PRD0116,2026-04-06 21:29:36,5,281.93,1409.65,6018.05
TRX009891,CLI0284,CRT03036,PRD0184,2026-07-02 09:23:43,1,85.85,85.85,770.97
TRX009892,CLI0246,CRT01553,PRD0178,2026-03-31 11:20:38,10,198.09,1980.9,3214.34
TRX009893,CLI0017,CRT02607,PRD0046,2026-02-02 18:07:44,10,234.97,2349.7,4678.12
TRX009894,CLI0303,CRT01651,PRD0022,2026-01-12 04:40:03,9,51.02,459.18,1733.0
TRX009895,CLI0303,CRT02728,PRD0163,2026-04-02 10:05:58,6,278.04,1668.2400000000002,7090.14
TRX009896,CLI0330,CRT02096,PRD0182,2026-05-24 03:06:01,8,200.1,1600.8,4333.27
TRX009897,CLI0353,CRT00197,PRD0129,2026-05-04 12:02:12,6,4.55,27.299999999999997,1390.65
TRX009898,CLI0360,CRT00794,PRD0016,2026-06-20 15:32:57,3,223.15,669.45,4351.71
TRX009899,CLI0285,CRT00392,PRD0173,2026-02-06 04:29:12,6,330.57,1983.42,4932.9
TRX009900,CLI0076,CRT01455,PRD0162,2026-04-01 10:21:14,7,195.42,1367.9399999999998,4905.28
TRX009901,CLI0180,CRT01494,PRD0108,2026-03-20 16:13:22,4,166.93,667.72,4489.59
TRX009902,CLI0171,CRT01934,PRD0159,2026-01-03 03:44:16,8,125.8,1006.4,6386.52
TRX009903,CLI0098,CRT01792,PRD0103,2026-07-20 09:41:31,5,234.25,1171.25,2194.93
TRX009904,CLI0303,CRT02728,PRD0054,2026-04-02 10:05:58,5,301.82,1509.1,7090.14
TRX009905,CLI0241,CRT01645,PRD0182,2026-05-02 20:28:15,9,200.1,1800.8999999999999,7430.02
TRX009906,CLI0136,CRT02922,PRD0172,2026-07-04 04:51:52,5,97.82,489.09999999999997,4049.57
TRX009907,CLI0090,CRT00455,PRD0137,2026-04-07 23:47:58,6,116.26,697.5600000000001,1582.18
TRX009908,CLI0029,CRT00710,PRD0128,2026-03-10 14:17:15,6,9.29,55.739999999999995,3151.1699999999996
TRX009909,CLI0077,CRT02086,PRD0176,2026-07-06 11:50:26,6,288.19,1729.1399999999999,3830.14
TRX009910,CLI0398,CRT02654,PRD0097,2026-02-15 17:44:58,8,275.78,2206.24,2892.8399999999997
TRX009911,CLI0064,CRT02219,PRD0153,2026-01-22 02:12:34,7,63.71,445.97,7663.320000000001
TRX009912,CLI0058,CRT01345,PRD0031,2026-07-23 05:25:58,7,267.28,1870.9599999999998,11416.449999999999
TRX009913,CLI0411,CRT01684,PRD0175,2026-05-16 17:18:14,4,120.9,483.6,1868.7200000000003
TRX009914,CLI0386,CRT02713,PRD0010,2026-01-09 03:04:50,4,162.15,648.6,1743.42
TRX009915,CLI0103,CRT01875,PRD0030,2026-05-06 16:13:05,6,153.58,921.48,3151.37
TRX009916,CLI0290,CRT01699,PRD0186,2026-07-06 22:49:10,5,13.84,69.2,2662.62
TRX009917,CLI0106,CRT02932,PRD0086,2026-04-24 08:01:59,3,197.06,591.1800000000001,2740.05
TRX009918,CLI0292,CRT00142,PRD0107,2026-04-28 05:12:52,1,114.48,114.48,3902.72
TRX009919,CLI0073,CRT03075,PRD0046,2026-07-16 05:51:48,6,234.97,1409.82,7679.72
TRX009920,CLI0410,CRT01959,PRD0044,2026-02-11 22:38:26,1,248.47,248.47,2511.03
TRX009921,CLI0286,CRT00372,PRD0125,2026-01-19 20:56:01,10,54.91,549.0999999999999,7487.92
TRX009922,CLI0333,CRT03161,PRD0114,2026-04-27 15:04:30,6,141.38,848.28,4179.38
TRX009923,CLI0147,CRT00638,PRD0137,2026-04-29 22:59:59,4,116.26,465.04,5033.0199999999995
TRX009924,CLI0389,CRT01004,PRD0150,2026-04-20 20:02:31,1,151.36,151.36,1687.1600000000003
TRX009925,CLI0177,CRT00053,PRD0017,2026-04-16 09:37:00,8,134.36,1074.88,4585.22
TRX009926,CLI0131,CRT02530,PRD0022,2026-07-17 12:41:28,3,51.02,153.06,4632.490000000001
TRX009927,CLI0108,CRT01922,PRD0004,2026-05-04 23:36:56,8,178.11,1424.88,1424.88
TRX009928,CLI0351,CRT02746,PRD0009,2026-05-21 14:48:37,8,297.0,2376.0,3835.3500000000004
TRX009929,CLI0104,CRT01630,PRD0137,2026-03-17 18:07:40,3,116.26,348.78000000000003,1988.53
TRX009930,CLI0130,CRT03396,PRD0077,2026-04-04 16:42:09,9,75.69,681.21,5257.56
TRX009931,CLI0153,CRT00111,PRD0173,2026-02-18 05:27:31,3,330.57,991.71,2151.75
TRX009932,CLI0028,CRT00595,PRD0033,2026-05-15 15:24:26,8,267.47,2139.76,4440.8
TRX009933,CLI0078,CRT00900,PRD0082,2026-03-29 14:18:11,7,316.62,2216.34,5265.0
TRX009934,CLI0081,CRT03039,PRD0199,2026-03-11 03:20:50,10,223.09,2230.9,6798.5
TRX009935,CLI0387,CRT00680,PRD0104,2026-05-03 10:54:30,6,46.73,280.38,2716.7999999999997
TRX009936,CLI0062,CRT02689,PRD0124,2026-01-30 03:00:31,9,96.92,872.28,3430.7
TRX009937,CLI0287,CRT00747,PRD0162,2026-03-17 19:45:37,9,195.42,1758.78,5176.599999999999
TRX009938,CLI0168,CRT01384,PRD0163,2026-04-22 21:05:51,8,278.04,2224.32,2877.2200000000003
TRX009939,CLI0381,CRT00652,PRD0136,2026-06-29 02:54:54,1,303.73,303.73,6244.07
TRX009940,CLI0130,CRT03396,PRD0073,2026-04-04 16:42:09,9,292.23,2630.07,5257.56
TRX009941,CLI0276,CRT00426,PRD0095,2026-02-20 09:35:02,10,42.58,425.79999999999995,5635.61
TRX009942,CLI0233,CRT02048,PRD0195,2026-01-26 05:20:09,5,11.49,57.45,1780.57
TRX009943,CLI0245,CRT02763,PRD0156,2026-06-01 04:38:41,3,87.81,263.43,462.06
TRX009944,CLI0351,CRT01346,PRD0175,2026-05-02 18:06:50,7,120.9,846.3000000000001,1078.8200000000002
TRX009945,CLI0208,CRT02342,PRD0174,2026-05-29 23:51:32,7,6.76,47.32,2302.76
TRX009946,CLI0286,CRT01339,PRD0084,2026-03-02 06:59:13,1,129.22,129.22,4853.39
TRX009947,CLI0345,CRT01234,PRD0154,2026-01-03 02:28:26,4,283.35,1133.4,1603.5800000000002
TRX009948,CLI0308,CRT01596,PRD0061,2026-07-08 11:21:35,7,111.48,780.36,1505.94
TRX009949,CLI0152,CRT01395,PRD0105,2026-03-03 23:34:47,7,200.26,1401.82,2416.71
TRX009950,CLI0415,CRT01653,PRD0107,2026-07-09 21:15:41,10,114.48,1144.8,5230.68
TRX009951,CLI0103,CRT01362,PRD0040,2026-04-07 08:02:02,9,256.15,2305.35,7388.38
TRX009952,CLI0354,CRT01549,PRD0152,2026-05-15 19:22:22,1,336.37,336.37,1116.94
TRX009953,CLI0074,CRT02390,PRD0099,2026-04-25 02:19:44,3,248.8,746.4000000000001,3183.2900000000004
TRX009954,CLI0268,CRT00233,PRD0126,2026-06-26 22:30:33,8,146.67,1173.36,4688.12
TRX009955,CLI0430,CRT02170,PRD0063,2026-07-16 00:18:25,7,30.34,212.38,859.04
TRX009956,CLI0414,CRT00415,PRD0060,2026-03-22 15:35:39,5,339.13,1695.65,2823.13
TRX009957,CLI0267,CRT02024,PRD0038,2026-05-19 10:20:14,5,231.76,1158.8,1860.1599999999999
TRX009958,CLI0198,CRT03439,PRD0128,2026-04-19 14:31:52,9,9.29,83.60999999999999,1601.25
TRX009959,CLI0197,CRT03261,PRD0041,2026-04-20 07:16:17,3,228.33,684.99,1725.75
TRX009960,CLI0192,CRT02440,PRD0024,2026-03-03 07:16:52,10,78.71,787.0999999999999,1124.6499999999999
TRX009961,CLI0232,CRT03289,PRD0180,2026-02-13 21:53:50,5,217.4,1087.0,3091.7
TRX009962,CLI0205,CRT03302,PRD0194,2026-01-21 20:15:35,4,311.57,1246.28,1672.95
TRX009963,CLI0288,CRT00314,PRD0136,2026-04-10 08:39:02,6,303.73,1822.38,2594.26
TRX009964,CLI0426,CRT00193,PRD0152,2026-05-14 07:20:33,1,336.37,336.37,1062.85
TRX009965,CLI0129,CRT00405,PRD0111,2026-01-26 07:11:15,1,282.78,282.78,7149.48
TRX009966,CLI0258,CRT01424,PRD0067,2026-06-24 15:23:54,8,327.31,2618.48,7666.26
TRX009967,CLI0107,CRT01044,PRD0197,2026-05-28 12:04:39,10,267.68,2676.8,6651.62
TRX009968,CLI0279,CRT00509,PRD0051,2026-04-15 09:23:11,7,142.41,996.87,5027.45
TRX009969,CLI0336,CRT00255,PRD0074,2026-06-21 16:36:36,2,229.76,459.52,5336.5199999999995
TRX009970,CLI0049,CRT01682,PRD0111,2026-06-01 12:15:50,7,282.78,1979.4599999999998,3707.25
TRX009971,CLI0347,CRT00034,PRD0106,2026-06-08 05:22:06,6,102.2,613.2,845.0600000000001
TRX009972,CLI0414,CRT00692,PRD0103,2026-06-27 09:53:53,4,234.25,937.0,937.0
TRX009973,CLI0422,CRT00163,PRD0095,2026-01-12 10:51:25,8,42.58,340.64,2612.77
TRX009974,CLI0237,CRT03294,PRD0002,2026-03-14 04:46:18,8,38.12,304.96,1574.8600000000001
TRX009975,CLI0102,CRT02847,PRD0053,2026-05-02 03:45:08,8,99.29,794.32,8043.56
TRX009976,CLI0028,CRT01830,PRD0080,2026-02-18 05:24:40,9,342.98,3086.82,6705.21
TRX009977,CLI0352,CRT00904,PRD0088,2026-02-28 15:11:40,5,64.83,324.15,4118.5199999999995
TRX009978,CLI0325,CRT02737,PRD0184,2026-06-28 23:30:16,3,85.85,257.54999999999995,4015.8
TRX009979,CLI0004,CRT00988,PRD0142,2026-03-04 19:55:41,5,55.45,277.25,277.25
TRX009980,CLI0388,CRT00742,PRD0107,2026-03-30 15:58:23,8,114.48,915.84,1519.08
TRX009981,CLI0274,CRT02619,PRD0109,2026-06-12 17:54:42,2,181.62,363.24,895.1400000000001
TRX009982,CLI0306,CRT00394,PRD0194,2026-04-11 19:33:25,7,311.57,2180.99,4669.45
TRX009983,CLI0352,CRT01884,PRD0060,2026-07-02 05:38:45,5,339.13,1695.65,1929.3000000000002
TRX009984,CLI0252,CRT00778,PRD0142,2026-01-21 17:02:29,10,55.45,554.5,4503.9
TRX009985,CLI0327,CRT00480,PRD0166,2026-01-05 10:19:12,2,124.75,249.5,3558.15
TRX009986,CLI0417,CRT01897,PRD0090,2026-03-06 12:56:30,10,15.96,159.60000000000002,6947.6900000000005
TRX009987,CLI0212,CRT01025,PRD0145,2026-01-12 12:09:10,2,40.06,80.12,1119.07
TRX009988,CLI0371,CRT00231,PRD0026,2026-05-25 08:09:18,7,238.97,1672.79,2402.31
TRX009989,CLI0064,CRT00083,PRD0126,2026-06-24 01:06:45,4,146.67,586.68,6546.14
TRX009990,CLI0232,CRT01055,PRD0063,2026-03-19 07:52:09,7,30.34,212.38,2170.1800000000003
TRX009991,CLI0323,CRT00375,PRD0015,2026-04-14 15:45:57,10,125.96,1259.6,2684.2200000000003
TRX009992,CLI0252,CRT01488,PRD0169,2026-03-23 21:57:38,6,259.17,1555.02,6386.91
TRX009993,CLI0257,CRT02833,PRD0044,2026-07-05 14:09:27,1,248.47,248.47,3685.8599999999997
TRX009994,CLI0114,CRT00262,PRD0183,2026-01-01 12:25:42,8,74.71,597.68,804.9499999999999
TRX009995,CLI0293,CRT00055,PRD0112,2026-06-05 17:13:23,3,344.42,1033.26,3791.0599999999995
TRX009996,CLI0270,CRT03004,PRD0121,2026-05-28 07:59:08,6,301.87,1811.22,2800.5
TRX009997,CLI0149,CRT00164,PRD0021,2026-04-27 18:56:35,10,175.98,1759.8,1759.8
TRX009998,CLI0196,CRT00354,PRD0156,2026-07-23 04:07:40,3,87.81,263.43,2552.44
TRX009999,CLI0431,CRT03191,PRD0142,2026-05-13 21:50:36,6,55.45,332.70000000000005,4986.72
TRX010000,CLI0357,CRT01320,PRD0080,2026-04-05 20:08:56,1,342.98,342.98,10432.75
TRX010001,CLI0070,CRT02519,PRD0020,2026-07-03 17:05:06,2,75.82,151.64,1042.6399999999999
TRX010002,CLI0053,CRT02673,PRD0131,2026-06-23 05:22:26,7,212.13,1484.9099999999999,3841.07
TRX010003,CLI0126,CRT02501,PRD0097,2026-04-19 06:25:25,10,275.78,2757.7999999999997,3021.0899999999997
TRX010004,CLI0387,CRT03463,PRD0060,2026-04-11 04:35:06,2,339.13,678.26,3956.3900000000003
TRX010005,CLI0371,CRT02445,PRD0180,2026-02-12 01:36:08,6,217.4,1304.4,2082.4
TRX010006,CLI0021,CRT01415,PRD0017,2026-04-04 13:20:29,7,134.36,940.5200000000001,4842.76
TRX010007,CLI0030,CRT02780,PRD0159,2026-01-22 10:24:27,10,125.8,1258.0,6171.8
TRX010008,CLI0266,CRT00809,PRD0053,2026-02-04 10:59:22,8,99.29,794.32,3250.58
TRX010009,CLI0364,CRT03038,PRD0001,2026-02-28 15:25:31,9,260.19,2341.71,5321.2300000000005
TRX010010,CLI0426,CRT02151,PRD0164,2026-02-05 20:15:38,1,242.9,242.9,4552.94
TRX010011,CLI0285,CRT01155,PRD0004,2026-04-09 13:07:03,8,178.11,1424.88,4211.4800000000005
TRX010012,CLI0037,CRT01085,PRD0078,2026-03-21 22:19:41,10,172.26,1722.6,5072.79
TRX010013,CLI0404,CRT00318,PRD0056,2026-06-25 11:23:00,9,143.73,1293.57,1939.0299999999997
TRX010014,CLI0308,CRT00011,PRD0058,2026-05-03 07:16:11,3,275.33,825.99,1993.03
TRX010015,CLI0354,CRT00060,PRD0029,2026-03-02 01:47:40,4,95.22,380.88,5345.24
TRX010016,CLI0414,CRT00415,PRD0158,2026-03-22 15:35:39,1,12.47,12.47,2823.13
TRX010017,CLI0166,CRT02664,PRD0120,2026-07-12 21:07:52,8,291.12,2328.96,3996.57
TRX010018,CLI0293,CRT03193,PRD0187,2026-04-21 08:48:17,1,241.37,241.37,4880.59
TRX010019,CLI0362,CRT01473,PRD0071,2026-03-17 17:15:16,1,76.57,76.57,1869.52
TRX010020,CLI0343,CRT02691,PRD0093,2026-05-11 08:11:22,9,302.86,2725.7400000000002,3866.58
TRX010021,CLI0100,CRT00545,PRD0055,2026-01-09 21:49:39,2,349.75,699.5,5921.43
TRX010022,CLI0057,CRT01770,PRD0041,2026-02-10 09:05:16,4,228.33,913.32,6248.84
TRX010023,CLI0061,CRT02830,PRD0014,2026-04-18 17:48:23,4,99.1,396.4,2007.6999999999998
TRX010024,CLI0049,CRT02756,PRD0160,2026-05-16 12:42:11,5,246.16,1230.8,3330.5299999999997
TRX010025,CLI0181,CRT02995,PRD0171,2026-03-23 17:59:36,10,127.91,1279.1,5673.08
TRX010026,CLI0373,CRT00428,PRD0020,2026-01-20 00:40:41,1,75.82,75.82,6518.900000000001
TRX010027,CLI0014,CRT01654,PRD0025,2026-07-15 22:45:40,3,265.13,795.39,3988.8999999999996
TRX010028,CLI0104,CRT01932,PRD0171,2026-03-17 20:43:56,4,127.91,511.64,1546.3399999999997
TRX010029,CLI0379,CRT01124,PRD0046,2026-07-02 20:54:20,8,234.97,1879.76,4552.5599999999995
TRX010030,CLI0174,CRT02678,PRD0164,2026-06-01 15:47:41,5,242.9,1214.5,3928.71
TRX010031,CLI0392,CRT03025,PRD0178,2026-02-16 17:06:13,4,198.09,792.36,5061.28
TRX010032,CLI0208,CRT00479,PRD0158,2026-06-03 20:31:12,3,12.47,37.410000000000004,523.86
TRX010033,CLI0360,CRT02697,PRD0187,2026-04-22 10:51:47,7,241.37,1689.5900000000001,9658.1
TRX010034,CLI0051,CRT03171,PRD0033,2026-01-23 03:46:46,10,267.47,2674.7000000000003,5758.08
TRX010035,CLI0413,CRT03177,PRD0087,2026-01-09 10:33:18,3,302.95,908.8499999999999,5547.21
TRX010036,CLI0244,CRT01154,PRD0124,2026-02-05 06:51:11,5,96.92,484.6,1993.6999999999998
TRX010037,CLI0179,CRT00345,PRD0006,2026-02-26 07:46:04,10,207.27,2072.7000000000003,3414.4900000000002
TRX010038,CLI0293,CRT00820,PRD0006,2026-04-13 20:43:08,5,207.27,1036.3500000000001,3209.3600000000006
TRX010039,CLI0317,CRT01303,PRD0010,2026-01-12 08:50:08,2,162.15,324.3,732.46
TRX010040,CLI0414,CRT01970,PRD0042,2026-01-17 12:17:47,9,88.65,797.85,1888.73
TRX010041,CLI0232,CRT01774,PRD0127,2026-05-03 04:51:39,1,24.14,24.14,6720.68
TRX010042,CLI0150,CRT01195,PRD0046,2026-07-08 22:43:50,2,234.97,469.94,5347.34
TRX010043,CLI0071,CRT00909,PRD0061,2026-05-29 19:42:36,7,111.48,780.36,11510.77
TRX010044,CLI0062,CRT01318,PRD0120,2026-03-12 05:08:32,10,291.12,2911.2,7612.33
TRX010045,CLI0256,CRT03287,PRD0073,2026-01-12 09:59:28,6,292.23,1753.38,4991.0
TRX010046,CLI0160,CRT00160,PRD0143,2026-02-03 03:44:22,10,331.85,3318.5,6748.5
TRX010047,CLI0161,CRT02351,PRD0141,2026-02-18 15:36:42,10,13.28,132.79999999999998,670.24
TRX010048,CLI0288,CRT02095,PRD0163,2026-06-15 04:30:24,2,278.04,556.08,3282.28
TRX010049,CLI0412,CRT00563,PRD0144,2026-05-12 09:22:56,2,213.05,426.1,2979.53
TRX010050,CLI0151,CRT02571,PRD0126,2026-01-22 13:45:09,3,146.67,440.01,2679.21
TRX010051,CLI0381,CRT00067,PRD0147,2026-04-24 11:40:56,10,208.25,2082.5,3128.02
TRX010052,CLI0100,CRT01035,PRD0105,2026-03-26 12:18:14,5,200.26,1001.3,6025.13
TRX010053,CLI0212,CRT01025,PRD0019,2026-01-12 12:09:10,7,13.65,95.55,1119.07
TRX010054,CLI0373,CRT02655,PRD0187,2026-04-11 10:53:23,5,241.37,1206.85,1907.48
TRX010055,CLI0309,CRT02950,PRD0103,2026-01-26 13:45:28,1,234.25,234.25,2572.65
TRX010056,CLI0173,CRT01295,PRD0011,2026-07-21 01:33:31,4,104.38,417.52,1369.72
TRX010057,CLI0002,CRT00981,PRD0143,2026-06-09 09:12:55,2,331.85,663.7,663.7
TRX010058,CLI0307,CRT02707,PRD0187,2026-06-27 06:33:04,2,241.37,482.74,482.74
TRX010059,CLI0221,CRT01640,PRD0177,2026-02-04 11:22:34,9,221.23,1991.07,3044.23
TRX010060,CLI0391,CRT00129,PRD0024,2026-02-16 12:13:12,3,78.71,236.13,6610.22
TRX010061,CLI0211,CRT00227,PRD0115,2026-04-23 01:40:25,9,301.5,2713.5,6575.63
TRX010062,CLI0265,CRT00357,PRD0031,2026-07-17 13:39:06,8,267.28,2138.24,4528.44
TRX010063,CLI0392,CRT01613,PRD0122,2026-07-02 21:11:13,10,224.09,2240.9,8127.950000000001
TRX010064,CLI0059,CRT00215,PRD0044,2026-04-13 14:34:21,2,248.47,496.94,1839.48
TRX010065,CLI0422,CRT01751,PRD0088,2026-07-13 08:34:22,5,64.83,324.15,324.15
TRX010066,CLI0435,CRT00429,PRD0184,2026-05-10 22:59:48,7,85.85,600.9499999999999,2354.42
TRX010067,CLI0058,CRT01345,PRD0103,2026-07-23 05:25:58,6,234.25,1405.5,11416.449999999999
TRX010068,CLI0391,CRT00923,PRD0099,2026-06-06 22:27:44,10,248.8,2488.0,4171.66
TRX010069,CLI0011,CRT02284,PRD0058,2026-06-23 04:59:48,6,275.33,1651.98,2846.83
TRX010070,CLI0166,CRT01861,PRD0174,2026-07-24 02:01:19,2,6.76,13.52,13.52
TRX010071,CLI0031,CRT02245,PRD0191,2026-02-02 11:20:50,2,288.92,577.84,2020.83
TRX010072,CLI0393,CRT00805,PRD0043,2026-05-21 09:15:03,3,194.99,584.97,8455.99
TRX010073,CLI0013,CRT02327,PRD0024,2026-02-15 16:04:52,1,78.71,78.71,9184.79
TRX010074,CLI0059,CRT00215,PRD0034,2026-04-13 14:34:21,4,115.14,460.56,1839.48
TRX010075,CLI0267,CRT00342,PRD0046,2026-01-18 18:23:29,4,234.97,939.88,1753.34
TRX010076,CLI0273,CRT01114,PRD0121,2026-04-29 14:35:35,10,301.87,3018.7,6338.2
TRX010077,CLI0112,CRT03426,PRD0053,2026-03-14 21:35:35,1,99.29,99.29,4599.63
TRX010078,CLI0169,CRT01856,PRD0009,2026-01-12 23:53:25,6,297.0,1782.0,1782.0
TRX010079,CLI0266,CRT02718,PRD0176,2026-07-20 10:40:56,10,288.19,2881.9,5981.59
TRX010080,CLI0179,CRT03111,PRD0003,2026-04-30 17:03:25,7,149.12,1043.8400000000001,5519.54
TRX010081,CLI0070,CRT01038,PRD0091,2026-05-04 05:39:26,7,321.66,2251.6200000000003,3682.6200000000003
TRX010082,CLI0175,CRT00256,PRD0138,2026-04-04 01:58:33,7,308.17,2157.19,7242.79
TRX010083,CLI0269,CRT01056,PRD0197,2026-03-19 06:22:19,10,267.68,2676.8,3961.5800000000004
TRX010084,CLI0355,CRT02964,PRD0147,2026-03-10 22:50:45,5,208.25,1041.25,3476.0
TRX010085,CLI0262,CRT02470,PRD0176,2026-06-13 08:27:44,3,288.19,864.5699999999999,1018.5699999999999
TRX010086,CLI0395,CRT02352,PRD0176,2026-06-28 15:12:27,4,288.19,1152.76,10472.720000000001
TRX010087,CLI0260,CRT01342,PRD0106,2026-02-26 16:54:05,10,102.2,1022.0,1114.88
TRX010088,CLI0395,CRT00567,PRD0160,2026-03-04 12:22:00,5,246.16,1230.8,4504.58
TRX010089,CLI0135,CRT00605,PRD0112,2026-03-02 09:48:31,4,344.42,1377.68,2753.33
TRX010090,CLI0071,CRT00909,PRD0062,2026-05-29 19:42:36,9,321.99,2897.91,11510.77
TRX010091,CLI0378,CRT02632,PRD0095,2026-01-01 11:18:57,4,42.58,170.32,2054.89
TRX010092,CLI0213,CRT02399,PRD0172,2026-03-05 06:32:17,8,97.82,782.56,1460.82
TRX010093,CLI0404,CRT01410,PRD0052,2026-06-25 02:56:51,6,68.6,411.59999999999997,3374.21
TRX010094,CLI0275,CRT00517,PRD0092,2026-04-19 20:33:32,5,10.72,53.6,3579.92
TRX010095,CLI0391,CRT01579,PRD0045,2026-01-04 19:15:15,3,301.22,903.6600000000001,2052.46
TRX010096,CLI0010,CRT01943,PRD0077,2026-04-19 20:59:10,9,75.69,681.21,747.61
TRX010097,CLI0333,CRT02919,PRD0172,2026-03-30 23:02:07,9,97.82,880.3799999999999,1289.6799999999998
TRX010098,CLI0222,CRT03490,PRD0197,2026-02-07 23:09:47,5,267.68,1338.4,4146.24
TRX010099,CLI0309,CRT01571,PRD0071,2026-02-22 21:23:38,7,76.57,535.99,5084.2300000000005
TRX010100,CLI0045,CRT01501,PRD0003,2026-02-06 07:33:54,4,149.12,596.48,1537.0
TRX010101,CLI0076,CRT00477,PRD0135,2026-01-15 06:03:22,8,198.63,1589.04,3037.1499999999996
TRX010102,CLI0114,CRT01559,PRD0090,2026-02-02 05:10:59,8,15.96,127.68,2872.6400000000003
TRX010103,CLI0032,CRT03124,PRD0193,2026-07-26 13:09:41,4,190.14,760.56,2435.2200000000003
TRX010104,CLI0414,CRT02392,PRD0028,2026-03-05 19:08:45,5,301.62,1508.1,4414.12
TRX010105,CLI0405,CRT00504,PRD0171,2026-07-16 13:52:49,9,127.91,1151.19,3464.93
TRX010106,CLI0054,CRT03310,PRD0110,2026-03-24 15:51:45,6,286.9,1721.3999999999999,3297.21
TRX010107,CLI0031,CRT03009,PRD0031,2026-03-31 13:08:18,1,267.28,267.28,2610.7799999999997
TRX010108,CLI0389,CRT02473,PRD0174,2026-02-01 11:14:41,4,6.76,27.04,5795.38
TRX010109,CLI0163,CRT03301,PRD0037,2026-07-12 12:35:27,1,171.38,171.38,1855.93
TRX010110,CLI0062,CRT00729,PRD0138,2026-04-12 08:51:02,3,308.17,924.51,2276.61
TRX010111,CLI0098,CRT01920,PRD0108,2026-01-29 00:34:42,8,166.93,1335.44,4201.72
TRX010112,CLI0055,CRT03223,PRD0025,2026-02-06 10:17:02,8,265.13,2121.04,8604.45
TRX010113,CLI0011,CRT01666,PRD0166,2026-06-28 17:06:04,3,124.75,374.25,1046.6399999999999
TRX010114,CLI0043,CRT02421,PRD0043,2026-05-21 23:55:17,2,194.99,389.98,4010.17
TRX010115,CLI0031,CRT01254,PRD0172,2026-03-08 09:38:10,8,97.82,782.56,5314.4400000000005
TRX010116,CLI0187,CRT00439,PRD0084,2026-05-09 00:23:08,10,129.22,1292.2,3392.7799999999997
TRX010117,CLI0110,CRT03126,PRD0192,2026-01-14 07:42:00,4,241.82,967.28,4745.45
TRX010118,CLI0284,CRT01510,PRD0034,2026-05-06 01:32:15,2,115.14,230.28,2399.4900000000002
TRX010119,CLI0356,CRT01764,PRD0112,2026-01-08 01:53:48,7,344.42,2410.94,3221.69
TRX010120,CLI0337,CRT01664,PRD0053,2026-04-19 20:40:55,3,99.29,297.87,1206.0300000000002
TRX010121,CLI0356,CRT00183,PRD0089,2026-06-25 22:56:56,6,57.82,346.92,2383.27
TRX010122,CLI0085,CRT03136,PRD0086,2026-02-20 12:43:00,1,197.06,197.06,3867.29
TRX010123,CLI0226,CRT02430,PRD0142,2026-04-02 06:28:42,6,55.45,332.70000000000005,4323.98
TRX010124,CLI0351,CRT02791,PRD0044,2026-06-05 01:32:31,6,248.47,1490.82,3877.56
TRX010125,CLI0311,CRT01810,PRD0042,2026-06-21 21:46:51,4,88.65,354.6,3509.0299999999997
TRX010126,CLI0408,CRT03277,PRD0171,2026-03-24 08:28:13,3,127.91,383.73,658.8900000000001
TRX010127,CLI0413,CRT03478,PRD0182,2026-05-05 22:42:24,7,200.1,1400.7,6157.37
TRX010128,CLI0061,CRT02070,PRD0145,2026-04-06 11:06:07,8,40.06,320.48,3252.1800000000003
TRX010129,CLI0416,CRT00819,PRD0073,2026-03-18 03:20:46,10,292.23,2922.3,3399.46
TRX010130,CLI0039,CRT00202,PRD0118,2026-07-05 03:41:16,10,163.96,1639.6000000000001,5451.5
TRX010131,CLI0188,CRT01172,PRD0168,2026-01-09 01:22:43,3,260.65,781.9499999999999,5581.68
TRX010132,CLI0414,CRT01297,PRD0114,2026-06-17 19:02:46,5,141.38,706.9,3635.3199999999997
TRX010133,CLI0420,CRT00824,PRD0133,2026-01-25 21:40:18,5,238.5,1192.5,5415.57
TRX010134,CLI0116,CRT00022,PRD0008,2026-03-10 20:32:36,9,119.47,1075.23,3643.83
TRX010135,CLI0051,CRT02759,PRD0081,2026-01-13 06:13:00,4,151.12,604.48,1907.3500000000001
TRX010136,CLI0342,CRT02406,PRD0133,2026-01-18 07:54:36,8,238.5,1908.0,4008.9300000000003
TRX010137,CLI0397,CRT03303,PRD0080,2026-03-22 17:58:45,3,342.98,1028.94,1028.94
TRX010138,CLI0131,CRT02114,PRD0178,2026-07-16 03:15:47,7,198.09,1386.63,3512.7400000000002
TRX010139,CLI0131,CRT00507,PRD0109,2026-05-03 08:27:55,9,181.62,1634.58,7298.12
TRX010140,CLI0274,CRT00701,PRD0198,2026-01-06 06:46:11,8,156.17,1249.36,3966.51
TRX010141,CLI0288,CRT01464,PRD0019,2026-07-01 01:15:46,8,13.65,109.2,600.0
TRX010142,CLI0108,CRT00294,PRD0041,2026-06-09 10:34:46,10,228.33,2283.3,4058.26
TRX010143,CLI0284,CRT03167,PRD0131,2026-06-02 05:55:19,4,212.13,848.52,4429.93
TRX010144,CLI0046,CRT02087,PRD0053,2026-07-24 22:44:49,9,99.29,893.61,6495.79
TRX010145,CLI0015,CRT01573,PRD0200,2026-01-24 05:17:58,9,144.4,1299.6000000000001,3332.7300000000005
TRX010146,CLI0356,CRT03331,PRD0105,2026-01-20 02:44:09,10,200.26,2002.6,5881.88
TRX010147,CLI0266,CRT02718,PRD0146,2026-07-20 10:40:56,5,318.04,1590.2,5981.59
TRX010148,CLI0241,CRT01100,PRD0116,2026-03-01 08:08:53,10,281.93,2819.3,10853.04
TRX010149,CLI0159,CRT02387,PRD0200,2026-05-31 07:23:24,2,144.4,288.8,6873.19
TRX010150,CLI0310,CRT02583,PRD0019,2026-04-20 12:15:12,3,13.65,40.95,7217.51
TRX010151,CLI0216,CRT01441,PRD0194,2026-04-24 23:28:20,9,311.57,2804.13,6622.2300000000005
TRX010152,CLI0132,CRT00203,PRD0132,2026-06-14 08:24:58,7,153.95,1077.6499999999999,1077.6499999999999
TRX010153,CLI0339,CRT01658,PRD0197,2026-03-04 09:00:55,8,267.68,2141.44,4565.55
TRX010154,CLI0259,CRT02084,PRD0160,2026-06-12 16:46:55,3,246.16,738.48,4352.32
TRX010155,CLI0051,CRT01622,PRD0071,2026-07-08 01:55:27,9,76.57,689.1299999999999,5352.92
TRX010156,CLI0277,CRT02488,PRD0031,2026-01-14 09:02:30,8,267.28,2138.24,2853.74
TRX010157,CLI0134,CRT01205,PRD0053,2026-07-20 08:35:58,8,99.29,794.32,946.02
TRX010158,CLI0179,CRT00556,PRD0024,2026-03-30 10:04:02,5,78.71,393.54999999999995,4624.6
TRX010159,CLI0171,CRT02977,PRD0175,2026-01-31 13:07:30,8,120.9,967.2,967.2
TRX010160,CLI0207,CRT02054,PRD0150,2026-05-31 20:21:05,9,151.36,1362.2400000000002,5797.610000000001
TRX010161,CLI0245,CRT03020,PRD0094,2026-06-02 05:45:32,7,179.52,1256.64,6637.39
TRX010162,CLI0044,CRT00845,PRD0137,2026-04-13 18:16:14,10,116.26,1162.6000000000001,9234.060000000001
TRX010163,CLI0275,CRT02735,PRD0095,2026-02-22 02:34:08,2,42.58,85.16,634.2599999999999
TRX010164,CLI0071,CRT00909,PRD0142,2026-05-29 19:42:36,1,55.45,55.45,11510.77
TRX010165,CLI0377,CRT02958,PRD0062,2026-03-28 03:05:36,5,321.99,1609.95,4072.26
TRX010166,CLI0166,CRT01669,PRD0143,2026-05-27 03:33:29,1,331.85,331.85,7495.34
TRX010167,CLI0428,CRT03012,PRD0188,2026-05-22 15:19:51,8,281.86,2254.88,5125.63
TRX010168,CLI0335,CRT02624,PRD0158,2026-06-14 20:27:29,7,12.47,87.29,811.4
TRX010169,CLI0194,CRT00456,PRD0051,2026-04-04 21:23:48,3,142.41,427.23,4289.83
TRX010170,CLI0376,CRT02551,PRD0190,2026-04-16 03:14:08,10,23.22,232.2,4554.7
TRX010171,CLI0063,CRT00631,PRD0019,2026-03-31 22:02:54,7,13.65,95.55,956.8499999999999
TRX010172,CLI0120,CRT02472,PRD0138,2026-01-06 22:26:26,10,308.17,3081.7000000000003,16103.4
TRX010173,CLI0222,CRT00615,PRD0146,2026-04-08 07:08:18,7,318.04,2226.28,6462.86
TRX010174,CLI0337,CRT02253,PRD0116,2026-06-23 05:15:53,6,281.93,1691.58,4801.53
TRX010175,CLI0412,CRT01688,PRD0186,2026-03-18 15:45:42,3,13.84,41.519999999999996,2574.37
TRX010176,CLI0421,CRT00373,PRD0148,2026-02-28 09:25:01,5,270.94,1354.7,4577.42
TRX010177,CLI0182,CRT00263,PRD0165,2026-06-12 10:37:50,2,194.83,389.66,3279.06
TRX010178,CLI0320,CRT01627,PRD0162,2026-01-25 02:47:09,6,195.42,1172.52,2213.0299999999997
TRX010179,CLI0077,CRT01299,PRD0142,2026-07-09 21:05:36,8,55.45,443.6,8133.150000000001
TRX010180,CLI0330,CRT03105,PRD0115,2026-01-15 08:54:48,4,301.5,1206.0,4800.02
TRX010181,CLI0076,CRT01491,PRD0052,2026-07-03 15:34:11,2,68.6,137.2,2632.6099999999997
TRX010182,CLI0250,CRT00423,PRD0015,2026-05-22 03:57:44,9,125.96,1133.6399999999999,1133.6399999999999
TRX010183,CLI0047,CRT01722,PRD0050,2026-04-12 05:07:03,1,164.79,164.79,1160.6399999999999
TRX010184,CLI0229,CRT01481,PRD0115,2026-04-02 03:22:01,3,301.5,904.5,3563.16
TRX010185,CLI0077,CRT00201,PRD0040,2026-01-24 18:37:50,1,256.15,256.15,4024.88
TRX010186,CLI0282,CRT01031,PRD0021,2026-03-24 00:13:23,5,175.98,879.9,2501.2
TRX010187,CLI0355,CRT02159,PRD0153,2026-02-04 23:32:10,1,63.71,63.71,2167.1099999999997
TRX010188,CLI0432,CRT01902,PRD0083,2026-04-11 01:38:52,5,194.5,972.5,6472.06
TRX010189,CLI0428,CRT00400,PRD0182,2026-03-06 07:04:30,2,200.1,400.2,1733.5
TRX010190,CLI0235,CRT00939,PRD0079,2026-03-05 15:34:00,1,98.65,98.65,1915.2000000000003
TRX010191,CLI0171,CRT01934,PRD0116,2026-01-03 03:44:16,8,281.93,2255.44,6386.52
TRX010192,CLI0208,CRT02020,PRD0036,2026-07-18 07:10:59,2,86.2,172.4,3180.7400000000002
TRX010193,CLI0049,CRT00815,PRD0080,2026-01-10 16:45:41,10,342.98,3429.8,5984.35
TRX010194,CLI0219,CRT01312,PRD0086,2026-03-28 14:38:12,2,197.06,394.12,2642.33
TRX010195,CLI0168,CRT03290,PRD0099,2026-06-01 13:56:21,3,248.8,746.4000000000001,4667.88
TRX010196,CLI0418,CRT02925,PRD0098,2026-01-03 12:56:33,10,136.36,1363.6000000000001,1363.6000000000001
TRX010197,CLI0217,CRT03344,PRD0114,2026-02-12 11:10:58,5,141.38,706.9,3784.5
TRX010198,CLI0420,CRT00028,PRD0073,2026-05-14 15:14:30,4,292.23,1168.92,6108.22
TRX010199,CLI0054,CRT02046,PRD0112,2026-03-25 18:48:12,4,344.42,1377.68,3181.71
TRX010200,CLI0383,CRT02823,PRD0015,2026-04-22 00:12:41,8,125.96,1007.68,1007.68
TRX010201,CLI0014,CRT00656,PRD0167,2026-07-17 14:27:17,1,82.61,82.61,324.47
TRX010202,CLI0341,CRT03145,PRD0062,2026-07-07 11:31:26,3,321.99,965.97,3887.6500000000005
TRX010203,CLI0083,CRT02615,PRD0098,2026-03-25 13:57:44,7,136.36,954.5200000000001,4453.02
TRX010204,CLI0054,CRT03483,PRD0200,2026-05-02 00:53:51,6,144.4,866.4000000000001,6073.09
TRX010205,CLI0350,CRT03444,PRD0015,2026-07-16 07:15:49,8,125.96,1007.68,1007.68
TRX010206,CLI0218,CRT02782,PRD0070,2026-06-23 18:31:14,9,218.35,1965.1499999999999,6295.71
TRX010207,CLI0076,CRT00049,PRD0155,2026-05-26 21:24:21,2,289.44,578.88,4953.7
TRX010208,CLI0222,CRT03490,PRD0200,2026-02-07 23:09:47,5,144.4,722.0,4146.24
TRX010209,CLI0163,CRT03117,PRD0005,2026-03-29 22:00:15,10,228.33,2283.3,8988.16
TRX010210,CLI0310,CRT00646,PRD0110,2026-06-15 14:23:53,7,286.9,2008.2999999999997,2008.2999999999997
TRX010211,CLI0043,CRT01392,PRD0109,2026-05-23 00:27:08,4,181.62,726.48,4873.389999999999
TRX010212,CLI0252,CRT01735,PRD0060,2026-05-17 13:38:33,6,339.13,2034.78,2907.02
TRX010213,CLI0367,CRT00272,PRD0087,2026-03-28 03:55:25,6,302.95,1817.6999999999998,6693.34
TRX010214,CLI0060,CRT01479,PRD0099,2026-03-20 00:54:10,1,248.8,248.8,4205.7
TRX010215,CLI0146,CRT00089,PRD0027,2026-01-08 14:04:27,2,209.57,419.14,3674.0299999999997
TRX010216,CLI0019,CRT00251,PRD0041,2026-05-23 19:59:31,10,228.33,2283.3,4038.54
TRX010217,CLI0079,CRT01626,PRD0122,2026-03-19 22:38:42,4,224.09,896.36,1550.52
TRX010218,CLI0330,CRT03105,PRD0136,2026-01-15 08:54:48,6,303.73,1822.38,4800.02
TRX010219,CLI0138,CRT00068,PRD0099,2026-07-06 15:10:27,4,248.8,995.2,1685.0
TRX010220,CLI0195,CRT00757,PRD0082,2026-07-07 06:45:18,2,316.62,633.24,3321.6000000000004
TRX010221,CLI0124,CRT03493,PRD0073,2026-02-13 18:37:25,2,292.23,584.46,6236.67
TRX010222,CLI0361,CRT01401,PRD0006,2026-04-14 06:44:01,1,207.27,207.27,5841.03
TRX010223,CLI0387,CRT00680,PRD0019,2026-05-03 10:54:30,2,13.65,27.3,2716.7999999999997
TRX010224,CLI0330,CRT03105,PRD0017,2026-01-15 08:54:48,6,134.36,806.1600000000001,4800.02
TRX010225,CLI0257,CRT00138,PRD0122,2026-01-31 13:53:46,9,224.09,2016.81,8168.21
TRX010226,CLI0130,CRT01199,PRD0067,2026-02-03 22:25:13,5,327.31,1636.55,3152.3199999999997
TRX010227,CLI0022,CRT00038,PRD0106,2026-04-19 02:51:11,6,102.2,613.2,2425.25
TRX010228,CLI0336,CRT00116,PRD0001,2026-05-08 10:45:45,7,260.19,1821.33,1821.33
TRX010229,CLI0120,CRT02042,PRD0057,2026-03-31 10:53:36,8,59.71,477.68,1167.48
TRX010230,CLI0402,CRT00731,PRD0150,2026-06-26 17:18:14,4,151.36,605.44,3562.05
TRX010231,CLI0403,CRT01447,PRD0083,2026-03-25 17:42:00,2,194.5,389.0,6318.36
TRX010232,CLI0074,CRT01606,PRD0051,2026-04-12 14:35:10,4,142.41,569.64,5210.389999999999
TRX010233,CLI0102,CRT00889,PRD0124,2026-05-09 16:40:29,8,96.92,775.36,1616.76
TRX010234,CLI0148,CRT00979,PRD0152,2026-06-10 06:34:44,1,336.37,336.37,7559.410000000001
TRX010235,CLI0276,CRT02022,PRD0053,2026-03-27 14:11:57,1,99.29,99.29,5336.95
TRX010236,CLI0339,CRT02985,PRD0118,2026-04-05 09:39:46,2,163.96,327.92,3885.21
TRX010237,CLI0016,CRT03021,PRD0003,2026-02-07 13:17:53,8,149.12,1192.96,4225.360000000001
TRX010238,CLI0181,CRT01542,PRD0001,2026-02-06 00:28:10,5,260.19,1300.95,4487.78
TRX010239,CLI0117,CRT01972,PRD0146,2026-01-31 20:27:40,10,318.04,3180.4,13128.26
TRX010240,CLI0289,CRT02739,PRD0191,2026-06-18 23:35:04,4,288.92,1155.68,1155.68
TRX010241,CLI0064,CRT01517,PRD0020,2026-06-17 10:28:27,2,75.82,151.64,1286.06
TRX010242,CLI0223,CRT00846,PRD0187,2026-07-18 04:44:48,8,241.37,1930.96,5712.94
TRX010243,CLI0162,CRT01944,PRD0156,2026-05-22 02:18:44,6,87.81,526.86,4279.9
TRX010244,CLI0351,CRT01890,PRD0182,2026-03-18 09:03:11,7,200.1,1400.7,3220.42
TRX010245,CLI0221,CRT03353,PRD0051,2026-02-24 05:29:02,1,142.41,142.41,5906.83
TRX010246,CLI0207,CRT00114,PRD0093,2026-06-19 11:38:08,8,302.86,2422.88,6052.77
TRX010247,CLI0043,CRT01392,PRD0122,2026-05-23 00:27:08,4,224.09,896.36,4873.389999999999
TRX010248,CLI0202,CRT03254,PRD0063,2026-01-27 21:14:59,1,30.34,30.34,433.7
TRX010249,CLI0071,CRT00911,PRD0126,2026-03-21 19:04:16,3,146.67,440.01,6038.849999999999
TRX010250,CLI0315,CRT00547,PRD0161,2026-02-13 01:18:46,2,331.95,663.9,1348.8899999999999
TRX010251,CLI0182,CRT01225,PRD0121,2026-04-21 22:13:37,8,301.87,2414.96,3790.67
TRX010252,CLI0196,CRT02550,PRD0192,2026-05-31 11:12:47,4,241.82,967.28,1265.15
TRX010253,CLI0138,CRT02862,PRD0069,2026-04-04 10:12:53,8,112.37,898.96,4741.98
TRX010254,CLI0395,CRT01926,PRD0182,2026-04-29 05:23:40,4,200.1,800.4,1396.88
TRX010255,CLI0184,CRT00381,PRD0045,2026-05-09 03:51:51,4,301.22,1204.88,6327.33
TRX010256,CLI0147,CRT02113,PRD0133,2026-02-06 06:39:02,10,238.5,2385.0,7058.89
TRX010257,CLI0190,CRT02584,PRD0006,2026-06-24 12:29:27,8,207.27,1658.16,4008.58
TRX010258,CLI0099,CRT00788,PRD0091,2026-05-15 23:54:58,1,321.66,321.66,560.5
TRX010259,CLI0076,CRT01618,PRD0188,2026-07-16 16:33:09,2,281.86,563.72,5170.55
TRX010260,CLI0047,CRT00554,PRD0077,2026-05-21 10:21:29,1,75.69,75.69,2995.31
TRX010261,CLI0398,CRT02654,PRD0134,2026-02-15 17:44:58,2,343.3,686.6,2892.8399999999997
TRX010262,CLI0063,CRT00631,PRD0078,2026-03-31 22:02:54,5,172.26,861.3,956.8499999999999
TRX010263,CLI0061,CRT03015,PRD0037,2026-06-28 05:12:33,10,171.38,1713.8,1713.8
TRX010264,CLI0287,CRT00561,PRD0008,2026-01-19 18:19:11,3,119.47,358.40999999999997,708.26
TRX010265,CLI0162,CRT02005,PRD0136,2026-04-13 05:58:58,7,303.73,2126.11,7204.25
TRX010266,CLI0108,CRT02878,PRD0024,2026-05-30 13:58:58,3,78.71,236.13,1440.5100000000002
TRX010267,CLI0252,CRT00778,PRD0161,2026-01-21 17:02:29,2,331.95,663.9,4503.9
TRX010268,CLI0091,CRT02283,PRD0153,2026-03-09 03:41:03,9,63.71,573.39,1482.35
TRX010269,CLI0410,CRT01045,PRD0092,2026-07-23 12:52:26,10,10.72,107.2,1092.08
TRX010270,CLI0276,CRT02704,PRD0087,2026-07-02 23:43:39,3,302.95,908.8499999999999,7367.3
TRX010271,CLI0262,CRT02860,PRD0045,2026-04-20 23:26:33,3,301.22,903.6600000000001,3343.96
TRX010272,CLI0049,CRT00209,PRD0035,2026-07-14 01:40:14,5,344.9,1724.5,2648.75
TRX010273,CLI0304,CRT02907,PRD0073,2026-06-28 00:19:21,1,292.23,292.23,2640.0299999999997
TRX010274,CLI0132,CRT02515,PRD0160,2026-04-08 16:52:51,1,246.16,246.16,4054.94
TRX010275,CLI0188,CRT01584,PRD0114,2026-06-28 21:27:31,7,141.38,989.66,7245.81
TRX010276,CLI0308,CRT02261,PRD0088,2026-06-27 12:03:23,2,64.83,129.66,7316.14
TRX010277,CLI0176,CRT02885,PRD0032,2026-03-19 17:15:54,4,224.53,898.12,1766.44
TRX010278,CLI0117,CRT01588,PRD0054,2026-04-15 04:06:30,9,301.82,2716.38,8613.39
TRX010279,CLI0256,CRT00582,PRD0073,2026-07-08 07:16:10,7,292.23,2045.6100000000001,2572.19
TRX010280,CLI0217,CRT02256,PRD0197,2026-03-30 07:06:52,6,267.68,1606.08,1606.08
TRX010281,CLI0057,CRT01246,PRD0021,2026-06-28 06:42:31,5,175.98,879.9,1226.5
TRX010282,CLI0243,CRT00719,PRD0169,2026-04-10 11:21:48,10,259.17,2591.7000000000003,4731.39
TRX010283,CLI0019,CRT01713,PRD0130,2026-02-21 05:48:07,7,312.35,2186.4500000000003,4367.4400000000005
TRX010284,CLI0257,CRT02183,PRD0073,2026-05-07 06:12:24,7,292.23,2045.6100000000001,4308.030000000001
TRX010285,CLI0329,CRT02194,PRD0137,2026-06-22 23:40:00,1,116.26,116.26,1342.52
TRX010286,CLI0428,CRT01308,PRD0124,2026-06-01 02:19:43,3,96.92,290.76,6594.19
TRX010287,CLI0095,CRT01585,PRD0032,2026-04-23 03:54:27,6,224.53,1347.18,3001.03
TRX010288,CLI0098,CRT00002,PRD0176,2026-04-15 20:10:28,2,288.19,576.38,3063.86
TRX010289,CLI0243,CRT03008,PRD0094,2026-02-04 04:00:38,5,179.52,897.6,6413.85
TRX010290,CLI0382,CRT01522,PRD0024,2026-04-03 21:09:21,4,78.71,314.84,314.84
TRX010291,CLI0157,CRT02857,PRD0137,2026-06-29 23:03:29,6,116.26,697.5600000000001,1323.8400000000001
TRX010292,CLI0076,CRT01466,PRD0062,2026-04-06 16:19:36,9,321.99,2897.91,10066.05
TRX010293,CLI0131,CRT01734,PRD0124,2026-05-31 02:02:10,1,96.92,96.92,8364.53
TRX010294,CLI0433,CRT01272,PRD0167,2026-07-06 02:33:08,5,82.61,413.05,3037.81
TRX010295,CLI0172,CRT01445,PRD0094,2026-04-16 21:04:11,8,179.52,1436.16,5637.83
TRX010296,CLI0139,CRT03049,PRD0100,2026-01-28 03:48:03,2,252.5,505.0,2854.7
TRX010297,CLI0385,CRT00594,PRD0126,2026-05-28 04:40:09,2,146.67,293.34,293.34
TRX010298,CLI0223,CRT01910,PRD0037,2026-05-17 00:39:08,9,171.38,1542.42,4339.700000000001
TRX010299,CLI0120,CRT02328,PRD0168,2026-03-09 23:29:47,1,260.65,260.65,3971.96
TRX010300,CLI0321,CRT03229,PRD0083,2026-01-20 07:39:23,1,194.5,194.5,4893.34
TRX010301,CLI0362,CRT01978,PRD0164,2026-01-13 15:56:26,5,242.9,1214.5,5020.73
TRX010302,CLI0373,CRT02949,PRD0118,2026-07-12 00:25:45,6,163.96,983.76,4880.49
TRX010303,CLI0195,CRT00602,PRD0102,2026-05-29 03:40:05,1,233.03,233.03,4090.36
TRX010304,CLI0422,CRT00163,PRD0082,2026-01-12 10:51:25,2,316.62,633.24,2612.77
TRX010305,CLI0381,CRT00652,PRD0111,2026-06-29 02:54:54,6,282.78,1696.6799999999998,6244.07
TRX010306,CLI0388,CRT00273,PRD0108,2026-04-17 01:41:34,4,166.93,667.72,3701.5299999999997
TRX010307,CLI0120,CRT01300,PRD0129,2026-01-19 01:20:33,2,4.55,9.1,5789.99
TRX010308,CLI0282,CRT02889,PRD0111,2026-07-02 09:11:39,2,282.78,565.56,565.56
TRX010309,CLI0193,CRT01048,PRD0151,2026-06-10 19:27:08,10,121.08,1210.8,1210.8
TRX010310,CLI0313,CRT02849,PRD0007,2026-02-16 06:52:09,6,149.36,896.1600000000001,1788.52
TRX010311,CLI0184,CRT02169,PRD0152,2026-04-10 06:27:04,10,336.37,3363.7,8819.01
TRX010312,CLI0148,CRT00979,PRD0069,2026-06-10 06:34:44,7,112.37,786.59,7559.410000000001
TRX010313,CLI0131,CRT01898,PRD0121,2026-05-30 02:58:37,1,301.87,301.87,5371.37
TRX010314,CLI0207,CRT03199,PRD0041,2026-03-23 18:50:00,3,228.33,684.99,7461.8
TRX010315,CLI0299,CRT02047,PRD0070,2026-02-19 13:09:12,8,218.35,1746.8,3164.6400000000003
TRX010316,CLI0188,CRT00607,PRD0076,2026-02-17 18:09:34,7,260.49,1823.43,4564.62
TRX010317,CLI0142,CRT00550,PRD0194,2026-07-19 14:32:34,10,311.57,3115.7,7309.38
TRX010318,CLI0339,CRT03350,PRD0173,2026-05-16 16:28:48,4,330.57,1322.28,2665.88
TRX010319,CLI0125,CRT00866,PRD0164,2026-06-08 05:22:36,5,242.9,1214.5,6210.719999999999
TRX010320,CLI0188,CRT00607,PRD0167,2026-02-17 18:09:34,8,82.61,660.88,4564.62
TRX010321,CLI0181,CRT03351,PRD0059,2026-03-09 04:18:29,8,252.15,2017.2,2925.78
TRX010322,CLI0098,CRT00857,PRD0043,2026-03-24 12:32:37,10,194.99,1949.9,8580.1
TRX010323,CLI0198,CRT00236,PRD0140,2026-02-08 20:19:43,7,80.42,562.94,7700.51
TRX010324,CLI0206,CRT00539,PRD0039,2026-06-07 23:53:26,7,305.67,2139.69,6071.31
TRX010325,CLI0255,CRT01310,PRD0172,2026-06-02 22:24:51,1,97.82,97.82,1060.04
TRX010326,CLI0092,CRT02282,PRD0055,2026-02-20 00:46:57,6,349.75,2098.5,5064.34
TRX010327,CLI0370,CRT01160,PRD0177,2026-05-05 23:57:15,5,221.23,1106.1499999999999,3245.84
TRX010328,CLI0399,CRT02988,PRD0011,2026-06-17 05:20:13,9,104.38,939.42,3170.6000000000004
TRX010329,CLI0219,CRT00208,PRD0077,2026-07-09 04:13:11,6,75.69,454.14,3097.87
TRX010330,CLI0042,CRT02164,PRD0031,2026-07-21 23:37:58,7,267.28,1870.9599999999998,1870.9599999999998
TRX010331,CLI0398,CRT02553,PRD0080,2026-07-24 12:32:20,3,342.98,1028.94,7263.709999999999
TRX010332,CLI0387,CRT03463,PRD0099,2026-04-11 04:35:06,6,248.8,1492.8000000000002,3956.3900000000003
TRX010333,CLI0075,CRT00993,PRD0085,2026-01-09 21:02:51,8,239.52,1916.16,2656.42
TRX010334,CLI0426,CRT02787,PRD0161,2026-07-10 00:15:55,6,331.95,1991.6999999999998,6404.92
TRX010335,CLI0423,CRT02391,PRD0175,2026-04-13 22:01:18,1,120.9,120.9,6276.3099999999995
TRX010336,CLI0133,CRT00117,PRD0119,2026-04-18 14:43:51,5,332.64,1663.1999999999998,2515.8
TRX010337,CLI0066,CRT02994,PRD0162,2026-02-16 14:01:05,3,195.42,586.26,3581.1499999999996
TRX010338,CLI0322,CRT02034,PRD0160,2026-05-10 12:54:21,3,246.16,738.48,3093.07
TRX010339,CLI0102,CRT02847,PRD0148,2026-05-02 03:45:08,5,270.94,1354.7,8043.56
TRX010340,CLI0061,CRT02830,PRD0104,2026-04-18 17:48:23,7,46.73,327.10999999999996,2007.6999999999998
TRX010341,CLI0083,CRT00997,PRD0132,2026-06-22 10:21:14,5,153.95,769.75,2613.29
TRX010342,CLI0162,CRT02742,PRD0078,2026-07-21 15:47:16,1,172.26,172.26,7306.88
TRX010343,CLI0283,CRT02184,PRD0124,2026-02-19 20:35:48,7,96.92,678.44,2185.94
